profileID,respID,obsID,qID,altID,choice,price,fuelEconomy,accelTime,powertrain,rangeElectric
58,1,1,1,1,1,15,25,6,Electric,100
14,1,1,1,2,0,20,25,7,Gasoline,0
15,1,1,1,3,0,25,25,7,Gasoline,0
26,1,2,2,1,0,20,30,8,Gasoline,0
127,1,2,2,2,1,15,20,8,Electric,200
83,1,2,2,3,0,20,20,6,Electric,150
79,1,3,3,1,0,15,30,8,Electric,100
25,1,3,3,2,1,15,30,8,Gasoline,0
146,1,3,3,3,0,20,20,7,Electric,250
14,1,4,4,1,1,20,25,7,Gasoline,0
53,1,4,4,2,0,20,30,8,Hybrid,0
21,1,4,4,3,0,25,20,8,Gasoline,0
48,1,5,5,1,0,25,20,8,Hybrid,0
32,1,5,5,2,1,20,25,6,Hybrid,0
114,1,5,5,3,0,25,25,6,Electric,200
20,1,6,6,1,0,20,20,8,Gasoline,0
38,1,6,6,2,0,20,20,7,Hybrid,0
52,1,6,6,3,1,15,30,8,Hybrid,0
36,1,7,7,1,0,25,30,6,Hybrid,0
85,1,7,7,2,1,15,25,6,Electric,150
51,1,7,7,3,0,25,25,8,Hybrid,0
67,1,8,8,1,0,15,25,7,Electric,100
31,1,8,8,2,1,15,25,6,Hybrid,0
5,1,8,8,3,0,20,25,6,Gasoline,0
34,2,9,1,1,1,15,30,6,Hybrid,0
20,2,9,1,2,0,20,20,8,Gasoline,0
22,2,9,1,3,0,15,25,8,Gasoline,0
13,2,10,2,1,1,15,25,7,Gasoline,0
6,2,10,2,2,0,25,25,6,Gasoline,0
9,2,10,2,3,0,25,30,6,Gasoline,0
41,2,11,3,1,1,20,25,7,Hybrid,0
18,2,11,3,2,0,25,30,7,Gasoline,0
66,2,11,3,3,0,25,20,7,Electric,100
5,2,12,4,1,0,20,25,6,Gasoline,0
27,2,12,4,2,0,25,30,8,Gasoline,0
38,2,12,4,3,1,20,20,7,Hybrid,0
144,2,13,5,1,0,25,30,6,Electric,250
37,2,13,5,2,1,15,20,7,Hybrid,0
44,2,13,5,3,0,20,30,7,Hybrid,0
31,2,14,6,1,0,15,25,6,Hybrid,0
85,2,14,6,2,0,15,25,6,Electric,150
28,2,14,6,3,1,15,20,6,Hybrid,0
13,2,15,7,1,0,15,25,7,Gasoline,0
40,2,15,7,2,1,15,25,7,Hybrid,0
18,2,15,7,3,0,25,30,7,Gasoline,0
141,2,16,8,1,0,25,25,6,Electric,250
22,2,16,8,2,1,15,25,8,Gasoline,0
35,2,16,8,3,0,20,30,6,Hybrid,0
92,3,17,1,1,0,20,20,7,Electric,150
118,3,17,1,2,0,15,20,7,Electric,200
16,3,17,1,3,1,15,30,7,Gasoline,0
28,3,18,2,1,1,15,20,6,Hybrid,0
30,3,18,2,2,0,25,20,6,Hybrid,0
60,3,18,2,3,0,25,25,6,Electric,100
38,3,19,3,1,0,20,20,7,Hybrid,0
40,3,19,3,2,1,15,25,7,Hybrid,0
39,3,19,3,3,0,25,20,7,Hybrid,0
88,3,20,4,1,0,15,30,6,Electric,150
14,3,20,4,2,0,20,25,7,Gasoline,0
136,3,20,4,3,1,15,20,6,Electric,250
53,3,21,5,1,1,20,30,8,Hybrid,0
52,3,21,5,2,0,15,30,8,Hybrid,0
50,3,21,5,3,0,20,25,8,Hybrid,0
124,3,22,6,1,1,15,30,7,Electric,200
39,3,22,6,2,0,25,20,7,Hybrid,0
18,3,22,6,3,0,25,30,7,Gasoline,0
52,3,23,7,1,1,15,30,8,Hybrid,0
50,3,23,7,2,0,20,25,8,Hybrid,0
17,3,23,7,3,0,20,30,7,Gasoline,0
49,3,24,8,1,0,15,25,8,Hybrid,0
37,3,24,8,2,1,15,20,7,Hybrid,0
26,3,24,8,3,0,20,30,8,Gasoline,0
110,4,25,1,1,0,20,20,6,Electric,200
46,4,25,1,2,1,15,20,8,Hybrid,0
9,4,25,1,3,0,25,30,6,Gasoline,0
127,4,26,2,1,0,15,20,8,Electric,200
108,4,26,2,2,0,25,30,8,Electric,150
46,4,26,2,3,1,15,20,8,Hybrid,0
32,4,27,3,1,1,20,25,6,Hybrid,0
33,4,27,3,2,0,25,25,6,Hybrid,0
147,4,27,3,3,0,25,20,7,Electric,250
135,4,28,4,1,0,25,30,8,Electric,200
44,4,28,4,2,1,20,30,7,Hybrid,0
27,4,28,4,3,0,25,30,8,Gasoline,0
105,4,29,5,1,0,25,25,8,Electric,150
60,4,29,5,2,0,25,25,6,Electric,100
47,4,29,5,3,1,20,20,8,Hybrid,0
46,4,30,6,1,1,15,20,8,Hybrid,0
36,4,30,6,2,0,25,30,6,Hybrid,0
127,4,30,6,3,0,15,20,8,Electric,200
47,4,31,7,1,0,20,20,8,Hybrid,0
141,4,31,7,2,0,25,25,6,Electric,250
154,4,31,7,3,1,15,20,8,Electric,250
34,4,32,8,1,0,15,30,6,Hybrid,0
39,4,32,8,2,0,25,20,7,Hybrid,0
28,4,32,8,3,1,15,20,6,Hybrid,0
133,5,33,1,1,1,15,30,8,Electric,200
120,5,33,1,2,0,25,20,7,Electric,200
37,5,33,1,3,0,15,20,7,Hybrid,0
35,5,34,2,1,0,20,30,6,Hybrid,0
2,5,34,2,2,0,20,20,6,Gasoline,0
7,5,34,2,3,1,15,30,6,Gasoline,0
39,5,35,3,1,0,25,20,7,Hybrid,0
37,5,35,3,2,1,15,20,7,Hybrid,0
102,5,35,3,3,0,25,20,8,Electric,150
124,5,36,4,1,1,15,30,7,Electric,200
75,5,36,4,2,0,25,20,8,Electric,100
35,5,36,4,3,0,20,30,6,Hybrid,0
56,5,37,5,1,0,20,20,6,Electric,100
70,5,37,5,2,1,15,30,7,Electric,100
4,5,37,5,3,0,15,25,6,Gasoline,0
23,5,38,6,1,0,20,25,8,Gasoline,0
22,5,38,6,2,0,15,25,8,Gasoline,0
1,5,38,6,3,1,15,20,6,Gasoline,0
86,5,39,7,1,0,20,25,6,Electric,150
97,5,39,7,2,0,15,30,7,Electric,150
31,5,39,7,3,1,15,25,6,Hybrid,0
150,5,40,8,1,0,25,25,7,Electric,250
122,5,40,8,2,0,20,25,7,Electric,200
14,5,40,8,3,1,20,25,7,Gasoline,0
112,6,41,1,1,1,15,25,6,Electric,200
140,6,41,1,2,0,20,25,6,Electric,250
15,6,41,1,3,0,25,25,7,Gasoline,0
137,6,42,2,1,0,20,20,6,Electric,250
158,6,42,2,2,0,20,25,8,Electric,250
7,6,42,2,3,1,15,30,6,Gasoline,0
21,6,43,3,1,0,25,20,8,Gasoline,0
2,6,43,3,2,1,20,20,6,Gasoline,0
18,6,43,3,3,0,25,30,7,Gasoline,0
39,6,44,4,1,0,25,20,7,Hybrid,0
18,6,44,4,2,1,25,30,7,Gasoline,0
15,6,44,4,3,0,25,25,7,Gasoline,0
11,6,45,5,1,0,20,20,7,Gasoline,0
18,6,45,5,2,0,25,30,7,Gasoline,0
19,6,45,5,3,1,15,20,8,Gasoline,0
14,6,46,6,1,0,20,25,7,Gasoline,0
54,6,46,6,2,0,25,30,8,Hybrid,0
113,6,46,6,3,1,20,25,6,Electric,200
60,6,47,7,1,0,25,25,6,Electric,100
22,6,47,7,2,1,15,25,8,Gasoline,0
48,6,47,7,3,0,25,20,8,Hybrid,0
132,6,48,8,1,0,25,25,8,Electric,200
42,6,48,8,2,0,25,25,7,Hybrid,0
21,6,48,8,3,1,25,20,8,Gasoline,0
4,7,49,1,1,1,15,25,6,Gasoline,0
10,7,49,1,2,0,15,20,7,Gasoline,0
135,7,49,1,3,0,25,30,8,Electric,200
29,7,50,2,1,0,20,20,6,Hybrid,0
100,7,50,2,2,0,15,20,8,Electric,150
17,7,50,2,3,1,20,30,7,Gasoline,0
3,7,51,3,1,0,25,20,6,Gasoline,0
2,7,51,3,2,0,20,20,6,Gasoline,0
41,7,51,3,3,1,20,25,7,Hybrid,0
100,7,52,4,1,1,15,20,8,Electric,150
8,7,52,4,2,0,20,30,6,Gasoline,0
45,7,52,4,3,0,25,30,7,Hybrid,0
143,7,53,5,1,0,20,30,6,Electric,250
29,7,53,5,2,1,20,20,6,Hybrid,0
18,7,53,5,3,0,25,30,7,Gasoline,0
23,7,54,6,1,0,20,25,8,Gasoline,0
37,7,54,6,2,1,15,20,7,Hybrid,0
44,7,54,6,3,0,20,30,7,Hybrid,0
10,7,55,7,1,0,15,20,7,Gasoline,0
148,7,55,7,2,1,15,25,7,Electric,250
15,7,55,7,3,0,25,25,7,Gasoline,0
38,7,56,8,1,1,20,20,7,Hybrid,0
26,7,56,8,2,0,20,30,8,Gasoline,0
74,7,56,8,3,0,20,20,8,Electric,100
68,8,57,1,1,0,20,25,7,Electric,100
54,8,57,1,2,0,25,30,8,Hybrid,0
40,8,57,1,3,1,15,25,7,Hybrid,0
45,8,58,2,1,0,25,30,7,Hybrid,0
62,8,58,2,2,0,20,30,6,Electric,100
10,8,58,2,3,1,15,20,7,Gasoline,0
11,8,59,3,1,0,20,20,7,Gasoline,0
64,8,59,3,2,0,15,20,7,Electric,100
23,8,59,3,3,1,20,25,8,Gasoline,0
30,8,60,4,1,0,25,20,6,Hybrid,0
160,8,60,4,2,1,15,30,8,Electric,250
20,8,60,4,3,0,20,20,8,Gasoline,0
32,8,61,5,1,1,20,25,6,Hybrid,0
33,8,61,5,2,0,25,25,6,Hybrid,0
12,8,61,5,3,0,25,20,7,Gasoline,0
15,8,62,6,1,0,25,25,7,Gasoline,0
17,8,62,6,2,0,20,30,7,Gasoline,0
35,8,62,6,3,1,20,30,6,Hybrid,0
26,8,63,7,1,1,20,30,8,Gasoline,0
59,8,63,7,2,0,20,25,6,Electric,100
20,8,63,7,3,0,20,20,8,Gasoline,0
42,8,64,8,1,0,25,25,7,Hybrid,0
32,8,64,8,2,0,20,25,6,Hybrid,0
14,8,64,8,3,1,20,25,7,Gasoline,0
24,9,65,1,1,0,25,25,8,Gasoline,0
37,9,65,1,2,1,15,20,7,Hybrid,0
68,9,65,1,3,0,20,25,7,Electric,100
29,9,66,2,1,0,20,20,6,Hybrid,0
161,9,66,2,2,0,20,30,8,Electric,250
118,9,66,2,3,1,15,20,7,Electric,200
54,9,67,3,1,0,25,30,8,Hybrid,0
6,9,67,3,2,0,25,25,6,Gasoline,0
5,9,67,3,3,1,20,25,6,Gasoline,0
72,9,68,4,1,0,25,30,7,Electric,100
46,9,68,4,2,1,15,20,8,Hybrid,0
39,9,68,4,3,0,25,20,7,Hybrid,0
22,9,69,5,1,1,15,25,8,Gasoline,0
24,9,69,5,2,0,25,25,8,Gasoline,0
78,9,69,5,3,0,25,25,8,Electric,100
36,9,70,6,1,0,25,30,6,Hybrid,0
26,9,70,6,2,1,20,30,8,Gasoline,0
44,9,70,6,3,0,20,30,7,Hybrid,0
95,9,71,7,1,0,20,25,7,Electric,150
50,9,71,7,2,1,20,25,8,Hybrid,0
5,9,71,7,3,0,20,25,6,Gasoline,0
21,9,72,8,1,0,25,20,8,Gasoline,0
52,9,72,8,2,1,15,30,8,Hybrid,0
65,9,72,8,3,0,20,20,7,Electric,100
18,10,73,1,1,0,25,30,7,Gasoline,0
44,10,73,1,2,1,20,30,7,Hybrid,0
86,10,73,1,3,0,20,25,6,Electric,150
44,10,74,2,1,0,20,30,7,Hybrid,0
28,10,74,2,2,1,15,20,6,Hybrid,0
2,10,74,2,3,0,20,20,6,Gasoline,0
24,10,75,3,1,0,25,25,8,Gasoline,0
64,10,75,3,2,1,15,20,7,Electric,100
21,10,75,3,3,0,25,20,8,Gasoline,0
4,10,76,4,1,1,15,25,6,Gasoline,0
73,10,76,4,2,0,15,20,8,Electric,100
31,10,76,4,3,0,15,25,6,Hybrid,0
23,10,77,5,1,1,20,25,8,Gasoline,0
39,10,77,5,2,0,25,20,7,Hybrid,0
8,10,77,5,3,0,20,30,6,Gasoline,0
146,10,78,6,1,0,20,20,7,Electric,250
25,10,78,6,2,1,15,30,8,Gasoline,0
85,10,78,6,3,0,15,25,6,Electric,150
56,10,79,7,1,0,20,20,6,Electric,100
21,10,79,7,2,0,25,20,8,Gasoline,0
19,10,79,7,3,1,15,20,8,Gasoline,0
46,10,80,8,1,0,15,20,8,Hybrid,0
74,10,80,8,2,0,20,20,8,Electric,100
82,10,80,8,3,1,15,20,6,Electric,150
49,11,81,1,1,1,15,25,8,Hybrid,0
45,11,81,1,2,0,25,30,7,Hybrid,0
67,11,81,1,3,0,15,25,7,Electric,100
31,11,82,2,1,0,15,25,6,Hybrid,0
139,11,82,2,2,1,15,25,6,Electric,250
51,11,82,2,3,0,25,25,8,Hybrid,0
94,11,83,3,1,0,15,25,7,Electric,150
127,11,83,3,2,0,15,20,8,Electric,200
34,11,83,3,3,1,15,30,6,Hybrid,0
100,11,84,4,1,1,15,20,8,Electric,150
111,11,84,4,2,0,25,20,6,Electric,200
56,11,84,4,3,0,20,20,6,Electric,100
1,11,85,5,1,1,15,20,6,Gasoline,0
8,11,85,5,2,0,20,30,6,Gasoline,0
143,11,85,5,3,0,20,30,6,Electric,250
119,11,86,6,1,1,20,20,7,Electric,200
93,11,86,6,2,0,25,20,7,Electric,150
54,11,86,6,3,0,25,30,8,Hybrid,0
136,11,87,7,1,1,15,20,6,Electric,250
18,11,87,7,2,0,25,30,7,Gasoline,0
66,11,87,7,3,0,25,20,7,Electric,100
33,11,88,8,1,0,25,25,6,Hybrid,0
54,11,88,8,2,0,25,30,8,Hybrid,0
40,11,88,8,3,1,15,25,7,Hybrid,0
49,12,89,1,1,0,15,25,8,Hybrid,0
10,12,89,1,2,1,15,20,7,Gasoline,0
30,12,89,1,3,0,25,20,6,Hybrid,0
30,12,90,2,1,0,25,20,6,Hybrid,0
66,12,90,2,2,0,25,20,7,Electric,100
42,12,90,2,3,1,25,25,7,Hybrid,0
37,12,91,3,1,0,15,20,7,Hybrid,0
4,12,91,3,2,1,15,25,6,Gasoline,0
24,12,91,3,3,0,25,25,8,Gasoline,0
16,12,92,4,1,1,15,30,7,Gasoline,0
3,12,92,4,2,0,25,20,6,Gasoline,0
19,12,92,4,3,0,15,20,8,Gasoline,0
143,12,93,5,1,0,20,30,6,Electric,250
31,12,93,5,2,1,15,25,6,Hybrid,0
24,12,93,5,3,0,25,25,8,Gasoline,0
17,12,94,6,1,1,20,30,7,Gasoline,0
116,12,94,6,2,0,20,30,6,Electric,200
33,12,94,6,3,0,25,25,6,Hybrid,0
28,12,95,7,1,0,15,20,6,Hybrid,0
37,12,95,7,2,1,15,20,7,Hybrid,0
13,12,95,7,3,0,15,25,7,Gasoline,0
17,12,96,8,1,0,20,30,7,Gasoline,0
7,12,96,8,2,1,15,30,6,Gasoline,0
23,12,96,8,3,0,20,25,8,Gasoline,0
22,13,97,1,1,1,15,25,8,Gasoline,0
96,13,97,1,2,0,25,25,7,Electric,150
11,13,97,1,3,0,20,20,7,Gasoline,0
48,13,98,2,1,0,25,20,8,Hybrid,0
24,13,98,2,2,0,25,25,8,Gasoline,0
31,13,98,2,3,1,15,25,6,Hybrid,0
52,13,99,3,1,0,15,30,8,Hybrid,0
151,13,99,3,2,1,15,30,7,Electric,250
19,13,99,3,3,0,15,20,8,Gasoline,0
129,13,100,4,1,0,25,20,8,Electric,200
27,13,100,4,2,0,25,30,8,Gasoline,0
37,13,100,4,3,1,15,20,7,Hybrid,0
1,13,101,5,1,0,15,20,6,Gasoline,0
10,13,101,5,2,1,15,20,7,Gasoline,0
93,13,101,5,3,0,25,20,7,Electric,150
5,13,102,6,1,0,20,25,6,Gasoline,0
26,13,102,6,2,1,20,30,8,Gasoline,0
20,13,102,6,3,0,20,20,8,Gasoline,0
19,13,103,7,1,1,15,20,8,Gasoline,0
30,13,103,7,2,0,25,20,6,Hybrid,0
3,13,103,7,3,0,25,20,6,Gasoline,0
37,13,104,8,1,1,15,20,7,Hybrid,0
3,13,104,8,2,0,25,20,6,Gasoline,0
32,13,104,8,3,0,20,25,6,Hybrid,0
54,14,105,1,1,0,25,30,8,Hybrid,0
1,14,105,1,2,1,15,20,6,Gasoline,0
35,14,105,1,3,0,20,30,6,Hybrid,0
19,14,106,2,1,1,15,20,8,Gasoline,0
9,14,106,2,2,0,25,30,6,Gasoline,0
26,14,106,2,3,0,20,30,8,Gasoline,0
1,14,107,3,1,1,15,20,6,Gasoline,0
84,14,107,3,2,0,25,20,6,Electric,150
158,14,107,3,3,0,20,25,8,Electric,250
30,14,108,4,1,0,25,20,6,Hybrid,0
18,14,108,4,2,0,25,30,7,Gasoline,0
52,14,108,4,3,1,15,30,8,Hybrid,0
10,14,109,5,1,1,15,20,7,Gasoline,0
68,14,109,5,2,0,20,25,7,Electric,100
49,14,109,5,3,0,15,25,8,Hybrid,0
88,14,110,6,1,1,15,30,6,Electric,150
135,14,110,6,2,0,25,30,8,Electric,200
4,14,110,6,3,0,15,25,6,Gasoline,0
30,14,111,7,1,0,25,20,6,Hybrid,0
10,14,111,7,2,1,15,20,7,Gasoline,0
32,14,111,7,3,0,20,25,6,Hybrid,0
17,14,112,8,1,0,20,30,7,Gasoline,0
65,14,112,8,2,0,20,20,7,Electric,100
4,14,112,8,3,1,15,25,6,Gasoline,0
160,15,113,1,1,1,15,30,8,Electric,250
33,15,113,1,2,0,25,25,6,Hybrid,0
28,15,113,1,3,0,15,20,6,Hybrid,0
24,15,114,2,1,0,25,25,8,Gasoline,0
42,15,114,2,2,0,25,25,7,Hybrid,0
28,15,114,2,3,1,15,20,6,Hybrid,0
36,15,115,3,1,0,25,30,6,Hybrid,0
47,15,115,3,2,0,20,20,8,Hybrid,0
43,15,115,3,3,1,15,30,7,Hybrid,0
83,15,116,4,1,0,20,20,6,Electric,150
49,15,116,4,2,1,15,25,8,Hybrid,0
147,15,116,4,3,0,25,20,7,Electric,250
33,15,117,5,1,0,25,25,6,Hybrid,0
145,15,117,5,2,1,15,20,7,Electric,250
53,15,117,5,3,0,20,30,8,Hybrid,0
18,15,118,6,1,0,25,30,7,Gasoline,0
39,15,118,6,2,0,25,20,7,Hybrid,0
21,15,118,6,3,1,25,20,8,Gasoline,0
120,15,119,7,1,0,25,20,7,Electric,200
90,15,119,7,2,0,25,30,6,Electric,150
17,15,119,7,3,1,20,30,7,Gasoline,0
21,15,120,8,1,0,25,20,8,Gasoline,0
9,15,120,8,2,0,25,30,6,Gasoline,0
28,15,120,8,3,1,15,20,6,Hybrid,0
155,16,121,1,1,0,20,20,8,Electric,250
154,16,121,1,2,0,15,20,8,Electric,250
29,16,121,1,3,1,20,20,6,Hybrid,0
147,16,122,2,1,0,25,20,7,Electric,250
129,16,122,2,2,0,25,20,8,Electric,200
52,16,122,2,3,1,15,30,8,Hybrid,0
54,16,123,3,1,0,25,30,8,Hybrid,0
98,16,123,3,2,1,20,30,7,Electric,150
6,16,123,3,3,0,25,25,6,Gasoline,0
25,16,124,4,1,1,15,30,8,Gasoline,0
23,16,124,4,2,0,20,25,8,Gasoline,0
6,16,124,4,3,0,25,25,6,Gasoline,0
6,16,125,5,1,0,25,25,6,Gasoline,0
34,16,125,5,2,1,15,30,6,Hybrid,0
42,16,125,5,3,0,25,25,7,Hybrid,0
83,16,126,6,1,0,20,20,6,Electric,150
10,16,126,6,2,1,15,20,7,Gasoline,0
141,16,126,6,3,0,25,25,6,Electric,250
22,16,127,7,1,0,15,25,8,Gasoline,0
31,16,127,7,2,1,15,25,6,Hybrid,0
97,16,127,7,3,0,15,30,7,Electric,150
144,16,128,8,1,0,25,30,6,Electric,250
112,16,128,8,2,1,15,25,6,Electric,200
12,16,128,8,3,0,25,20,7,Gasoline,0
13,17,129,1,1,0,15,25,7,Gasoline,0
15,17,129,1,2,0,25,25,7,Gasoline,0
37,17,129,1,3,1,15,20,7,Hybrid,0
9,17,130,2,1,0,25,30,6,Gasoline,0
4,17,130,2,2,1,15,25,6,Gasoline,0
51,17,130,2,3,0,25,25,8,Hybrid,0
92,17,131,3,1,0,20,20,7,Electric,150
1,17,131,3,2,1,15,20,6,Gasoline,0
153,17,131,3,3,0,25,30,7,Electric,250
23,17,132,4,1,0,20,25,8,Gasoline,0
57,17,132,4,2,0,25,20,6,Electric,100
61,17,132,4,3,1,15,30,6,Electric,100
160,17,133,5,1,1,15,30,8,Electric,250
82,17,133,5,2,0,15,20,6,Electric,150
159,17,133,5,3,0,25,25,8,Electric,250
54,17,134,6,1,0,25,30,8,Hybrid,0
73,17,134,6,2,1,15,20,8,Electric,100
35,17,134,6,3,0,20,30,6,Hybrid,0
27,17,135,7,1,0,25,30,8,Gasoline,0
11,17,135,7,2,0,20,20,7,Gasoline,0
7,17,135,7,3,1,15,30,6,Gasoline,0
15,17,136,8,1,0,25,25,7,Gasoline,0
40,17,136,8,2,0,15,25,7,Hybrid,0
34,17,136,8,3,1,15,30,6,Hybrid,0
39,18,137,1,1,1,25,20,7,Hybrid,0
42,18,137,1,2,0,25,25,7,Hybrid,0
159,18,137,1,3,0,25,25,8,Electric,250
157,18,138,2,1,1,15,25,8,Electric,250
118,18,138,2,2,0,15,20,7,Electric,200
38,18,138,2,3,0,20,20,7,Hybrid,0
15,18,139,3,1,0,25,25,7,Gasoline,0
29,18,139,3,2,1,20,20,6,Hybrid,0
89,18,139,3,3,0,20,30,6,Electric,150
128,18,140,4,1,0,20,20,8,Electric,200
48,18,140,4,2,0,25,20,8,Hybrid,0
11,18,140,4,3,1,20,20,7,Gasoline,0
47,18,141,5,1,0,20,20,8,Hybrid,0
137,18,141,5,2,0,20,20,6,Electric,250
10,18,141,5,3,1,15,20,7,Gasoline,0
28,18,142,6,1,1,15,20,6,Hybrid,0
29,18,142,6,2,0,20,20,6,Hybrid,0
31,18,142,6,3,0,15,25,6,Hybrid,0
41,18,143,7,1,0,20,25,7,Hybrid,0
113,18,143,7,2,1,20,25,6,Electric,200
105,18,143,7,3,0,25,25,8,Electric,150
88,18,144,8,1,0,15,30,6,Electric,150
43,18,144,8,2,1,15,30,7,Hybrid,0
161,18,144,8,3,0,20,30,8,Electric,250
54,19,145,1,1,0,25,30,8,Hybrid,0
43,19,145,1,2,1,15,30,7,Hybrid,0
35,19,145,1,3,0,20,30,6,Hybrid,0
75,19,146,2,1,0,25,20,8,Electric,100
39,19,146,2,2,0,25,20,7,Hybrid,0
9,19,146,2,3,1,25,30,6,Gasoline,0
39,19,147,3,1,0,25,20,7,Hybrid,0
47,19,147,3,2,0,20,20,8,Hybrid,0
45,19,147,3,3,1,25,30,7,Hybrid,0
9,19,148,4,1,0,25,30,6,Gasoline,0
25,19,148,4,2,1,15,30,8,Gasoline,0
54,19,148,4,3,0,25,30,8,Hybrid,0
38,19,149,5,1,0,20,20,7,Hybrid,0
144,19,149,5,2,0,25,30,6,Electric,250
10,19,149,5,3,1,15,20,7,Gasoline,0
19,19,150,6,1,1,15,20,8,Gasoline,0
122,19,150,6,2,0,20,25,7,Electric,200
111,19,150,6,3,0,25,20,6,Electric,200
50,19,151,7,1,0,20,25,8,Hybrid,0
27,19,151,7,2,0,25,30,8,Gasoline,0
22,19,151,7,3,1,15,25,8,Gasoline,0
27,19,152,8,1,0,25,30,8,Gasoline,0
92,19,152,8,2,1,20,20,7,Electric,150
39,19,152,8,3,0,25,20,7,Hybrid,0
14,20,153,1,1,0,20,25,7,Gasoline,0
11,20,153,1,2,0,20,20,7,Gasoline,0
53,20,153,1,3,1,20,30,8,Hybrid,0
25,20,154,2,1,1,15,30,8,Gasoline,0
42,20,154,2,2,0,25,25,7,Hybrid,0
143,20,154,2,3,0,20,30,6,Electric,250
43,20,155,3,1,1,15,30,7,Hybrid,0
138,20,155,3,2,0,25,20,6,Electric,250
40,20,155,3,3,0,15,25,7,Hybrid,0
86,20,156,4,1,1,20,25,6,Electric,150
48,20,156,4,2,0,25,20,8,Hybrid,0
18,20,156,4,3,0,25,30,7,Gasoline,0
44,20,157,5,1,0,20,30,7,Hybrid,0
117,20,157,5,2,0,25,30,6,Electric,200
37,20,157,5,3,1,15,20,7,Hybrid,0
8,20,158,6,1,0,20,30,6,Gasoline,0
155,20,158,6,2,0,20,20,8,Electric,250
32,20,158,6,3,1,20,25,6,Hybrid,0
17,20,159,7,1,1,20,30,7,Gasoline,0
51,20,159,7,2,0,25,25,8,Hybrid,0
132,20,159,7,3,0,25,25,8,Electric,200
6,20,160,8,1,0,25,25,6,Gasoline,0
8,20,160,8,2,1,20,30,6,Gasoline,0
162,20,160,8,3,0,25,30,8,Electric,250
117,21,161,1,1,0,25,30,6,Electric,200
29,21,161,1,2,0,20,20,6,Hybrid,0
16,21,161,1,3,1,15,30,7,Gasoline,0
155,21,162,2,1,0,20,20,8,Electric,250
31,21,162,2,2,1,15,25,6,Hybrid,0
156,21,162,2,3,0,25,20,8,Electric,250
152,21,163,3,1,0,20,30,7,Electric,250
2,21,163,3,2,0,20,20,6,Gasoline,0
118,21,163,3,3,1,15,20,7,Electric,200
21,21,164,4,1,0,25,20,8,Gasoline,0
90,21,164,4,2,0,25,30,6,Electric,150
31,21,164,4,3,1,15,25,6,Hybrid,0
56,21,165,5,1,0,20,20,6,Electric,100
43,21,165,5,2,1,15,30,7,Hybrid,0
50,21,165,5,3,0,20,25,8,Hybrid,0
41,21,166,6,1,1,20,25,7,Hybrid,0
104,21,166,6,2,0,20,25,8,Electric,150
31,21,166,6,3,0,15,25,6,Hybrid,0
58,21,167,7,1,1,15,25,6,Electric,100
11,21,167,7,2,0,20,20,7,Gasoline,0
19,21,167,7,3,0,15,20,8,Gasoline,0
137,21,168,8,1,1,20,20,6,Electric,250
48,21,168,8,2,0,25,20,8,Hybrid,0
21,21,168,8,3,0,25,20,8,Gasoline,0
160,22,169,1,1,1,15,30,8,Electric,250
96,22,169,1,2,0,25,25,7,Electric,150
68,22,169,1,3,0,20,25,7,Electric,100
79,22,170,2,1,1,15,30,8,Electric,100
97,22,170,2,2,0,15,30,7,Electric,150
47,22,170,2,3,0,20,20,8,Hybrid,0
13,22,171,3,1,1,15,25,7,Gasoline,0
129,22,171,3,2,0,25,20,8,Electric,200
98,22,171,3,3,0,20,30,7,Electric,150
39,22,172,4,1,0,25,20,7,Hybrid,0
41,22,172,4,2,1,20,25,7,Hybrid,0
54,22,172,4,3,0,25,30,8,Hybrid,0
57,22,173,5,1,0,25,20,6,Electric,100
28,22,173,5,2,1,15,20,6,Hybrid,0
54,22,173,5,3,0,25,30,8,Hybrid,0
12,22,174,6,1,0,25,20,7,Gasoline,0
37,22,174,6,2,1,15,20,7,Hybrid,0
149,22,174,6,3,0,20,25,7,Electric,250
144,22,175,7,1,0,25,30,6,Electric,250
35,22,175,7,2,1,20,30,6,Hybrid,0
45,22,175,7,3,0,25,30,7,Hybrid,0
121,22,176,8,1,1,15,25,7,Electric,200
90,22,176,8,2,0,25,30,6,Electric,150
75,22,176,8,3,0,25,20,8,Electric,100
117,23,177,1,1,0,25,30,6,Electric,200
70,23,177,1,2,1,15,30,7,Electric,100
12,23,177,1,3,0,25,20,7,Gasoline,0
83,23,178,2,1,0,20,20,6,Electric,150
42,23,178,2,2,1,25,25,7,Hybrid,0
84,23,178,2,3,0,25,20,6,Electric,150
157,23,179,3,1,1,15,25,8,Electric,250
21,23,179,3,2,0,25,20,8,Gasoline,0
30,23,179,3,3,0,25,20,6,Hybrid,0
33,23,180,4,1,0,25,25,6,Hybrid,0
84,23,180,4,2,0,25,20,6,Electric,150
34,23,180,4,3,1,15,30,6,Hybrid,0
49,23,181,5,1,1,15,25,8,Hybrid,0
14,23,181,5,2,0,20,25,7,Gasoline,0
30,23,181,5,3,0,25,20,6,Hybrid,0
30,23,182,6,1,0,25,20,6,Hybrid,0
35,23,182,6,2,1,20,30,6,Hybrid,0
149,23,182,6,3,0,20,25,7,Electric,250
15,23,183,7,1,0,25,25,7,Gasoline,0
17,23,183,7,2,1,20,30,7,Gasoline,0
81,23,183,7,3,0,25,30,8,Electric,100
23,23,184,8,1,0,20,25,8,Gasoline,0
30,23,184,8,2,0,25,20,6,Hybrid,0
64,23,184,8,3,1,15,20,7,Electric,100
96,24,185,1,1,0,25,25,7,Electric,150
23,24,185,1,2,1,20,25,8,Gasoline,0
42,24,185,1,3,0,25,25,7,Hybrid,0
26,24,186,2,1,0,20,30,8,Gasoline,0
77,24,186,2,2,0,20,25,8,Electric,100
8,24,186,2,3,1,20,30,6,Gasoline,0
134,24,187,3,1,1,20,30,8,Electric,200
51,24,187,3,2,0,25,25,8,Hybrid,0
138,24,187,3,3,0,25,20,6,Electric,250
25,24,188,4,1,1,15,30,8,Gasoline,0
72,24,188,4,2,0,25,30,7,Electric,100
48,24,188,4,3,0,25,20,8,Hybrid,0
114,24,189,5,1,0,25,25,6,Electric,200
115,24,189,5,2,1,15,30,6,Electric,200
15,24,189,5,3,0,25,25,7,Gasoline,0
52,24,190,6,1,0,15,30,8,Hybrid,0
144,24,190,6,2,0,25,30,6,Electric,250
145,24,190,6,3,1,15,20,7,Electric,250
20,24,191,7,1,1,20,20,8,Gasoline,0
3,24,191,7,2,0,25,20,6,Gasoline,0
23,24,191,7,3,0,20,25,8,Gasoline,0
154,24,192,8,1,1,15,20,8,Electric,250
18,24,192,8,2,0,25,30,7,Gasoline,0
10,24,192,8,3,0,15,20,7,Gasoline,0
91,25,193,1,1,0,15,20,7,Electric,150
14,25,193,1,2,0,20,25,7,Gasoline,0
31,25,193,1,3,1,15,25,6,Hybrid,0
4,25,194,2,1,0,15,25,6,Gasoline,0
40,25,194,2,2,1,15,25,7,Hybrid,0
6,25,194,2,3,0,25,25,6,Gasoline,0
49,25,195,3,1,1,15,25,8,Hybrid,0
36,25,195,3,2,0,25,30,6,Hybrid,0
32,25,195,3,3,0,20,25,6,Hybrid,0
94,25,196,4,1,0,15,25,7,Electric,150
9,25,196,4,2,0,25,30,6,Gasoline,0
43,25,196,4,3,1,15,30,7,Hybrid,0
10,25,197,5,1,1,15,20,7,Gasoline,0
96,25,197,5,2,0,25,25,7,Electric,150
48,25,197,5,3,0,25,20,8,Hybrid,0
19,25,198,6,1,0,15,20,8,Gasoline,0
3,25,198,6,2,0,25,20,6,Gasoline,0
37,25,198,6,3,1,15,20,7,Hybrid,0
30,25,199,7,1,0,25,20,6,Hybrid,0
62,25,199,7,2,0,20,30,6,Electric,100
34,25,199,7,3,1,15,30,6,Hybrid,0
30,25,200,8,1,0,25,20,6,Hybrid,0
74,25,200,8,2,1,20,20,8,Electric,100
111,25,200,8,3,0,25,20,6,Electric,200
129,26,201,1,1,0,25,20,8,Electric,200
132,26,201,1,2,0,25,25,8,Electric,200
28,26,201,1,3,1,15,20,6,Hybrid,0
143,26,202,2,1,0,20,30,6,Electric,250
75,26,202,2,2,0,25,20,8,Electric,100
13,26,202,2,3,1,15,25,7,Gasoline,0
44,26,203,3,1,0,20,30,7,Hybrid,0
11,26,203,3,2,0,20,20,7,Gasoline,0
158,26,203,3,3,1,20,25,8,Electric,250
28,26,204,4,1,1,15,20,6,Hybrid,0
162,26,204,4,2,0,25,30,8,Electric,250
101,26,204,4,3,0,20,20,8,Electric,150
5,26,205,5,1,1,20,25,6,Gasoline,0
20,26,205,5,2,0,20,20,8,Gasoline,0
45,26,205,5,3,0,25,30,7,Hybrid,0
33,26,206,6,1,1,25,25,6,Hybrid,0
3,26,206,6,2,0,25,20,6,Gasoline,0
72,26,206,6,3,0,25,30,7,Electric,100
92,26,207,7,1,1,20,20,7,Electric,150
101,26,207,7,2,0,20,20,8,Electric,150
74,26,207,7,3,0,20,20,8,Electric,100
161,26,208,8,1,0,20,30,8,Electric,250
78,26,208,8,2,0,25,25,8,Electric,100
7,26,208,8,3,1,15,30,6,Gasoline,0
53,27,209,1,1,0,20,30,8,Hybrid,0
49,27,209,1,2,1,15,25,8,Hybrid,0
9,27,209,1,3,0,25,30,6,Gasoline,0
93,27,210,2,1,0,25,20,7,Electric,150
34,27,210,2,2,1,15,30,6,Hybrid,0
3,27,210,2,3,0,25,20,6,Gasoline,0
14,27,211,3,1,0,20,25,7,Gasoline,0
132,27,211,3,2,0,25,25,8,Electric,200
160,27,211,3,3,1,15,30,8,Electric,250
8,27,212,4,1,0,20,30,6,Gasoline,0
28,27,212,4,2,1,15,20,6,Hybrid,0
125,27,212,4,3,0,20,30,7,Electric,200
10,27,213,5,1,0,15,20,7,Gasoline,0
143,27,213,5,2,1,20,30,6,Electric,250
23,27,213,5,3,0,20,25,8,Gasoline,0
49,27,214,6,1,0,15,25,8,Hybrid,0
123,27,214,6,2,0,25,25,7,Electric,200
154,27,214,6,3,1,15,20,8,Electric,250
141,27,215,7,1,1,25,25,6,Electric,250
84,27,215,7,2,0,25,20,6,Electric,150
36,27,215,7,3,0,25,30,6,Hybrid,0
23,27,216,8,1,0,20,25,8,Gasoline,0
41,27,216,8,2,1,20,25,7,Hybrid,0
119,27,216,8,3,0,20,20,7,Electric,200
104,28,217,1,1,0,20,25,8,Electric,150
48,28,217,1,2,0,25,20,8,Hybrid,0
1,28,217,1,3,1,15,20,6,Gasoline,0
13,28,218,2,1,1,15,25,7,Gasoline,0
74,28,218,2,2,0,20,20,8,Electric,100
47,28,218,2,3,0,20,20,8,Hybrid,0
4,28,219,3,1,1,15,25,6,Gasoline,0
63,28,219,3,2,0,25,30,6,Electric,100
26,28,219,3,3,0,20,30,8,Gasoline,0
41,28,220,4,1,1,20,25,7,Hybrid,0
24,28,220,4,2,0,25,25,8,Gasoline,0
114,28,220,4,3,0,25,25,6,Electric,200
38,28,221,5,1,0,20,20,7,Hybrid,0
51,28,221,5,2,1,25,25,8,Hybrid,0
48,28,221,5,3,0,25,20,8,Hybrid,0
23,28,222,6,1,0,20,25,8,Gasoline,0
28,28,222,6,2,1,15,20,6,Hybrid,0
111,28,222,6,3,0,25,20,6,Electric,200
147,28,223,7,1,0,25,20,7,Electric,250
63,28,223,7,2,1,25,30,6,Electric,100
105,28,223,7,3,0,25,25,8,Electric,150
24,28,224,8,1,0,25,25,8,Gasoline,0
110,28,224,8,2,0,20,20,6,Electric,200
22,28,224,8,3,1,15,25,8,Gasoline,0
71,29,225,1,1,0,20,30,7,Electric,100
103,29,225,1,2,1,15,25,8,Electric,150
3,29,225,1,3,0,25,20,6,Gasoline,0
22,29,226,2,1,1,15,25,8,Gasoline,0
84,29,226,2,2,0,25,20,6,Electric,150
154,29,226,2,3,0,15,20,8,Electric,250
28,29,227,3,1,1,15,20,6,Hybrid,0
20,29,227,3,2,0,20,20,8,Gasoline,0
103,29,227,3,3,0,15,25,8,Electric,150
135,29,228,4,1,0,25,30,8,Electric,200
54,29,228,4,2,0,25,30,8,Hybrid,0
162,29,228,4,3,1,25,30,8,Electric,250
4,29,229,5,1,0,15,25,6,Gasoline,0
44,29,229,5,2,0,20,30,7,Hybrid,0
28,29,229,5,3,1,15,20,6,Hybrid,0
125,29,230,6,1,1,20,30,7,Electric,200
114,29,230,6,2,0,25,25,6,Electric,200
24,29,230,6,3,0,25,25,8,Gasoline,0
1,29,231,7,1,1,15,20,6,Gasoline,0
27,29,231,7,2,0,25,30,8,Gasoline,0
49,29,231,7,3,0,15,25,8,Hybrid,0
90,29,232,8,1,0,25,30,6,Electric,150
12,29,232,8,2,0,25,20,7,Gasoline,0
7,29,232,8,3,1,15,30,6,Gasoline,0
10,30,233,1,1,1,15,20,7,Gasoline,0
105,30,233,1,2,0,25,25,8,Electric,150
60,30,233,1,3,0,25,25,6,Electric,100
77,30,234,2,1,0,20,25,8,Electric,100
49,30,234,2,2,1,15,25,8,Hybrid,0
6,30,234,2,3,0,25,25,6,Gasoline,0
135,30,235,3,1,0,25,30,8,Electric,200
17,30,235,3,2,0,20,30,7,Gasoline,0
148,30,235,3,3,1,15,25,7,Electric,250
37,30,236,4,1,0,15,20,7,Hybrid,0
43,30,236,4,2,1,15,30,7,Hybrid,0
19,30,236,4,3,0,15,20,8,Gasoline,0
51,30,237,5,1,0,25,25,8,Hybrid,0
38,30,237,5,2,1,20,20,7,Hybrid,0
27,30,237,5,3,0,25,30,8,Gasoline,0
24,30,238,6,1,0,25,25,8,Gasoline,0
34,30,238,6,2,1,15,30,6,Hybrid,0
46,30,238,6,3,0,15,20,8,Hybrid,0
60,30,239,7,1,0,25,25,6,Electric,100
45,30,239,7,2,1,25,30,7,Hybrid,0
59,30,239,7,3,0,20,25,6,Electric,100
55,30,240,8,1,0,15,20,6,Electric,100
130,30,240,8,2,1,15,25,8,Electric,200
15,30,240,8,3,0,25,25,7,Gasoline,0
68,31,241,1,1,0,20,25,7,Electric,100
106,31,241,1,2,1,15,30,8,Electric,150
120,31,241,1,3,0,25,20,7,Electric,200
12,31,242,2,1,0,25,20,7,Gasoline,0
4,31,242,2,2,1,15,25,6,Gasoline,0
27,31,242,2,3,0,25,30,8,Gasoline,0
27,31,243,3,1,0,25,30,8,Gasoline,0
35,31,243,3,2,1,20,30,6,Hybrid,0
150,31,243,3,3,0,25,25,7,Electric,250
22,31,244,4,1,1,15,25,8,Gasoline,0
98,31,244,4,2,0,20,30,7,Electric,150
20,31,244,4,3,0,20,20,8,Gasoline,0
23,31,245,5,1,0,20,25,8,Gasoline,0
51,31,245,5,2,0,25,25,8,Hybrid,0
76,31,245,5,3,1,15,25,8,Electric,100
42,31,246,6,1,0,25,25,7,Hybrid,0
160,31,246,6,2,1,15,30,8,Electric,250
120,31,246,6,3,0,25,20,7,Electric,200
18,31,247,7,1,0,25,30,7,Gasoline,0
46,31,247,7,2,1,15,20,8,Hybrid,0
26,31,247,7,3,0,20,30,8,Gasoline,0
40,31,248,8,1,0,15,25,7,Hybrid,0
87,31,248,8,2,0,25,25,6,Electric,150
34,31,248,8,3,1,15,30,6,Hybrid,0
45,32,249,1,1,0,25,30,7,Hybrid,0
41,32,249,1,2,1,20,25,7,Hybrid,0
141,32,249,1,3,0,25,25,6,Electric,250
67,32,250,2,1,0,15,25,7,Electric,100
4,32,250,2,2,1,15,25,6,Gasoline,0
46,32,250,2,3,0,15,20,8,Hybrid,0
43,32,251,3,1,0,15,30,7,Hybrid,0
91,32,251,3,2,1,15,20,7,Electric,150
155,32,251,3,3,0,20,20,8,Electric,250
29,32,252,4,1,0,20,20,6,Hybrid,0
72,32,252,4,2,0,25,30,7,Electric,100
7,32,252,4,3,1,15,30,6,Gasoline,0
11,32,253,5,1,0,20,20,7,Gasoline,0
26,32,253,5,2,0,20,30,8,Gasoline,0
67,32,253,5,3,1,15,25,7,Electric,100
15,32,254,6,1,0,25,25,7,Gasoline,0
22,32,254,6,2,1,15,25,8,Gasoline,0
18,32,254,6,3,0,25,30,7,Gasoline,0
27,32,255,7,1,0,25,30,8,Gasoline,0
50,32,255,7,2,1,20,25,8,Hybrid,0
65,32,255,7,3,0,20,20,7,Electric,100
46,32,256,8,1,1,15,20,8,Hybrid,0
5,32,256,8,2,0,20,25,6,Gasoline,0
22,32,256,8,3,0,15,25,8,Gasoline,0
39,33,257,1,1,0,25,20,7,Hybrid,0
21,33,257,1,2,0,25,20,8,Gasoline,0
11,33,257,1,3,1,20,20,7,Gasoline,0
53,33,258,2,1,0,20,30,8,Hybrid,0
139,33,258,2,2,1,15,25,6,Electric,250
65,33,258,2,3,0,20,20,7,Electric,100
1,33,259,3,1,0,15,20,6,Gasoline,0
3,33,259,3,2,0,25,20,6,Gasoline,0
28,33,259,3,3,1,15,20,6,Hybrid,0
121,33,260,4,1,1,15,25,7,Electric,200
66,33,260,4,2,0,25,20,7,Electric,100
24,33,260,4,3,0,25,25,8,Gasoline,0
45,33,261,5,1,0,25,30,7,Hybrid,0
27,33,261,5,2,0,25,30,8,Gasoline,0
20,33,261,5,3,1,20,20,8,Gasoline,0
12,33,262,6,1,0,25,20,7,Gasoline,0
36,33,262,6,2,0,25,30,6,Hybrid,0
35,33,262,6,3,1,20,30,6,Hybrid,0
15,33,263,7,1,0,25,25,7,Gasoline,0
5,33,263,7,2,1,20,25,6,Gasoline,0
69,33,263,7,3,0,25,25,7,Electric,100
102,33,264,8,1,0,25,20,8,Electric,150
2,33,264,8,2,0,20,20,6,Gasoline,0
136,33,264,8,3,1,15,20,6,Electric,250
46,34,265,1,1,0,15,20,8,Hybrid,0
49,34,265,1,2,1,15,25,8,Hybrid,0
100,34,265,1,3,0,15,20,8,Electric,150
34,34,266,2,1,1,15,30,6,Hybrid,0
33,34,266,2,2,0,25,25,6,Hybrid,0
8,34,266,2,3,0,20,30,6,Gasoline,0
121,34,267,3,1,1,15,25,7,Electric,200
20,34,267,3,2,0,20,20,8,Gasoline,0
22,34,267,3,3,0,15,25,8,Gasoline,0
5,34,268,4,1,0,20,25,6,Gasoline,0
22,34,268,4,2,1,15,25,8,Gasoline,0
24,34,268,4,3,0,25,25,8,Gasoline,0
63,34,269,5,1,0,25,30,6,Electric,100
94,34,269,5,2,1,15,25,7,Electric,150
85,34,269,5,3,0,15,25,6,Electric,150
83,34,270,6,1,0,20,20,6,Electric,150
52,34,270,6,2,1,15,30,8,Hybrid,0
45,34,270,6,3,0,25,30,7,Hybrid,0
47,34,271,7,1,0,20,20,8,Hybrid,0
105,34,271,7,2,0,25,25,8,Electric,150
43,34,271,7,3,1,15,30,7,Hybrid,0
151,34,272,8,1,1,15,30,7,Electric,250
34,34,272,8,2,0,15,30,6,Hybrid,0
12,34,272,8,3,0,25,20,7,Gasoline,0
48,35,273,1,1,0,25,20,8,Hybrid,0
5,35,273,1,2,1,20,25,6,Gasoline,0
21,35,273,1,3,0,25,20,8,Gasoline,0
65,35,274,2,1,0,20,20,7,Electric,100
105,35,274,2,2,0,25,25,8,Electric,150
38,35,274,2,3,1,20,20,7,Hybrid,0
14,35,275,3,1,0,20,25,7,Gasoline,0
33,35,275,3,2,0,25,25,6,Hybrid,0
13,35,275,3,3,1,15,25,7,Gasoline,0
36,35,276,4,1,0,25,30,6,Hybrid,0
2,35,276,4,2,0,20,20,6,Gasoline,0
34,35,276,4,3,1,15,30,6,Hybrid,0
12,35,277,5,1,0,25,20,7,Gasoline,0
13,35,277,5,2,1,15,25,7,Gasoline,0
27,35,277,5,3,0,25,30,8,Gasoline,0
38,35,278,6,1,0,20,20,7,Hybrid,0
40,35,278,6,2,1,15,25,7,Hybrid,0
6,35,278,6,3,0,25,25,6,Gasoline,0
47,35,279,7,1,0,20,20,8,Hybrid,0
26,35,279,7,2,1,20,30,8,Gasoline,0
21,35,279,7,3,0,25,20,8,Gasoline,0
21,35,280,8,1,0,25,20,8,Gasoline,0
37,35,280,8,2,1,15,20,7,Hybrid,0
45,35,280,8,3,0,25,30,7,Hybrid,0
37,36,281,1,1,0,15,20,7,Hybrid,0
18,36,281,1,2,0,25,30,7,Gasoline,0
10,36,281,1,3,1,15,20,7,Gasoline,0
18,36,282,2,1,0,25,30,7,Gasoline,0
103,36,282,2,2,1,15,25,8,Electric,150
94,36,282,2,3,0,15,25,7,Electric,150
133,36,283,3,1,1,15,30,8,Electric,200
49,36,283,3,2,0,15,25,8,Hybrid,0
9,36,283,3,3,0,25,30,6,Gasoline,0
5,36,284,4,1,0,20,25,6,Gasoline,0
136,36,284,4,2,1,15,20,6,Electric,250
12,36,284,4,3,0,25,20,7,Gasoline,0
146,36,285,5,1,1,20,20,7,Electric,250
30,36,285,5,2,0,25,20,6,Hybrid,0
152,36,285,5,3,0,20,30,7,Electric,250
26,36,286,6,1,0,20,30,8,Gasoline,0
154,36,286,6,2,1,15,20,8,Electric,250
44,36,286,6,3,0,20,30,7,Hybrid,0
25,36,287,7,1,1,15,30,8,Gasoline,0
9,36,287,7,2,0,25,30,6,Gasoline,0
94,36,287,7,3,0,15,25,7,Electric,150
48,36,288,8,1,0,25,20,8,Hybrid,0
35,36,288,8,2,0,20,30,6,Hybrid,0
16,36,288,8,3,1,15,30,7,Gasoline,0
48,37,289,1,1,0,25,20,8,Hybrid,0
77,37,289,1,2,0,20,25,8,Electric,100
25,37,289,1,3,1,15,30,8,Gasoline,0
5,37,290,2,1,1,20,25,6,Gasoline,0
105,37,290,2,2,0,25,25,8,Electric,150
102,37,290,2,3,0,25,20,8,Electric,150
12,37,291,3,1,0,25,20,7,Gasoline,0
135,37,291,3,2,0,25,30,8,Electric,200
38,37,291,3,3,1,20,20,7,Hybrid,0
151,37,292,4,1,1,15,30,7,Electric,250
5,37,292,4,2,0,20,25,6,Gasoline,0
128,37,292,4,3,0,20,20,8,Electric,200
102,37,293,5,1,0,25,20,8,Electric,150
112,37,293,5,2,1,15,25,6,Electric,200
147,37,293,5,3,0,25,20,7,Electric,250
14,37,294,6,1,0,20,25,7,Gasoline,0
8,37,294,6,2,0,20,30,6,Gasoline,0
32,37,294,6,3,1,20,25,6,Hybrid,0
89,37,295,7,1,0,20,30,6,Electric,150
29,37,295,7,2,0,20,20,6,Hybrid,0
4,37,295,7,3,1,15,25,6,Gasoline,0
6,37,296,8,1,0,25,25,6,Gasoline,0
51,37,296,8,2,0,25,25,8,Hybrid,0
100,37,296,8,3,1,15,20,8,Electric,150
49,38,297,1,1,1,15,25,8,Hybrid,0
11,38,297,1,2,0,20,20,7,Gasoline,0
23,38,297,1,3,0,20,25,8,Gasoline,0
33,38,298,2,1,1,25,25,6,Hybrid,0
107,38,298,2,2,0,20,30,8,Electric,150
3,38,298,2,3,0,25,20,6,Gasoline,0
62,38,299,3,1,1,20,30,6,Electric,100
18,38,299,3,2,0,25,30,7,Gasoline,0
54,38,299,3,3,0,25,30,8,Hybrid,0
146,38,300,4,1,1,20,20,7,Electric,250
20,38,300,4,2,0,20,20,8,Gasoline,0
143,38,300,4,3,0,20,30,6,Electric,250
103,38,301,5,1,1,15,25,8,Electric,150
27,38,301,5,2,0,25,30,8,Gasoline,0
26,38,301,5,3,0,20,30,8,Gasoline,0
17,38,302,6,1,0,20,30,7,Gasoline,0
122,38,302,6,2,1,20,25,7,Electric,200
5,38,302,6,3,0,20,25,6,Gasoline,0
20,38,303,7,1,0,20,20,8,Gasoline,0
21,38,303,7,2,0,25,20,8,Gasoline,0
112,38,303,7,3,1,15,25,6,Electric,200
141,38,304,8,1,0,25,25,6,Electric,250
77,38,304,8,2,0,20,25,8,Electric,100
26,38,304,8,3,1,20,30,8,Gasoline,0
51,39,305,1,1,0,25,25,8,Hybrid,0
49,39,305,1,2,0,15,25,8,Hybrid,0
85,39,305,1,3,1,15,25,6,Electric,150
3,39,306,2,1,0,25,20,6,Gasoline,0
20,39,306,2,2,1,20,20,8,Gasoline,0
102,39,306,2,3,0,25,20,8,Electric,150
47,39,307,3,1,0,20,20,8,Hybrid,0
60,39,307,3,2,0,25,25,6,Electric,100
37,39,307,3,3,1,15,20,7,Hybrid,0
77,39,308,4,1,1,20,25,8,Electric,100
102,39,308,4,2,0,25,20,8,Electric,150
27,39,308,4,3,0,25,30,8,Gasoline,0
53,39,309,5,1,0,20,30,8,Hybrid,0
116,39,309,5,2,0,20,30,6,Electric,200
49,39,309,5,3,1,15,25,8,Hybrid,0
50,39,310,6,1,0,20,25,8,Hybrid,0
35,39,310,6,2,0,20,30,6,Hybrid,0
1,39,310,6,3,1,15,20,6,Gasoline,0
17,39,311,7,1,0,20,30,7,Gasoline,0
16,39,311,7,2,0,15,30,7,Gasoline,0
34,39,311,7,3,1,15,30,6,Hybrid,0
153,39,312,8,1,0,25,30,7,Electric,250
34,39,312,8,2,1,15,30,6,Hybrid,0
143,39,312,8,3,0,20,30,6,Electric,250
112,40,313,1,1,1,15,25,6,Electric,200
23,40,313,1,2,0,20,25,8,Gasoline,0
66,40,313,1,3,0,25,20,7,Electric,100
47,40,314,2,1,0,20,20,8,Hybrid,0
148,40,314,2,2,1,15,25,7,Electric,250
3,40,314,2,3,0,25,20,6,Gasoline,0
70,40,315,3,1,1,15,30,7,Electric,100
73,40,315,3,2,0,15,20,8,Electric,100
5,40,315,3,3,0,20,25,6,Gasoline,0
43,40,316,4,1,1,15,30,7,Hybrid,0
106,40,316,4,2,0,15,30,8,Electric,150
154,40,316,4,3,0,15,20,8,Electric,250
27,40,317,5,1,0,25,30,8,Gasoline,0
87,40,317,5,2,0,25,25,6,Electric,150
4,40,317,5,3,1,15,25,6,Gasoline,0
135,40,318,6,1,0,25,30,8,Electric,200
64,40,318,6,2,1,15,20,7,Electric,100
21,40,318,6,3,0,25,20,8,Gasoline,0
34,40,319,7,1,1,15,30,6,Hybrid,0
44,40,319,7,2,0,20,30,7,Hybrid,0
35,40,319,7,3,0,20,30,6,Hybrid,0
138,40,320,8,1,1,25,20,6,Electric,250
54,40,320,8,2,0,25,30,8,Hybrid,0
57,40,320,8,3,0,25,20,6,Electric,100
146,41,321,1,1,1,20,20,7,Electric,250
72,41,321,1,2,0,25,30,7,Electric,100
38,41,321,1,3,0,20,20,7,Hybrid,0
45,41,322,2,1,0,25,30,7,Hybrid,0
5,41,322,2,2,0,20,25,6,Gasoline,0
22,41,322,2,3,1,15,25,8,Gasoline,0
23,41,323,3,1,0,20,25,8,Gasoline,0
47,41,323,3,2,0,20,20,8,Hybrid,0
22,41,323,3,3,1,15,25,8,Gasoline,0
25,41,324,4,1,1,15,30,8,Gasoline,0
149,41,324,4,2,0,20,25,7,Electric,250
101,41,324,4,3,0,20,20,8,Electric,150
146,41,325,5,1,0,20,20,7,Electric,250
1,41,325,5,2,1,15,20,6,Gasoline,0
118,41,325,5,3,0,15,20,7,Electric,200
132,41,326,6,1,0,25,25,8,Electric,200
65,41,326,6,2,0,20,20,7,Electric,100
94,41,326,6,3,1,15,25,7,Electric,150
31,41,327,7,1,1,15,25,6,Hybrid,0
34,41,327,7,2,0,15,30,6,Hybrid,0
114,41,327,7,3,0,25,25,6,Electric,200
5,41,328,8,1,0,20,25,6,Gasoline,0
34,41,328,8,2,1,15,30,6,Hybrid,0
161,41,328,8,3,0,20,30,8,Electric,250
2,42,329,1,1,0,20,20,6,Gasoline,0
9,42,329,1,2,0,25,30,6,Gasoline,0
101,42,329,1,3,1,20,20,8,Electric,150
59,42,330,2,1,1,20,25,6,Electric,100
8,42,330,2,2,0,20,30,6,Gasoline,0
14,42,330,2,3,0,20,25,7,Gasoline,0
17,42,331,3,1,0,20,30,7,Gasoline,0
1,42,331,3,2,1,15,20,6,Gasoline,0
41,42,331,3,3,0,20,25,7,Hybrid,0
124,42,332,4,1,1,15,30,7,Electric,200
63,42,332,4,2,0,25,30,6,Electric,100
18,42,332,4,3,0,25,30,7,Gasoline,0
47,42,333,5,1,0,20,20,8,Hybrid,0
4,42,333,5,2,0,15,25,6,Gasoline,0
31,42,333,5,3,1,15,25,6,Hybrid,0
24,42,334,6,1,0,25,25,8,Gasoline,0
14,42,334,6,2,0,20,25,7,Gasoline,0
103,42,334,6,3,1,15,25,8,Electric,150
18,42,335,7,1,1,25,30,7,Gasoline,0
117,42,335,7,2,0,25,30,6,Electric,200
162,42,335,7,3,0,25,30,8,Electric,250
3,42,336,8,1,0,25,20,6,Gasoline,0
67,42,336,8,2,1,15,25,7,Electric,100
11,42,336,8,3,0,20,20,7,Gasoline,0
9,43,337,1,1,0,25,30,6,Gasoline,0
117,43,337,1,2,0,25,30,6,Electric,200
19,43,337,1,3,1,15,20,8,Gasoline,0
79,43,338,2,1,0,15,30,8,Electric,100
13,43,338,2,2,1,15,25,7,Gasoline,0
51,43,338,2,3,0,25,25,8,Hybrid,0
39,43,339,3,1,0,25,20,7,Hybrid,0
1,43,339,3,2,0,15,20,6,Gasoline,0
17,43,339,3,3,1,20,30,7,Gasoline,0
48,43,340,4,1,0,25,20,8,Hybrid,0
28,43,340,4,2,1,15,20,6,Hybrid,0
76,43,340,4,3,0,15,25,8,Electric,100
25,43,341,5,1,1,15,30,8,Gasoline,0
27,43,341,5,2,0,25,30,8,Gasoline,0
51,43,341,5,3,0,25,25,8,Hybrid,0
66,43,342,6,1,0,25,20,7,Electric,100
42,43,342,6,2,0,25,25,7,Hybrid,0
35,43,342,6,3,1,20,30,6,Hybrid,0
53,43,343,7,1,0,20,30,8,Hybrid,0
61,43,343,7,2,0,15,30,6,Electric,100
37,43,343,7,3,1,15,20,7,Hybrid,0
2,43,344,8,1,0,20,20,6,Gasoline,0
44,43,344,8,2,1,20,30,7,Hybrid,0
54,43,344,8,3,0,25,30,8,Hybrid,0
13,44,345,1,1,0,15,25,7,Gasoline,0
31,44,345,1,2,1,15,25,6,Hybrid,0
147,44,345,1,3,0,25,20,7,Electric,250
26,44,346,2,1,1,20,30,8,Gasoline,0
21,44,346,2,2,0,25,20,8,Gasoline,0
102,44,346,2,3,0,25,20,8,Electric,150
18,44,347,3,1,0,25,30,7,Gasoline,0
12,44,347,3,2,0,25,20,7,Gasoline,0
40,44,347,3,3,1,15,25,7,Hybrid,0
50,44,348,4,1,0,20,25,8,Hybrid,0
159,44,348,4,2,0,25,25,8,Electric,250
19,44,348,4,3,1,15,20,8,Gasoline,0
117,44,349,5,1,0,25,30,6,Electric,200
35,44,349,5,2,1,20,30,6,Hybrid,0
45,44,349,5,3,0,25,30,7,Hybrid,0
2,44,350,6,1,0,20,20,6,Gasoline,0
127,44,350,6,2,1,15,20,8,Electric,200
107,44,350,6,3,0,20,30,8,Electric,150
36,44,351,7,1,0,25,30,6,Hybrid,0
52,44,351,7,2,1,15,30,8,Hybrid,0
103,44,351,7,3,0,15,25,8,Electric,150
39,44,352,8,1,0,25,20,7,Hybrid,0
35,44,352,8,2,1,20,30,6,Hybrid,0
135,44,352,8,3,0,25,30,8,Electric,200
152,45,353,1,1,0,20,30,7,Electric,250
13,45,353,1,2,1,15,25,7,Gasoline,0
26,45,353,1,3,0,20,30,8,Gasoline,0
14,45,354,2,1,1,20,25,7,Gasoline,0
59,45,354,2,2,0,20,25,6,Electric,100
27,45,354,2,3,0,25,30,8,Gasoline,0
15,45,355,3,1,0,25,25,7,Gasoline,0
17,45,355,3,2,0,20,30,7,Gasoline,0
29,45,355,3,3,1,20,20,6,Hybrid,0
63,45,356,4,1,0,25,30,6,Electric,100
64,45,356,4,2,0,15,20,7,Electric,100
7,45,356,4,3,1,15,30,6,Gasoline,0
47,45,357,5,1,0,20,20,8,Hybrid,0
115,45,357,5,2,1,15,30,6,Electric,200
2,45,357,5,3,0,20,20,6,Gasoline,0
3,45,358,6,1,0,25,20,6,Gasoline,0
41,45,358,6,2,0,20,25,7,Hybrid,0
22,45,358,6,3,1,15,25,8,Gasoline,0
4,45,359,7,1,1,15,25,6,Gasoline,0
1,45,359,7,2,0,15,20,6,Gasoline,0
3,45,359,7,3,0,25,20,6,Gasoline,0
86,45,360,8,1,0,20,25,6,Electric,150
139,45,360,8,2,1,15,25,6,Electric,250
78,45,360,8,3,0,25,25,8,Electric,100
53,46,361,1,1,0,20,30,8,Hybrid,0
18,46,361,1,2,0,25,30,7,Gasoline,0
43,46,361,1,3,1,15,30,7,Hybrid,0
47,46,362,2,1,0,20,20,8,Hybrid,0
60,46,362,2,2,0,25,25,6,Electric,100
40,46,362,2,3,1,15,25,7,Hybrid,0
13,46,363,3,1,0,15,25,7,Gasoline,0
28,46,363,3,2,1,15,20,6,Hybrid,0
87,46,363,3,3,0,25,25,6,Electric,150
43,46,364,4,1,0,15,30,7,Hybrid,0
44,46,364,4,2,0,20,30,7,Hybrid,0
49,46,364,4,3,1,15,25,8,Hybrid,0
54,46,365,5,1,0,25,30,8,Hybrid,0
92,46,365,5,2,1,20,20,7,Electric,150
59,46,365,5,3,0,20,25,6,Electric,100
145,46,366,6,1,1,15,20,7,Electric,250
30,46,366,6,2,0,25,20,6,Hybrid,0
12,46,366,6,3,0,25,20,7,Gasoline,0
157,46,367,7,1,1,15,25,8,Electric,250
41,46,367,7,2,0,20,25,7,Hybrid,0
21,46,367,7,3,0,25,20,8,Gasoline,0
30,46,368,8,1,0,25,20,6,Hybrid,0
50,46,368,8,2,1,20,25,8,Hybrid,0
36,46,368,8,3,0,25,30,6,Hybrid,0
33,47,369,1,1,1,25,25,6,Hybrid,0
39,47,369,1,2,0,25,20,7,Hybrid,0
51,47,369,1,3,0,25,25,8,Hybrid,0
14,47,370,2,1,0,20,25,7,Gasoline,0
16,47,370,2,2,1,15,30,7,Gasoline,0
3,47,370,2,3,0,25,20,6,Gasoline,0
45,47,371,3,1,0,25,30,7,Hybrid,0
87,47,371,3,2,0,25,25,6,Electric,150
73,47,371,3,3,1,15,20,8,Electric,100
48,47,372,4,1,0,25,20,8,Hybrid,0
35,47,372,4,2,0,20,30,6,Hybrid,0
7,47,372,4,3,1,15,30,6,Gasoline,0
29,47,373,5,1,0,20,20,6,Hybrid,0
157,47,373,5,2,1,15,25,8,Electric,250
78,47,373,5,3,0,25,25,8,Electric,100
27,47,374,6,1,0,25,30,8,Gasoline,0
80,47,374,6,2,0,20,30,8,Electric,100
1,47,374,6,3,1,15,20,6,Gasoline,0
16,47,375,7,1,1,15,30,7,Gasoline,0
108,47,375,7,2,0,25,30,8,Electric,150
21,47,375,7,3,0,25,20,8,Gasoline,0
115,47,376,8,1,1,15,30,6,Electric,200
37,47,376,8,2,0,15,20,7,Hybrid,0
31,47,376,8,3,0,15,25,6,Hybrid,0
124,48,377,1,1,1,15,30,7,Electric,200
27,48,377,1,2,0,25,30,8,Gasoline,0
60,48,377,1,3,0,25,25,6,Electric,100
43,48,378,2,1,1,15,30,7,Hybrid,0
128,48,378,2,2,0,20,20,8,Electric,200
2,48,378,2,3,0,20,20,6,Gasoline,0
28,48,379,3,1,1,15,20,6,Hybrid,0
141,48,379,3,2,0,25,25,6,Electric,250
38,48,379,3,3,0,20,20,7,Hybrid,0
1,48,380,4,1,1,15,20,6,Gasoline,0
47,48,380,4,2,0,20,20,8,Hybrid,0
23,48,380,4,3,0,20,25,8,Gasoline,0
34,48,381,5,1,1,15,30,6,Hybrid,0
36,48,381,5,2,0,25,30,6,Hybrid,0
146,48,381,5,3,0,20,20,7,Electric,250
133,48,382,6,1,1,15,30,8,Electric,200
157,48,382,6,2,0,15,25,8,Electric,250
32,48,382,6,3,0,20,25,6,Hybrid,0
13,48,383,7,1,0,15,25,7,Gasoline,0
25,48,383,7,2,1,15,30,8,Gasoline,0
39,48,383,7,3,0,25,20,7,Hybrid,0
10,48,384,8,1,1,15,20,7,Gasoline,0
159,48,384,8,2,0,25,25,8,Electric,250
153,48,384,8,3,0,25,30,7,Electric,250
43,49,385,1,1,1,15,30,7,Hybrid,0
76,49,385,1,2,0,15,25,8,Electric,100
48,49,385,1,3,0,25,20,8,Hybrid,0
40,49,386,2,1,1,15,25,7,Hybrid,0
35,49,386,2,2,0,20,30,6,Hybrid,0
113,49,386,2,3,0,20,25,6,Electric,200
43,49,387,3,1,1,15,30,7,Hybrid,0
21,49,387,3,2,0,25,20,8,Gasoline,0
35,49,387,3,3,0,20,30,6,Hybrid,0
25,49,388,4,1,1,15,30,8,Gasoline,0
6,49,388,4,2,0,25,25,6,Gasoline,0
151,49,388,4,3,0,15,30,7,Electric,250
20,49,389,5,1,0,20,20,8,Gasoline,0
37,49,389,5,2,1,15,20,7,Hybrid,0
75,49,389,5,3,0,25,20,8,Electric,100
20,49,390,6,1,0,20,20,8,Gasoline,0
42,49,390,6,2,0,25,25,7,Hybrid,0
89,49,390,6,3,1,20,30,6,Electric,150
29,49,391,7,1,1,20,20,6,Hybrid,0
6,49,391,7,2,0,25,25,6,Gasoline,0
42,49,391,7,3,0,25,25,7,Hybrid,0
39,49,392,8,1,0,25,20,7,Hybrid,0
54,49,392,8,2,0,25,30,8,Hybrid,0
53,49,392,8,3,1,20,30,8,Hybrid,0
17,50,393,1,1,0,20,30,7,Gasoline,0
47,50,393,1,2,0,20,20,8,Hybrid,0
115,50,393,1,3,1,15,30,6,Electric,200
127,50,394,2,1,0,15,20,8,Electric,200
15,50,394,2,2,0,25,25,7,Gasoline,0
121,50,394,2,3,1,15,25,7,Electric,200
142,50,395,3,1,1,15,30,6,Electric,250
21,50,395,3,2,0,25,20,8,Gasoline,0
86,50,395,3,3,0,20,25,6,Electric,150
69,50,396,4,1,0,25,25,7,Electric,100
31,50,396,4,2,1,15,25,6,Hybrid,0
39,50,396,4,3,0,25,20,7,Hybrid,0
34,50,397,5,1,1,15,30,6,Hybrid,0
20,50,397,5,2,0,20,20,8,Gasoline,0
54,50,397,5,3,0,25,30,8,Hybrid,0
42,50,398,6,1,0,25,25,7,Hybrid,0
10,50,398,6,2,0,15,20,7,Gasoline,0
34,50,398,6,3,1,15,30,6,Hybrid,0
11,50,399,7,1,0,20,20,7,Gasoline,0
108,50,399,7,2,0,25,30,8,Electric,150
38,50,399,7,3,1,20,20,7,Hybrid,0
60,50,400,8,1,0,25,25,6,Electric,100
49,50,400,8,2,1,15,25,8,Hybrid,0
22,50,400,8,3,0,15,25,8,Gasoline,0
40,51,401,1,1,1,15,25,7,Hybrid,0
21,51,401,1,2,0,25,20,8,Gasoline,0
117,51,401,1,3,0,25,30,6,Electric,200
17,51,402,2,1,0,20,30,7,Gasoline,0
30,51,402,2,2,0,25,20,6,Hybrid,0
22,51,402,2,3,1,15,25,8,Gasoline,0
103,51,403,3,1,1,15,25,8,Electric,150
105,51,403,3,2,0,25,25,8,Electric,150
47,51,403,3,3,0,20,20,8,Hybrid,0
107,51,404,4,1,0,20,30,8,Electric,150
50,51,404,4,2,0,20,25,8,Hybrid,0
28,51,404,4,3,1,15,20,6,Hybrid,0
40,51,405,5,1,1,15,25,7,Hybrid,0
85,51,405,5,2,0,15,25,6,Electric,150
41,51,405,5,3,0,20,25,7,Hybrid,0
14,51,406,6,1,0,20,25,7,Gasoline,0
146,51,406,6,2,0,20,20,7,Electric,250
19,51,406,6,3,1,15,20,8,Gasoline,0
8,51,407,7,1,1,20,30,6,Gasoline,0
26,51,407,7,2,0,20,30,8,Gasoline,0
132,51,407,7,3,0,25,25,8,Electric,200
156,51,408,8,1,1,25,20,8,Electric,250
54,51,408,8,2,0,25,30,8,Hybrid,0
77,51,408,8,3,0,20,25,8,Electric,100
139,52,409,1,1,1,15,25,6,Electric,250
35,52,409,1,2,0,20,30,6,Hybrid,0
15,52,409,1,3,0,25,25,7,Gasoline,0
43,52,410,2,1,0,15,30,7,Hybrid,0
28,52,410,2,2,1,15,20,6,Hybrid,0
38,52,410,2,3,0,20,20,7,Hybrid,0
44,52,411,3,1,0,20,30,7,Hybrid,0
52,52,411,3,2,1,15,30,8,Hybrid,0
71,52,411,3,3,0,20,30,7,Electric,100
54,52,412,4,1,0,25,30,8,Hybrid,0
34,52,412,4,2,1,15,30,6,Hybrid,0
23,52,412,4,3,0,20,25,8,Gasoline,0
7,52,413,5,1,0,15,30,6,Gasoline,0
44,52,413,5,2,0,20,30,7,Hybrid,0
121,52,413,5,3,1,15,25,7,Electric,200
14,52,414,6,1,1,20,25,7,Gasoline,0
105,52,414,6,2,0,25,25,8,Electric,150
95,52,414,6,3,0,20,25,7,Electric,150
19,52,415,7,1,1,15,20,8,Gasoline,0
32,52,415,7,2,0,20,25,6,Hybrid,0
27,52,415,7,3,0,25,30,8,Gasoline,0
127,52,416,8,1,0,15,20,8,Electric,200
129,52,416,8,2,0,25,20,8,Electric,200
124,52,416,8,3,1,15,30,7,Electric,200
35,53,417,1,1,1,20,30,6,Hybrid,0
119,53,417,1,2,0,20,20,7,Electric,200
86,53,417,1,3,0,20,25,6,Electric,150
29,53,418,2,1,0,20,20,6,Hybrid,0
17,53,418,2,2,0,20,30,7,Gasoline,0
25,53,418,2,3,1,15,30,8,Gasoline,0
161,53,419,3,1,0,20,30,8,Electric,250
8,53,419,3,2,1,20,30,6,Gasoline,0
36,53,419,3,3,0,25,30,6,Hybrid,0
20,53,420,4,1,0,20,20,8,Gasoline,0
38,53,420,4,2,1,20,20,7,Hybrid,0
39,53,420,4,3,0,25,20,7,Hybrid,0
51,53,421,5,1,0,25,25,8,Hybrid,0
44,53,421,5,2,0,20,30,7,Hybrid,0
134,53,421,5,3,1,20,30,8,Electric,200
41,53,422,6,1,1,20,25,7,Hybrid,0
2,53,422,6,2,0,20,20,6,Gasoline,0
36,53,422,6,3,0,25,30,6,Hybrid,0
144,53,423,7,1,0,25,30,6,Electric,250
151,53,423,7,2,1,15,30,7,Electric,250
35,53,423,7,3,0,20,30,6,Hybrid,0
2,53,424,8,1,1,20,20,6,Gasoline,0
21,53,424,8,2,0,25,20,8,Gasoline,0
84,53,424,8,3,0,25,20,6,Electric,150
34,54,425,1,1,1,15,30,6,Hybrid,0
18,54,425,1,2,0,25,30,7,Gasoline,0
111,54,425,1,3,0,25,20,6,Electric,200
115,54,426,2,1,1,15,30,6,Electric,200
54,54,426,2,2,0,25,30,8,Hybrid,0
32,54,426,2,3,0,20,25,6,Hybrid,0
95,54,427,3,1,0,20,25,7,Electric,150
38,54,427,3,2,0,20,20,7,Hybrid,0
7,54,427,3,3,1,15,30,6,Gasoline,0
125,54,428,4,1,1,20,30,7,Electric,200
17,54,428,4,2,0,20,30,7,Gasoline,0
15,54,428,4,3,0,25,25,7,Gasoline,0
66,54,429,5,1,0,25,20,7,Electric,100
40,54,429,5,2,1,15,25,7,Hybrid,0
141,54,429,5,3,0,25,25,6,Electric,250
160,54,430,6,1,1,15,30,8,Electric,250
6,54,430,6,2,0,25,25,6,Gasoline,0
44,54,430,6,3,0,20,30,7,Hybrid,0
4,54,431,7,1,1,15,25,6,Gasoline,0
75,54,431,7,2,0,25,20,8,Electric,100
28,54,431,7,3,0,15,20,6,Hybrid,0
138,54,432,8,1,0,25,20,6,Electric,250
7,54,432,8,2,1,15,30,6,Gasoline,0
114,54,432,8,3,0,25,25,6,Electric,200
121,55,433,1,1,1,15,25,7,Electric,200
41,55,433,1,2,0,20,25,7,Hybrid,0
49,55,433,1,3,0,15,25,8,Hybrid,0
11,55,434,2,1,0,20,20,7,Gasoline,0
52,55,434,2,2,1,15,30,8,Hybrid,0
26,55,434,2,3,0,20,30,8,Gasoline,0
111,55,435,3,1,0,25,20,6,Electric,200
32,55,435,3,2,1,20,25,6,Hybrid,0
2,55,435,3,3,0,20,20,6,Gasoline,0
25,55,436,4,1,0,15,30,8,Gasoline,0
4,55,436,4,2,0,15,25,6,Gasoline,0
49,55,436,4,3,1,15,25,8,Hybrid,0
47,55,437,5,1,0,20,20,8,Hybrid,0
25,55,437,5,2,1,15,30,8,Gasoline,0
3,55,437,5,3,0,25,20,6,Gasoline,0
38,55,438,6,1,1,20,20,7,Hybrid,0
33,55,438,6,2,0,25,25,6,Hybrid,0
105,55,438,6,3,0,25,25,8,Electric,150
2,55,439,7,1,0,20,20,6,Gasoline,0
3,55,439,7,2,0,25,20,6,Gasoline,0
5,55,439,7,3,1,20,25,6,Gasoline,0
149,55,440,8,1,0,20,25,7,Electric,250
56,55,440,8,2,0,20,20,6,Electric,100
46,55,440,8,3,1,15,20,8,Hybrid,0
52,56,441,1,1,1,15,30,8,Hybrid,0
132,56,441,1,2,0,25,25,8,Electric,200
38,56,441,1,3,0,20,20,7,Hybrid,0
4,56,442,2,1,1,15,25,6,Gasoline,0
6,56,442,2,2,0,25,25,6,Gasoline,0
21,56,442,2,3,0,25,20,8,Gasoline,0
80,56,443,3,1,1,20,30,8,Electric,100
45,56,443,3,2,0,25,30,7,Hybrid,0
27,56,443,3,3,0,25,30,8,Gasoline,0
40,56,444,4,1,1,15,25,7,Hybrid,0
128,56,444,4,2,0,20,20,8,Electric,200
13,56,444,4,3,0,15,25,7,Gasoline,0
108,56,445,5,1,0,25,30,8,Electric,150
131,56,445,5,2,1,20,25,8,Electric,200
51,56,445,5,3,0,25,25,8,Hybrid,0
87,56,446,6,1,0,25,25,6,Electric,150
93,56,446,6,2,0,25,20,7,Electric,150
17,56,446,6,3,1,20,30,7,Gasoline,0
104,56,447,7,1,0,20,25,8,Electric,150
52,56,447,7,2,1,15,30,8,Hybrid,0
24,56,447,7,3,0,25,25,8,Gasoline,0
75,56,448,8,1,0,25,20,8,Electric,100
13,56,448,8,2,1,15,25,7,Gasoline,0
11,56,448,8,3,0,20,20,7,Gasoline,0
122,57,449,1,1,0,20,25,7,Electric,200
43,57,449,1,2,1,15,30,7,Hybrid,0
6,57,449,1,3,0,25,25,6,Gasoline,0
23,57,450,2,1,0,20,25,8,Gasoline,0
43,57,450,2,2,1,15,30,7,Hybrid,0
46,57,450,2,3,0,15,20,8,Hybrid,0
19,57,451,3,1,1,15,20,8,Gasoline,0
95,57,451,3,2,0,20,25,7,Electric,150
32,57,451,3,3,0,20,25,6,Hybrid,0
21,57,452,4,1,0,25,20,8,Gasoline,0
67,57,452,4,2,1,15,25,7,Electric,100
98,57,452,4,3,0,20,30,7,Electric,150
37,57,453,5,1,1,15,20,7,Hybrid,0
68,57,453,5,2,0,20,25,7,Electric,100
32,57,453,5,3,0,20,25,6,Hybrid,0
107,57,454,6,1,1,20,30,8,Electric,150
33,57,454,6,2,0,25,25,6,Hybrid,0
26,57,454,6,3,0,20,30,8,Gasoline,0
8,57,455,7,1,0,20,30,6,Gasoline,0
25,57,455,7,2,1,15,30,8,Gasoline,0
49,57,455,7,3,0,15,25,8,Hybrid,0
15,57,456,8,1,0,25,25,7,Gasoline,0
25,57,456,8,2,1,15,30,8,Gasoline,0
54,57,456,8,3,0,25,30,8,Hybrid,0
54,58,457,1,1,0,25,30,8,Hybrid,0
126,58,457,1,2,0,25,30,7,Electric,200
91,58,457,1,3,1,15,20,7,Electric,150
114,58,458,2,1,0,25,25,6,Electric,200
36,58,458,2,2,0,25,30,6,Hybrid,0
46,58,458,2,3,1,15,20,8,Hybrid,0
12,58,459,3,1,0,25,20,7,Gasoline,0
3,58,459,3,2,0,25,20,6,Gasoline,0
44,58,459,3,3,1,20,30,7,Hybrid,0
54,58,460,4,1,0,25,30,8,Hybrid,0
22,58,460,4,2,1,15,25,8,Gasoline,0
143,58,460,4,3,0,20,30,6,Electric,250
130,58,461,5,1,1,15,25,8,Electric,200
58,58,461,5,2,0,15,25,6,Electric,100
5,58,461,5,3,0,20,25,6,Gasoline,0
12,58,462,6,1,0,25,20,7,Gasoline,0
36,58,462,6,2,0,25,30,6,Hybrid,0
146,58,462,6,3,1,20,20,7,Electric,250
30,58,463,7,1,0,25,20,6,Hybrid,0
8,58,463,7,2,0,20,30,6,Gasoline,0
37,58,463,7,3,1,15,20,7,Hybrid,0
145,58,464,8,1,1,15,20,7,Electric,250
43,58,464,8,2,0,15,30,7,Hybrid,0
93,58,464,8,3,0,25,20,7,Electric,150
33,59,465,1,1,0,25,25,6,Hybrid,0
22,59,465,1,2,1,15,25,8,Gasoline,0
147,59,465,1,3,0,25,20,7,Electric,250
85,59,466,2,1,1,15,25,6,Electric,150
8,59,466,2,2,0,20,30,6,Gasoline,0
3,59,466,2,3,0,25,20,6,Gasoline,0
126,59,467,3,1,1,25,30,7,Electric,200
27,59,467,3,2,0,25,30,8,Gasoline,0
129,59,467,3,3,0,25,20,8,Electric,200
44,59,468,4,1,1,20,30,7,Hybrid,0
36,59,468,4,2,0,25,30,6,Hybrid,0
38,59,468,4,3,0,20,20,7,Hybrid,0
21,59,469,5,1,0,25,20,8,Gasoline,0
44,59,469,5,2,1,20,30,7,Hybrid,0
18,59,469,5,3,0,25,30,7,Gasoline,0
35,59,470,6,1,0,20,30,6,Hybrid,0
12,59,470,6,2,0,25,20,7,Gasoline,0
148,59,470,6,3,1,15,25,7,Electric,250
21,59,471,7,1,0,25,20,8,Gasoline,0
36,59,471,7,2,0,25,30,6,Hybrid,0
26,59,471,7,3,1,20,30,8,Gasoline,0
58,59,472,8,1,1,15,25,6,Electric,100
50,59,472,8,2,0,20,25,8,Hybrid,0
110,59,472,8,3,0,20,20,6,Electric,200
44,60,473,1,1,0,20,30,7,Hybrid,0
34,60,473,1,2,1,15,30,6,Hybrid,0
53,60,473,1,3,0,20,30,8,Hybrid,0
11,60,474,2,1,0,20,20,7,Gasoline,0
37,60,474,2,2,1,15,20,7,Hybrid,0
23,60,474,2,3,0,20,25,8,Gasoline,0
98,60,475,3,1,0,20,30,7,Electric,150
38,60,475,3,2,1,20,20,7,Hybrid,0
51,60,475,3,3,0,25,25,8,Hybrid,0
155,60,476,4,1,0,20,20,8,Electric,250
2,60,476,4,2,0,20,20,6,Gasoline,0
26,60,476,4,3,1,20,30,8,Gasoline,0
38,60,477,5,1,0,20,20,7,Hybrid,0
17,60,477,5,2,1,20,30,7,Gasoline,0
21,60,477,5,3,0,25,20,8,Gasoline,0
22,60,478,6,1,0,15,25,8,Gasoline,0
34,60,478,6,2,1,15,30,6,Hybrid,0
51,60,478,6,3,0,25,25,8,Hybrid,0
123,60,479,7,1,0,25,25,7,Electric,200
159,60,479,7,2,0,25,25,8,Electric,250
7,60,479,7,3,1,15,30,6,Gasoline,0
23,60,480,8,1,0,20,25,8,Gasoline,0
38,60,480,8,2,0,20,20,7,Hybrid,0
46,60,480,8,3,1,15,20,8,Hybrid,0
125,61,481,1,1,1,20,30,7,Electric,200
27,61,481,1,2,0,25,30,8,Gasoline,0
63,61,481,1,3,0,25,30,6,Electric,100
12,61,482,2,1,0,25,20,7,Gasoline,0
121,61,482,2,2,1,15,25,7,Electric,200
24,61,482,2,3,0,25,25,8,Gasoline,0
42,61,483,3,1,0,25,25,7,Hybrid,0
52,61,483,3,2,1,15,30,8,Hybrid,0
29,61,483,3,3,0,20,20,6,Hybrid,0
47,61,484,4,1,0,20,20,8,Hybrid,0
91,61,484,4,2,0,15,20,7,Electric,150
134,61,484,4,3,1,20,30,8,Electric,200
19,61,485,5,1,0,15,20,8,Gasoline,0
76,61,485,5,2,1,15,25,8,Electric,100
25,61,485,5,3,0,15,30,8,Gasoline,0
47,61,486,6,1,0,20,20,8,Hybrid,0
70,61,486,6,2,1,15,30,7,Electric,100
98,61,486,6,3,0,20,30,7,Electric,150
15,61,487,7,1,0,25,25,7,Gasoline,0
22,61,487,7,2,1,15,25,8,Gasoline,0
115,61,487,7,3,0,15,30,6,Electric,200
29,61,488,8,1,0,20,20,6,Hybrid,0
16,61,488,8,2,1,15,30,7,Gasoline,0
5,61,488,8,3,0,20,25,6,Gasoline,0
2,62,489,1,1,0,20,20,6,Gasoline,0
73,62,489,1,2,1,15,20,8,Electric,100
110,62,489,1,3,0,20,20,6,Electric,200
104,62,490,2,1,0,20,25,8,Electric,150
7,62,490,2,2,1,15,30,6,Gasoline,0
46,62,490,2,3,0,15,20,8,Hybrid,0
22,62,491,3,1,1,15,25,8,Gasoline,0
39,62,491,3,2,0,25,20,7,Hybrid,0
36,62,491,3,3,0,25,30,6,Hybrid,0
17,62,492,4,1,0,20,30,7,Gasoline,0
49,62,492,4,2,1,15,25,8,Hybrid,0
8,62,492,4,3,0,20,30,6,Gasoline,0
87,62,493,5,1,0,25,25,6,Electric,150
83,62,493,5,2,0,20,20,6,Electric,150
1,62,493,5,3,1,15,20,6,Gasoline,0
36,62,494,6,1,1,25,30,6,Hybrid,0
33,62,494,6,2,0,25,25,6,Hybrid,0
90,62,494,6,3,0,25,30,6,Electric,150
55,62,495,7,1,1,15,20,6,Electric,100
8,62,495,7,2,0,20,30,6,Gasoline,0
2,62,495,7,3,0,20,20,6,Gasoline,0
9,62,496,8,1,0,25,30,6,Gasoline,0
128,62,496,8,2,1,20,20,8,Electric,200
45,62,496,8,3,0,25,30,7,Hybrid,0
16,63,497,1,1,0,15,30,7,Gasoline,0
133,63,497,1,2,1,15,30,8,Electric,200
10,63,497,1,3,0,15,20,7,Gasoline,0
47,63,498,2,1,0,20,20,8,Hybrid,0
22,63,498,2,2,1,15,25,8,Gasoline,0
98,63,498,2,3,0,20,30,7,Electric,150
31,63,499,3,1,0,15,25,6,Hybrid,0
37,63,499,3,2,1,15,20,7,Hybrid,0
54,63,499,3,3,0,25,30,8,Hybrid,0
161,63,500,4,1,0,20,30,8,Electric,250
52,63,500,4,2,1,15,30,8,Hybrid,0
158,63,500,4,3,0,20,25,8,Electric,250
10,63,501,5,1,0,15,20,7,Gasoline,0
103,63,501,5,2,1,15,25,8,Electric,150
27,63,501,5,3,0,25,30,8,Gasoline,0
41,63,502,6,1,1,20,25,7,Hybrid,0
38,63,502,6,2,0,20,20,7,Hybrid,0
14,63,502,6,3,0,20,25,7,Gasoline,0
31,63,503,7,1,1,15,25,6,Hybrid,0
21,63,503,7,2,0,25,20,8,Gasoline,0
63,63,503,7,3,0,25,30,6,Electric,100
86,63,504,8,1,0,20,25,6,Electric,150
53,63,504,8,2,1,20,30,8,Hybrid,0
107,63,504,8,3,0,20,30,8,Electric,150
159,64,505,1,1,1,25,25,8,Electric,250
71,64,505,1,2,0,20,30,7,Electric,100
24,64,505,1,3,0,25,25,8,Gasoline,0
49,64,506,2,1,1,15,25,8,Hybrid,0
38,64,506,2,2,0,20,20,7,Hybrid,0
36,64,506,2,3,0,25,30,6,Hybrid,0
136,64,507,3,1,1,15,20,6,Electric,250
15,64,507,3,2,0,25,25,7,Gasoline,0
128,64,507,3,3,0,20,20,8,Electric,200
8,64,508,4,1,1,20,30,6,Gasoline,0
3,64,508,4,2,0,25,20,6,Gasoline,0
134,64,508,4,3,0,20,30,8,Electric,200
20,64,509,5,1,0,20,20,8,Gasoline,0
5,64,509,5,2,1,20,25,6,Gasoline,0
71,64,509,5,3,0,20,30,7,Electric,100
136,64,510,6,1,1,15,20,6,Electric,250
25,64,510,6,2,0,15,30,8,Gasoline,0
118,64,510,6,3,0,15,20,7,Electric,200
154,64,511,7,1,0,15,20,8,Electric,250
14,64,511,7,2,0,20,25,7,Gasoline,0
25,64,511,7,3,1,15,30,8,Gasoline,0
25,64,512,8,1,1,15,30,8,Gasoline,0
37,64,512,8,2,0,15,20,7,Hybrid,0
41,64,512,8,3,0,20,25,7,Hybrid,0
18,65,513,1,1,0,25,30,7,Gasoline,0
74,65,513,1,2,1,20,20,8,Electric,100
39,65,513,1,3,0,25,20,7,Hybrid,0
73,65,514,2,1,0,15,20,8,Electric,100
53,65,514,2,2,0,20,30,8,Hybrid,0
16,65,514,2,3,1,15,30,7,Gasoline,0
157,65,515,3,1,1,15,25,8,Electric,250
17,65,515,3,2,0,20,30,7,Gasoline,0
126,65,515,3,3,0,25,30,7,Electric,200
9,65,516,4,1,0,25,30,6,Gasoline,0
23,65,516,4,2,1,20,25,8,Gasoline,0
38,65,516,4,3,0,20,20,7,Hybrid,0
54,65,517,5,1,0,25,30,8,Hybrid,0
48,65,517,5,2,0,25,20,8,Hybrid,0
5,65,517,5,3,1,20,25,6,Gasoline,0
37,65,518,6,1,0,15,20,7,Hybrid,0
11,65,518,6,2,0,20,20,7,Gasoline,0
46,65,518,6,3,1,15,20,8,Hybrid,0
115,65,519,7,1,1,15,30,6,Electric,200
110,65,519,7,2,0,20,20,6,Electric,200
14,65,519,7,3,0,20,25,7,Gasoline,0
88,65,520,8,1,1,15,30,6,Electric,150
70,65,520,8,2,0,15,30,7,Electric,100
84,65,520,8,3,0,25,20,6,Electric,150
120,66,521,1,1,0,25,20,7,Electric,200
158,66,521,1,2,1,20,25,8,Electric,250
12,66,521,1,3,0,25,20,7,Gasoline,0
99,66,522,2,1,0,25,30,7,Electric,150
30,66,522,2,2,1,25,20,6,Hybrid,0
9,66,522,2,3,0,25,30,6,Gasoline,0
13,66,523,3,1,1,15,25,7,Gasoline,0
47,66,523,3,2,0,20,20,8,Hybrid,0
129,66,523,3,3,0,25,20,8,Electric,200
10,66,524,4,1,1,15,20,7,Gasoline,0
63,66,524,4,2,0,25,30,6,Electric,100
44,66,524,4,3,0,20,30,7,Hybrid,0
7,66,525,5,1,1,15,30,6,Gasoline,0
103,66,525,5,2,0,15,25,8,Electric,150
2,66,525,5,3,0,20,20,6,Gasoline,0
15,66,526,6,1,0,25,25,7,Gasoline,0
25,66,526,6,2,1,15,30,8,Gasoline,0
35,66,526,6,3,0,20,30,6,Hybrid,0
26,66,527,7,1,1,20,30,8,Gasoline,0
33,66,527,7,2,0,25,25,6,Hybrid,0
6,66,527,7,3,0,25,25,6,Gasoline,0
36,66,528,8,1,0,25,30,6,Hybrid,0
35,66,528,8,2,0,20,30,6,Hybrid,0
121,66,528,8,3,1,15,25,7,Electric,200
42,67,529,1,1,0,25,25,7,Hybrid,0
13,67,529,1,2,1,15,25,7,Gasoline,0
21,67,529,1,3,0,25,20,8,Gasoline,0
135,67,530,2,1,0,25,30,8,Electric,200
113,67,530,2,2,0,20,25,6,Electric,200
4,67,530,2,3,1,15,25,6,Gasoline,0
19,67,531,3,1,1,15,20,8,Gasoline,0
33,67,531,3,2,0,25,25,6,Hybrid,0
37,67,531,3,3,0,15,20,7,Hybrid,0
65,67,532,4,1,0,20,20,7,Electric,100
131,67,532,4,2,1,20,25,8,Electric,200
126,67,532,4,3,0,25,30,7,Electric,200
16,67,533,5,1,0,15,30,7,Gasoline,0
34,67,533,5,2,1,15,30,6,Hybrid,0
36,67,533,5,3,0,25,30,6,Hybrid,0
76,67,534,6,1,0,15,25,8,Electric,100
35,67,534,6,2,0,20,30,6,Hybrid,0
46,67,534,6,3,1,15,20,8,Hybrid,0
109,67,535,7,1,0,15,20,6,Electric,200
118,67,535,7,2,1,15,20,7,Electric,200
50,67,535,7,3,0,20,25,8,Hybrid,0
160,67,536,8,1,1,15,30,8,Electric,250
27,67,536,8,2,0,25,30,8,Gasoline,0
51,67,536,8,3,0,25,25,8,Hybrid,0
144,68,537,1,1,0,25,30,6,Electric,250
132,68,537,1,2,1,25,25,8,Electric,200
12,68,537,1,3,0,25,20,7,Gasoline,0
134,68,538,2,1,0,20,30,8,Electric,200
52,68,538,2,2,1,15,30,8,Hybrid,0
9,68,538,2,3,0,25,30,6,Gasoline,0
13,68,539,3,1,0,15,25,7,Gasoline,0
3,68,539,3,2,0,25,20,6,Gasoline,0
4,68,539,3,3,1,15,25,6,Gasoline,0
137,68,540,4,1,0,20,20,6,Electric,250
35,68,540,4,2,1,20,30,6,Hybrid,0
39,68,540,4,3,0,25,20,7,Hybrid,0
7,68,541,5,1,1,15,30,6,Gasoline,0
36,68,541,5,2,0,25,30,6,Hybrid,0
147,68,541,5,3,0,25,20,7,Electric,250
18,68,542,6,1,0,25,30,7,Gasoline,0
21,68,542,6,2,0,25,20,8,Gasoline,0
32,68,542,6,3,1,20,25,6,Hybrid,0
143,68,543,7,1,1,20,30,6,Electric,250
129,68,543,7,2,0,25,20,8,Electric,200
13,68,543,7,3,0,15,25,7,Gasoline,0
28,68,544,8,1,1,15,20,6,Hybrid,0
103,68,544,8,2,0,15,25,8,Electric,150
102,68,544,8,3,0,25,20,8,Electric,150
39,69,545,1,1,0,25,20,7,Hybrid,0
38,69,545,1,2,1,20,20,7,Hybrid,0
99,69,545,1,3,0,25,30,7,Electric,150
12,69,546,2,1,0,25,20,7,Gasoline,0
24,69,546,2,2,0,25,25,8,Gasoline,0
23,69,546,2,3,1,20,25,8,Gasoline,0
7,69,547,3,1,1,15,30,6,Gasoline,0
8,69,547,3,2,0,20,30,6,Gasoline,0
62,69,547,3,3,0,20,30,6,Electric,100
97,69,548,4,1,1,15,30,7,Electric,150
30,69,548,4,2,0,25,20,6,Hybrid,0
5,69,548,4,3,0,20,25,6,Gasoline,0
5,69,549,5,1,0,20,25,6,Gasoline,0
52,69,549,5,2,1,15,30,8,Hybrid,0
20,69,549,5,3,0,20,20,8,Gasoline,0
136,69,550,6,1,0,15,20,6,Electric,250
130,69,550,6,2,1,15,25,8,Electric,200
1,69,550,6,3,0,15,20,6,Gasoline,0
47,69,551,7,1,0,20,20,8,Hybrid,0
80,69,551,7,2,0,20,30,8,Electric,100
112,69,551,7,3,1,15,25,6,Electric,200
18,69,552,8,1,1,25,30,7,Gasoline,0
24,69,552,8,2,0,25,25,8,Gasoline,0
99,69,552,8,3,0,25,30,7,Electric,150
38,70,553,1,1,0,20,20,7,Hybrid,0
28,70,553,1,2,0,15,20,6,Hybrid,0
16,70,553,1,3,1,15,30,7,Gasoline,0
19,70,554,2,1,1,15,20,8,Gasoline,0
93,70,554,2,2,0,25,20,7,Electric,150
59,70,554,2,3,0,20,25,6,Electric,100
26,70,555,3,1,0,20,30,8,Gasoline,0
25,70,555,3,2,0,15,30,8,Gasoline,0
28,70,555,3,3,1,15,20,6,Hybrid,0
12,70,556,4,1,0,25,20,7,Gasoline,0
13,70,556,4,2,0,15,25,7,Gasoline,0
145,70,556,4,3,1,15,20,7,Electric,250
22,70,557,5,1,0,15,25,8,Gasoline,0
46,70,557,5,2,1,15,20,8,Hybrid,0
93,70,557,5,3,0,25,20,7,Electric,150
88,70,558,6,1,1,15,30,6,Electric,150
119,70,558,6,2,0,20,20,7,Electric,200
39,70,558,6,3,0,25,20,7,Hybrid,0
131,70,559,7,1,1,20,25,8,Electric,200
5,70,559,7,2,0,20,25,6,Gasoline,0
36,70,559,7,3,0,25,30,6,Hybrid,0
30,70,560,8,1,0,25,20,6,Hybrid,0
67,70,560,8,2,1,15,25,7,Electric,100
12,70,560,8,3,0,25,20,7,Gasoline,0
130,71,561,1,1,1,15,25,8,Electric,200
46,71,561,1,2,0,15,20,8,Hybrid,0
74,71,561,1,3,0,20,20,8,Electric,100
101,71,562,2,1,0,20,20,8,Electric,150
27,71,562,2,2,0,25,30,8,Gasoline,0
141,71,562,2,3,1,25,25,6,Electric,250
29,71,563,3,1,0,20,20,6,Hybrid,0
65,71,563,3,2,0,20,20,7,Electric,100
43,71,563,3,3,1,15,30,7,Hybrid,0
49,71,564,4,1,1,15,25,8,Hybrid,0
4,71,564,4,2,0,15,25,6,Gasoline,0
39,71,564,4,3,0,25,20,7,Hybrid,0
46,71,565,5,1,1,15,20,8,Hybrid,0
36,71,565,5,2,0,25,30,6,Hybrid,0
18,71,565,5,3,0,25,30,7,Gasoline,0
16,71,566,6,1,1,15,30,7,Gasoline,0
59,71,566,6,2,0,20,25,6,Electric,100
80,71,566,6,3,0,20,30,8,Electric,100
28,71,567,7,1,0,15,20,6,Hybrid,0
35,71,567,7,2,0,20,30,6,Hybrid,0
40,71,567,7,3,1,15,25,7,Hybrid,0
22,71,568,8,1,1,15,25,8,Gasoline,0
11,71,568,8,2,0,20,20,7,Gasoline,0
46,71,568,8,3,0,15,20,8,Hybrid,0
149,72,569,1,1,0,20,25,7,Electric,250
105,72,569,1,2,0,25,25,8,Electric,150
44,72,569,1,3,1,20,30,7,Hybrid,0
154,72,570,2,1,1,15,20,8,Electric,250
93,72,570,2,2,0,25,20,7,Electric,150
45,72,570,2,3,0,25,30,7,Hybrid,0
118,72,571,3,1,1,15,20,7,Electric,200
24,72,571,3,2,0,25,25,8,Gasoline,0
147,72,571,3,3,0,25,20,7,Electric,250
9,72,572,4,1,0,25,30,6,Gasoline,0
24,72,572,4,2,0,25,25,8,Gasoline,0
95,72,572,4,3,1,20,25,7,Electric,150
8,72,573,5,1,0,20,30,6,Gasoline,0
38,72,573,5,2,0,20,20,7,Hybrid,0
52,72,573,5,3,1,15,30,8,Hybrid,0
2,72,574,6,1,1,20,20,6,Gasoline,0
24,72,574,6,2,0,25,25,8,Gasoline,0
50,72,574,6,3,0,20,25,8,Hybrid,0
10,72,575,7,1,1,15,20,7,Gasoline,0
53,72,575,7,2,0,20,30,8,Hybrid,0
3,72,575,7,3,0,25,20,6,Gasoline,0
49,72,576,8,1,1,15,25,8,Hybrid,0
120,72,576,8,2,0,25,20,7,Electric,200
19,72,576,8,3,0,15,20,8,Gasoline,0
49,73,577,1,1,1,15,25,8,Hybrid,0
35,73,577,1,2,0,20,30,6,Hybrid,0
42,73,577,1,3,0,25,25,7,Hybrid,0
45,73,578,2,1,0,25,30,7,Hybrid,0
16,73,578,2,2,0,15,30,7,Gasoline,0
46,73,578,2,3,1,15,20,8,Hybrid,0
53,73,579,3,1,1,20,30,8,Hybrid,0
156,73,579,3,2,0,25,20,8,Electric,250
39,73,579,3,3,0,25,20,7,Hybrid,0
44,73,580,4,1,1,20,30,7,Hybrid,0
36,73,580,4,2,0,25,30,6,Hybrid,0
93,73,580,4,3,0,25,20,7,Electric,150
21,73,581,5,1,0,25,20,8,Gasoline,0
127,73,581,5,2,1,15,20,8,Electric,200
128,73,581,5,3,0,20,20,8,Electric,200
128,73,582,6,1,0,20,20,8,Electric,200
40,73,582,6,2,1,15,25,7,Hybrid,0
53,73,582,6,3,0,20,30,8,Hybrid,0
107,73,583,7,1,0,20,30,8,Electric,150
51,73,583,7,2,0,25,25,8,Hybrid,0
7,73,583,7,3,1,15,30,6,Gasoline,0
61,73,584,8,1,0,15,30,6,Electric,100
151,73,584,8,2,1,15,30,7,Electric,250
90,73,584,8,3,0,25,30,6,Electric,150
47,74,585,1,1,0,20,20,8,Hybrid,0
44,74,585,1,2,1,20,30,7,Hybrid,0
12,74,585,1,3,0,25,20,7,Gasoline,0
8,74,586,2,1,0,20,30,6,Gasoline,0
58,74,586,2,2,0,15,25,6,Electric,100
28,74,586,2,3,1,15,20,6,Hybrid,0
28,74,587,3,1,0,15,20,6,Hybrid,0
13,74,587,3,2,1,15,25,7,Gasoline,0
67,74,587,3,3,0,15,25,7,Electric,100
146,74,588,4,1,0,20,20,7,Electric,250
14,74,588,4,2,0,20,25,7,Gasoline,0
53,74,588,4,3,1,20,30,8,Hybrid,0
85,74,589,5,1,1,15,25,6,Electric,150
26,74,589,5,2,0,20,30,8,Gasoline,0
97,74,589,5,3,0,15,30,7,Electric,150
33,74,590,6,1,0,25,25,6,Hybrid,0
82,74,590,6,2,1,15,20,6,Electric,150
8,74,590,6,3,0,20,30,6,Gasoline,0
53,74,591,7,1,0,20,30,8,Hybrid,0
82,74,591,7,2,0,15,20,6,Electric,150
16,74,591,7,3,1,15,30,7,Gasoline,0
29,74,592,8,1,0,20,20,6,Hybrid,0
49,74,592,8,2,1,15,25,8,Hybrid,0
73,74,592,8,3,0,15,20,8,Electric,100
29,75,593,1,1,1,20,20,6,Hybrid,0
2,75,593,1,2,0,20,20,6,Gasoline,0
62,75,593,1,3,0,20,30,6,Electric,100
30,75,594,2,1,0,25,20,6,Hybrid,0
12,75,594,2,2,0,25,20,7,Gasoline,0
65,75,594,2,3,1,20,20,7,Electric,100
38,75,595,3,1,0,20,20,7,Hybrid,0
61,75,595,3,2,0,15,30,6,Electric,100
46,75,595,3,3,1,15,20,8,Hybrid,0
39,75,596,4,1,0,25,20,7,Hybrid,0
30,75,596,4,2,0,25,20,6,Hybrid,0
162,75,596,4,3,1,25,30,8,Electric,250
27,75,597,5,1,1,25,30,8,Gasoline,0
87,75,597,5,2,0,25,25,6,Electric,150
83,75,597,5,3,0,20,20,6,Electric,150
14,75,598,6,1,0,20,25,7,Gasoline,0
54,75,598,6,2,0,25,30,8,Hybrid,0
149,75,598,6,3,1,20,25,7,Electric,250
95,75,599,7,1,0,20,25,7,Electric,150
13,75,599,7,2,1,15,25,7,Gasoline,0
100,75,599,7,3,0,15,20,8,Electric,150
35,75,600,8,1,1,20,30,6,Hybrid,0
27,75,600,8,2,0,25,30,8,Gasoline,0
14,75,600,8,3,0,20,25,7,Gasoline,0
26,76,601,1,1,0,20,30,8,Gasoline,0
13,76,601,1,2,1,15,25,7,Gasoline,0
95,76,601,1,3,0,20,25,7,Electric,150
121,76,602,2,1,1,15,25,7,Electric,200
9,76,602,2,2,0,25,30,6,Gasoline,0
95,76,602,2,3,0,20,25,7,Electric,150
64,76,603,3,1,1,15,20,7,Electric,100
40,76,603,3,2,0,15,25,7,Hybrid,0
54,76,603,3,3,0,25,30,8,Hybrid,0
142,76,604,4,1,1,15,30,6,Electric,250
44,76,604,4,2,0,20,30,7,Hybrid,0
47,76,604,4,3,0,20,20,8,Hybrid,0
51,76,605,5,1,0,25,25,8,Hybrid,0
8,76,605,5,2,0,20,30,6,Gasoline,0
16,76,605,5,3,1,15,30,7,Gasoline,0
12,76,606,6,1,0,25,20,7,Gasoline,0
32,76,606,6,2,1,20,25,6,Hybrid,0
95,76,606,6,3,0,20,25,7,Electric,150
69,76,607,7,1,0,25,25,7,Electric,100
52,76,607,7,2,1,15,30,8,Hybrid,0
58,76,607,7,3,0,15,25,6,Electric,100
105,76,608,8,1,0,25,25,8,Electric,150
127,76,608,8,2,0,15,20,8,Electric,200
31,76,608,8,3,1,15,25,6,Hybrid,0
50,77,609,1,1,1,20,25,8,Hybrid,0
18,77,609,1,2,0,25,30,7,Gasoline,0
51,77,609,1,3,0,25,25,8,Hybrid,0
140,77,610,2,1,1,20,25,6,Electric,250
18,77,610,2,2,0,25,30,7,Gasoline,0
36,77,610,2,3,0,25,30,6,Hybrid,0
76,77,611,3,1,1,15,25,8,Electric,100
83,77,611,3,2,0,20,20,6,Electric,150
47,77,611,3,3,0,20,20,8,Hybrid,0
52,77,612,4,1,0,15,30,8,Hybrid,0
40,77,612,4,2,1,15,25,7,Hybrid,0
140,77,612,4,3,0,20,25,6,Electric,250
149,77,613,5,1,0,20,25,7,Electric,250
142,77,613,5,2,1,15,30,6,Electric,250
25,77,613,5,3,0,15,30,8,Gasoline,0
30,77,614,6,1,0,25,20,6,Hybrid,0
39,77,614,6,2,0,25,20,7,Hybrid,0
32,77,614,6,3,1,20,25,6,Hybrid,0
32,77,615,7,1,0,20,25,6,Hybrid,0
44,77,615,7,2,1,20,30,7,Hybrid,0
20,77,615,7,3,0,20,20,8,Gasoline,0
15,77,616,8,1,0,25,25,7,Gasoline,0
31,77,616,8,2,1,15,25,6,Hybrid,0
33,77,616,8,3,0,25,25,6,Hybrid,0
53,78,617,1,1,1,20,30,8,Hybrid,0
84,78,617,1,2,0,25,20,6,Electric,150
50,78,617,1,3,0,20,25,8,Hybrid,0
43,78,618,2,1,1,15,30,7,Hybrid,0
87,78,618,2,2,0,25,25,6,Electric,150
28,78,618,2,3,0,15,20,6,Hybrid,0
2,78,619,3,1,0,20,20,6,Gasoline,0
65,78,619,3,2,0,20,20,7,Electric,100
22,78,619,3,3,1,15,25,8,Gasoline,0
116,78,620,4,1,0,20,30,6,Electric,200
34,78,620,4,2,1,15,30,6,Hybrid,0
59,78,620,4,3,0,20,25,6,Electric,100
6,78,621,5,1,0,25,25,6,Gasoline,0
41,78,621,5,2,0,20,25,7,Hybrid,0
28,78,621,5,3,1,15,20,6,Hybrid,0
9,78,622,6,1,0,25,30,6,Gasoline,0
23,78,622,6,2,1,20,25,8,Gasoline,0
14,78,622,6,3,0,20,25,7,Gasoline,0
50,78,623,7,1,0,20,25,8,Hybrid,0
39,78,623,7,2,0,25,20,7,Hybrid,0
25,78,623,7,3,1,15,30,8,Gasoline,0
35,78,624,8,1,0,20,30,6,Hybrid,0
75,78,624,8,2,0,25,20,8,Electric,100
7,78,624,8,3,1,15,30,6,Gasoline,0
8,79,625,1,1,1,20,30,6,Gasoline,0
66,79,625,1,2,0,25,20,7,Electric,100
18,79,625,1,3,0,25,30,7,Gasoline,0
59,79,626,2,1,0,20,25,6,Electric,100
98,79,626,2,2,0,20,30,7,Electric,150
46,79,626,2,3,1,15,20,8,Hybrid,0
122,79,627,3,1,0,20,25,7,Electric,200
161,79,627,3,2,1,20,30,8,Electric,250
42,79,627,3,3,0,25,25,7,Hybrid,0
23,79,628,4,1,0,20,25,8,Gasoline,0
58,79,628,4,2,1,15,25,6,Electric,100
39,79,628,4,3,0,25,20,7,Hybrid,0
22,79,629,5,1,1,15,25,8,Gasoline,0
116,79,629,5,2,0,20,30,6,Electric,200
48,79,629,5,3,0,25,20,8,Hybrid,0
146,79,630,6,1,1,20,20,7,Electric,250
8,79,630,6,2,0,20,30,6,Gasoline,0
57,79,630,6,3,0,25,20,6,Electric,100
20,79,631,7,1,0,20,20,8,Gasoline,0
13,79,631,7,2,1,15,25,7,Gasoline,0
53,79,631,7,3,0,20,30,8,Hybrid,0
95,79,632,8,1,1,20,25,7,Electric,150
21,79,632,8,2,0,25,20,8,Gasoline,0
6,79,632,8,3,0,25,25,6,Gasoline,0
121,80,633,1,1,1,15,25,7,Electric,200
141,80,633,1,2,0,25,25,6,Electric,250
70,80,633,1,3,0,15,30,7,Electric,100
109,80,634,2,1,1,15,20,6,Electric,200
26,80,634,2,2,0,20,30,8,Gasoline,0
91,80,634,2,3,0,15,20,7,Electric,150
17,80,635,3,1,0,20,30,7,Gasoline,0
8,80,635,3,2,1,20,30,6,Gasoline,0
6,80,635,3,3,0,25,25,6,Gasoline,0
50,80,636,4,1,1,20,25,8,Hybrid,0
21,80,636,4,2,0,25,20,8,Gasoline,0
65,80,636,4,3,0,20,20,7,Electric,100
125,80,637,5,1,1,20,30,7,Electric,200
27,80,637,5,2,0,25,30,8,Gasoline,0
24,80,637,5,3,0,25,25,8,Gasoline,0
54,80,638,6,1,0,25,30,8,Hybrid,0
17,80,638,6,2,0,20,30,7,Gasoline,0
40,80,638,6,3,1,15,25,7,Hybrid,0
113,80,639,7,1,0,20,25,6,Electric,200
41,80,639,7,2,1,20,25,7,Hybrid,0
87,80,639,7,3,0,25,25,6,Electric,150
138,80,640,8,1,0,25,20,6,Electric,250
22,80,640,8,2,0,15,25,8,Gasoline,0
19,80,640,8,3,1,15,20,8,Gasoline,0
35,81,641,1,1,0,20,30,6,Hybrid,0
42,81,641,1,2,0,25,25,7,Hybrid,0
22,81,641,1,3,1,15,25,8,Gasoline,0
126,81,642,2,1,0,25,30,7,Electric,200
17,81,642,2,2,1,20,30,7,Gasoline,0
102,81,642,2,3,0,25,20,8,Electric,150
125,81,643,3,1,1,20,30,7,Electric,200
32,81,643,3,2,0,20,25,6,Hybrid,0
76,81,643,3,3,0,15,25,8,Electric,100
4,81,644,4,1,0,15,25,6,Gasoline,0
25,81,644,4,2,1,15,30,8,Gasoline,0
94,81,644,4,3,0,15,25,7,Electric,150
83,81,645,5,1,0,20,20,6,Electric,150
108,81,645,5,2,0,25,30,8,Electric,150
10,81,645,5,3,1,15,20,7,Gasoline,0
37,81,646,6,1,0,15,20,7,Hybrid,0
7,81,646,6,2,1,15,30,6,Gasoline,0
21,81,646,6,3,0,25,20,8,Gasoline,0
141,81,647,7,1,0,25,25,6,Electric,250
9,81,647,7,2,0,25,30,6,Gasoline,0
145,81,647,7,3,1,15,20,7,Electric,250
157,81,648,8,1,0,15,25,8,Electric,250
113,81,648,8,2,0,20,25,6,Electric,200
7,81,648,8,3,1,15,30,6,Gasoline,0
2,82,649,1,1,0,20,20,6,Gasoline,0
79,82,649,1,2,1,15,30,8,Electric,100
82,82,649,1,3,0,15,20,6,Electric,150
3,82,650,2,1,0,25,20,6,Gasoline,0
31,82,650,2,2,1,15,25,6,Hybrid,0
69,82,650,2,3,0,25,25,7,Electric,100
83,82,651,3,1,1,20,20,6,Electric,150
11,82,651,3,2,0,20,20,7,Gasoline,0
20,82,651,3,3,0,20,20,8,Gasoline,0
2,82,652,4,1,0,20,20,6,Gasoline,0
45,82,652,4,2,0,25,30,7,Hybrid,0
142,82,652,4,3,1,15,30,6,Electric,250
8,82,653,5,1,0,20,30,6,Gasoline,0
50,82,653,5,2,0,20,25,8,Hybrid,0
28,82,653,5,3,1,15,20,6,Hybrid,0
29,82,654,6,1,0,20,20,6,Hybrid,0
34,82,654,6,2,1,15,30,6,Hybrid,0
19,82,654,6,3,0,15,20,8,Gasoline,0
62,82,655,7,1,0,20,30,6,Electric,100
4,82,655,7,2,1,15,25,6,Gasoline,0
149,82,655,7,3,0,20,25,7,Electric,250
63,82,656,8,1,0,25,30,6,Electric,100
28,82,656,8,2,1,15,20,6,Hybrid,0
101,82,656,8,3,0,20,20,8,Electric,150
144,83,657,1,1,0,25,30,6,Electric,250
40,83,657,1,2,1,15,25,7,Hybrid,0
24,83,657,1,3,0,25,25,8,Gasoline,0
25,83,658,2,1,1,15,30,8,Gasoline,0
16,83,658,2,2,0,15,30,7,Gasoline,0
27,83,658,2,3,0,25,30,8,Gasoline,0
8,83,659,3,1,1,20,30,6,Gasoline,0
24,83,659,3,2,0,25,25,8,Gasoline,0
105,83,659,3,3,0,25,25,8,Electric,150
32,83,660,4,1,1,20,25,6,Hybrid,0
48,83,660,4,2,0,25,20,8,Hybrid,0
6,83,660,4,3,0,25,25,6,Gasoline,0
162,83,661,5,1,0,25,30,8,Electric,250
18,83,661,5,2,0,25,30,7,Gasoline,0
135,83,661,5,3,1,25,30,8,Electric,200
120,83,662,6,1,0,25,20,7,Electric,200
20,83,662,6,2,1,20,20,8,Gasoline,0
51,83,662,6,3,0,25,25,8,Hybrid,0
149,83,663,7,1,0,20,25,7,Electric,250
23,83,663,7,2,0,20,25,8,Gasoline,0
133,83,663,7,3,1,15,30,8,Electric,200
14,83,664,8,1,0,20,25,7,Gasoline,0
73,83,664,8,2,1,15,20,8,Electric,100
26,83,664,8,3,0,20,30,8,Gasoline,0
24,84,665,1,1,0,25,25,8,Gasoline,0
5,84,665,1,2,1,20,25,6,Gasoline,0
53,84,665,1,3,0,20,30,8,Hybrid,0
36,84,666,2,1,0,25,30,6,Hybrid,0
17,84,666,2,2,0,20,30,7,Gasoline,0
7,84,666,2,3,1,15,30,6,Gasoline,0
4,84,667,3,1,0,15,25,6,Gasoline,0
11,84,667,3,2,0,20,20,7,Gasoline,0
31,84,667,3,3,1,15,25,6,Hybrid,0
1,84,668,4,1,1,15,20,6,Gasoline,0
33,84,668,4,2,0,25,25,6,Hybrid,0
159,84,668,4,3,0,25,25,8,Electric,250
63,84,669,5,1,0,25,30,6,Electric,100
147,84,669,5,2,0,25,20,7,Electric,250
14,84,669,5,3,1,20,25,7,Gasoline,0
30,84,670,6,1,0,25,20,6,Hybrid,0
21,84,670,6,2,0,25,20,8,Gasoline,0
34,84,670,6,3,1,15,30,6,Hybrid,0
112,84,671,7,1,1,15,25,6,Electric,200
12,84,671,7,2,0,25,20,7,Gasoline,0
53,84,671,7,3,0,20,30,8,Hybrid,0
19,84,672,8,1,1,15,20,8,Gasoline,0
62,84,672,8,2,0,20,30,6,Electric,100
3,84,672,8,3,0,25,20,6,Gasoline,0
161,85,673,1,1,1,20,30,8,Electric,250
159,85,673,1,2,0,25,25,8,Electric,250
29,85,673,1,3,0,20,20,6,Hybrid,0
29,85,674,2,1,0,20,20,6,Hybrid,0
20,85,674,2,2,0,20,20,8,Gasoline,0
28,85,674,2,3,1,15,20,6,Hybrid,0
34,85,675,3,1,1,15,30,6,Hybrid,0
113,85,675,3,2,0,20,25,6,Electric,200
40,85,675,3,3,0,15,25,7,Hybrid,0
56,85,676,4,1,0,20,20,6,Electric,100
34,85,676,4,2,1,15,30,6,Hybrid,0
54,85,676,4,3,0,25,30,8,Hybrid,0
111,85,677,5,1,0,25,20,6,Electric,200
18,85,677,5,2,0,25,30,7,Gasoline,0
135,85,677,5,3,1,25,30,8,Electric,200
9,85,678,6,1,1,25,30,6,Gasoline,0
54,85,678,6,2,0,25,30,8,Hybrid,0
48,85,678,6,3,0,25,20,8,Hybrid,0
29,85,679,7,1,0,20,20,6,Hybrid,0
43,85,679,7,2,1,15,30,7,Hybrid,0
37,85,679,7,3,0,15,20,7,Hybrid,0
85,85,680,8,1,1,15,25,6,Electric,150
22,85,680,8,2,0,15,25,8,Gasoline,0
159,85,680,8,3,0,25,25,8,Electric,250
13,86,681,1,1,1,15,25,7,Gasoline,0
53,86,681,1,2,0,20,30,8,Hybrid,0
131,86,681,1,3,0,20,25,8,Electric,200
83,86,682,2,1,0,20,20,6,Electric,150
28,86,682,2,2,1,15,20,6,Hybrid,0
84,86,682,2,3,0,25,20,6,Electric,150
112,86,683,3,1,1,15,25,6,Electric,200
23,86,683,3,2,0,20,25,8,Gasoline,0
7,86,683,3,3,0,15,30,6,Gasoline,0
24,86,684,4,1,0,25,25,8,Gasoline,0
53,86,684,4,2,1,20,30,8,Hybrid,0
30,86,684,4,3,0,25,20,6,Hybrid,0
53,86,685,5,1,0,20,30,8,Hybrid,0
34,86,685,5,2,1,15,30,6,Hybrid,0
30,86,685,5,3,0,25,20,6,Hybrid,0
95,86,686,6,1,0,20,25,7,Electric,150
37,86,686,6,2,1,15,20,7,Hybrid,0
54,86,686,6,3,0,25,30,8,Hybrid,0
23,86,687,7,1,0,20,25,8,Gasoline,0
4,86,687,7,2,1,15,25,6,Gasoline,0
122,86,687,7,3,0,20,25,7,Electric,200
89,86,688,8,1,0,20,30,6,Electric,150
19,86,688,8,2,0,15,20,8,Gasoline,0
25,86,688,8,3,1,15,30,8,Gasoline,0
32,87,689,1,1,1,20,25,6,Hybrid,0
121,87,689,1,2,0,15,25,7,Electric,200
72,87,689,1,3,0,25,30,7,Electric,100
159,87,690,2,1,0,25,25,8,Electric,250
35,87,690,2,2,1,20,30,6,Hybrid,0
106,87,690,2,3,0,15,30,8,Electric,150
48,87,691,3,1,0,25,20,8,Hybrid,0
39,87,691,3,2,0,25,20,7,Hybrid,0
37,87,691,3,3,1,15,20,7,Hybrid,0
52,87,692,4,1,1,15,30,8,Hybrid,0
38,87,692,4,2,0,20,20,7,Hybrid,0
46,87,692,4,3,0,15,20,8,Hybrid,0
4,87,693,5,1,0,15,25,6,Gasoline,0
43,87,693,5,2,1,15,30,7,Hybrid,0
13,87,693,5,3,0,15,25,7,Gasoline,0
26,87,694,6,1,0,20,30,8,Gasoline,0
44,87,694,6,2,1,20,30,7,Hybrid,0
38,87,694,6,3,0,20,20,7,Hybrid,0
16,87,695,7,1,0,15,30,7,Gasoline,0
34,87,695,7,2,1,15,30,6,Hybrid,0
23,87,695,7,3,0,20,25,8,Gasoline,0
18,87,696,8,1,0,25,30,7,Gasoline,0
2,87,696,8,2,0,20,20,6,Gasoline,0
131,87,696,8,3,1,20,25,8,Electric,200
122,88,697,1,1,1,20,25,7,Electric,200
68,88,697,1,2,0,20,25,7,Electric,100
30,88,697,1,3,0,25,20,6,Hybrid,0
36,88,698,2,1,0,25,30,6,Hybrid,0
43,88,698,2,2,1,15,30,7,Hybrid,0
78,88,698,2,3,0,25,25,8,Electric,100
15,88,699,3,1,0,25,25,7,Gasoline,0
145,88,699,3,2,1,15,20,7,Electric,250
157,88,699,3,3,0,15,25,8,Electric,250
9,88,700,4,1,1,25,30,6,Gasoline,0
12,88,700,4,2,0,25,20,7,Gasoline,0
15,88,700,4,3,0,25,25,7,Gasoline,0
122,88,701,5,1,0,20,25,7,Electric,200
100,88,701,5,2,0,15,20,8,Electric,150
31,88,701,5,3,1,15,25,6,Hybrid,0
33,88,702,6,1,0,25,25,6,Hybrid,0
139,88,702,6,2,1,15,25,6,Electric,250
34,88,702,6,3,0,15,30,6,Hybrid,0
42,88,703,7,1,0,25,25,7,Hybrid,0
8,88,703,7,2,0,20,30,6,Gasoline,0
52,88,703,7,3,1,15,30,8,Hybrid,0
24,88,704,8,1,0,25,25,8,Gasoline,0
26,88,704,8,2,0,20,30,8,Gasoline,0
4,88,704,8,3,1,15,25,6,Gasoline,0
46,89,705,1,1,0,15,20,8,Hybrid,0
94,89,705,1,2,1,15,25,7,Electric,150
69,89,705,1,3,0,25,25,7,Electric,100
85,89,706,2,1,0,15,25,6,Electric,150
154,89,706,2,2,1,15,20,8,Electric,250
23,89,706,2,3,0,20,25,8,Gasoline,0
38,89,707,3,1,0,20,20,7,Hybrid,0
41,89,707,3,2,1,20,25,7,Hybrid,0
36,89,707,3,3,0,25,30,6,Hybrid,0
24,89,708,4,1,0,25,25,8,Gasoline,0
29,89,708,4,2,1,20,20,6,Hybrid,0
12,89,708,4,3,0,25,20,7,Gasoline,0
26,89,709,5,1,0,20,30,8,Gasoline,0
62,89,709,5,2,0,20,30,6,Electric,100
29,89,709,5,3,1,20,20,6,Hybrid,0
10,89,710,6,1,1,15,20,7,Gasoline,0
6,89,710,6,2,0,25,25,6,Gasoline,0
125,89,710,6,3,0,20,30,7,Electric,200
148,89,711,7,1,1,15,25,7,Electric,250
40,89,711,7,2,0,15,25,7,Hybrid,0
51,89,711,7,3,0,25,25,8,Hybrid,0
26,89,712,8,1,0,20,30,8,Gasoline,0
128,89,712,8,2,0,20,20,8,Electric,200
97,89,712,8,3,1,15,30,7,Electric,150
133,90,713,1,1,0,15,30,8,Electric,200
40,90,713,1,2,1,15,25,7,Hybrid,0
12,90,713,1,3,0,25,20,7,Gasoline,0
24,90,714,2,1,0,25,25,8,Gasoline,0
31,90,714,2,2,1,15,25,6,Hybrid,0
29,90,714,2,3,0,20,20,6,Hybrid,0
17,90,715,3,1,0,20,30,7,Gasoline,0
149,90,715,3,2,1,20,25,7,Electric,250
26,90,715,3,3,0,20,30,8,Gasoline,0
49,90,716,4,1,1,15,25,8,Hybrid,0
94,90,716,4,2,0,15,25,7,Electric,150
24,90,716,4,3,0,25,25,8,Gasoline,0
39,90,717,5,1,0,25,20,7,Hybrid,0
46,90,717,5,2,1,15,20,8,Hybrid,0
80,90,717,5,3,0,20,30,8,Electric,100
16,90,718,6,1,1,15,30,7,Gasoline,0
77,90,718,6,2,0,20,25,8,Electric,100
9,90,718,6,3,0,25,30,6,Gasoline,0
73,90,719,7,1,1,15,20,8,Electric,100
9,90,719,7,2,0,25,30,6,Gasoline,0
45,90,719,7,3,0,25,30,7,Hybrid,0
33,90,720,8,1,0,25,25,6,Hybrid,0
21,90,720,8,2,0,25,20,8,Gasoline,0
54,90,720,8,3,1,25,30,8,Hybrid,0
26,91,721,1,1,0,20,30,8,Gasoline,0
143,91,721,1,2,1,20,30,6,Electric,250
8,91,721,1,3,0,20,30,6,Gasoline,0
38,91,722,2,1,0,20,20,7,Hybrid,0
23,91,722,2,2,0,20,25,8,Gasoline,0
112,91,722,2,3,1,15,25,6,Electric,200
42,91,723,3,1,0,25,25,7,Hybrid,0
12,91,723,3,2,0,25,20,7,Gasoline,0
47,91,723,3,3,1,20,20,8,Hybrid,0
37,91,724,4,1,1,15,20,7,Hybrid,0
125,91,724,4,2,0,20,30,7,Electric,200
79,91,724,4,3,0,15,30,8,Electric,100
6,91,725,5,1,0,25,25,6,Gasoline,0
143,91,725,5,2,0,20,30,6,Electric,250
26,91,725,5,3,1,20,30,8,Gasoline,0
10,91,726,6,1,0,15,20,7,Gasoline,0
124,91,726,6,2,1,15,30,7,Electric,200
12,91,726,6,3,0,25,20,7,Gasoline,0
32,91,727,7,1,0,20,25,6,Hybrid,0
109,91,727,7,2,1,15,20,6,Electric,200
22,91,727,7,3,0,15,25,8,Gasoline,0
160,91,728,8,1,1,15,30,8,Electric,250
94,91,728,8,2,0,15,25,7,Electric,150
38,91,728,8,3,0,20,20,7,Hybrid,0
47,92,729,1,1,0,20,20,8,Hybrid,0
30,92,729,1,2,0,25,20,6,Hybrid,0
10,92,729,1,3,1,15,20,7,Gasoline,0
1,92,730,2,1,1,15,20,6,Gasoline,0
19,92,730,2,2,0,15,20,8,Gasoline,0
8,92,730,2,3,0,20,30,6,Gasoline,0
43,92,731,3,1,0,15,30,7,Hybrid,0
133,92,731,3,2,1,15,30,8,Electric,200
37,92,731,3,3,0,15,20,7,Hybrid,0
106,92,732,4,1,0,15,30,8,Electric,150
84,92,732,4,2,0,25,20,6,Electric,150
73,92,732,4,3,1,15,20,8,Electric,100
91,92,733,5,1,0,15,20,7,Electric,150
31,92,733,5,2,1,15,25,6,Hybrid,0
37,92,733,5,3,0,15,20,7,Hybrid,0
3,92,734,6,1,0,25,20,6,Gasoline,0
20,92,734,6,2,0,20,20,8,Gasoline,0
14,92,734,6,3,1,20,25,7,Gasoline,0
34,92,735,7,1,1,15,30,6,Hybrid,0
146,92,735,7,2,0,20,20,7,Electric,250
10,92,735,7,3,0,15,20,7,Gasoline,0
43,92,736,8,1,1,15,30,7,Hybrid,0
92,92,736,8,2,0,20,20,7,Electric,150
14,92,736,8,3,0,20,25,7,Gasoline,0
45,93,737,1,1,0,25,30,7,Hybrid,0
59,93,737,1,2,1,20,25,6,Electric,100
96,93,737,1,3,0,25,25,7,Electric,150
36,93,738,2,1,0,25,30,6,Hybrid,0
47,93,738,2,2,1,20,20,8,Hybrid,0
54,93,738,2,3,0,25,30,8,Hybrid,0
19,93,739,3,1,0,15,20,8,Gasoline,0
154,93,739,3,2,1,15,20,8,Electric,250
9,93,739,3,3,0,25,30,6,Gasoline,0
39,93,740,4,1,0,25,20,7,Hybrid,0
115,93,740,4,2,1,15,30,6,Electric,200
1,93,740,4,3,0,15,20,6,Gasoline,0
20,93,741,5,1,0,20,20,8,Gasoline,0
157,93,741,5,2,1,15,25,8,Electric,250
24,93,741,5,3,0,25,25,8,Gasoline,0
16,93,742,6,1,1,15,30,7,Gasoline,0
156,93,742,6,2,0,25,20,8,Electric,250
80,93,742,6,3,0,20,30,8,Electric,100
27,93,743,7,1,0,25,30,8,Gasoline,0
19,93,743,7,2,0,15,20,8,Gasoline,0
25,93,743,7,3,1,15,30,8,Gasoline,0
13,93,744,8,1,1,15,25,7,Gasoline,0
32,93,744,8,2,0,20,25,6,Hybrid,0
28,93,744,8,3,0,15,20,6,Hybrid,0
28,94,745,1,1,1,15,20,6,Hybrid,0
51,94,745,1,2,0,25,25,8,Hybrid,0
79,94,745,1,3,0,15,30,8,Electric,100
72,94,746,2,1,0,25,30,7,Electric,100
17,94,746,2,2,0,20,30,7,Gasoline,0
41,94,746,2,3,1,20,25,7,Hybrid,0
20,94,747,3,1,0,20,20,8,Gasoline,0
13,94,747,3,2,1,15,25,7,Gasoline,0
48,94,747,3,3,0,25,20,8,Hybrid,0
29,94,748,4,1,0,20,20,6,Hybrid,0
43,94,748,4,2,1,15,30,7,Hybrid,0
32,94,748,4,3,0,20,25,6,Hybrid,0
134,94,749,5,1,0,20,30,8,Electric,200
35,94,749,5,2,1,20,30,6,Hybrid,0
11,94,749,5,3,0,20,20,7,Gasoline,0
46,94,750,6,1,1,15,20,8,Hybrid,0
50,94,750,6,2,0,20,25,8,Hybrid,0
8,94,750,6,3,0,20,30,6,Gasoline,0
8,94,751,7,1,0,20,30,6,Gasoline,0
54,94,751,7,2,0,25,30,8,Hybrid,0
82,94,751,7,3,1,15,20,6,Electric,150
51,94,752,8,1,0,25,25,8,Hybrid,0
101,94,752,8,2,0,20,20,8,Electric,150
24,94,752,8,3,1,25,25,8,Gasoline,0
49,95,753,1,1,1,15,25,8,Hybrid,0
44,95,753,1,2,0,20,30,7,Hybrid,0
23,95,753,1,3,0,20,25,8,Gasoline,0
22,95,754,2,1,1,15,25,8,Gasoline,0
35,95,754,2,2,0,20,30,6,Hybrid,0
137,95,754,2,3,0,20,20,6,Electric,250
84,95,755,3,1,0,25,20,6,Electric,150
44,95,755,3,2,0,20,30,7,Hybrid,0
22,95,755,3,3,1,15,25,8,Gasoline,0
45,95,756,4,1,1,25,30,7,Hybrid,0
15,95,756,4,2,0,25,25,7,Gasoline,0
3,95,756,4,3,0,25,20,6,Gasoline,0
16,95,757,5,1,1,15,30,7,Gasoline,0
134,95,757,5,2,0,20,30,8,Electric,200
93,95,757,5,3,0,25,20,7,Electric,150
37,95,758,6,1,0,15,20,7,Hybrid,0
23,95,758,6,2,0,20,25,8,Gasoline,0
145,95,758,6,3,1,15,20,7,Electric,250
42,95,759,7,1,0,25,25,7,Hybrid,0
46,95,759,7,2,1,15,20,8,Hybrid,0
77,95,759,7,3,0,20,25,8,Electric,100
129,95,760,8,1,0,25,20,8,Electric,200
23,95,760,8,2,0,20,25,8,Gasoline,0
26,95,760,8,3,1,20,30,8,Gasoline,0
157,96,761,1,1,0,15,25,8,Electric,250
44,96,761,1,2,0,20,30,7,Hybrid,0
7,96,761,1,3,1,15,30,6,Gasoline,0
53,96,762,2,1,0,20,30,8,Hybrid,0
132,96,762,2,2,0,25,25,8,Electric,200
37,96,762,2,3,1,15,20,7,Hybrid,0
160,96,763,3,1,0,15,30,8,Electric,250
32,96,763,3,2,0,20,25,6,Hybrid,0
40,96,763,3,3,1,15,25,7,Hybrid,0
77,96,764,4,1,0,20,25,8,Electric,100
22,96,764,4,2,1,15,25,8,Gasoline,0
107,96,764,4,3,0,20,30,8,Electric,150
4,96,765,5,1,1,15,25,6,Gasoline,0
133,96,765,5,2,0,15,30,8,Electric,200
40,96,765,5,3,0,15,25,7,Hybrid,0
19,96,766,6,1,1,15,20,8,Gasoline,0
153,96,766,6,2,0,25,30,7,Electric,250
47,96,766,6,3,0,20,20,8,Hybrid,0
34,96,767,7,1,0,15,30,6,Hybrid,0
21,96,767,7,2,0,25,20,8,Gasoline,0
13,96,767,7,3,1,15,25,7,Gasoline,0
148,96,768,8,1,1,15,25,7,Electric,250
46,96,768,8,2,0,15,20,8,Hybrid,0
19,96,768,8,3,0,15,20,8,Gasoline,0
15,97,769,1,1,0,25,25,7,Gasoline,0
160,97,769,1,2,0,15,30,8,Electric,250
40,97,769,1,3,1,15,25,7,Hybrid,0
20,97,770,2,1,0,20,20,8,Gasoline,0
109,97,770,2,2,1,15,20,6,Electric,200
68,97,770,2,3,0,20,25,7,Electric,100
24,97,771,3,1,0,25,25,8,Gasoline,0
137,97,771,3,2,1,20,20,6,Electric,250
26,97,771,3,3,0,20,30,8,Gasoline,0
47,97,772,4,1,0,20,20,8,Hybrid,0
11,97,772,4,2,0,20,20,7,Gasoline,0
1,97,772,4,3,1,15,20,6,Gasoline,0
49,97,773,5,1,1,15,25,8,Hybrid,0
136,97,773,5,2,0,15,20,6,Electric,250
23,97,773,5,3,0,20,25,8,Gasoline,0
97,97,774,6,1,0,15,30,7,Electric,150
129,97,774,6,2,0,25,20,8,Electric,200
46,97,774,6,3,1,15,20,8,Hybrid,0
142,97,775,7,1,1,15,30,6,Electric,250
53,97,775,7,2,0,20,30,8,Hybrid,0
103,97,775,7,3,0,15,25,8,Electric,150
73,97,776,8,1,1,15,20,8,Electric,100
53,97,776,8,2,0,20,30,8,Hybrid,0
24,97,776,8,3,0,25,25,8,Gasoline,0
155,98,777,1,1,0,20,20,8,Electric,250
148,98,777,1,2,1,15,25,7,Electric,250
20,98,777,1,3,0,20,20,8,Gasoline,0
90,98,778,2,1,0,25,30,6,Electric,150
9,98,778,2,2,0,25,30,6,Gasoline,0
5,98,778,2,3,1,20,25,6,Gasoline,0
60,98,779,3,1,0,25,25,6,Electric,100
69,98,779,3,2,0,25,25,7,Electric,100
22,98,779,3,3,1,15,25,8,Gasoline,0
54,98,780,4,1,0,25,30,8,Hybrid,0
132,98,780,4,2,0,25,25,8,Electric,200
47,98,780,4,3,1,20,20,8,Hybrid,0
50,98,781,5,1,0,20,25,8,Hybrid,0
103,98,781,5,2,0,15,25,8,Electric,150
49,98,781,5,3,1,15,25,8,Hybrid,0
23,98,782,6,1,0,20,25,8,Gasoline,0
93,98,782,6,2,0,25,20,7,Electric,150
27,98,782,6,3,1,25,30,8,Gasoline,0
9,98,783,7,1,0,25,30,6,Gasoline,0
114,98,783,7,2,0,25,25,6,Electric,200
68,98,783,7,3,1,20,25,7,Electric,100
27,98,784,8,1,0,25,30,8,Gasoline,0
42,98,784,8,2,1,25,25,7,Hybrid,0
33,98,784,8,3,0,25,25,6,Hybrid,0
157,99,785,1,1,1,15,25,8,Electric,250
6,99,785,1,2,0,25,25,6,Gasoline,0
29,99,785,1,3,0,20,20,6,Hybrid,0
9,99,786,2,1,0,25,30,6,Gasoline,0
49,99,786,2,2,1,15,25,8,Hybrid,0
41,99,786,2,3,0,20,25,7,Hybrid,0
62,99,787,3,1,0,20,30,6,Electric,100
1,99,787,3,2,1,15,20,6,Gasoline,0
161,99,787,3,3,0,20,30,8,Electric,250
14,99,788,4,1,0,20,25,7,Gasoline,0
17,99,788,4,2,0,20,30,7,Gasoline,0
43,99,788,4,3,1,15,30,7,Hybrid,0
4,99,789,5,1,1,15,25,6,Gasoline,0
21,99,789,5,2,0,25,20,8,Gasoline,0
38,99,789,5,3,0,20,20,7,Hybrid,0
45,99,790,6,1,0,25,30,7,Hybrid,0
121,99,790,6,2,1,15,25,7,Electric,200
38,99,790,6,3,0,20,20,7,Hybrid,0
53,99,791,7,1,0,20,30,8,Hybrid,0
8,99,791,7,2,1,20,30,6,Gasoline,0
29,99,791,7,3,0,20,20,6,Hybrid,0
23,99,792,8,1,0,20,25,8,Gasoline,0
51,99,792,8,2,0,25,25,8,Hybrid,0
151,99,792,8,3,1,15,30,7,Electric,250
32,100,793,1,1,1,20,25,6,Hybrid,0
65,100,793,1,2,0,20,20,7,Electric,100
5,100,793,1,3,0,20,25,6,Gasoline,0
51,100,794,2,1,0,25,25,8,Hybrid,0
13,100,794,2,2,0,15,25,7,Gasoline,0
115,100,794,2,3,1,15,30,6,Electric,200
142,100,795,3,1,1,15,30,6,Electric,250
14,100,795,3,2,0,20,25,7,Gasoline,0
56,100,795,3,3,0,20,20,6,Electric,100
23,100,796,4,1,0,20,25,8,Gasoline,0
12,100,796,4,2,0,25,20,7,Gasoline,0
2,100,796,4,3,1,20,20,6,Gasoline,0
133,100,797,5,1,0,15,30,8,Electric,200
43,100,797,5,2,1,15,30,7,Hybrid,0
109,100,797,5,3,0,15,20,6,Electric,200
37,100,798,6,1,1,15,20,7,Hybrid,0
52,100,798,6,2,0,15,30,8,Hybrid,0
36,100,798,6,3,0,25,30,6,Hybrid,0
131,100,799,7,1,0,20,25,8,Electric,200
154,100,799,7,2,1,15,20,8,Electric,250
24,100,799,7,3,0,25,25,8,Gasoline,0
20,100,800,8,1,0,20,20,8,Gasoline,0
46,100,800,8,2,1,15,20,8,Hybrid,0
54,100,800,8,3,0,25,30,8,Hybrid,0
9,101,801,1,1,0,25,30,6,Gasoline,0
53,101,801,1,2,0,20,30,8,Hybrid,0
17,101,801,1,3,1,20,30,7,Gasoline,0
28,101,802,2,1,0,15,20,6,Hybrid,0
50,101,802,2,2,0,20,25,8,Hybrid,0
49,101,802,2,3,1,15,25,8,Hybrid,0
127,101,803,3,1,0,15,20,8,Electric,200
43,101,803,3,2,0,15,30,7,Hybrid,0
52,101,803,3,3,1,15,30,8,Hybrid,0
39,101,804,4,1,0,25,20,7,Hybrid,0
10,101,804,4,2,1,15,20,7,Gasoline,0
107,101,804,4,3,0,20,30,8,Electric,150
106,101,805,5,1,1,15,30,8,Electric,150
16,101,805,5,2,0,15,30,7,Gasoline,0
113,101,805,5,3,0,20,25,6,Electric,200
7,101,806,6,1,1,15,30,6,Gasoline,0
29,101,806,6,2,0,20,20,6,Hybrid,0
25,101,806,6,3,0,15,30,8,Gasoline,0
40,101,807,7,1,1,15,25,7,Hybrid,0
112,101,807,7,2,0,15,25,6,Electric,200
10,101,807,7,3,0,15,20,7,Gasoline,0
2,101,808,8,1,1,20,20,6,Gasoline,0
87,101,808,8,2,0,25,25,6,Electric,150
11,101,808,8,3,0,20,20,7,Gasoline,0
109,102,809,1,1,0,15,20,6,Electric,200
25,102,809,1,2,1,15,30,8,Gasoline,0
24,102,809,1,3,0,25,25,8,Gasoline,0
35,102,810,2,1,0,20,30,6,Hybrid,0
82,102,810,2,2,0,15,20,6,Electric,150
1,102,810,2,3,1,15,20,6,Gasoline,0
29,102,811,3,1,1,20,20,6,Hybrid,0
44,102,811,3,2,0,20,30,7,Hybrid,0
54,102,811,3,3,0,25,30,8,Hybrid,0
47,102,812,4,1,0,20,20,8,Hybrid,0
94,102,812,4,2,1,15,25,7,Electric,150
29,102,812,4,3,0,20,20,6,Hybrid,0
150,102,813,5,1,0,25,25,7,Electric,250
52,102,813,5,2,1,15,30,8,Hybrid,0
24,102,813,5,3,0,25,25,8,Gasoline,0
47,102,814,6,1,1,20,20,8,Hybrid,0
78,102,814,6,2,0,25,25,8,Electric,100
15,102,814,6,3,0,25,25,7,Gasoline,0
119,102,815,7,1,1,20,20,7,Electric,200
24,102,815,7,2,0,25,25,8,Gasoline,0
9,102,815,7,3,0,25,30,6,Gasoline,0
2,102,816,8,1,1,20,20,6,Gasoline,0
83,102,816,8,2,0,20,20,6,Electric,150
6,102,816,8,3,0,25,25,6,Gasoline,0
111,103,817,1,1,0,25,20,6,Electric,200
7,103,817,1,2,1,15,30,6,Gasoline,0
149,103,817,1,3,0,20,25,7,Electric,250
17,103,818,2,1,0,20,30,7,Gasoline,0
118,103,818,2,2,1,15,20,7,Electric,200
39,103,818,2,3,0,25,20,7,Hybrid,0
18,103,819,3,1,0,25,30,7,Gasoline,0
50,103,819,3,2,0,20,25,8,Hybrid,0
20,103,819,3,3,1,20,20,8,Gasoline,0
40,103,820,4,1,1,15,25,7,Hybrid,0
30,103,820,4,2,0,25,20,6,Hybrid,0
38,103,820,4,3,0,20,20,7,Hybrid,0
23,103,821,5,1,0,20,25,8,Gasoline,0
144,103,821,5,2,0,25,30,6,Electric,250
47,103,821,5,3,1,20,20,8,Hybrid,0
12,103,822,6,1,0,25,20,7,Gasoline,0
21,103,822,6,2,0,25,20,8,Gasoline,0
40,103,822,6,3,1,15,25,7,Hybrid,0
17,103,823,7,1,0,20,30,7,Gasoline,0
33,103,823,7,2,0,25,25,6,Hybrid,0
116,103,823,7,3,1,20,30,6,Electric,200
56,103,824,8,1,0,20,20,6,Electric,100
28,103,824,8,2,1,15,20,6,Hybrid,0
25,103,824,8,3,0,15,30,8,Gasoline,0
14,104,825,1,1,0,20,25,7,Gasoline,0
45,104,825,1,2,0,25,30,7,Hybrid,0
146,104,825,1,3,1,20,20,7,Electric,250
142,104,826,2,1,0,15,30,6,Electric,250
89,104,826,2,2,0,20,30,6,Electric,150
43,104,826,2,3,1,15,30,7,Hybrid,0
20,104,827,3,1,0,20,20,8,Gasoline,0
53,104,827,3,2,1,20,30,8,Hybrid,0
99,104,827,3,3,0,25,30,7,Electric,150
48,104,828,4,1,0,25,20,8,Hybrid,0
20,104,828,4,2,1,20,20,8,Gasoline,0
18,104,828,4,3,0,25,30,7,Gasoline,0
4,104,829,5,1,1,15,25,6,Gasoline,0
23,104,829,5,2,0,20,25,8,Gasoline,0
161,104,829,5,3,0,20,30,8,Electric,250
120,104,830,6,1,0,25,20,7,Electric,200
13,104,830,6,2,1,15,25,7,Gasoline,0
25,104,830,6,3,0,15,30,8,Gasoline,0
31,104,831,7,1,1,15,25,6,Hybrid,0
39,104,831,7,2,0,25,20,7,Hybrid,0
42,104,831,7,3,0,25,25,7,Hybrid,0
19,104,832,8,1,1,15,20,8,Gasoline,0
9,104,832,8,2,0,25,30,6,Gasoline,0
82,104,832,8,3,0,15,20,6,Electric,150
97,105,833,1,1,1,15,30,7,Electric,150
20,105,833,1,2,0,20,20,8,Gasoline,0
50,105,833,1,3,0,20,25,8,Hybrid,0
54,105,834,2,1,0,25,30,8,Hybrid,0
50,105,834,2,2,0,20,25,8,Hybrid,0
22,105,834,2,3,1,15,25,8,Gasoline,0
12,105,835,3,1,0,25,20,7,Gasoline,0
132,105,835,3,2,0,25,25,8,Electric,200
24,105,835,3,3,1,25,25,8,Gasoline,0
4,105,836,4,1,1,15,25,6,Gasoline,0
32,105,836,4,2,0,20,25,6,Hybrid,0
2,105,836,4,3,0,20,20,6,Gasoline,0
27,105,837,5,1,0,25,30,8,Gasoline,0
110,105,837,5,2,0,20,20,6,Electric,200
41,105,837,5,3,1,20,25,7,Hybrid,0
12,105,838,6,1,0,25,20,7,Gasoline,0
18,105,838,6,2,0,25,30,7,Gasoline,0
41,105,838,6,3,1,20,25,7,Hybrid,0
11,105,839,7,1,0,20,20,7,Gasoline,0
20,105,839,7,2,0,20,20,8,Gasoline,0
161,105,839,7,3,1,20,30,8,Electric,250
43,105,840,8,1,1,15,30,7,Hybrid,0
113,105,840,8,2,0,20,25,6,Electric,200
23,105,840,8,3,0,20,25,8,Gasoline,0
126,106,841,1,1,0,25,30,7,Electric,200
14,106,841,1,2,1,20,25,7,Gasoline,0
50,106,841,1,3,0,20,25,8,Hybrid,0
11,106,842,2,1,0,20,20,7,Gasoline,0
48,106,842,2,2,0,25,20,8,Hybrid,0
58,106,842,2,3,1,15,25,6,Electric,100
116,106,843,3,1,0,20,30,6,Electric,200
16,106,843,3,2,1,15,30,7,Gasoline,0
13,106,843,3,3,0,15,25,7,Gasoline,0
33,106,844,4,1,0,25,25,6,Hybrid,0
18,106,844,4,2,0,25,30,7,Gasoline,0
149,106,844,4,3,1,20,25,7,Electric,250
35,106,845,5,1,0,20,30,6,Hybrid,0
151,106,845,5,2,1,15,30,7,Electric,250
3,106,845,5,3,0,25,20,6,Gasoline,0
150,106,846,6,1,0,25,25,7,Electric,250
11,106,846,6,2,0,20,20,7,Gasoline,0
125,106,846,6,3,1,20,30,7,Electric,200
151,106,847,7,1,1,15,30,7,Electric,250
51,106,847,7,2,0,25,25,8,Hybrid,0
25,106,847,7,3,0,15,30,8,Gasoline,0
100,106,848,8,1,1,15,20,8,Electric,150
5,106,848,8,2,0,20,25,6,Gasoline,0
14,106,848,8,3,0,20,25,7,Gasoline,0
3,107,849,1,1,0,25,20,6,Gasoline,0
98,107,849,1,2,0,20,30,7,Electric,150
5,107,849,1,3,1,20,25,6,Gasoline,0
43,107,850,2,1,1,15,30,7,Hybrid,0
141,107,850,2,2,0,25,25,6,Electric,250
21,107,850,2,3,0,25,20,8,Gasoline,0
15,107,851,3,1,0,25,25,7,Gasoline,0
35,107,851,3,2,0,20,30,6,Hybrid,0
112,107,851,3,3,1,15,25,6,Electric,200
134,107,852,4,1,1,20,30,8,Electric,200
66,107,852,4,2,0,25,20,7,Electric,100
17,107,852,4,3,0,20,30,7,Gasoline,0
51,107,853,5,1,0,25,25,8,Hybrid,0
27,107,853,5,2,0,25,30,8,Gasoline,0
32,107,853,5,3,1,20,25,6,Hybrid,0
50,107,854,6,1,0,20,25,8,Hybrid,0
111,107,854,6,2,0,25,20,6,Electric,200
19,107,854,6,3,1,15,20,8,Gasoline,0
53,107,855,7,1,0,20,30,8,Hybrid,0
123,107,855,7,2,0,25,25,7,Electric,200
11,107,855,7,3,1,20,20,7,Gasoline,0
31,107,856,8,1,1,15,25,6,Hybrid,0
21,107,856,8,2,0,25,20,8,Gasoline,0
8,107,856,8,3,0,20,30,6,Gasoline,0
12,108,857,1,1,0,25,20,7,Gasoline,0
10,108,857,1,2,1,15,20,7,Gasoline,0
5,108,857,1,3,0,20,25,6,Gasoline,0
46,108,858,2,1,1,15,20,8,Hybrid,0
2,108,858,2,2,0,20,20,6,Gasoline,0
36,108,858,2,3,0,25,30,6,Hybrid,0
27,108,859,3,1,0,25,30,8,Gasoline,0
24,108,859,3,2,0,25,25,8,Gasoline,0
50,108,859,3,3,1,20,25,8,Hybrid,0
81,108,860,4,1,0,25,30,8,Electric,100
38,108,860,4,2,1,20,20,7,Hybrid,0
11,108,860,4,3,0,20,20,7,Gasoline,0
45,108,861,5,1,0,25,30,7,Hybrid,0
106,108,861,5,2,1,15,30,8,Electric,150
73,108,861,5,3,0,15,20,8,Electric,100
39,108,862,6,1,0,25,20,7,Hybrid,0
148,108,862,6,2,1,15,25,7,Electric,250
9,108,862,6,3,0,25,30,6,Gasoline,0
24,108,863,7,1,0,25,25,8,Gasoline,0
14,108,863,7,2,0,20,25,7,Gasoline,0
4,108,863,7,3,1,15,25,6,Gasoline,0
2,108,864,8,1,0,20,20,6,Gasoline,0
46,108,864,8,2,1,15,20,8,Hybrid,0
23,108,864,8,3,0,20,25,8,Gasoline,0
31,109,865,1,1,1,15,25,6,Hybrid,0
25,109,865,1,2,0,15,30,8,Gasoline,0
21,109,865,1,3,0,25,20,8,Gasoline,0
37,109,866,2,1,1,15,20,7,Hybrid,0
150,109,866,2,2,0,25,25,7,Electric,250
3,109,866,2,3,0,25,20,6,Gasoline,0
25,109,867,3,1,1,15,30,8,Gasoline,0
20,109,867,3,2,0,20,20,8,Gasoline,0
41,109,867,3,3,0,20,25,7,Hybrid,0
50,109,868,4,1,0,20,25,8,Hybrid,0
13,109,868,4,2,1,15,25,7,Gasoline,0
120,109,868,4,3,0,25,20,7,Electric,200
9,109,869,5,1,0,25,30,6,Gasoline,0
2,109,869,5,2,0,20,20,6,Gasoline,0
136,109,869,5,3,1,15,20,6,Electric,250
54,109,870,6,1,0,25,30,8,Hybrid,0
95,109,870,6,2,0,20,25,7,Electric,150
50,109,870,6,3,1,20,25,8,Hybrid,0
43,109,871,7,1,1,15,30,7,Hybrid,0
131,109,871,7,2,0,20,25,8,Electric,200
128,109,871,7,3,0,20,20,8,Electric,200
49,109,872,8,1,1,15,25,8,Hybrid,0
42,109,872,8,2,0,25,25,7,Hybrid,0
2,109,872,8,3,0,20,20,6,Gasoline,0
52,110,873,1,1,1,15,30,8,Hybrid,0
42,110,873,1,2,0,25,25,7,Hybrid,0
158,110,873,1,3,0,20,25,8,Electric,250
95,110,874,2,1,0,20,25,7,Electric,150
43,110,874,2,2,1,15,30,7,Hybrid,0
18,110,874,2,3,0,25,30,7,Gasoline,0
133,110,875,3,1,1,15,30,8,Electric,200
22,110,875,3,2,0,15,25,8,Gasoline,0
32,110,875,3,3,0,20,25,6,Hybrid,0
108,110,876,4,1,0,25,30,8,Electric,150
77,110,876,4,2,1,20,25,8,Electric,100
45,110,876,4,3,0,25,30,7,Hybrid,0
51,110,877,5,1,1,25,25,8,Hybrid,0
24,110,877,5,2,0,25,25,8,Gasoline,0
93,110,877,5,3,0,25,20,7,Electric,150
119,110,878,6,1,0,20,20,7,Electric,200
112,110,878,6,2,1,15,25,6,Electric,200
92,110,878,6,3,0,20,20,7,Electric,150
40,110,879,7,1,0,15,25,7,Hybrid,0
9,110,879,7,2,0,25,30,6,Gasoline,0
82,110,879,7,3,1,15,20,6,Electric,150
48,110,880,8,1,0,25,20,8,Hybrid,0
119,110,880,8,2,1,20,20,7,Electric,200
74,110,880,8,3,0,20,20,8,Electric,100
49,111,881,1,1,1,15,25,8,Hybrid,0
36,111,881,1,2,0,25,30,6,Hybrid,0
32,111,881,1,3,0,20,25,6,Hybrid,0
89,111,882,2,1,1,20,30,6,Electric,150
159,111,882,2,2,0,25,25,8,Electric,250
6,111,882,2,3,0,25,25,6,Gasoline,0
99,111,883,3,1,0,25,30,7,Electric,150
40,111,883,3,2,0,15,25,7,Hybrid,0
37,111,883,3,3,1,15,20,7,Hybrid,0
16,111,884,4,1,1,15,30,7,Gasoline,0
75,111,884,4,2,0,25,20,8,Electric,100
25,111,884,4,3,0,15,30,8,Gasoline,0
43,111,885,5,1,1,15,30,7,Hybrid,0
98,111,885,5,2,0,20,30,7,Electric,150
77,111,885,5,3,0,20,25,8,Electric,100
20,111,886,6,1,0,20,20,8,Gasoline,0
10,111,886,6,2,1,15,20,7,Gasoline,0
26,111,886,6,3,0,20,30,8,Gasoline,0
2,111,887,7,1,0,20,20,6,Gasoline,0
109,111,887,7,2,1,15,20,6,Electric,200
110,111,887,7,3,0,20,20,6,Electric,200
128,111,888,8,1,0,20,20,8,Electric,200
162,111,888,8,2,0,25,30,8,Electric,250
140,111,888,8,3,1,20,25,6,Electric,250
23,112,889,1,1,0,20,25,8,Gasoline,0
140,112,889,1,2,1,20,25,6,Electric,250
122,112,889,1,3,0,20,25,7,Electric,200
49,112,890,2,1,1,15,25,8,Hybrid,0
20,112,890,2,2,0,20,20,8,Gasoline,0
9,112,890,2,3,0,25,30,6,Gasoline,0
155,112,891,3,1,1,20,20,8,Electric,250
13,112,891,3,2,0,15,25,7,Gasoline,0
51,112,891,3,3,0,25,25,8,Hybrid,0
90,112,892,4,1,0,25,30,6,Electric,150
103,112,892,4,2,1,15,25,8,Electric,150
23,112,892,4,3,0,20,25,8,Gasoline,0
36,112,893,5,1,0,25,30,6,Hybrid,0
41,112,893,5,2,1,20,25,7,Hybrid,0
92,112,893,5,3,0,20,20,7,Electric,150
128,112,894,6,1,0,20,20,8,Electric,200
13,112,894,6,2,1,15,25,7,Gasoline,0
8,112,894,6,3,0,20,30,6,Gasoline,0
18,112,895,7,1,1,25,30,7,Gasoline,0
62,112,895,7,2,0,20,30,6,Electric,100
48,112,895,7,3,0,25,20,8,Hybrid,0
1,112,896,8,1,1,15,20,6,Gasoline,0
74,112,896,8,2,0,20,20,8,Electric,100
2,112,896,8,3,0,20,20,6,Gasoline,0
44,113,897,1,1,0,20,30,7,Hybrid,0
54,113,897,1,2,0,25,30,8,Hybrid,0
157,113,897,1,3,1,15,25,8,Electric,250
16,113,898,2,1,1,15,30,7,Gasoline,0
93,113,898,2,2,0,25,20,7,Electric,150
60,113,898,2,3,0,25,25,6,Electric,100
23,113,899,3,1,1,20,25,8,Gasoline,0
48,113,899,3,2,0,25,20,8,Hybrid,0
162,113,899,3,3,0,25,30,8,Electric,250
33,113,900,4,1,0,25,25,6,Hybrid,0
4,113,900,4,2,1,15,25,6,Gasoline,0
2,113,900,4,3,0,20,20,6,Gasoline,0
1,113,901,5,1,0,15,20,6,Gasoline,0
4,113,901,5,2,0,15,25,6,Gasoline,0
13,113,901,5,3,1,15,25,7,Gasoline,0
7,113,902,6,1,1,15,30,6,Gasoline,0
135,113,902,6,2,0,25,30,8,Electric,200
116,113,902,6,3,0,20,30,6,Electric,200
112,113,903,7,1,0,15,25,6,Electric,200
31,113,903,7,2,1,15,25,6,Hybrid,0
71,113,903,7,3,0,20,30,7,Electric,100
51,113,904,8,1,0,25,25,8,Hybrid,0
5,113,904,8,2,0,20,25,6,Gasoline,0
112,113,904,8,3,1,15,25,6,Electric,200
15,114,905,1,1,0,25,25,7,Gasoline,0
12,114,905,1,2,0,25,20,7,Gasoline,0
20,114,905,1,3,1,20,20,8,Gasoline,0
88,114,906,2,1,0,15,30,6,Electric,150
10,114,906,2,2,1,15,20,7,Gasoline,0
27,114,906,2,3,0,25,30,8,Gasoline,0
1,114,907,3,1,1,15,20,6,Gasoline,0
94,114,907,3,2,0,15,25,7,Electric,150
134,114,907,3,3,0,20,30,8,Electric,200
14,114,908,4,1,0,20,25,7,Gasoline,0
46,114,908,4,2,1,15,20,8,Hybrid,0
6,114,908,4,3,0,25,25,6,Gasoline,0
109,114,909,5,1,0,15,20,6,Electric,200
119,114,909,5,2,1,20,20,7,Electric,200
98,114,909,5,3,0,20,30,7,Electric,150
36,114,910,6,1,0,25,30,6,Hybrid,0
21,114,910,6,2,0,25,20,8,Gasoline,0
49,114,910,6,3,1,15,25,8,Hybrid,0
143,114,911,7,1,0,20,30,6,Electric,250
26,114,911,7,2,0,20,30,8,Gasoline,0
16,114,911,7,3,1,15,30,7,Gasoline,0
162,114,912,8,1,0,25,30,8,Electric,250
32,114,912,8,2,0,20,25,6,Hybrid,0
40,114,912,8,3,1,15,25,7,Hybrid,0
17,115,913,1,1,0,20,30,7,Gasoline,0
22,115,913,1,2,1,15,25,8,Gasoline,0
12,115,913,1,3,0,25,20,7,Gasoline,0
16,115,914,2,1,1,15,30,7,Gasoline,0
20,115,914,2,2,0,20,20,8,Gasoline,0
38,115,914,2,3,0,20,20,7,Hybrid,0
133,115,915,3,1,1,15,30,8,Electric,200
141,115,915,3,2,0,25,25,6,Electric,250
44,115,915,3,3,0,20,30,7,Hybrid,0
83,115,916,4,1,1,20,20,6,Electric,150
21,115,916,4,2,0,25,20,8,Gasoline,0
74,115,916,4,3,0,20,20,8,Electric,100
48,115,917,5,1,0,25,20,8,Hybrid,0
49,115,917,5,2,1,15,25,8,Hybrid,0
40,115,917,5,3,0,15,25,7,Hybrid,0
21,115,918,6,1,0,25,20,8,Gasoline,0
53,115,918,6,2,1,20,30,8,Hybrid,0
30,115,918,6,3,0,25,20,6,Hybrid,0
28,115,919,7,1,0,15,20,6,Hybrid,0
34,115,919,7,2,1,15,30,6,Hybrid,0
36,115,919,7,3,0,25,30,6,Hybrid,0
122,115,920,8,1,0,20,25,7,Electric,200
35,115,920,8,2,0,20,30,6,Hybrid,0
70,115,920,8,3,1,15,30,7,Electric,100
47,116,921,1,1,0,20,20,8,Hybrid,0
22,116,921,1,2,1,15,25,8,Gasoline,0
36,116,921,1,3,0,25,30,6,Hybrid,0
39,116,922,2,1,0,25,20,7,Hybrid,0
127,116,922,2,2,1,15,20,8,Electric,200
33,116,922,2,3,0,25,25,6,Hybrid,0
28,116,923,3,1,1,15,20,6,Hybrid,0
41,116,923,3,2,0,20,25,7,Hybrid,0
38,116,923,3,3,0,20,20,7,Hybrid,0
10,116,924,4,1,0,15,20,7,Gasoline,0
115,116,924,4,2,1,15,30,6,Electric,200
35,116,924,4,3,0,20,30,6,Hybrid,0
23,116,925,5,1,1,20,25,8,Gasoline,0
59,116,925,5,2,0,20,25,6,Electric,100
24,116,925,5,3,0,25,25,8,Gasoline,0
19,116,926,6,1,1,15,20,8,Gasoline,0
35,116,926,6,2,0,20,30,6,Hybrid,0
80,116,926,6,3,0,20,30,8,Electric,100
154,116,927,7,1,1,15,20,8,Electric,250
159,116,927,7,2,0,25,25,8,Electric,250
12,116,927,7,3,0,25,20,7,Gasoline,0
148,116,928,8,1,1,15,25,7,Electric,250
42,116,928,8,2,0,25,25,7,Hybrid,0
119,116,928,8,3,0,20,20,7,Electric,200
16,117,929,1,1,1,15,30,7,Gasoline,0
150,117,929,1,2,0,25,25,7,Electric,250
29,117,929,1,3,0,20,20,6,Hybrid,0
45,117,930,2,1,1,25,30,7,Hybrid,0
75,117,930,2,2,0,25,20,8,Electric,100
3,117,930,2,3,0,25,20,6,Gasoline,0
87,117,931,3,1,0,25,25,6,Electric,150
53,117,931,3,2,1,20,30,8,Hybrid,0
6,117,931,3,3,0,25,25,6,Gasoline,0
102,117,932,4,1,0,25,20,8,Electric,150
51,117,932,4,2,0,25,25,8,Hybrid,0
49,117,932,4,3,1,15,25,8,Hybrid,0
29,117,933,5,1,1,20,20,6,Hybrid,0
71,117,933,5,2,0,20,30,7,Electric,100
33,117,933,5,3,0,25,25,6,Hybrid,0
141,117,934,6,1,0,25,25,6,Electric,250
146,117,934,6,2,0,20,20,7,Electric,250
137,117,934,6,3,1,20,20,6,Electric,250
16,117,935,7,1,1,15,30,7,Gasoline,0
122,117,935,7,2,0,20,25,7,Electric,200
45,117,935,7,3,0,25,30,7,Hybrid,0
94,117,936,8,1,1,15,25,7,Electric,150
23,117,936,8,2,0,20,25,8,Gasoline,0
64,117,936,8,3,0,15,20,7,Electric,100
13,118,937,1,1,0,15,25,7,Gasoline,0
148,118,937,1,2,0,15,25,7,Electric,250
151,118,937,1,3,1,15,30,7,Electric,250
29,118,938,2,1,0,20,20,6,Hybrid,0
7,118,938,2,2,1,15,30,6,Gasoline,0
83,118,938,2,3,0,20,20,6,Electric,150
83,118,939,3,1,0,20,20,6,Electric,150
29,118,939,3,2,1,20,20,6,Hybrid,0
6,118,939,3,3,0,25,25,6,Gasoline,0
52,118,940,4,1,1,15,30,8,Hybrid,0
87,118,940,4,2,0,25,25,6,Electric,150
8,118,940,4,3,0,20,30,6,Gasoline,0
161,118,941,5,1,0,20,30,8,Electric,250
124,118,941,5,2,1,15,30,7,Electric,200
41,118,941,5,3,0,20,25,7,Hybrid,0
2,118,942,6,1,0,20,20,6,Gasoline,0
146,118,942,6,2,1,20,20,7,Electric,250
72,118,942,6,3,0,25,30,7,Electric,100
29,118,943,7,1,0,20,20,6,Hybrid,0
43,118,943,7,2,1,15,30,7,Hybrid,0
21,118,943,7,3,0,25,20,8,Gasoline,0
125,118,944,8,1,0,20,30,7,Electric,200
103,118,944,8,2,1,15,25,8,Electric,150
67,118,944,8,3,0,15,25,7,Electric,100
25,119,945,1,1,0,15,30,8,Gasoline,0
71,119,945,1,2,0,20,30,7,Electric,100
44,119,945,1,3,1,20,30,7,Hybrid,0
156,119,946,2,1,0,25,20,8,Electric,250
45,119,946,2,2,0,25,30,7,Hybrid,0
25,119,946,2,3,1,15,30,8,Gasoline,0
50,119,947,3,1,0,20,25,8,Hybrid,0
97,119,947,3,2,1,15,30,7,Electric,150
123,119,947,3,3,0,25,25,7,Electric,200
51,119,948,4,1,0,25,25,8,Hybrid,0
78,119,948,4,2,0,25,25,8,Electric,100
116,119,948,4,3,1,20,30,6,Electric,200
8,119,949,5,1,1,20,30,6,Gasoline,0
98,119,949,5,2,0,20,30,7,Electric,150
132,119,949,5,3,0,25,25,8,Electric,200
25,119,950,6,1,1,15,30,8,Gasoline,0
38,119,950,6,2,0,20,20,7,Hybrid,0
20,119,950,6,3,0,20,20,8,Gasoline,0
111,119,951,7,1,0,25,20,6,Electric,200
55,119,951,7,2,0,15,20,6,Electric,100
157,119,951,7,3,1,15,25,8,Electric,250
28,119,952,8,1,1,15,20,6,Hybrid,0
41,119,952,8,2,0,20,25,7,Hybrid,0
44,119,952,8,3,0,20,30,7,Hybrid,0
59,120,953,1,1,0,20,25,6,Electric,100
49,120,953,1,2,0,15,25,8,Hybrid,0
124,120,953,1,3,1,15,30,7,Electric,200
42,120,954,2,1,0,25,25,7,Hybrid,0
50,120,954,2,2,1,20,25,8,Hybrid,0
122,120,954,2,3,0,20,25,7,Electric,200
43,120,955,3,1,1,15,30,7,Hybrid,0
19,120,955,3,2,0,15,20,8,Gasoline,0
50,120,955,3,3,0,20,25,8,Hybrid,0
114,120,956,4,1,0,25,25,6,Electric,200
79,120,956,4,2,1,15,30,8,Electric,100
6,120,956,4,3,0,25,25,6,Gasoline,0
7,120,957,5,1,0,15,30,6,Gasoline,0
52,120,957,5,2,0,15,30,8,Hybrid,0
130,120,957,5,3,1,15,25,8,Electric,200
147,120,958,6,1,0,25,20,7,Electric,250
8,120,958,6,2,1,20,30,6,Gasoline,0
128,120,958,6,3,0,20,20,8,Electric,200
134,120,959,7,1,0,20,30,8,Electric,200
25,120,959,7,2,0,15,30,8,Gasoline,0
97,120,959,7,3,1,15,30,7,Electric,150
19,120,960,8,1,1,15,20,8,Gasoline,0
82,120,960,8,2,0,15,20,6,Electric,150
120,120,960,8,3,0,25,20,7,Electric,200
68,121,961,1,1,0,20,25,7,Electric,100
26,121,961,1,2,0,20,30,8,Gasoline,0
16,121,961,1,3,1,15,30,7,Gasoline,0
97,121,962,2,1,1,15,30,7,Electric,150
14,121,962,2,2,0,20,25,7,Gasoline,0
145,121,962,2,3,0,15,20,7,Electric,250
69,121,963,3,1,0,25,25,7,Electric,100
156,121,963,3,2,1,25,20,8,Electric,250
18,121,963,3,3,0,25,30,7,Gasoline,0
26,121,964,4,1,0,20,30,8,Gasoline,0
1,121,964,4,2,0,15,20,6,Gasoline,0
142,121,964,4,3,1,15,30,6,Electric,250
22,121,965,5,1,1,15,25,8,Gasoline,0
8,121,965,5,2,0,20,30,6,Gasoline,0
27,121,965,5,3,0,25,30,8,Gasoline,0
26,121,966,6,1,1,20,30,8,Gasoline,0
17,121,966,6,2,0,20,30,7,Gasoline,0
101,121,966,6,3,0,20,20,8,Electric,150
33,121,967,7,1,0,25,25,6,Hybrid,0
28,121,967,7,2,1,15,20,6,Hybrid,0
156,121,967,7,3,0,25,20,8,Electric,250
24,121,968,8,1,0,25,25,8,Gasoline,0
104,121,968,8,2,0,20,25,8,Electric,150
76,121,968,8,3,1,15,25,8,Electric,100
41,122,969,1,1,0,20,25,7,Hybrid,0
124,122,969,1,2,1,15,30,7,Electric,200
12,122,969,1,3,0,25,20,7,Gasoline,0
2,122,970,2,1,0,20,20,6,Gasoline,0
106,122,970,2,2,1,15,30,8,Electric,150
9,122,970,2,3,0,25,30,6,Gasoline,0
104,122,971,3,1,0,20,25,8,Electric,150
47,122,971,3,2,1,20,20,8,Hybrid,0
84,122,971,3,3,0,25,20,6,Electric,150
63,122,972,4,1,0,25,30,6,Electric,100
150,122,972,4,2,0,25,25,7,Electric,250
118,122,972,4,3,1,15,20,7,Electric,200
70,122,973,5,1,1,15,30,7,Electric,100
44,122,973,5,2,0,20,30,7,Hybrid,0
26,122,973,5,3,0,20,30,8,Gasoline,0
119,122,974,6,1,1,20,20,7,Electric,200
39,122,974,6,2,0,25,20,7,Hybrid,0
53,122,974,6,3,0,20,30,8,Hybrid,0
35,122,975,7,1,0,20,30,6,Hybrid,0
153,122,975,7,2,0,25,30,7,Electric,250
14,122,975,7,3,1,20,25,7,Gasoline,0
53,122,976,8,1,0,20,30,8,Hybrid,0
42,122,976,8,2,0,25,25,7,Hybrid,0
25,122,976,8,3,1,15,30,8,Gasoline,0
113,123,977,1,1,0,20,25,6,Electric,200
125,123,977,1,2,1,20,30,7,Electric,200
2,123,977,1,3,0,20,20,6,Gasoline,0
72,123,978,2,1,0,25,30,7,Electric,100
59,123,978,2,2,0,20,25,6,Electric,100
70,123,978,2,3,1,15,30,7,Electric,100
111,123,979,3,1,0,25,20,6,Electric,200
118,123,979,3,2,1,15,20,7,Electric,200
51,123,979,3,3,0,25,25,8,Hybrid,0
19,123,980,4,1,1,15,20,8,Gasoline,0
39,123,980,4,2,0,25,20,7,Hybrid,0
156,123,980,4,3,0,25,20,8,Electric,250
32,123,981,5,1,1,20,25,6,Hybrid,0
47,123,981,5,2,0,20,20,8,Hybrid,0
89,123,981,5,3,0,20,30,6,Electric,150
99,123,982,6,1,0,25,30,7,Electric,150
21,123,982,6,2,0,25,20,8,Gasoline,0
130,123,982,6,3,1,15,25,8,Electric,200
148,123,983,7,1,1,15,25,7,Electric,250
2,123,983,7,2,0,20,20,6,Gasoline,0
152,123,983,7,3,0,20,30,7,Electric,250
41,123,984,8,1,0,20,25,7,Hybrid,0
151,123,984,8,2,1,15,30,7,Electric,250
104,123,984,8,3,0,20,25,8,Electric,150
96,124,985,1,1,0,25,25,7,Electric,150
56,124,985,1,2,0,20,20,6,Electric,100
31,124,985,1,3,1,15,25,6,Hybrid,0
34,124,986,2,1,1,15,30,6,Hybrid,0
27,124,986,2,2,0,25,30,8,Gasoline,0
38,124,986,2,3,0,20,20,7,Hybrid,0
10,124,987,3,1,1,15,20,7,Gasoline,0
5,124,987,3,2,0,20,25,6,Gasoline,0
26,124,987,3,3,0,20,30,8,Gasoline,0
48,124,988,4,1,0,25,20,8,Hybrid,0
76,124,988,4,2,1,15,25,8,Electric,100
26,124,988,4,3,0,20,30,8,Gasoline,0
4,124,989,5,1,1,15,25,6,Gasoline,0
79,124,989,5,2,0,15,30,8,Electric,100
134,124,989,5,3,0,20,30,8,Electric,200
40,124,990,6,1,1,15,25,7,Hybrid,0
75,124,990,6,2,0,25,20,8,Electric,100
14,124,990,6,3,0,20,25,7,Gasoline,0
21,124,991,7,1,0,25,20,8,Gasoline,0
8,124,991,7,2,0,20,30,6,Gasoline,0
40,124,991,7,3,1,15,25,7,Hybrid,0
77,124,992,8,1,0,20,25,8,Electric,100
10,124,992,8,2,1,15,20,7,Gasoline,0
2,124,992,8,3,0,20,20,6,Gasoline,0
121,125,993,1,1,1,15,25,7,Electric,200
15,125,993,1,2,0,25,25,7,Gasoline,0
7,125,993,1,3,0,15,30,6,Gasoline,0
6,125,994,2,1,0,25,25,6,Gasoline,0
29,125,994,2,2,0,20,20,6,Hybrid,0
142,125,994,2,3,1,15,30,6,Electric,250
155,125,995,3,1,0,20,20,8,Electric,250
21,125,995,3,2,0,25,20,8,Gasoline,0
31,125,995,3,3,1,15,25,6,Hybrid,0
48,125,996,4,1,0,25,20,8,Hybrid,0
109,125,996,4,2,1,15,20,6,Electric,200
5,125,996,4,3,0,20,25,6,Gasoline,0
38,125,997,5,1,0,20,20,7,Hybrid,0
10,125,997,5,2,1,15,20,7,Gasoline,0
4,125,997,5,3,0,15,25,6,Gasoline,0
132,125,998,6,1,0,25,25,8,Electric,200
48,125,998,6,2,0,25,20,8,Hybrid,0
85,125,998,6,3,1,15,25,6,Electric,150
38,125,999,7,1,0,20,20,7,Hybrid,0
25,125,999,7,2,1,15,30,8,Gasoline,0
45,125,999,7,3,0,25,30,7,Hybrid,0
34,125,1000,8,1,0,15,30,6,Hybrid,0
64,125,1000,8,2,0,15,20,7,Electric,100
52,125,1000,8,3,1,15,30,8,Hybrid,0
107,126,1001,1,1,0,20,30,8,Electric,150
37,126,1001,1,2,0,15,20,7,Hybrid,0
25,126,1001,1,3,1,15,30,8,Gasoline,0
44,126,1002,2,1,1,20,30,7,Hybrid,0
66,126,1002,2,2,0,25,20,7,Electric,100
2,126,1002,2,3,0,20,20,6,Gasoline,0
34,126,1003,3,1,1,15,30,6,Hybrid,0
27,126,1003,3,2,0,25,30,8,Gasoline,0
31,126,1003,3,3,0,15,25,6,Hybrid,0
28,126,1004,4,1,1,15,20,6,Hybrid,0
41,126,1004,4,2,0,20,25,7,Hybrid,0
45,126,1004,4,3,0,25,30,7,Hybrid,0
15,126,1005,5,1,0,25,25,7,Gasoline,0
35,126,1005,5,2,1,20,30,6,Hybrid,0
5,126,1005,5,3,0,20,25,6,Gasoline,0
46,126,1006,6,1,0,15,20,8,Hybrid,0
124,126,1006,6,2,1,15,30,7,Electric,200
51,126,1006,6,3,0,25,25,8,Hybrid,0
24,126,1007,7,1,0,25,25,8,Gasoline,0
140,126,1007,7,2,0,20,25,6,Electric,250
103,126,1007,7,3,1,15,25,8,Electric,150
49,126,1008,8,1,1,15,25,8,Hybrid,0
31,126,1008,8,2,0,15,25,6,Hybrid,0
3,126,1008,8,3,0,25,20,6,Gasoline,0
21,127,1009,1,1,0,25,20,8,Gasoline,0
56,127,1009,1,2,0,20,20,6,Electric,100
59,127,1009,1,3,1,20,25,6,Electric,100
16,127,1010,2,1,1,15,30,7,Gasoline,0
58,127,1010,2,2,0,15,25,6,Electric,100
19,127,1010,2,3,0,15,20,8,Gasoline,0
30,127,1011,3,1,0,25,20,6,Hybrid,0
150,127,1011,3,2,1,25,25,7,Electric,250
45,127,1011,3,3,0,25,30,7,Hybrid,0
120,127,1012,4,1,0,25,20,7,Electric,200
36,127,1012,4,2,0,25,30,6,Hybrid,0
100,127,1012,4,3,1,15,20,8,Electric,150
143,127,1013,5,1,0,20,30,6,Electric,250
40,127,1013,5,2,1,15,25,7,Hybrid,0
141,127,1013,5,3,0,25,25,6,Electric,250
98,127,1014,6,1,0,20,30,7,Electric,150
46,127,1014,6,2,1,15,20,8,Hybrid,0
48,127,1014,6,3,0,25,20,8,Hybrid,0
10,127,1015,7,1,0,15,20,7,Gasoline,0
32,127,1015,7,2,1,20,25,6,Hybrid,0
6,127,1015,7,3,0,25,25,6,Gasoline,0
5,127,1016,8,1,0,20,25,6,Gasoline,0
80,127,1016,8,2,1,20,30,8,Electric,100
20,127,1016,8,3,0,20,20,8,Gasoline,0
157,128,1017,1,1,1,15,25,8,Electric,250
15,128,1017,1,2,0,25,25,7,Gasoline,0
24,128,1017,1,3,0,25,25,8,Gasoline,0
10,128,1018,2,1,1,15,20,7,Gasoline,0
44,128,1018,2,2,0,20,30,7,Hybrid,0
74,128,1018,2,3,0,20,20,8,Electric,100
111,128,1019,3,1,0,25,20,6,Electric,200
48,128,1019,3,2,0,25,20,8,Hybrid,0
16,128,1019,3,3,1,15,30,7,Gasoline,0
14,128,1020,4,1,0,20,25,7,Gasoline,0
135,128,1020,4,2,0,25,30,8,Electric,200
38,128,1020,4,3,1,20,20,7,Hybrid,0
49,128,1021,5,1,0,15,25,8,Hybrid,0
30,128,1021,5,2,0,25,20,6,Hybrid,0
142,128,1021,5,3,1,15,30,6,Electric,250
25,128,1022,6,1,1,15,30,8,Gasoline,0
157,128,1022,6,2,0,15,25,8,Electric,250
54,128,1022,6,3,0,25,30,8,Hybrid,0
4,128,1023,7,1,0,15,25,6,Gasoline,0
16,128,1023,7,2,1,15,30,7,Gasoline,0
55,128,1023,7,3,0,15,20,6,Electric,100
3,128,1024,8,1,0,25,20,6,Gasoline,0
23,128,1024,8,2,0,20,25,8,Gasoline,0
35,128,1024,8,3,1,20,30,6,Hybrid,0
35,129,1025,1,1,1,20,30,6,Hybrid,0
108,129,1025,1,2,0,25,30,8,Electric,150
12,129,1025,1,3,0,25,20,7,Gasoline,0
90,129,1026,2,1,0,25,30,6,Electric,150
109,129,1026,2,2,1,15,20,6,Electric,200
11,129,1026,2,3,0,20,20,7,Gasoline,0
27,129,1027,3,1,0,25,30,8,Gasoline,0
4,129,1027,3,2,1,15,25,6,Gasoline,0
144,129,1027,3,3,0,25,30,6,Electric,250
145,129,1028,4,1,1,15,20,7,Electric,250
81,129,1028,4,2,0,25,30,8,Electric,100
55,129,1028,4,3,0,15,20,6,Electric,100
38,129,1029,5,1,0,20,20,7,Hybrid,0
40,129,1029,5,2,1,15,25,7,Hybrid,0
29,129,1029,5,3,0,20,20,6,Hybrid,0
145,129,1030,6,1,1,15,20,7,Electric,250
38,129,1030,6,2,0,20,20,7,Hybrid,0
93,129,1030,6,3,0,25,20,7,Electric,150
42,129,1031,7,1,0,25,25,7,Hybrid,0
34,129,1031,7,2,1,15,30,6,Hybrid,0
35,129,1031,7,3,0,20,30,6,Hybrid,0
31,129,1032,8,1,1,15,25,6,Hybrid,0
43,129,1032,8,2,0,15,30,7,Hybrid,0
154,129,1032,8,3,0,15,20,8,Electric,250
6,130,1033,1,1,0,25,25,6,Gasoline,0
26,130,1033,1,2,0,20,30,8,Gasoline,0
124,130,1033,1,3,1,15,30,7,Electric,200
41,130,1034,2,1,0,20,25,7,Hybrid,0
48,130,1034,2,2,0,25,20,8,Hybrid,0
128,130,1034,2,3,1,20,20,8,Electric,200
89,130,1035,3,1,0,20,30,6,Electric,150
14,130,1035,3,2,1,20,25,7,Gasoline,0
42,130,1035,3,3,0,25,25,7,Hybrid,0
11,130,1036,4,1,0,20,20,7,Gasoline,0
2,130,1036,4,2,0,20,20,6,Gasoline,0
16,130,1036,4,3,1,15,30,7,Gasoline,0
9,130,1037,5,1,0,25,30,6,Gasoline,0
6,130,1037,5,2,0,25,25,6,Gasoline,0
7,130,1037,5,3,1,15,30,6,Gasoline,0
48,130,1038,6,1,0,25,20,8,Hybrid,0
76,130,1038,6,2,0,15,25,8,Electric,100
52,130,1038,6,3,1,15,30,8,Hybrid,0
45,130,1039,7,1,0,25,30,7,Hybrid,0
143,130,1039,7,2,1,20,30,6,Electric,250
3,130,1039,7,3,0,25,20,6,Gasoline,0
153,130,1040,8,1,0,25,30,7,Electric,250
127,130,1040,8,2,0,15,20,8,Electric,200
31,130,1040,8,3,1,15,25,6,Hybrid,0
99,131,1041,1,1,0,25,30,7,Electric,150
50,131,1041,1,2,1,20,25,8,Hybrid,0
36,131,1041,1,3,0,25,30,6,Hybrid,0
97,131,1042,2,1,0,15,30,7,Electric,150
46,131,1042,2,2,1,15,20,8,Hybrid,0
75,131,1042,2,3,0,25,20,8,Electric,100
3,131,1043,3,1,0,25,20,6,Gasoline,0
9,131,1043,3,2,0,25,30,6,Gasoline,0
34,131,1043,3,3,1,15,30,6,Hybrid,0
2,131,1044,4,1,0,20,20,6,Gasoline,0
34,131,1044,4,2,1,15,30,6,Hybrid,0
80,131,1044,4,3,0,20,30,8,Electric,100
8,131,1045,5,1,0,20,30,6,Gasoline,0
52,131,1045,5,2,1,15,30,8,Hybrid,0
107,131,1045,5,3,0,20,30,8,Electric,150
6,131,1046,6,1,0,25,25,6,Gasoline,0
138,131,1046,6,2,0,25,20,6,Electric,250
156,131,1046,6,3,1,25,20,8,Electric,250
29,131,1047,7,1,0,20,20,6,Hybrid,0
28,131,1047,7,2,1,15,20,6,Hybrid,0
141,131,1047,7,3,0,25,25,6,Electric,250
145,131,1048,8,1,0,15,20,7,Electric,250
131,131,1048,8,2,0,20,25,8,Electric,200
34,131,1048,8,3,1,15,30,6,Hybrid,0
2,132,1049,1,1,0,20,20,6,Gasoline,0
46,132,1049,1,2,1,15,20,8,Hybrid,0
140,132,1049,1,3,0,20,25,6,Electric,250
25,132,1050,2,1,0,15,30,8,Gasoline,0
5,132,1050,2,2,0,20,25,6,Gasoline,0
40,132,1050,2,3,1,15,25,7,Hybrid,0
43,132,1051,3,1,1,15,30,7,Hybrid,0
47,132,1051,3,2,0,20,20,8,Hybrid,0
80,132,1051,3,3,0,20,30,8,Electric,100
44,132,1052,4,1,0,20,30,7,Hybrid,0
158,132,1052,4,2,1,20,25,8,Electric,250
71,132,1052,4,3,0,20,30,7,Electric,100
13,132,1053,5,1,1,15,25,7,Gasoline,0
62,132,1053,5,2,0,20,30,6,Electric,100
10,132,1053,5,3,0,15,20,7,Gasoline,0
13,132,1054,6,1,1,15,25,7,Gasoline,0
155,132,1054,6,2,0,20,20,8,Electric,250
20,132,1054,6,3,0,20,20,8,Gasoline,0
66,132,1055,7,1,0,25,20,7,Electric,100
39,132,1055,7,2,0,25,20,7,Hybrid,0
15,132,1055,7,3,1,25,25,7,Gasoline,0
119,132,1056,8,1,0,20,20,7,Electric,200
58,132,1056,8,2,0,15,25,6,Electric,100
52,132,1056,8,3,1,15,30,8,Hybrid,0
19,133,1057,1,1,1,15,20,8,Gasoline,0
23,133,1057,1,2,0,20,25,8,Gasoline,0
63,133,1057,1,3,0,25,30,6,Electric,100
10,133,1058,2,1,1,15,20,7,Gasoline,0
122,133,1058,2,2,0,20,25,7,Electric,200
40,133,1058,2,3,0,15,25,7,Hybrid,0
29,133,1059,3,1,0,20,20,6,Hybrid,0
19,133,1059,3,2,1,15,20,8,Gasoline,0
50,133,1059,3,3,0,20,25,8,Hybrid,0
14,133,1060,4,1,1,20,25,7,Gasoline,0
13,133,1060,4,2,0,15,25,7,Gasoline,0
27,133,1060,4,3,0,25,30,8,Gasoline,0
52,133,1061,5,1,1,15,30,8,Hybrid,0
50,133,1061,5,2,0,20,25,8,Hybrid,0
17,133,1061,5,3,0,20,30,7,Gasoline,0
123,133,1062,6,1,0,25,25,7,Electric,200
4,133,1062,6,2,1,15,25,6,Gasoline,0
32,133,1062,6,3,0,20,25,6,Hybrid,0
42,133,1063,7,1,0,25,25,7,Hybrid,0
3,133,1063,7,2,0,25,20,6,Gasoline,0
116,133,1063,7,3,1,20,30,6,Electric,200
132,133,1064,8,1,0,25,25,8,Electric,200
28,133,1064,8,2,1,15,20,6,Hybrid,0
80,133,1064,8,3,0,20,30,8,Electric,100
3,134,1065,1,1,0,25,20,6,Gasoline,0
30,134,1065,1,2,0,25,20,6,Hybrid,0
17,134,1065,1,3,1,20,30,7,Gasoline,0
38,134,1066,2,1,1,20,20,7,Hybrid,0
41,134,1066,2,2,0,20,25,7,Hybrid,0
153,134,1066,2,3,0,25,30,7,Electric,250
1,134,1067,3,1,0,15,20,6,Gasoline,0
67,134,1067,3,2,1,15,25,7,Electric,100
33,134,1067,3,3,0,25,25,6,Hybrid,0
97,134,1068,4,1,1,15,30,7,Electric,150
38,134,1068,4,2,0,20,20,7,Hybrid,0
6,134,1068,4,3,0,25,25,6,Gasoline,0
79,134,1069,5,1,0,15,30,8,Electric,100
124,134,1069,5,2,1,15,30,7,Electric,200
96,134,1069,5,3,0,25,25,7,Electric,150
35,134,1070,6,1,1,20,30,6,Hybrid,0
57,134,1070,6,2,0,25,20,6,Electric,100
4,134,1070,6,3,0,15,25,6,Gasoline,0
45,134,1071,7,1,0,25,30,7,Hybrid,0
34,134,1071,7,2,1,15,30,6,Hybrid,0
84,134,1071,7,3,0,25,20,6,Electric,150
92,134,1072,8,1,1,20,20,7,Electric,150
36,134,1072,8,2,0,25,30,6,Hybrid,0
50,134,1072,8,3,0,20,25,8,Hybrid,0
131,135,1073,1,1,0,20,25,8,Electric,200
158,135,1073,1,2,0,20,25,8,Electric,250
40,135,1073,1,3,1,15,25,7,Hybrid,0
77,135,1074,2,1,0,20,25,8,Electric,100
35,135,1074,2,2,0,20,30,6,Hybrid,0
82,135,1074,2,3,1,15,20,6,Electric,150
141,135,1075,3,1,0,25,25,6,Electric,250
3,135,1075,3,2,0,25,20,6,Gasoline,0
109,135,1075,3,3,1,15,20,6,Electric,200
117,135,1076,4,1,0,25,30,6,Electric,200
67,135,1076,4,2,1,15,25,7,Electric,100
33,135,1076,4,3,0,25,25,6,Hybrid,0
21,135,1077,5,1,0,25,20,8,Gasoline,0
17,135,1077,5,2,0,20,30,7,Gasoline,0
154,135,1077,5,3,1,15,20,8,Electric,250
91,135,1078,6,1,1,15,20,7,Electric,150
19,135,1078,6,2,0,15,20,8,Gasoline,0
62,135,1078,6,3,0,20,30,6,Electric,100
35,135,1079,7,1,0,20,30,6,Hybrid,0
43,135,1079,7,2,1,15,30,7,Hybrid,0
17,135,1079,7,3,0,20,30,7,Gasoline,0
148,135,1080,8,1,1,15,25,7,Electric,250
47,135,1080,8,2,0,20,20,8,Hybrid,0
146,135,1080,8,3,0,20,20,7,Electric,250
28,136,1081,1,1,1,15,20,6,Hybrid,0
21,136,1081,1,2,0,25,20,8,Gasoline,0
22,136,1081,1,3,0,15,25,8,Gasoline,0
24,136,1082,2,1,0,25,25,8,Gasoline,0
48,136,1082,2,2,1,25,20,8,Hybrid,0
135,136,1082,2,3,0,25,30,8,Electric,200
66,136,1083,3,1,0,25,20,7,Electric,100
54,136,1083,3,2,0,25,30,8,Hybrid,0
100,136,1083,3,3,1,15,20,8,Electric,150
23,136,1084,4,1,0,20,25,8,Gasoline,0
31,136,1084,4,2,1,15,25,6,Hybrid,0
27,136,1084,4,3,0,25,30,8,Gasoline,0
121,136,1085,5,1,0,15,25,7,Electric,200
46,136,1085,5,2,1,15,20,8,Hybrid,0
12,136,1085,5,3,0,25,20,7,Gasoline,0
105,136,1086,6,1,0,25,25,8,Electric,150
5,136,1086,6,2,0,20,25,6,Gasoline,0
31,136,1086,6,3,1,15,25,6,Hybrid,0
87,136,1087,7,1,0,25,25,6,Electric,150
15,136,1087,7,2,0,25,25,7,Gasoline,0
30,136,1087,7,3,1,25,20,6,Hybrid,0
51,136,1088,8,1,0,25,25,8,Hybrid,0
36,136,1088,8,2,0,25,30,6,Hybrid,0
16,136,1088,8,3,1,15,30,7,Gasoline,0
36,137,1089,1,1,0,25,30,6,Hybrid,0
127,137,1089,1,2,1,15,20,8,Electric,200
67,137,1089,1,3,0,15,25,7,Electric,100
1,137,1090,2,1,1,15,20,6,Gasoline,0
32,137,1090,2,2,0,20,25,6,Hybrid,0
3,137,1090,2,3,0,25,20,6,Gasoline,0
5,137,1091,3,1,0,20,25,6,Gasoline,0
154,137,1091,3,2,0,15,20,8,Electric,250
46,137,1091,3,3,1,15,20,8,Hybrid,0
18,137,1092,4,1,0,25,30,7,Gasoline,0
12,137,1092,4,2,0,25,20,7,Gasoline,0
9,137,1092,4,3,1,25,30,6,Gasoline,0
91,137,1093,5,1,0,15,20,7,Electric,150
14,137,1093,5,2,0,20,25,7,Gasoline,0
40,137,1093,5,3,1,15,25,7,Hybrid,0
51,137,1094,6,1,0,25,25,8,Hybrid,0
30,137,1094,6,2,0,25,20,6,Hybrid,0
70,137,1094,6,3,1,15,30,7,Electric,100
88,137,1095,7,1,1,15,30,6,Electric,150
54,137,1095,7,2,0,25,30,8,Hybrid,0
87,137,1095,7,3,0,25,25,6,Electric,150
62,137,1096,8,1,0,20,30,6,Electric,100
4,137,1096,8,2,1,15,25,6,Gasoline,0
1,137,1096,8,3,0,15,20,6,Gasoline,0
19,138,1097,1,1,0,15,20,8,Gasoline,0
10,138,1097,1,2,0,15,20,7,Gasoline,0
112,138,1097,1,3,1,15,25,6,Electric,200
4,138,1098,2,1,1,15,25,6,Gasoline,0
132,138,1098,2,2,0,25,25,8,Electric,200
29,138,1098,2,3,0,20,20,6,Hybrid,0
23,138,1099,3,1,0,20,25,8,Gasoline,0
37,138,1099,3,2,1,15,20,7,Hybrid,0
104,138,1099,3,3,0,20,25,8,Electric,150
157,138,1100,4,1,0,15,25,8,Electric,250
128,138,1100,4,2,0,20,20,8,Electric,200
10,138,1100,4,3,1,15,20,7,Gasoline,0
23,138,1101,5,1,0,20,25,8,Gasoline,0
48,138,1101,5,2,0,25,20,8,Hybrid,0
25,138,1101,5,3,1,15,30,8,Gasoline,0
147,138,1102,6,1,0,25,20,7,Electric,250
48,138,1102,6,2,0,25,20,8,Hybrid,0
97,138,1102,6,3,1,15,30,7,Electric,150
73,138,1103,7,1,1,15,20,8,Electric,100
2,138,1103,7,2,0,20,20,6,Gasoline,0
6,138,1103,7,3,0,25,25,6,Gasoline,0
16,138,1104,8,1,0,15,30,7,Gasoline,0
3,138,1104,8,2,0,25,20,6,Gasoline,0
43,138,1104,8,3,1,15,30,7,Hybrid,0
128,139,1105,1,1,1,20,20,8,Electric,200
90,139,1105,1,2,0,25,30,6,Electric,150
39,139,1105,1,3,0,25,20,7,Hybrid,0
10,139,1106,2,1,0,15,20,7,Gasoline,0
16,139,1106,2,2,1,15,30,7,Gasoline,0
8,139,1106,2,3,0,20,30,6,Gasoline,0
93,139,1107,3,1,0,25,20,7,Electric,150
18,139,1107,3,2,0,25,30,7,Gasoline,0
37,139,1107,3,3,1,15,20,7,Hybrid,0
68,139,1108,4,1,0,20,25,7,Electric,100
35,139,1108,4,2,1,20,30,6,Hybrid,0
29,139,1108,4,3,0,20,20,6,Hybrid,0
56,139,1109,5,1,1,20,20,6,Electric,100
65,139,1109,5,2,0,20,20,7,Electric,100
9,139,1109,5,3,0,25,30,6,Gasoline,0
70,139,1110,6,1,0,15,30,7,Electric,100
95,139,1110,6,2,0,20,25,7,Electric,150
34,139,1110,6,3,1,15,30,6,Hybrid,0
8,139,1111,7,1,0,20,30,6,Gasoline,0
21,139,1111,7,2,0,25,20,8,Gasoline,0
110,139,1111,7,3,1,20,20,6,Electric,200
41,139,1112,8,1,0,20,25,7,Hybrid,0
136,139,1112,8,2,0,15,20,6,Electric,250
49,139,1112,8,3,1,15,25,8,Hybrid,0
43,140,1113,1,1,0,15,30,7,Hybrid,0
49,140,1113,1,2,1,15,25,8,Hybrid,0
104,140,1113,1,3,0,20,25,8,Electric,150
133,140,1114,2,1,1,15,30,8,Electric,200
30,140,1114,2,2,0,25,20,6,Hybrid,0
157,140,1114,2,3,0,15,25,8,Electric,250
39,140,1115,3,1,0,25,20,7,Hybrid,0
100,140,1115,3,2,1,15,20,8,Electric,150
9,140,1115,3,3,0,25,30,6,Gasoline,0
131,140,1116,4,1,0,20,25,8,Electric,200
128,140,1116,4,2,1,20,20,8,Electric,200
81,140,1116,4,3,0,25,30,8,Electric,100
27,140,1117,5,1,0,25,30,8,Gasoline,0
46,140,1117,5,2,1,15,20,8,Hybrid,0
105,140,1117,5,3,0,25,25,8,Electric,150
105,140,1118,6,1,0,25,25,8,Electric,150
30,140,1118,6,2,0,25,20,6,Hybrid,0
53,140,1118,6,3,1,20,30,8,Hybrid,0
25,140,1119,7,1,1,15,30,8,Gasoline,0
54,140,1119,7,2,0,25,30,8,Hybrid,0
9,140,1119,7,3,0,25,30,6,Gasoline,0
23,140,1120,8,1,0,20,25,8,Gasoline,0
48,140,1120,8,2,0,25,20,8,Hybrid,0
22,140,1120,8,3,1,15,25,8,Gasoline,0
116,141,1121,1,1,0,20,30,6,Electric,200
33,141,1121,1,2,0,25,25,6,Hybrid,0
40,141,1121,1,3,1,15,25,7,Hybrid,0
118,141,1122,2,1,1,15,20,7,Electric,200
111,141,1122,2,2,0,25,20,6,Electric,200
27,141,1122,2,3,0,25,30,8,Gasoline,0
52,141,1123,3,1,1,15,30,8,Hybrid,0
26,141,1123,3,2,0,20,30,8,Gasoline,0
9,141,1123,3,3,0,25,30,6,Gasoline,0
96,141,1124,4,1,0,25,25,7,Electric,150
57,141,1124,4,2,0,25,20,6,Electric,100
7,141,1124,4,3,1,15,30,6,Gasoline,0
6,141,1125,5,1,0,25,25,6,Gasoline,0
156,141,1125,5,2,0,25,20,8,Electric,250
44,141,1125,5,3,1,20,30,7,Hybrid,0
42,141,1126,6,1,0,25,25,7,Hybrid,0
26,141,1126,6,2,0,20,30,8,Gasoline,0
143,141,1126,6,3,1,20,30,6,Electric,250
91,141,1127,7,1,1,15,20,7,Electric,150
36,141,1127,7,2,0,25,30,6,Hybrid,0
45,141,1127,7,3,0,25,30,7,Hybrid,0
42,141,1128,8,1,0,25,25,7,Hybrid,0
154,141,1128,8,2,1,15,20,8,Electric,250
41,141,1128,8,3,0,20,25,7,Hybrid,0
31,142,1129,1,1,1,15,25,6,Hybrid,0
24,142,1129,1,2,0,25,25,8,Gasoline,0
27,142,1129,1,3,0,25,30,8,Gasoline,0
80,142,1130,2,1,1,20,30,8,Electric,100
12,142,1130,2,2,0,25,20,7,Gasoline,0
42,142,1130,2,3,0,25,25,7,Hybrid,0
10,142,1131,3,1,1,15,20,7,Gasoline,0
39,142,1131,3,2,0,25,20,7,Hybrid,0
150,142,1131,3,3,0,25,25,7,Electric,250
4,142,1132,4,1,1,15,25,6,Gasoline,0
3,142,1132,4,2,0,25,20,6,Gasoline,0
36,142,1132,4,3,0,25,30,6,Hybrid,0
153,142,1133,5,1,0,25,30,7,Electric,250
30,142,1133,5,2,0,25,20,6,Hybrid,0
143,142,1133,5,3,1,20,30,6,Electric,250
155,142,1134,6,1,1,20,20,8,Electric,250
33,142,1134,6,2,0,25,25,6,Hybrid,0
44,142,1134,6,3,0,20,30,7,Hybrid,0
6,142,1135,7,1,0,25,25,6,Gasoline,0
150,142,1135,7,2,0,25,25,7,Electric,250
47,142,1135,7,3,1,20,20,8,Hybrid,0
159,142,1136,8,1,0,25,25,8,Electric,250
30,142,1136,8,2,0,25,20,6,Hybrid,0
46,142,1136,8,3,1,15,20,8,Hybrid,0
129,143,1137,1,1,0,25,20,8,Electric,200
32,143,1137,1,2,1,20,25,6,Hybrid,0
2,143,1137,1,3,0,20,20,6,Gasoline,0
1,143,1138,2,1,1,15,20,6,Gasoline,0
129,143,1138,2,2,0,25,20,8,Electric,200
21,143,1138,2,3,0,25,20,8,Gasoline,0
24,143,1139,3,1,0,25,25,8,Gasoline,0
11,143,1139,3,2,1,20,20,7,Gasoline,0
39,143,1139,3,3,0,25,20,7,Hybrid,0
24,143,1140,4,1,0,25,25,8,Gasoline,0
20,143,1140,4,2,0,20,20,8,Gasoline,0
136,143,1140,4,3,1,15,20,6,Electric,250
119,143,1141,5,1,0,20,20,7,Electric,200
34,143,1141,5,2,0,15,30,6,Hybrid,0
7,143,1141,5,3,1,15,30,6,Gasoline,0
21,143,1142,6,1,0,25,20,8,Gasoline,0
40,143,1142,6,2,1,15,25,7,Hybrid,0
53,143,1142,6,3,0,20,30,8,Hybrid,0
16,143,1143,7,1,1,15,30,7,Gasoline,0
7,143,1143,7,2,0,15,30,6,Gasoline,0
146,143,1143,7,3,0,20,20,7,Electric,250
47,143,1144,8,1,1,20,20,8,Hybrid,0
27,143,1144,8,2,0,25,30,8,Gasoline,0
51,143,1144,8,3,0,25,25,8,Hybrid,0
51,144,1145,1,1,0,25,25,8,Hybrid,0
37,144,1145,1,2,0,15,20,7,Hybrid,0
40,144,1145,1,3,1,15,25,7,Hybrid,0
21,144,1146,2,1,0,25,20,8,Gasoline,0
28,144,1146,2,2,1,15,20,6,Hybrid,0
14,144,1146,2,3,0,20,25,7,Gasoline,0
51,144,1147,3,1,0,25,25,8,Hybrid,0
21,144,1147,3,2,0,25,20,8,Gasoline,0
128,144,1147,3,3,1,20,20,8,Electric,200
65,144,1148,4,1,0,20,20,7,Electric,100
112,144,1148,4,2,0,15,25,6,Electric,200
13,144,1148,4,3,1,15,25,7,Gasoline,0
143,144,1149,5,1,1,20,30,6,Electric,250
56,144,1149,5,2,0,20,20,6,Electric,100
24,144,1149,5,3,0,25,25,8,Gasoline,0
27,144,1150,6,1,0,25,30,8,Gasoline,0
19,144,1150,6,2,0,15,20,8,Gasoline,0
28,144,1150,6,3,1,15,20,6,Hybrid,0
24,144,1151,7,1,0,25,25,8,Gasoline,0
162,144,1151,7,2,0,25,30,8,Electric,250
46,144,1151,7,3,1,15,20,8,Hybrid,0
89,144,1152,8,1,1,20,30,6,Electric,150
54,144,1152,8,2,0,25,30,8,Hybrid,0
26,144,1152,8,3,0,20,30,8,Gasoline,0
16,145,1153,1,1,1,15,30,7,Gasoline,0
19,145,1153,1,2,0,15,20,8,Gasoline,0
38,145,1153,1,3,0,20,20,7,Hybrid,0
15,145,1154,2,1,0,25,25,7,Gasoline,0
28,145,1154,2,2,0,15,20,6,Hybrid,0
13,145,1154,2,3,1,15,25,7,Gasoline,0
20,145,1155,3,1,1,20,20,8,Gasoline,0
6,145,1155,3,2,0,25,25,6,Gasoline,0
77,145,1155,3,3,0,20,25,8,Electric,100
49,145,1156,4,1,1,15,25,8,Hybrid,0
63,145,1156,4,2,0,25,30,6,Electric,100
9,145,1156,4,3,0,25,30,6,Gasoline,0
143,145,1157,5,1,1,20,30,6,Electric,250
126,145,1157,5,2,0,25,30,7,Electric,200
48,145,1157,5,3,0,25,20,8,Hybrid,0
37,145,1158,6,1,1,15,20,7,Hybrid,0
26,145,1158,6,2,0,20,30,8,Gasoline,0
54,145,1158,6,3,0,25,30,8,Hybrid,0
6,145,1159,7,1,0,25,25,6,Gasoline,0
24,145,1159,7,2,0,25,25,8,Gasoline,0
112,145,1159,7,3,1,15,25,6,Electric,200
14,145,1160,8,1,0,20,25,7,Gasoline,0
39,145,1160,8,2,0,25,20,7,Hybrid,0
44,145,1160,8,3,1,20,30,7,Hybrid,0
35,146,1161,1,1,0,20,30,6,Hybrid,0
10,146,1161,1,2,0,15,20,7,Gasoline,0
13,146,1161,1,3,1,15,25,7,Gasoline,0
33,146,1162,2,1,0,25,25,6,Hybrid,0
88,146,1162,2,2,1,15,30,6,Electric,150
50,146,1162,2,3,0,20,25,8,Hybrid,0
143,146,1163,3,1,0,20,30,6,Electric,250
22,146,1163,3,2,1,15,25,8,Gasoline,0
9,146,1163,3,3,0,25,30,6,Gasoline,0
3,146,1164,4,1,0,25,20,6,Gasoline,0
11,146,1164,4,2,1,20,20,7,Gasoline,0
9,146,1164,4,3,0,25,30,6,Gasoline,0
6,146,1165,5,1,1,25,25,6,Gasoline,0
126,146,1165,5,2,0,25,30,7,Electric,200
81,146,1165,5,3,0,25,30,8,Electric,100
100,146,1166,6,1,0,15,20,8,Electric,150
3,146,1166,6,2,0,25,20,6,Gasoline,0
118,146,1166,6,3,1,15,20,7,Electric,200
49,146,1167,7,1,1,15,25,8,Hybrid,0
42,146,1167,7,2,0,25,25,7,Hybrid,0
90,146,1167,7,3,0,25,30,6,Electric,150
44,146,1168,8,1,0,20,30,7,Hybrid,0
1,146,1168,8,2,1,15,20,6,Gasoline,0
10,146,1168,8,3,0,15,20,7,Gasoline,0
47,147,1169,1,1,0,20,20,8,Hybrid,0
101,147,1169,1,2,0,20,20,8,Electric,150
145,147,1169,1,3,1,15,20,7,Electric,250
30,147,1170,2,1,0,25,20,6,Hybrid,0
57,147,1170,2,2,0,25,20,6,Electric,100
13,147,1170,2,3,1,15,25,7,Gasoline,0
4,147,1171,3,1,1,15,25,6,Gasoline,0
30,147,1171,3,2,0,25,20,6,Hybrid,0
23,147,1171,3,3,0,20,25,8,Gasoline,0
48,147,1172,4,1,0,25,20,8,Hybrid,0
53,147,1172,4,2,0,20,30,8,Hybrid,0
37,147,1172,4,3,1,15,20,7,Hybrid,0
128,147,1173,5,1,0,20,20,8,Electric,200
6,147,1173,5,2,0,25,25,6,Gasoline,0
137,147,1173,5,3,1,20,20,6,Electric,250
97,147,1174,6,1,1,15,30,7,Electric,150
95,147,1174,6,2,0,20,25,7,Electric,150
2,147,1174,6,3,0,20,20,6,Gasoline,0
8,147,1175,7,1,1,20,30,6,Gasoline,0
14,147,1175,7,2,0,20,25,7,Gasoline,0
38,147,1175,7,3,0,20,20,7,Hybrid,0
5,147,1176,8,1,0,20,25,6,Gasoline,0
79,147,1176,8,2,1,15,30,8,Electric,100
27,147,1176,8,3,0,25,30,8,Gasoline,0
12,148,1177,1,1,0,25,20,7,Gasoline,0
38,148,1177,1,2,1,20,20,7,Hybrid,0
14,148,1177,1,3,0,20,25,7,Gasoline,0
141,148,1178,2,1,0,25,25,6,Electric,250
3,148,1178,2,2,0,25,20,6,Gasoline,0
18,148,1178,2,3,1,25,30,7,Gasoline,0
153,148,1179,3,1,0,25,30,7,Electric,250
41,148,1179,3,2,1,20,25,7,Hybrid,0
5,148,1179,3,3,0,20,25,6,Gasoline,0
79,148,1180,4,1,1,15,30,8,Electric,100
145,148,1180,4,2,0,15,20,7,Electric,250
9,148,1180,4,3,0,25,30,6,Gasoline,0
24,148,1181,5,1,0,25,25,8,Gasoline,0
127,148,1181,5,2,1,15,20,8,Electric,200
105,148,1181,5,3,0,25,25,8,Electric,150
158,148,1182,6,1,0,20,25,8,Electric,250
42,148,1182,6,2,0,25,25,7,Hybrid,0
41,148,1182,6,3,1,20,25,7,Hybrid,0
26,148,1183,7,1,0,20,30,8,Gasoline,0
32,148,1183,7,2,1,20,25,6,Hybrid,0
45,148,1183,7,3,0,25,30,7,Hybrid,0
147,148,1184,8,1,0,25,20,7,Electric,250
40,148,1184,8,2,1,15,25,7,Hybrid,0
134,148,1184,8,3,0,20,30,8,Electric,200
134,149,1185,1,1,1,20,30,8,Electric,200
9,149,1185,1,2,0,25,30,6,Gasoline,0
6,149,1185,1,3,0,25,25,6,Gasoline,0
23,149,1186,2,1,0,20,25,8,Gasoline,0
30,149,1186,2,2,0,25,20,6,Hybrid,0
64,149,1186,2,3,1,15,20,7,Electric,100
85,149,1187,3,1,0,15,25,6,Electric,150
37,149,1187,3,2,1,15,20,7,Hybrid,0
18,149,1187,3,3,0,25,30,7,Gasoline,0
5,149,1188,4,1,1,20,25,6,Gasoline,0
20,149,1188,4,2,0,20,20,8,Gasoline,0
23,149,1188,4,3,0,20,25,8,Gasoline,0
46,149,1189,5,1,1,15,20,8,Hybrid,0
51,149,1189,5,2,0,25,25,8,Hybrid,0
55,149,1189,5,3,0,15,20,6,Electric,100
27,149,1190,6,1,0,25,30,8,Gasoline,0
50,149,1190,6,2,1,20,25,8,Hybrid,0
113,149,1190,6,3,0,20,25,6,Electric,200
7,149,1191,7,1,0,15,30,6,Gasoline,0
32,149,1191,7,2,1,20,25,6,Hybrid,0
162,149,1191,7,3,0,25,30,8,Electric,250
158,149,1192,8,1,0,20,25,8,Electric,250
35,149,1192,8,2,1,20,30,6,Hybrid,0
74,149,1192,8,3,0,20,20,8,Electric,100
45,150,1193,1,1,1,25,30,7,Hybrid,0
51,150,1193,1,2,0,25,25,8,Hybrid,0
54,150,1193,1,3,0,25,30,8,Hybrid,0
26,150,1194,2,1,0,20,30,8,Gasoline,0
32,150,1194,2,2,0,20,25,6,Hybrid,0
10,150,1194,2,3,1,15,20,7,Gasoline,0
22,150,1195,3,1,1,15,25,8,Gasoline,0
75,150,1195,3,2,0,25,20,8,Electric,100
45,150,1195,3,3,0,25,30,7,Hybrid,0
83,150,1196,4,1,0,20,20,6,Electric,150
41,150,1196,4,2,1,20,25,7,Hybrid,0
149,150,1196,4,3,0,20,25,7,Electric,250
48,150,1197,5,1,0,25,20,8,Hybrid,0
40,150,1197,5,2,1,15,25,7,Hybrid,0
21,150,1197,5,3,0,25,20,8,Gasoline,0
150,150,1198,6,1,0,25,25,7,Electric,250
29,150,1198,6,2,1,20,20,6,Hybrid,0
39,150,1198,6,3,0,25,20,7,Hybrid,0
2,150,1199,7,1,0,20,20,6,Gasoline,0
139,150,1199,7,2,0,15,25,6,Electric,250
7,150,1199,7,3,1,15,30,6,Gasoline,0
30,150,1200,8,1,0,25,20,6,Hybrid,0
51,150,1200,8,2,0,25,25,8,Hybrid,0
34,150,1200,8,3,1,15,30,6,Hybrid,0
10,151,1201,1,1,1,15,20,7,Gasoline,0
121,151,1201,1,2,0,15,25,7,Electric,200
108,151,1201,1,3,0,25,30,8,Electric,150
36,151,1202,2,1,0,25,30,6,Hybrid,0
54,151,1202,2,2,1,25,30,8,Hybrid,0
11,151,1202,2,3,0,20,20,7,Gasoline,0
136,151,1203,3,1,1,15,20,6,Electric,250
132,151,1203,3,2,0,25,25,8,Electric,200
97,151,1203,3,3,0,15,30,7,Electric,150
44,151,1204,4,1,1,20,30,7,Hybrid,0
72,151,1204,4,2,0,25,30,7,Electric,100
66,151,1204,4,3,0,25,20,7,Electric,100
12,151,1205,5,1,0,25,20,7,Gasoline,0
14,151,1205,5,2,1,20,25,7,Gasoline,0
63,151,1205,5,3,0,25,30,6,Electric,100
124,151,1206,6,1,1,15,30,7,Electric,200
39,151,1206,6,2,0,25,20,7,Hybrid,0
74,151,1206,6,3,0,20,20,8,Electric,100
16,151,1207,7,1,1,15,30,7,Gasoline,0
57,151,1207,7,2,0,25,20,6,Electric,100
65,151,1207,7,3,0,20,20,7,Electric,100
47,151,1208,8,1,0,20,20,8,Hybrid,0
37,151,1208,8,2,0,15,20,7,Hybrid,0
109,151,1208,8,3,1,15,20,6,Electric,200
23,152,1209,1,1,0,20,25,8,Gasoline,0
2,152,1209,1,2,0,20,20,6,Gasoline,0
52,152,1209,1,3,1,15,30,8,Hybrid,0
137,152,1210,2,1,1,20,20,6,Electric,250
128,152,1210,2,2,0,20,20,8,Electric,200
99,152,1210,2,3,0,25,30,7,Electric,150
27,152,1211,3,1,0,25,30,8,Gasoline,0
83,152,1211,3,2,0,20,20,6,Electric,150
26,152,1211,3,3,1,20,30,8,Gasoline,0
29,152,1212,4,1,0,20,20,6,Hybrid,0
44,152,1212,4,2,1,20,30,7,Hybrid,0
36,152,1212,4,3,0,25,30,6,Hybrid,0
26,152,1213,5,1,0,20,30,8,Gasoline,0
55,152,1213,5,2,0,15,20,6,Electric,100
17,152,1213,5,3,1,20,30,7,Gasoline,0
12,152,1214,6,1,0,25,20,7,Gasoline,0
114,152,1214,6,2,0,25,25,6,Electric,200
52,152,1214,6,3,1,15,30,8,Hybrid,0
45,152,1215,7,1,0,25,30,7,Hybrid,0
36,152,1215,7,2,0,25,30,6,Hybrid,0
10,152,1215,7,3,1,15,20,7,Gasoline,0
53,152,1216,8,1,1,20,30,8,Hybrid,0
30,152,1216,8,2,0,25,20,6,Hybrid,0
50,152,1216,8,3,0,20,25,8,Hybrid,0
130,153,1217,1,1,0,15,25,8,Electric,200
46,153,1217,1,2,1,15,20,8,Hybrid,0
14,153,1217,1,3,0,20,25,7,Gasoline,0
47,153,1218,2,1,0,20,20,8,Hybrid,0
51,153,1218,2,2,0,25,25,8,Hybrid,0
2,153,1218,2,3,1,20,20,6,Gasoline,0
46,153,1219,3,1,1,15,20,8,Hybrid,0
30,153,1219,3,2,0,25,20,6,Hybrid,0
20,153,1219,3,3,0,20,20,8,Gasoline,0
59,153,1220,4,1,1,20,25,6,Electric,100
12,153,1220,4,2,0,25,20,7,Gasoline,0
111,153,1220,4,3,0,25,20,6,Electric,200
65,153,1221,5,1,0,20,20,7,Electric,100
74,153,1221,5,2,1,20,20,8,Electric,100
18,153,1221,5,3,0,25,30,7,Gasoline,0
40,153,1222,6,1,1,15,25,7,Hybrid,0
17,153,1222,6,2,0,20,30,7,Gasoline,0
39,153,1222,6,3,0,25,20,7,Hybrid,0
5,153,1223,7,1,0,20,25,6,Gasoline,0
17,153,1223,7,2,1,20,30,7,Gasoline,0
38,153,1223,7,3,0,20,20,7,Hybrid,0
25,153,1224,8,1,1,15,30,8,Gasoline,0
40,153,1224,8,2,0,15,25,7,Hybrid,0
108,153,1224,8,3,0,25,30,8,Electric,150
68,154,1225,1,1,0,20,25,7,Electric,100
34,154,1225,1,2,1,15,30,6,Hybrid,0
29,154,1225,1,3,0,20,20,6,Hybrid,0
43,154,1226,2,1,1,15,30,7,Hybrid,0
15,154,1226,2,2,0,25,25,7,Gasoline,0
6,154,1226,2,3,0,25,25,6,Gasoline,0
81,154,1227,3,1,0,25,30,8,Electric,100
6,154,1227,3,2,0,25,25,6,Gasoline,0
39,154,1227,3,3,1,25,20,7,Hybrid,0
4,154,1228,4,1,1,15,25,6,Gasoline,0
15,154,1228,4,2,0,25,25,7,Gasoline,0
13,154,1228,4,3,0,15,25,7,Gasoline,0
29,154,1229,5,1,1,20,20,6,Hybrid,0
42,154,1229,5,2,0,25,25,7,Hybrid,0
21,154,1229,5,3,0,25,20,8,Gasoline,0
156,154,1230,6,1,0,25,20,8,Electric,250
38,154,1230,6,2,1,20,20,7,Hybrid,0
42,154,1230,6,3,0,25,25,7,Hybrid,0
20,154,1231,7,1,1,20,20,8,Gasoline,0
27,154,1231,7,2,0,25,30,8,Gasoline,0
114,154,1231,7,3,0,25,25,6,Electric,200
20,154,1232,8,1,0,20,20,8,Gasoline,0
39,154,1232,8,2,0,25,20,7,Hybrid,0
139,154,1232,8,3,1,15,25,6,Electric,250
12,155,1233,1,1,0,25,20,7,Gasoline,0
135,155,1233,1,2,0,25,30,8,Electric,200
7,155,1233,1,3,1,15,30,6,Gasoline,0
157,155,1234,2,1,0,15,25,8,Electric,250
39,155,1234,2,2,0,25,20,7,Hybrid,0
31,155,1234,2,3,1,15,25,6,Hybrid,0
102,155,1235,3,1,0,25,20,8,Electric,150
7,155,1235,3,2,1,15,30,6,Gasoline,0
49,155,1235,3,3,0,15,25,8,Hybrid,0
10,155,1236,4,1,1,15,20,7,Gasoline,0
118,155,1236,4,2,0,15,20,7,Electric,200
11,155,1236,4,3,0,20,20,7,Gasoline,0
145,155,1237,5,1,0,15,20,7,Electric,250
43,155,1237,5,2,1,15,30,7,Hybrid,0
28,155,1237,5,3,0,15,20,6,Hybrid,0
14,155,1238,6,1,0,20,25,7,Gasoline,0
38,155,1238,6,2,0,20,20,7,Hybrid,0
37,155,1238,6,3,1,15,20,7,Hybrid,0
106,155,1239,7,1,1,15,30,8,Electric,150
36,155,1239,7,2,0,25,30,6,Hybrid,0
69,155,1239,7,3,0,25,25,7,Electric,100
16,155,1240,8,1,1,15,30,7,Gasoline,0
69,155,1240,8,2,0,25,25,7,Electric,100
29,155,1240,8,3,0,20,20,6,Hybrid,0
11,156,1241,1,1,0,20,20,7,Gasoline,0
34,156,1241,1,2,0,15,30,6,Hybrid,0
136,156,1241,1,3,1,15,20,6,Electric,250
43,156,1242,2,1,0,15,30,7,Hybrid,0
150,156,1242,2,2,0,25,25,7,Electric,250
82,156,1242,2,3,1,15,20,6,Electric,150
29,156,1243,3,1,0,20,20,6,Hybrid,0
46,156,1243,3,2,1,15,20,8,Hybrid,0
36,156,1243,3,3,0,25,30,6,Hybrid,0
28,156,1244,4,1,0,15,20,6,Hybrid,0
46,156,1244,4,2,0,15,20,8,Hybrid,0
34,156,1244,4,3,1,15,30,6,Hybrid,0
157,156,1245,5,1,1,15,25,8,Electric,250
15,156,1245,5,2,0,25,25,7,Gasoline,0
155,156,1245,5,3,0,20,20,8,Electric,250
3,156,1246,6,1,0,25,20,6,Gasoline,0
37,156,1246,6,2,1,15,20,7,Hybrid,0
30,156,1246,6,3,0,25,20,6,Hybrid,0
21,156,1247,7,1,0,25,20,8,Gasoline,0
26,156,1247,7,2,1,20,30,8,Gasoline,0
77,156,1247,7,3,0,20,25,8,Electric,100
36,156,1248,8,1,0,25,30,6,Hybrid,0
13,156,1248,8,2,0,15,25,7,Gasoline,0
37,156,1248,8,3,1,15,20,7,Hybrid,0
77,157,1249,1,1,0,20,25,8,Electric,100
83,157,1249,1,2,0,20,20,6,Electric,150
22,157,1249,1,3,1,15,25,8,Gasoline,0
45,157,1250,2,1,0,25,30,7,Hybrid,0
30,157,1250,2,2,0,25,20,6,Hybrid,0
11,157,1250,2,3,1,20,20,7,Gasoline,0
33,157,1251,3,1,0,25,25,6,Hybrid,0
54,157,1251,3,2,0,25,30,8,Hybrid,0
4,157,1251,3,3,1,15,25,6,Gasoline,0
8,157,1252,4,1,1,20,30,6,Gasoline,0
95,157,1252,4,2,0,20,25,7,Electric,150
24,157,1252,4,3,0,25,25,8,Gasoline,0
87,157,1253,5,1,0,25,25,6,Electric,150
29,157,1253,5,2,0,20,20,6,Hybrid,0
154,157,1253,5,3,1,15,20,8,Electric,250
20,157,1254,6,1,0,20,20,8,Gasoline,0
19,157,1254,6,2,1,15,20,8,Gasoline,0
100,157,1254,6,3,0,15,20,8,Electric,150
28,157,1255,7,1,0,15,20,6,Hybrid,0
31,157,1255,7,2,1,15,25,6,Hybrid,0
152,157,1255,7,3,0,20,30,7,Electric,250
142,157,1256,8,1,0,15,30,6,Electric,250
53,157,1256,8,2,0,20,30,8,Hybrid,0
94,157,1256,8,3,1,15,25,7,Electric,150
3,158,1257,1,1,0,25,20,6,Gasoline,0
127,158,1257,1,2,1,15,20,8,Electric,200
12,158,1257,1,3,0,25,20,7,Gasoline,0
54,158,1258,2,1,0,25,30,8,Hybrid,0
65,158,1258,2,2,0,20,20,7,Electric,100
7,158,1258,2,3,1,15,30,6,Gasoline,0
21,158,1259,3,1,0,25,20,8,Gasoline,0
31,158,1259,3,2,1,15,25,6,Hybrid,0
51,158,1259,3,3,0,25,25,8,Hybrid,0
57,158,1260,4,1,0,25,20,6,Electric,100
91,158,1260,4,2,1,15,20,7,Electric,150
22,158,1260,4,3,0,15,25,8,Gasoline,0
43,158,1261,5,1,0,15,30,7,Hybrid,0
52,158,1261,5,2,1,15,30,8,Hybrid,0
28,158,1261,5,3,0,15,20,6,Hybrid,0
20,158,1262,6,1,0,20,20,8,Gasoline,0
48,158,1262,6,2,0,25,20,8,Hybrid,0
46,158,1262,6,3,1,15,20,8,Hybrid,0
2,158,1263,7,1,1,20,20,6,Gasoline,0
160,158,1263,7,2,0,15,30,8,Electric,250
31,158,1263,7,3,0,15,25,6,Hybrid,0
10,158,1264,8,1,0,15,20,7,Gasoline,0
142,158,1264,8,2,1,15,30,6,Electric,250
46,158,1264,8,3,0,15,20,8,Hybrid,0
34,159,1265,1,1,1,15,30,6,Hybrid,0
48,159,1265,1,2,0,25,20,8,Hybrid,0
51,159,1265,1,3,0,25,25,8,Hybrid,0
130,159,1266,2,1,1,15,25,8,Electric,200
89,159,1266,2,2,0,20,30,6,Electric,150
135,159,1266,2,3,0,25,30,8,Electric,200
64,159,1267,3,1,1,15,20,7,Electric,100
53,159,1267,3,2,0,20,30,8,Hybrid,0
5,159,1267,3,3,0,20,25,6,Gasoline,0
30,159,1268,4,1,0,25,20,6,Hybrid,0
22,159,1268,4,2,1,15,25,8,Gasoline,0
146,159,1268,4,3,0,20,20,7,Electric,250
72,159,1269,5,1,0,25,30,7,Electric,100
7,159,1269,5,2,1,15,30,6,Gasoline,0
48,159,1269,5,3,0,25,20,8,Hybrid,0
5,159,1270,6,1,1,20,25,6,Gasoline,0
54,159,1270,6,2,0,25,30,8,Hybrid,0
32,159,1270,6,3,0,20,25,6,Hybrid,0
15,159,1271,7,1,0,25,25,7,Gasoline,0
17,159,1271,7,2,0,20,30,7,Gasoline,0
86,159,1271,7,3,1,20,25,6,Electric,150
32,159,1272,8,1,0,20,25,6,Hybrid,0
4,159,1272,8,2,1,15,25,6,Gasoline,0
160,159,1272,8,3,0,15,30,8,Electric,250
72,160,1273,1,1,0,25,30,7,Electric,100
20,160,1273,1,2,0,20,20,8,Gasoline,0
86,160,1273,1,3,1,20,25,6,Electric,150
118,160,1274,2,1,1,15,20,7,Electric,200
9,160,1274,2,2,0,25,30,6,Gasoline,0
14,160,1274,2,3,0,20,25,7,Gasoline,0
119,160,1275,3,1,0,20,20,7,Electric,200
14,160,1275,3,2,1,20,25,7,Gasoline,0
47,160,1275,3,3,0,20,20,8,Hybrid,0
6,160,1276,4,1,0,25,25,6,Gasoline,0
128,160,1276,4,2,0,20,20,8,Electric,200
27,160,1276,4,3,1,25,30,8,Gasoline,0
55,160,1277,5,1,0,15,20,6,Electric,100
28,160,1277,5,2,0,15,20,6,Hybrid,0
37,160,1277,5,3,1,15,20,7,Hybrid,0
126,160,1278,6,1,0,25,30,7,Electric,200
117,160,1278,6,2,0,25,30,6,Electric,200
50,160,1278,6,3,1,20,25,8,Hybrid,0
8,160,1279,7,1,1,20,30,6,Gasoline,0
29,160,1279,7,2,0,20,20,6,Hybrid,0
119,160,1279,7,3,0,20,20,7,Electric,200
54,160,1280,8,1,0,25,30,8,Hybrid,0
82,160,1280,8,2,1,15,20,6,Electric,150
99,160,1280,8,3,0,25,30,7,Electric,150
42,161,1281,1,1,0,25,25,7,Hybrid,0
56,161,1281,1,2,0,20,20,6,Electric,100
1,161,1281,1,3,1,15,20,6,Gasoline,0
52,161,1282,2,1,1,15,30,8,Hybrid,0
19,161,1282,2,2,0,15,20,8,Gasoline,0
30,161,1282,2,3,0,25,20,6,Hybrid,0
42,161,1283,3,1,0,25,25,7,Hybrid,0
46,161,1283,3,2,0,15,20,8,Hybrid,0
157,161,1283,3,3,1,15,25,8,Electric,250
22,161,1284,4,1,1,15,25,8,Gasoline,0
18,161,1284,4,2,0,25,30,7,Gasoline,0
28,161,1284,4,3,0,15,20,6,Hybrid,0
48,161,1285,5,1,0,25,20,8,Hybrid,0
79,161,1285,5,2,1,15,30,8,Electric,100
27,161,1285,5,3,0,25,30,8,Gasoline,0
25,161,1286,6,1,1,15,30,8,Gasoline,0
48,161,1286,6,2,0,25,20,8,Hybrid,0
81,161,1286,6,3,0,25,30,8,Electric,100
13,161,1287,7,1,0,15,25,7,Gasoline,0
46,161,1287,7,2,1,15,20,8,Hybrid,0
64,161,1287,7,3,0,15,20,7,Electric,100
98,161,1288,8,1,0,20,30,7,Electric,150
16,161,1288,8,2,1,15,30,7,Gasoline,0
25,161,1288,8,3,0,15,30,8,Gasoline,0
17,162,1289,1,1,0,20,30,7,Gasoline,0
5,162,1289,1,2,1,20,25,6,Gasoline,0
12,162,1289,1,3,0,25,20,7,Gasoline,0
158,162,1290,2,1,1,20,25,8,Electric,250
113,162,1290,2,2,0,20,25,6,Electric,200
114,162,1290,2,3,0,25,25,6,Electric,200
49,162,1291,3,1,0,15,25,8,Hybrid,0
6,162,1291,3,2,0,25,25,6,Gasoline,0
37,162,1291,3,3,1,15,20,7,Hybrid,0
8,162,1292,4,1,1,20,30,6,Gasoline,0
21,162,1292,4,2,0,25,20,8,Gasoline,0
30,162,1292,4,3,0,25,20,6,Hybrid,0
33,162,1293,5,1,0,25,25,6,Hybrid,0
50,162,1293,5,2,1,20,25,8,Hybrid,0
38,162,1293,5,3,0,20,20,7,Hybrid,0
87,162,1294,6,1,0,25,25,6,Electric,150
39,162,1294,6,2,0,25,20,7,Hybrid,0
33,162,1294,6,3,1,25,25,6,Hybrid,0
7,162,1295,7,1,1,15,30,6,Gasoline,0
117,162,1295,7,2,0,25,30,6,Electric,200
37,162,1295,7,3,0,15,20,7,Hybrid,0
87,162,1296,8,1,0,25,25,6,Electric,150
46,162,1296,8,2,1,15,20,8,Hybrid,0
35,162,1296,8,3,0,20,30,6,Hybrid,0
18,163,1297,1,1,0,25,30,7,Gasoline,0
14,163,1297,1,2,0,20,25,7,Gasoline,0
161,163,1297,1,3,1,20,30,8,Electric,250
44,163,1298,2,1,0,20,30,7,Hybrid,0
86,163,1298,2,2,0,20,25,6,Electric,150
13,163,1298,2,3,1,15,25,7,Gasoline,0
13,163,1299,3,1,1,15,25,7,Gasoline,0
31,163,1299,3,2,0,15,25,6,Hybrid,0
21,163,1299,3,3,0,25,20,8,Gasoline,0
12,163,1300,4,1,0,25,20,7,Gasoline,0
11,163,1300,4,2,0,20,20,7,Gasoline,0
3,163,1300,4,3,1,25,20,6,Gasoline,0
156,163,1301,5,1,0,25,20,8,Electric,250
21,163,1301,5,2,1,25,20,8,Gasoline,0
24,163,1301,5,3,0,25,25,8,Gasoline,0
41,163,1302,6,1,1,20,25,7,Hybrid,0
6,163,1302,6,2,0,25,25,6,Gasoline,0
102,163,1302,6,3,0,25,20,8,Electric,150
162,163,1303,7,1,0,25,30,8,Electric,250
53,163,1303,7,2,1,20,30,8,Hybrid,0
6,163,1303,7,3,0,25,25,6,Gasoline,0
25,163,1304,8,1,0,15,30,8,Gasoline,0
56,163,1304,8,2,0,20,20,6,Electric,100
16,163,1304,8,3,1,15,30,7,Gasoline,0
49,164,1305,1,1,1,15,25,8,Hybrid,0
64,164,1305,1,2,0,15,20,7,Electric,100
63,164,1305,1,3,0,25,30,6,Electric,100
10,164,1306,2,1,0,15,20,7,Gasoline,0
112,164,1306,2,2,1,15,25,6,Electric,200
109,164,1306,2,3,0,15,20,6,Electric,200
18,164,1307,3,1,0,25,30,7,Gasoline,0
23,164,1307,3,2,0,20,25,8,Gasoline,0
7,164,1307,3,3,1,15,30,6,Gasoline,0
4,164,1308,4,1,1,15,25,6,Gasoline,0
21,164,1308,4,2,0,25,20,8,Gasoline,0
47,164,1308,4,3,0,20,20,8,Hybrid,0
9,164,1309,5,1,1,25,30,6,Gasoline,0
60,164,1309,5,2,0,25,25,6,Electric,100
39,164,1309,5,3,0,25,20,7,Hybrid,0
33,164,1310,6,1,0,25,25,6,Hybrid,0
43,164,1310,6,2,1,15,30,7,Hybrid,0
153,164,1310,6,3,0,25,30,7,Electric,250
54,164,1311,7,1,1,25,30,8,Hybrid,0
123,164,1311,7,2,0,25,25,7,Electric,200
26,164,1311,7,3,0,20,30,8,Gasoline,0
95,164,1312,8,1,0,20,25,7,Electric,150
126,164,1312,8,2,0,25,30,7,Electric,200
7,164,1312,8,3,1,15,30,6,Gasoline,0
38,165,1313,1,1,0,20,20,7,Hybrid,0
26,165,1313,1,2,0,20,30,8,Gasoline,0
5,165,1313,1,3,1,20,25,6,Gasoline,0
24,165,1314,2,1,0,25,25,8,Gasoline,0
91,165,1314,2,2,1,15,20,7,Electric,150
77,165,1314,2,3,0,20,25,8,Electric,100
1,165,1315,3,1,1,15,20,6,Gasoline,0
109,165,1315,3,2,0,15,20,6,Electric,200
8,165,1315,3,3,0,20,30,6,Gasoline,0
7,165,1316,4,1,1,15,30,6,Gasoline,0
32,165,1316,4,2,0,20,25,6,Hybrid,0
59,165,1316,4,3,0,20,25,6,Electric,100
54,165,1317,5,1,0,25,30,8,Hybrid,0
33,165,1317,5,2,1,25,25,6,Hybrid,0
105,165,1317,5,3,0,25,25,8,Electric,150
7,165,1318,6,1,1,15,30,6,Gasoline,0
146,165,1318,6,2,0,20,20,7,Electric,250
103,165,1318,6,3,0,15,25,8,Electric,150
47,165,1319,7,1,0,20,20,8,Hybrid,0
43,165,1319,7,2,1,15,30,7,Hybrid,0
118,165,1319,7,3,0,15,20,7,Electric,200
114,165,1320,8,1,0,25,25,6,Electric,200
28,165,1320,8,2,1,15,20,6,Hybrid,0
50,165,1320,8,3,0,20,25,8,Hybrid,0
19,166,1321,1,1,1,15,20,8,Gasoline,0
8,166,1321,1,2,0,20,30,6,Gasoline,0
153,166,1321,1,3,0,25,30,7,Electric,250
19,166,1322,2,1,0,15,20,8,Gasoline,0
24,166,1322,2,2,0,25,25,8,Gasoline,0
157,166,1322,2,3,1,15,25,8,Electric,250
122,166,1323,3,1,0,20,25,7,Electric,200
36,166,1323,3,2,0,25,30,6,Hybrid,0
31,166,1323,3,3,1,15,25,6,Hybrid,0
92,166,1324,4,1,0,20,20,7,Electric,150
53,166,1324,4,2,0,20,30,8,Hybrid,0
145,166,1324,4,3,1,15,20,7,Electric,250
67,166,1325,5,1,0,15,25,7,Electric,100
31,166,1325,5,2,1,15,25,6,Hybrid,0
111,166,1325,5,3,0,25,20,6,Electric,200
8,166,1326,6,1,0,20,30,6,Gasoline,0
88,166,1326,6,2,1,15,30,6,Electric,150
11,166,1326,6,3,0,20,20,7,Gasoline,0
141,166,1327,7,1,0,25,25,6,Electric,250
47,166,1327,7,2,0,20,20,8,Hybrid,0
113,166,1327,7,3,1,20,25,6,Electric,200
12,166,1328,8,1,0,25,20,7,Gasoline,0
9,166,1328,8,2,0,25,30,6,Gasoline,0
41,166,1328,8,3,1,20,25,7,Hybrid,0
97,167,1329,1,1,0,15,30,7,Electric,150
4,167,1329,1,2,1,15,25,6,Gasoline,0
7,167,1329,1,3,0,15,30,6,Gasoline,0
6,167,1330,2,1,0,25,25,6,Gasoline,0
127,167,1330,2,2,0,15,20,8,Electric,200
37,167,1330,2,3,1,15,20,7,Hybrid,0
22,167,1331,3,1,1,15,25,8,Gasoline,0
24,167,1331,3,2,0,25,25,8,Gasoline,0
1,167,1331,3,3,0,15,20,6,Gasoline,0
155,167,1332,4,1,1,20,20,8,Electric,250
54,167,1332,4,2,0,25,30,8,Hybrid,0
48,167,1332,4,3,0,25,20,8,Hybrid,0
33,167,1333,5,1,0,25,25,6,Hybrid,0
41,167,1333,5,2,1,20,25,7,Hybrid,0
12,167,1333,5,3,0,25,20,7,Gasoline,0
98,167,1334,6,1,1,20,30,7,Electric,150
104,167,1334,6,2,0,20,25,8,Electric,150
33,167,1334,6,3,0,25,25,6,Hybrid,0
28,167,1335,7,1,1,15,20,6,Hybrid,0
32,167,1335,7,2,0,20,25,6,Hybrid,0
5,167,1335,7,3,0,20,25,6,Gasoline,0
111,167,1336,8,1,0,25,20,6,Electric,200
74,167,1336,8,2,0,20,20,8,Electric,100
121,167,1336,8,3,1,15,25,7,Electric,200
32,168,1337,1,1,0,20,25,6,Hybrid,0
133,168,1337,1,2,0,15,30,8,Electric,200
160,168,1337,1,3,1,15,30,8,Electric,250
31,168,1338,2,1,1,15,25,6,Hybrid,0
9,168,1338,2,2,0,25,30,6,Gasoline,0
110,168,1338,2,3,0,20,20,6,Electric,200
74,168,1339,3,1,0,20,20,8,Electric,100
87,168,1339,3,2,0,25,25,6,Electric,150
76,168,1339,3,3,1,15,25,8,Electric,100
148,168,1340,4,1,1,15,25,7,Electric,250
50,168,1340,4,2,0,20,25,8,Hybrid,0
9,168,1340,4,3,0,25,30,6,Gasoline,0
3,168,1341,5,1,0,25,20,6,Gasoline,0
12,168,1341,5,2,0,25,20,7,Gasoline,0
9,168,1341,5,3,1,25,30,6,Gasoline,0
38,168,1342,6,1,0,20,20,7,Hybrid,0
2,168,1342,6,2,0,20,20,6,Gasoline,0
161,168,1342,6,3,1,20,30,8,Electric,250
42,168,1343,7,1,0,25,25,7,Hybrid,0
13,168,1343,7,2,1,15,25,7,Gasoline,0
105,168,1343,7,3,0,25,25,8,Electric,150
13,168,1344,8,1,1,15,25,7,Gasoline,0
100,168,1344,8,2,0,15,20,8,Electric,150
15,168,1344,8,3,0,25,25,7,Gasoline,0
110,169,1345,1,1,1,20,20,6,Electric,200
55,169,1345,1,2,0,15,20,6,Electric,100
89,169,1345,1,3,0,20,30,6,Electric,150
70,169,1346,2,1,0,15,30,7,Electric,100
105,169,1346,2,2,0,25,25,8,Electric,150
17,169,1346,2,3,1,20,30,7,Gasoline,0
77,169,1347,3,1,0,20,25,8,Electric,100
26,169,1347,3,2,1,20,30,8,Gasoline,0
9,169,1347,3,3,0,25,30,6,Gasoline,0
77,169,1348,4,1,0,20,25,8,Electric,100
29,169,1348,4,2,1,20,20,6,Hybrid,0
12,169,1348,4,3,0,25,20,7,Gasoline,0
47,169,1349,5,1,0,20,20,8,Hybrid,0
112,169,1349,5,2,1,15,25,6,Electric,200
14,169,1349,5,3,0,20,25,7,Gasoline,0
33,169,1350,6,1,0,25,25,6,Hybrid,0
79,169,1350,6,2,1,15,30,8,Electric,100
155,169,1350,6,3,0,20,20,8,Electric,250
7,169,1351,7,1,1,15,30,6,Gasoline,0
35,169,1351,7,2,0,20,30,6,Hybrid,0
5,169,1351,7,3,0,20,25,6,Gasoline,0
46,169,1352,8,1,1,15,20,8,Hybrid,0
32,169,1352,8,2,0,20,25,6,Hybrid,0
86,169,1352,8,3,0,20,25,6,Electric,150
55,170,1353,1,1,1,15,20,6,Electric,100
41,170,1353,1,2,0,20,25,7,Hybrid,0
104,170,1353,1,3,0,20,25,8,Electric,150
48,170,1354,2,1,0,25,20,8,Hybrid,0
16,170,1354,2,2,1,15,30,7,Gasoline,0
127,170,1354,2,3,0,15,20,8,Electric,200
2,170,1355,3,1,0,20,20,6,Gasoline,0
103,170,1355,3,2,1,15,25,8,Electric,150
146,170,1355,3,3,0,20,20,7,Electric,250
29,170,1356,4,1,0,20,20,6,Hybrid,0
53,170,1356,4,2,1,20,30,8,Hybrid,0
17,170,1356,4,3,0,20,30,7,Gasoline,0
101,170,1357,5,1,0,20,20,8,Electric,150
27,170,1357,5,2,0,25,30,8,Gasoline,0
44,170,1357,5,3,1,20,30,7,Hybrid,0
69,170,1358,6,1,0,25,25,7,Electric,100
16,170,1358,6,2,1,15,30,7,Gasoline,0
92,170,1358,6,3,0,20,20,7,Electric,150
75,170,1359,7,1,0,25,20,8,Electric,100
139,170,1359,7,2,1,15,25,6,Electric,250
49,170,1359,7,3,0,15,25,8,Hybrid,0
56,170,1360,8,1,0,20,20,6,Electric,100
7,170,1360,8,2,1,15,30,6,Gasoline,0
45,170,1360,8,3,0,25,30,7,Hybrid,0
59,171,1361,1,1,0,20,25,6,Electric,100
46,171,1361,1,2,1,15,20,8,Hybrid,0
77,171,1361,1,3,0,20,25,8,Electric,100
37,171,1362,2,1,1,15,20,7,Hybrid,0
35,171,1362,2,2,0,20,30,6,Hybrid,0
2,171,1362,2,3,0,20,20,6,Gasoline,0
33,171,1363,3,1,0,25,25,6,Hybrid,0
146,171,1363,3,2,0,20,20,7,Electric,250
37,171,1363,3,3,1,15,20,7,Hybrid,0
9,171,1364,4,1,0,25,30,6,Gasoline,0
14,171,1364,4,2,1,20,25,7,Gasoline,0
20,171,1364,4,3,0,20,20,8,Gasoline,0
30,171,1365,5,1,0,25,20,6,Hybrid,0
158,171,1365,5,2,0,20,25,8,Electric,250
17,171,1365,5,3,1,20,30,7,Gasoline,0
117,171,1366,6,1,0,25,30,6,Electric,200
39,171,1366,6,2,0,25,20,7,Hybrid,0
10,171,1366,6,3,1,15,20,7,Gasoline,0
25,171,1367,7,1,1,15,30,8,Gasoline,0
35,171,1367,7,2,0,20,30,6,Hybrid,0
8,171,1367,7,3,0,20,30,6,Gasoline,0
157,171,1368,8,1,1,15,25,8,Electric,250
110,171,1368,8,2,0,20,20,6,Electric,200
127,171,1368,8,3,0,15,20,8,Electric,200
58,172,1369,1,1,0,15,25,6,Electric,100
43,172,1369,1,2,1,15,30,7,Hybrid,0
15,172,1369,1,3,0,25,25,7,Gasoline,0
10,172,1370,2,1,0,15,20,7,Gasoline,0
7,172,1370,2,2,0,15,30,6,Gasoline,0
1,172,1370,2,3,1,15,20,6,Gasoline,0
156,172,1371,3,1,0,25,20,8,Electric,250
153,172,1371,3,2,0,25,30,7,Electric,250
54,172,1371,3,3,1,25,30,8,Hybrid,0
20,172,1372,4,1,0,20,20,8,Gasoline,0
149,172,1372,4,2,1,20,25,7,Electric,250
26,172,1372,4,3,0,20,30,8,Gasoline,0
129,172,1373,5,1,0,25,20,8,Electric,200
35,172,1373,5,2,1,20,30,6,Hybrid,0
134,172,1373,5,3,0,20,30,8,Electric,200
147,172,1374,6,1,0,25,20,7,Electric,250
39,172,1374,6,2,0,25,20,7,Hybrid,0
82,172,1374,6,3,1,15,20,6,Electric,150
20,172,1375,7,1,0,20,20,8,Gasoline,0
110,172,1375,7,2,0,20,20,6,Electric,200
46,172,1375,7,3,1,15,20,8,Hybrid,0
28,172,1376,8,1,1,15,20,6,Hybrid,0
17,172,1376,8,2,0,20,30,7,Gasoline,0
6,172,1376,8,3,0,25,25,6,Gasoline,0
58,173,1377,1,1,1,15,25,6,Electric,100
6,173,1377,1,2,0,25,25,6,Gasoline,0
29,173,1377,1,3,0,20,20,6,Hybrid,0
95,173,1378,2,1,0,20,25,7,Electric,150
30,173,1378,2,2,0,25,20,6,Hybrid,0
14,173,1378,2,3,1,20,25,7,Gasoline,0
161,173,1379,3,1,0,20,30,8,Electric,250
41,173,1379,3,2,0,20,25,7,Hybrid,0
35,173,1379,3,3,1,20,30,6,Hybrid,0
87,173,1380,4,1,0,25,25,6,Electric,150
23,173,1380,4,2,0,20,25,8,Gasoline,0
8,173,1380,4,3,1,20,30,6,Gasoline,0
47,173,1381,5,1,0,20,20,8,Hybrid,0
128,173,1381,5,2,0,20,20,8,Electric,200
50,173,1381,5,3,1,20,25,8,Hybrid,0
27,173,1382,6,1,1,25,30,8,Gasoline,0
42,173,1382,6,2,0,25,25,7,Hybrid,0
33,173,1382,6,3,0,25,25,6,Hybrid,0
137,173,1383,7,1,0,20,20,6,Electric,250
109,173,1383,7,2,0,15,20,6,Electric,200
121,173,1383,7,3,1,15,25,7,Electric,200
9,173,1384,8,1,0,25,30,6,Gasoline,0
74,173,1384,8,2,0,20,20,8,Electric,100
43,173,1384,8,3,1,15,30,7,Hybrid,0
9,174,1385,1,1,0,25,30,6,Gasoline,0
105,174,1385,1,2,0,25,25,8,Electric,150
119,174,1385,1,3,1,20,20,7,Electric,200
8,174,1386,2,1,1,20,30,6,Gasoline,0
60,174,1386,2,2,0,25,25,6,Electric,100
6,174,1386,2,3,0,25,25,6,Gasoline,0
96,174,1387,3,1,0,25,25,7,Electric,150
41,174,1387,3,2,1,20,25,7,Hybrid,0
29,174,1387,3,3,0,20,20,6,Hybrid,0
161,174,1388,4,1,0,20,30,8,Electric,250
32,174,1388,4,2,0,20,25,6,Hybrid,0
98,174,1388,4,3,1,20,30,7,Electric,150
118,174,1389,5,1,1,15,20,7,Electric,200
11,174,1389,5,2,0,20,20,7,Gasoline,0
77,174,1389,5,3,0,20,25,8,Electric,100
5,174,1390,6,1,0,20,25,6,Gasoline,0
40,174,1390,6,2,1,15,25,7,Hybrid,0
61,174,1390,6,3,0,15,30,6,Electric,100
74,174,1391,7,1,0,20,20,8,Electric,100
137,174,1391,7,2,0,20,20,6,Electric,250
95,174,1391,7,3,1,20,25,7,Electric,150
145,174,1392,8,1,1,15,20,7,Electric,250
107,174,1392,8,2,0,20,30,8,Electric,150
2,174,1392,8,3,0,20,20,6,Gasoline,0
124,175,1393,1,1,1,15,30,7,Electric,200
30,175,1393,1,2,0,25,20,6,Hybrid,0
106,175,1393,1,3,0,15,30,8,Electric,150
17,175,1394,2,1,0,20,30,7,Gasoline,0
25,175,1394,2,2,0,15,30,8,Gasoline,0
49,175,1394,2,3,1,15,25,8,Hybrid,0
160,175,1395,3,1,1,15,30,8,Electric,250
17,175,1395,3,2,0,20,30,7,Gasoline,0
11,175,1395,3,3,0,20,20,7,Gasoline,0
154,175,1396,4,1,0,15,20,8,Electric,250
34,175,1396,4,2,1,15,30,6,Hybrid,0
5,175,1396,4,3,0,20,25,6,Gasoline,0
20,175,1397,5,1,0,20,20,8,Gasoline,0
89,175,1397,5,2,0,20,30,6,Electric,150
64,175,1397,5,3,1,15,20,7,Electric,100
44,175,1398,6,1,1,20,30,7,Hybrid,0
6,175,1398,6,2,0,25,25,6,Gasoline,0
57,175,1398,6,3,0,25,20,6,Electric,100
54,175,1399,7,1,0,25,30,8,Hybrid,0
100,175,1399,7,2,1,15,20,8,Electric,150
11,175,1399,7,3,0,20,20,7,Gasoline,0
27,175,1400,8,1,0,25,30,8,Gasoline,0
80,175,1400,8,2,1,20,30,8,Electric,100
123,175,1400,8,3,0,25,25,7,Electric,200
10,176,1401,1,1,1,15,20,7,Gasoline,0
21,176,1401,1,2,0,25,20,8,Gasoline,0
3,176,1401,1,3,0,25,20,6,Gasoline,0
112,176,1402,2,1,0,15,25,6,Electric,200
62,176,1402,2,2,0,20,30,6,Electric,100
25,176,1402,2,3,1,15,30,8,Gasoline,0
106,176,1403,3,1,1,15,30,8,Electric,150
102,176,1403,3,2,0,25,20,8,Electric,150
4,176,1403,3,3,0,15,25,6,Gasoline,0
52,176,1404,4,1,0,15,30,8,Hybrid,0
38,176,1404,4,2,0,20,20,7,Hybrid,0
37,176,1404,4,3,1,15,20,7,Hybrid,0
80,176,1405,5,1,0,20,30,8,Electric,100
25,176,1405,5,2,1,15,30,8,Gasoline,0
157,176,1405,5,3,0,15,25,8,Electric,250
60,176,1406,6,1,0,25,25,6,Electric,100
157,176,1406,6,2,1,15,25,8,Electric,250
41,176,1406,6,3,0,20,25,7,Hybrid,0
17,176,1407,7,1,1,20,30,7,Gasoline,0
33,176,1407,7,2,0,25,25,6,Hybrid,0
28,176,1407,7,3,0,15,20,6,Hybrid,0
28,176,1408,8,1,1,15,20,6,Hybrid,0
74,176,1408,8,2,0,20,20,8,Electric,100
17,176,1408,8,3,0,20,30,7,Gasoline,0
85,177,1409,1,1,1,15,25,6,Electric,150
1,177,1409,1,2,0,15,20,6,Gasoline,0
158,177,1409,1,3,0,20,25,8,Electric,250
52,177,1410,2,1,1,15,30,8,Hybrid,0
40,177,1410,2,2,0,15,25,7,Hybrid,0
15,177,1410,2,3,0,25,25,7,Gasoline,0
44,177,1411,3,1,1,20,30,7,Hybrid,0
29,177,1411,3,2,0,20,20,6,Hybrid,0
141,177,1411,3,3,0,25,25,6,Electric,250
125,177,1412,4,1,0,20,30,7,Electric,200
22,177,1412,4,2,1,15,25,8,Gasoline,0
36,177,1412,4,3,0,25,30,6,Hybrid,0
4,177,1413,5,1,1,15,25,6,Gasoline,0
30,177,1413,5,2,0,25,20,6,Hybrid,0
32,177,1413,5,3,0,20,25,6,Hybrid,0
10,177,1414,6,1,0,15,20,7,Gasoline,0
149,177,1414,6,2,0,20,25,7,Electric,250
52,177,1414,6,3,1,15,30,8,Hybrid,0
46,177,1415,7,1,1,15,20,8,Hybrid,0
16,177,1415,7,2,0,15,30,7,Gasoline,0
78,177,1415,7,3,0,25,25,8,Electric,100
25,177,1416,8,1,0,15,30,8,Gasoline,0
118,177,1416,8,2,0,15,20,7,Electric,200
31,177,1416,8,3,1,15,25,6,Hybrid,0
43,178,1417,1,1,0,15,30,7,Hybrid,0
13,178,1417,1,2,1,15,25,7,Gasoline,0
42,178,1417,1,3,0,25,25,7,Hybrid,0
46,178,1418,2,1,0,15,20,8,Hybrid,0
90,178,1418,2,2,0,25,30,6,Electric,150
29,178,1418,2,3,1,20,20,6,Hybrid,0
51,178,1419,3,1,1,25,25,8,Hybrid,0
12,178,1419,3,2,0,25,20,7,Gasoline,0
42,178,1419,3,3,0,25,25,7,Hybrid,0
49,178,1420,4,1,1,15,25,8,Hybrid,0
56,178,1420,4,2,0,20,20,6,Electric,100
10,178,1420,4,3,0,15,20,7,Gasoline,0
2,178,1421,5,1,1,20,20,6,Gasoline,0
74,178,1421,5,2,0,20,20,8,Electric,100
107,178,1421,5,3,0,20,30,8,Electric,150
116,178,1422,6,1,0,20,30,6,Electric,200
146,178,1422,6,2,0,20,20,7,Electric,250
139,178,1422,6,3,1,15,25,6,Electric,250
7,178,1423,7,1,0,15,30,6,Gasoline,0
126,178,1423,7,2,0,25,30,7,Electric,200
40,178,1423,7,3,1,15,25,7,Hybrid,0
2,178,1424,8,1,0,20,20,6,Gasoline,0
155,178,1424,8,2,0,20,20,8,Electric,250
43,178,1424,8,3,1,15,30,7,Hybrid,0
49,179,1425,1,1,1,15,25,8,Hybrid,0
89,179,1425,1,2,0,20,30,6,Electric,150
119,179,1425,1,3,0,20,20,7,Electric,200
53,179,1426,2,1,0,20,30,8,Hybrid,0
34,179,1426,2,2,1,15,30,6,Hybrid,0
86,179,1426,2,3,0,20,25,6,Electric,150
28,179,1427,3,1,0,15,20,6,Hybrid,0
122,179,1427,3,2,0,20,25,7,Electric,200
46,179,1427,3,3,1,15,20,8,Hybrid,0
44,179,1428,4,1,0,20,30,7,Hybrid,0
106,179,1428,4,2,1,15,30,8,Electric,150
90,179,1428,4,3,0,25,30,6,Electric,150
35,179,1429,5,1,0,20,30,6,Hybrid,0
15,179,1429,5,2,0,25,25,7,Gasoline,0
1,179,1429,5,3,1,15,20,6,Gasoline,0
51,179,1430,6,1,0,25,25,8,Hybrid,0
54,179,1430,6,2,1,25,30,8,Hybrid,0
3,179,1430,6,3,0,25,20,6,Gasoline,0
13,179,1431,7,1,1,15,25,7,Gasoline,0
35,179,1431,7,2,0,20,30,6,Hybrid,0
44,179,1431,7,3,0,20,30,7,Hybrid,0
81,179,1432,8,1,0,25,30,8,Electric,100
113,179,1432,8,2,1,20,25,6,Electric,200
21,179,1432,8,3,0,25,20,8,Gasoline,0
9,180,1433,1,1,0,25,30,6,Gasoline,0
5,180,1433,1,2,1,20,25,6,Gasoline,0
38,180,1433,1,3,0,20,20,7,Hybrid,0
20,180,1434,2,1,0,20,20,8,Gasoline,0
49,180,1434,2,2,1,15,25,8,Hybrid,0
74,180,1434,2,3,0,20,20,8,Electric,100
97,180,1435,3,1,1,15,30,7,Electric,150
100,180,1435,3,2,0,15,20,8,Electric,150
48,180,1435,3,3,0,25,20,8,Hybrid,0
22,180,1436,4,1,0,15,25,8,Gasoline,0
40,180,1436,4,2,1,15,25,7,Hybrid,0
32,180,1436,4,3,0,20,25,6,Hybrid,0
27,180,1437,5,1,0,25,30,8,Gasoline,0
128,180,1437,5,2,0,20,20,8,Electric,200
13,180,1437,5,3,1,15,25,7,Gasoline,0
128,180,1438,6,1,0,20,20,8,Electric,200
52,180,1438,6,2,1,15,30,8,Hybrid,0
11,180,1438,6,3,0,20,20,7,Gasoline,0
34,180,1439,7,1,0,15,30,6,Hybrid,0
154,180,1439,7,2,1,15,20,8,Electric,250
131,180,1439,7,3,0,20,25,8,Electric,200
5,180,1440,8,1,1,20,25,6,Gasoline,0
86,180,1440,8,2,0,20,25,6,Electric,150
53,180,1440,8,3,0,20,30,8,Hybrid,0
24,181,1441,1,1,0,25,25,8,Gasoline,0
90,181,1441,1,2,0,25,30,6,Electric,150
42,181,1441,1,3,1,25,25,7,Hybrid,0
3,181,1442,2,1,0,25,20,6,Gasoline,0
2,181,1442,2,2,0,20,20,6,Gasoline,0
50,181,1442,2,3,1,20,25,8,Hybrid,0
83,181,1443,3,1,0,20,20,6,Electric,150
146,181,1443,3,2,1,20,20,7,Electric,250
6,181,1443,3,3,0,25,25,6,Gasoline,0
119,181,1444,4,1,0,20,20,7,Electric,200
8,181,1444,4,2,1,20,30,6,Gasoline,0
41,181,1444,4,3,0,20,25,7,Hybrid,0
96,181,1445,5,1,0,25,25,7,Electric,150
8,181,1445,5,2,0,20,30,6,Gasoline,0
49,181,1445,5,3,1,15,25,8,Hybrid,0
46,181,1446,6,1,1,15,20,8,Hybrid,0
15,181,1446,6,2,0,25,25,7,Gasoline,0
68,181,1446,6,3,0,20,25,7,Electric,100
156,181,1447,7,1,0,25,20,8,Electric,250
41,181,1447,7,2,1,20,25,7,Hybrid,0
6,181,1447,7,3,0,25,25,6,Gasoline,0
44,181,1448,8,1,0,20,30,7,Hybrid,0
59,181,1448,8,2,0,20,25,6,Electric,100
37,181,1448,8,3,1,15,20,7,Hybrid,0
72,182,1449,1,1,0,25,30,7,Electric,100
115,182,1449,1,2,1,15,30,6,Electric,200
135,182,1449,1,3,0,25,30,8,Electric,200
162,182,1450,2,1,0,25,30,8,Electric,250
71,182,1450,2,2,0,20,30,7,Electric,100
25,182,1450,2,3,1,15,30,8,Gasoline,0
74,182,1451,3,1,0,20,20,8,Electric,100
107,182,1451,3,2,0,20,30,8,Electric,150
16,182,1451,3,3,1,15,30,7,Gasoline,0
35,182,1452,4,1,0,20,30,6,Hybrid,0
87,182,1452,4,2,0,25,25,6,Electric,150
16,182,1452,4,3,1,15,30,7,Gasoline,0
1,182,1453,5,1,1,15,20,6,Gasoline,0
114,182,1453,5,2,0,25,25,6,Electric,200
20,182,1453,5,3,0,20,20,8,Gasoline,0
16,182,1454,6,1,0,15,30,7,Gasoline,0
14,182,1454,6,2,1,20,25,7,Gasoline,0
73,182,1454,6,3,0,15,20,8,Electric,100
155,182,1455,7,1,1,20,20,8,Electric,250
41,182,1455,7,2,0,20,25,7,Hybrid,0
93,182,1455,7,3,0,25,20,7,Electric,150
7,182,1456,8,1,1,15,30,6,Gasoline,0
4,182,1456,8,2,0,15,25,6,Gasoline,0
8,182,1456,8,3,0,20,30,6,Gasoline,0
27,183,1457,1,1,0,25,30,8,Gasoline,0
52,183,1457,1,2,1,15,30,8,Hybrid,0
85,183,1457,1,3,0,15,25,6,Electric,150
30,183,1458,2,1,0,25,20,6,Hybrid,0
50,183,1458,2,2,0,20,25,8,Hybrid,0
58,183,1458,2,3,1,15,25,6,Electric,100
140,183,1459,3,1,1,20,25,6,Electric,250
89,183,1459,3,2,0,20,30,6,Electric,150
114,183,1459,3,3,0,25,25,6,Electric,200
8,183,1460,4,1,1,20,30,6,Gasoline,0
39,183,1460,4,2,0,25,20,7,Hybrid,0
74,183,1460,4,3,0,20,20,8,Electric,100
8,183,1461,5,1,0,20,30,6,Gasoline,0
37,183,1461,5,2,1,15,20,7,Hybrid,0
51,183,1461,5,3,0,25,25,8,Hybrid,0
60,183,1462,6,1,0,25,25,6,Electric,100
135,183,1462,6,2,0,25,30,8,Electric,200
29,183,1462,6,3,1,20,20,6,Hybrid,0
51,183,1463,7,1,0,25,25,8,Hybrid,0
13,183,1463,7,2,1,15,25,7,Gasoline,0
17,183,1463,7,3,0,20,30,7,Gasoline,0
138,183,1464,8,1,0,25,20,6,Electric,250
6,183,1464,8,2,1,25,25,6,Gasoline,0
18,183,1464,8,3,0,25,30,7,Gasoline,0
154,184,1465,1,1,1,15,20,8,Electric,250
15,184,1465,1,2,0,25,25,7,Gasoline,0
32,184,1465,1,3,0,20,25,6,Hybrid,0
3,184,1466,2,1,0,25,20,6,Gasoline,0
35,184,1466,2,2,0,20,30,6,Hybrid,0
13,184,1466,2,3,1,15,25,7,Gasoline,0
35,184,1467,3,1,1,20,30,6,Hybrid,0
20,184,1467,3,2,0,20,20,8,Gasoline,0
39,184,1467,3,3,0,25,20,7,Hybrid,0
49,184,1468,4,1,1,15,25,8,Hybrid,0
46,184,1468,4,2,0,15,20,8,Hybrid,0
2,184,1468,4,3,0,20,20,6,Gasoline,0
26,184,1469,5,1,0,20,30,8,Gasoline,0
8,184,1469,5,2,0,20,30,6,Gasoline,0
13,184,1469,5,3,1,15,25,7,Gasoline,0
41,184,1470,6,1,1,20,25,7,Hybrid,0
116,184,1470,6,2,0,20,30,6,Electric,200
132,184,1470,6,3,0,25,25,8,Electric,200
42,184,1471,7,1,0,25,25,7,Hybrid,0
35,184,1471,7,2,0,20,30,6,Hybrid,0
8,184,1471,7,3,1,20,30,6,Gasoline,0
141,184,1472,8,1,0,25,25,6,Electric,250
126,184,1472,8,2,1,25,30,7,Electric,200
114,184,1472,8,3,0,25,25,6,Electric,200
141,185,1473,1,1,0,25,25,6,Electric,250
20,185,1473,1,2,0,20,20,8,Gasoline,0
58,185,1473,1,3,1,15,25,6,Electric,100
61,185,1474,2,1,0,15,30,6,Electric,100
53,185,1474,2,2,0,20,30,8,Hybrid,0
4,185,1474,2,3,1,15,25,6,Gasoline,0
46,185,1475,3,1,1,15,20,8,Hybrid,0
154,185,1475,3,2,0,15,20,8,Electric,250
17,185,1475,3,3,0,20,30,7,Gasoline,0
31,185,1476,4,1,1,15,25,6,Hybrid,0
10,185,1476,4,2,0,15,20,7,Gasoline,0
23,185,1476,4,3,0,20,25,8,Gasoline,0
43,185,1477,5,1,1,15,30,7,Hybrid,0
30,185,1477,5,2,0,25,20,6,Hybrid,0
101,185,1477,5,3,0,20,20,8,Electric,150
1,185,1478,6,1,1,15,20,6,Gasoline,0
18,185,1478,6,2,0,25,30,7,Gasoline,0
19,185,1478,6,3,0,15,20,8,Gasoline,0
50,185,1479,7,1,0,20,25,8,Hybrid,0
17,185,1479,7,2,1,20,30,7,Gasoline,0
48,185,1479,7,3,0,25,20,8,Hybrid,0
19,185,1480,8,1,0,15,20,8,Gasoline,0
14,185,1480,8,2,0,20,25,7,Gasoline,0
16,185,1480,8,3,1,15,30,7,Gasoline,0
117,186,1481,1,1,0,25,30,6,Electric,200
15,186,1481,1,2,0,25,25,7,Gasoline,0
5,186,1481,1,3,1,20,25,6,Gasoline,0
89,186,1482,2,1,0,20,30,6,Electric,150
36,186,1482,2,2,0,25,30,6,Hybrid,0
124,186,1482,2,3,1,15,30,7,Electric,200
92,186,1483,3,1,0,20,20,7,Electric,150
101,186,1483,3,2,0,20,20,8,Electric,150
152,186,1483,3,3,1,20,30,7,Electric,250
135,186,1484,4,1,0,25,30,8,Electric,200
27,186,1484,4,2,1,25,30,8,Gasoline,0
86,186,1484,4,3,0,20,25,6,Electric,150
162,186,1485,5,1,0,25,30,8,Electric,250
36,186,1485,5,2,0,25,30,6,Hybrid,0
143,186,1485,5,3,1,20,30,6,Electric,250
10,186,1486,6,1,0,15,20,7,Gasoline,0
87,186,1486,6,2,0,25,25,6,Electric,150
52,186,1486,6,3,1,15,30,8,Hybrid,0
138,186,1487,7,1,0,25,20,6,Electric,250
33,186,1487,7,2,1,25,25,6,Hybrid,0
65,186,1487,7,3,0,20,20,7,Electric,100
1,186,1488,8,1,1,15,20,6,Gasoline,0
39,186,1488,8,2,0,25,20,7,Hybrid,0
116,186,1488,8,3,0,20,30,6,Electric,200
144,187,1489,1,1,0,25,30,6,Electric,250
27,187,1489,1,2,0,25,30,8,Gasoline,0
35,187,1489,1,3,1,20,30,6,Hybrid,0
2,187,1490,2,1,0,20,20,6,Gasoline,0
34,187,1490,2,2,1,15,30,6,Hybrid,0
32,187,1490,2,3,0,20,25,6,Hybrid,0
16,187,1491,3,1,1,15,30,7,Gasoline,0
39,187,1491,3,2,0,25,20,7,Hybrid,0
148,187,1491,3,3,0,15,25,7,Electric,250
34,187,1492,4,1,1,15,30,6,Hybrid,0
5,187,1492,4,2,0,20,25,6,Gasoline,0
135,187,1492,4,3,0,25,30,8,Electric,200
25,187,1493,5,1,0,15,30,8,Gasoline,0
52,187,1493,5,2,1,15,30,8,Hybrid,0
61,187,1493,5,3,0,15,30,6,Electric,100
149,187,1494,6,1,1,20,25,7,Electric,250
80,187,1494,6,2,0,20,30,8,Electric,100
51,187,1494,6,3,0,25,25,8,Hybrid,0
16,187,1495,7,1,1,15,30,7,Gasoline,0
21,187,1495,7,2,0,25,20,8,Gasoline,0
53,187,1495,7,3,0,20,30,8,Hybrid,0
19,187,1496,8,1,0,15,20,8,Gasoline,0
40,187,1496,8,2,1,15,25,7,Hybrid,0
66,187,1496,8,3,0,25,20,7,Electric,100
35,188,1497,1,1,0,20,30,6,Hybrid,0
16,188,1497,1,2,1,15,30,7,Gasoline,0
29,188,1497,1,3,0,20,20,6,Hybrid,0
72,188,1498,2,1,1,25,30,7,Electric,100
12,188,1498,2,2,0,25,20,7,Gasoline,0
105,188,1498,2,3,0,25,25,8,Electric,150
88,188,1499,3,1,1,15,30,6,Electric,150
45,188,1499,3,2,0,25,30,7,Hybrid,0
21,188,1499,3,3,0,25,20,8,Gasoline,0
46,188,1500,4,1,0,15,20,8,Hybrid,0
42,188,1500,4,2,0,25,25,7,Hybrid,0
154,188,1500,4,3,1,15,20,8,Electric,250
157,188,1501,5,1,1,15,25,8,Electric,250
22,188,1501,5,2,0,15,25,8,Gasoline,0
18,188,1501,5,3,0,25,30,7,Gasoline,0
37,188,1502,6,1,0,15,20,7,Hybrid,0
130,188,1502,6,2,0,15,25,8,Electric,200
16,188,1502,6,3,1,15,30,7,Gasoline,0
21,188,1503,7,1,0,25,20,8,Gasoline,0
94,188,1503,7,2,1,15,25,7,Electric,150
71,188,1503,7,3,0,20,30,7,Electric,100
115,188,1504,8,1,1,15,30,6,Electric,200
23,188,1504,8,2,0,20,25,8,Gasoline,0
39,188,1504,8,3,0,25,20,7,Hybrid,0
144,189,1505,1,1,0,25,30,6,Electric,250
36,189,1505,1,2,0,25,30,6,Hybrid,0
46,189,1505,1,3,1,15,20,8,Hybrid,0
17,189,1506,2,1,1,20,30,7,Gasoline,0
126,189,1506,2,2,0,25,30,7,Electric,200
20,189,1506,2,3,0,20,20,8,Gasoline,0
20,189,1507,3,1,0,20,20,8,Gasoline,0
138,189,1507,3,2,0,25,20,6,Electric,250
82,189,1507,3,3,1,15,20,6,Electric,150
35,189,1508,4,1,0,20,30,6,Hybrid,0
154,189,1508,4,2,1,15,20,8,Electric,250
143,189,1508,4,3,0,20,30,6,Electric,250
20,189,1509,5,1,0,20,20,8,Gasoline,0
9,189,1509,5,2,0,25,30,6,Gasoline,0
52,189,1509,5,3,1,15,30,8,Hybrid,0
65,189,1510,6,1,0,20,20,7,Electric,100
69,189,1510,6,2,0,25,25,7,Electric,100
47,189,1510,6,3,1,20,20,8,Hybrid,0
154,189,1511,7,1,1,15,20,8,Electric,250
22,189,1511,7,2,0,15,25,8,Gasoline,0
36,189,1511,7,3,0,25,30,6,Hybrid,0
41,189,1512,8,1,0,20,25,7,Hybrid,0
7,189,1512,8,2,1,15,30,6,Gasoline,0
43,189,1512,8,3,0,15,30,7,Hybrid,0
18,190,1513,1,1,0,25,30,7,Gasoline,0
17,190,1513,1,2,0,20,30,7,Gasoline,0
128,190,1513,1,3,1,20,20,8,Electric,200
30,190,1514,2,1,0,25,20,6,Hybrid,0
142,190,1514,2,2,1,15,30,6,Electric,250
39,190,1514,2,3,0,25,20,7,Hybrid,0
44,190,1515,3,1,1,20,30,7,Hybrid,0
2,190,1515,3,2,0,20,20,6,Gasoline,0
135,190,1515,3,3,0,25,30,8,Electric,200
6,190,1516,4,1,0,25,25,6,Gasoline,0
58,190,1516,4,2,0,15,25,6,Electric,100
8,190,1516,4,3,1,20,30,6,Gasoline,0
14,190,1517,5,1,0,20,25,7,Gasoline,0
26,190,1517,5,2,0,20,30,8,Gasoline,0
136,190,1517,5,3,1,15,20,6,Electric,250
30,190,1518,6,1,1,25,20,6,Hybrid,0
77,190,1518,6,2,0,20,25,8,Electric,100
45,190,1518,6,3,0,25,30,7,Hybrid,0
151,190,1519,7,1,1,15,30,7,Electric,250
104,190,1519,7,2,0,20,25,8,Electric,150
35,190,1519,7,3,0,20,30,6,Hybrid,0
20,190,1520,8,1,0,20,20,8,Gasoline,0
7,190,1520,8,2,1,15,30,6,Gasoline,0
81,190,1520,8,3,0,25,30,8,Electric,100
134,191,1521,1,1,1,20,30,8,Electric,200
65,191,1521,1,2,0,20,20,7,Electric,100
60,191,1521,1,3,0,25,25,6,Electric,100
19,191,1522,2,1,1,15,20,8,Gasoline,0
5,191,1522,2,2,0,20,25,6,Gasoline,0
77,191,1522,2,3,0,20,25,8,Electric,100
15,191,1523,3,1,0,25,25,7,Gasoline,0
38,191,1523,3,2,0,20,20,7,Hybrid,0
17,191,1523,3,3,1,20,30,7,Gasoline,0
74,191,1524,4,1,0,20,20,8,Electric,100
24,191,1524,4,2,0,25,25,8,Gasoline,0
154,191,1524,4,3,1,15,20,8,Electric,250
14,191,1525,5,1,1,20,25,7,Gasoline,0
92,191,1525,5,2,0,20,20,7,Electric,150
51,191,1525,5,3,0,25,25,8,Hybrid,0
76,191,1526,6,1,1,15,25,8,Electric,100
10,191,1526,6,2,0,15,20,7,Gasoline,0
81,191,1526,6,3,0,25,30,8,Electric,100
119,191,1527,7,1,1,20,20,7,Electric,200
12,191,1527,7,2,0,25,20,7,Gasoline,0
6,191,1527,7,3,0,25,25,6,Gasoline,0
24,191,1528,8,1,0,25,25,8,Gasoline,0
8,191,1528,8,2,1,20,30,6,Gasoline,0
5,191,1528,8,3,0,20,25,6,Gasoline,0
37,192,1529,1,1,1,15,20,7,Hybrid,0
35,192,1529,1,2,0,20,30,6,Hybrid,0
73,192,1529,1,3,0,15,20,8,Electric,100
32,192,1530,2,1,0,20,25,6,Hybrid,0
22,192,1530,2,2,1,15,25,8,Gasoline,0
46,192,1530,2,3,0,15,20,8,Hybrid,0
91,192,1531,3,1,0,15,20,7,Electric,150
99,192,1531,3,2,0,25,30,7,Electric,150
142,192,1531,3,3,1,15,30,6,Electric,250
41,192,1532,4,1,0,20,25,7,Hybrid,0
109,192,1532,4,2,1,15,20,6,Electric,200
35,192,1532,4,3,0,20,30,6,Hybrid,0
43,192,1533,5,1,1,15,30,7,Hybrid,0
128,192,1533,5,2,0,20,20,8,Electric,200
21,192,1533,5,3,0,25,20,8,Gasoline,0
32,192,1534,6,1,1,20,25,6,Hybrid,0
81,192,1534,6,2,0,25,30,8,Electric,100
42,192,1534,6,3,0,25,25,7,Hybrid,0
130,192,1535,7,1,0,15,25,8,Electric,200
150,192,1535,7,2,0,25,25,7,Electric,250
31,192,1535,7,3,1,15,25,6,Hybrid,0
133,192,1536,8,1,1,15,30,8,Electric,200
49,192,1536,8,2,0,15,25,8,Hybrid,0
32,192,1536,8,3,0,20,25,6,Hybrid,0
40,193,1537,1,1,1,15,25,7,Hybrid,0
3,193,1537,1,2,0,25,20,6,Gasoline,0
156,193,1537,1,3,0,25,20,8,Electric,250
20,193,1538,2,1,0,20,20,8,Gasoline,0
89,193,1538,2,2,1,20,30,6,Electric,150
45,193,1538,2,3,0,25,30,7,Hybrid,0
88,193,1539,3,1,0,15,30,6,Electric,150
9,193,1539,3,2,0,25,30,6,Gasoline,0
31,193,1539,3,3,1,15,25,6,Hybrid,0
31,193,1540,4,1,1,15,25,6,Hybrid,0
84,193,1540,4,2,0,25,20,6,Electric,150
156,193,1540,4,3,0,25,20,8,Electric,250
4,193,1541,5,1,1,15,25,6,Gasoline,0
47,193,1541,5,2,0,20,20,8,Hybrid,0
65,193,1541,5,3,0,20,20,7,Electric,100
5,193,1542,6,1,0,20,25,6,Gasoline,0
142,193,1542,6,2,1,15,30,6,Electric,250
43,193,1542,6,3,0,15,30,7,Hybrid,0
71,193,1543,7,1,0,20,30,7,Electric,100
16,193,1543,7,2,1,15,30,7,Gasoline,0
36,193,1543,7,3,0,25,30,6,Hybrid,0
68,193,1544,8,1,1,20,25,7,Electric,100
138,193,1544,8,2,0,25,20,6,Electric,250
144,193,1544,8,3,0,25,30,6,Electric,250
62,194,1545,1,1,0,20,30,6,Electric,100
35,194,1545,1,2,0,20,30,6,Hybrid,0
40,194,1545,1,3,1,15,25,7,Hybrid,0
27,194,1546,2,1,0,25,30,8,Gasoline,0
23,194,1546,2,2,0,20,25,8,Gasoline,0
28,194,1546,2,3,1,15,20,6,Hybrid,0
36,194,1547,3,1,0,25,30,6,Hybrid,0
145,194,1547,3,2,1,15,20,7,Electric,250
17,194,1547,3,3,0,20,30,7,Gasoline,0
5,194,1548,4,1,0,20,25,6,Gasoline,0
34,194,1548,4,2,1,15,30,6,Hybrid,0
45,194,1548,4,3,0,25,30,7,Hybrid,0
130,194,1549,5,1,0,15,25,8,Electric,200
37,194,1549,5,2,0,15,20,7,Hybrid,0
31,194,1549,5,3,1,15,25,6,Hybrid,0
36,194,1550,6,1,0,25,30,6,Hybrid,0
138,194,1550,6,2,1,25,20,6,Electric,250
100,194,1550,6,3,0,15,20,8,Electric,150
12,194,1551,7,1,0,25,20,7,Gasoline,0
6,194,1551,7,2,0,25,25,6,Gasoline,0
45,194,1551,7,3,1,25,30,7,Hybrid,0
39,194,1552,8,1,0,25,20,7,Hybrid,0
62,194,1552,8,2,0,20,30,6,Electric,100
4,194,1552,8,3,1,15,25,6,Gasoline,0
60,195,1553,1,1,0,25,25,6,Electric,100
19,195,1553,1,2,1,15,20,8,Gasoline,0
63,195,1553,1,3,0,25,30,6,Electric,100
12,195,1554,2,1,0,25,20,7,Gasoline,0
13,195,1554,2,2,1,15,25,7,Gasoline,0
50,195,1554,2,3,0,20,25,8,Hybrid,0
17,195,1555,3,1,0,20,30,7,Gasoline,0
9,195,1555,3,2,0,25,30,6,Gasoline,0
121,195,1555,3,3,1,15,25,7,Electric,200
24,195,1556,4,1,0,25,25,8,Gasoline,0
28,195,1556,4,2,0,15,20,6,Hybrid,0
52,195,1556,4,3,1,15,30,8,Hybrid,0
13,195,1557,5,1,1,15,25,7,Gasoline,0
115,195,1557,5,2,0,15,30,6,Electric,200
4,195,1557,5,3,0,15,25,6,Gasoline,0
155,195,1558,6,1,0,20,20,8,Electric,250
46,195,1558,6,2,1,15,20,8,Hybrid,0
79,195,1558,6,3,0,15,30,8,Electric,100
161,195,1559,7,1,0,20,30,8,Electric,250
51,195,1559,7,2,0,25,25,8,Hybrid,0
121,195,1559,7,3,1,15,25,7,Electric,200
149,195,1560,8,1,1,20,25,7,Electric,250
45,195,1560,8,2,0,25,30,7,Hybrid,0
48,195,1560,8,3,0,25,20,8,Hybrid,0
3,196,1561,1,1,0,25,20,6,Gasoline,0
22,196,1561,1,2,1,15,25,8,Gasoline,0
44,196,1561,1,3,0,20,30,7,Hybrid,0
26,196,1562,2,1,0,20,30,8,Gasoline,0
24,196,1562,2,2,0,25,25,8,Gasoline,0
35,196,1562,2,3,1,20,30,6,Hybrid,0
54,196,1563,3,1,0,25,30,8,Hybrid,0
46,196,1563,3,2,1,15,20,8,Hybrid,0
32,196,1563,3,3,0,20,25,6,Hybrid,0
37,196,1564,4,1,1,15,20,7,Hybrid,0
156,196,1564,4,2,0,25,20,8,Electric,250
9,196,1564,4,3,0,25,30,6,Gasoline,0
32,196,1565,5,1,1,20,25,6,Hybrid,0
105,196,1565,5,2,0,25,25,8,Electric,150
116,196,1565,5,3,0,20,30,6,Electric,200
131,196,1566,6,1,0,20,25,8,Electric,200
50,196,1566,6,2,0,20,25,8,Hybrid,0
22,196,1566,6,3,1,15,25,8,Gasoline,0
137,196,1567,7,1,0,20,20,6,Electric,250
10,196,1567,7,2,1,15,20,7,Gasoline,0
27,196,1567,7,3,0,25,30,8,Gasoline,0
161,196,1568,8,1,1,20,30,8,Electric,250
96,196,1568,8,2,0,25,25,7,Electric,150
8,196,1568,8,3,0,20,30,6,Gasoline,0
23,197,1569,1,1,0,20,25,8,Gasoline,0
16,197,1569,1,2,1,15,30,7,Gasoline,0
10,197,1569,1,3,0,15,20,7,Gasoline,0
92,197,1570,2,1,0,20,20,7,Electric,150
23,197,1570,2,2,0,20,25,8,Gasoline,0
8,197,1570,2,3,1,20,30,6,Gasoline,0
80,197,1571,3,1,1,20,30,8,Electric,100
75,197,1571,3,2,0,25,20,8,Electric,100
11,197,1571,3,3,0,20,20,7,Gasoline,0
44,197,1572,4,1,0,20,30,7,Hybrid,0
70,197,1572,4,2,1,15,30,7,Electric,100
22,197,1572,4,3,0,15,25,8,Gasoline,0
12,197,1573,5,1,0,25,20,7,Gasoline,0
114,197,1573,5,2,0,25,25,6,Electric,200
136,197,1573,5,3,1,15,20,6,Electric,250
37,197,1574,6,1,0,15,20,7,Hybrid,0
54,197,1574,6,2,0,25,30,8,Hybrid,0
151,197,1574,6,3,1,15,30,7,Electric,250
68,197,1575,7,1,0,20,25,7,Electric,100
99,197,1575,7,2,0,25,30,7,Electric,150
110,197,1575,7,3,1,20,20,6,Electric,200
13,197,1576,8,1,1,15,25,7,Gasoline,0
1,197,1576,8,2,0,15,20,6,Gasoline,0
6,197,1576,8,3,0,25,25,6,Gasoline,0
146,198,1577,1,1,0,20,20,7,Electric,250
24,198,1577,1,2,0,25,25,8,Gasoline,0
22,198,1577,1,3,1,15,25,8,Gasoline,0
14,198,1578,2,1,1,20,25,7,Gasoline,0
63,198,1578,2,2,0,25,30,6,Electric,100
3,198,1578,2,3,0,25,20,6,Gasoline,0
40,198,1579,3,1,0,15,25,7,Hybrid,0
46,198,1579,3,2,0,15,20,8,Hybrid,0
16,198,1579,3,3,1,15,30,7,Gasoline,0
116,198,1580,4,1,1,20,30,6,Electric,200
26,198,1580,4,2,0,20,30,8,Gasoline,0
15,198,1580,4,3,0,25,25,7,Gasoline,0
102,198,1581,5,1,0,25,20,8,Electric,150
38,198,1581,5,2,1,20,20,7,Hybrid,0
51,198,1581,5,3,0,25,25,8,Hybrid,0
155,198,1582,6,1,0,20,20,8,Electric,250
133,198,1582,6,2,0,15,30,8,Electric,200
40,198,1582,6,3,1,15,25,7,Hybrid,0
42,198,1583,7,1,0,25,25,7,Hybrid,0
21,198,1583,7,2,0,25,20,8,Gasoline,0
47,198,1583,7,3,1,20,20,8,Hybrid,0
99,198,1584,8,1,0,25,30,7,Electric,150
23,198,1584,8,2,1,20,25,8,Gasoline,0
95,198,1584,8,3,0,20,25,7,Electric,150
27,199,1585,1,1,0,25,30,8,Gasoline,0
28,199,1585,1,2,1,15,20,6,Hybrid,0
39,199,1585,1,3,0,25,20,7,Hybrid,0
28,199,1586,2,1,1,15,20,6,Hybrid,0
75,199,1586,2,2,0,25,20,8,Electric,100
7,199,1586,2,3,0,15,30,6,Gasoline,0
7,199,1587,3,1,0,15,30,6,Gasoline,0
6,199,1587,3,2,0,25,25,6,Gasoline,0
43,199,1587,3,3,1,15,30,7,Hybrid,0
21,199,1588,4,1,0,25,20,8,Gasoline,0
42,199,1588,4,2,0,25,25,7,Hybrid,0
37,199,1588,4,3,1,15,20,7,Hybrid,0
31,199,1589,5,1,1,15,25,6,Hybrid,0
26,199,1589,5,2,0,20,30,8,Gasoline,0
17,199,1589,5,3,0,20,30,7,Gasoline,0
12,199,1590,6,1,0,25,20,7,Gasoline,0
19,199,1590,6,2,0,15,20,8,Gasoline,0
1,199,1590,6,3,1,15,20,6,Gasoline,0
22,199,1591,7,1,1,15,25,8,Gasoline,0
157,199,1591,7,2,0,15,25,8,Electric,250
32,199,1591,7,3,0,20,25,6,Hybrid,0
45,199,1592,8,1,1,25,30,7,Hybrid,0
75,199,1592,8,2,0,25,20,8,Electric,100
120,199,1592,8,3,0,25,20,7,Electric,200
5,200,1593,1,1,0,20,25,6,Gasoline,0
4,200,1593,1,2,1,15,25,6,Gasoline,0
125,200,1593,1,3,0,20,30,7,Electric,200
37,200,1594,2,1,1,15,20,7,Hybrid,0
104,200,1594,2,2,0,20,25,8,Electric,150
56,200,1594,2,3,0,20,20,6,Electric,100
75,200,1595,3,1,0,25,20,8,Electric,100
46,200,1595,3,2,1,15,20,8,Hybrid,0
100,200,1595,3,3,0,15,20,8,Electric,150
45,200,1596,4,1,0,25,30,7,Hybrid,0
154,200,1596,4,2,1,15,20,8,Electric,250
30,200,1596,4,3,0,25,20,6,Hybrid,0
132,200,1597,5,1,0,25,25,8,Electric,200
16,200,1597,5,2,1,15,30,7,Gasoline,0
93,200,1597,5,3,0,25,20,7,Electric,150
151,200,1598,6,1,1,15,30,7,Electric,250
3,200,1598,6,2,0,25,20,6,Gasoline,0
39,200,1598,6,3,0,25,20,7,Hybrid,0
22,200,1599,7,1,1,15,25,8,Gasoline,0
8,200,1599,7,2,0,20,30,6,Gasoline,0
3,200,1599,7,3,0,25,20,6,Gasoline,0
65,200,1600,8,1,0,20,20,7,Electric,100
28,200,1600,8,2,1,15,20,6,Hybrid,0
53,200,1600,8,3,0,20,30,8,Hybrid,0
30,201,1601,1,1,0,25,20,6,Hybrid,0
54,201,1601,1,2,0,25,30,8,Hybrid,0
45,201,1601,1,3,1,25,30,7,Hybrid,0
54,201,1602,2,1,0,25,30,8,Hybrid,0
43,201,1602,2,2,1,15,30,7,Hybrid,0
21,201,1602,2,3,0,25,20,8,Gasoline,0
34,201,1603,3,1,1,15,30,6,Hybrid,0
80,201,1603,3,2,0,20,30,8,Electric,100
35,201,1603,3,3,0,20,30,6,Hybrid,0
47,201,1604,4,1,0,20,20,8,Hybrid,0
53,201,1604,4,2,0,20,30,8,Hybrid,0
160,201,1604,4,3,1,15,30,8,Electric,250
10,201,1605,5,1,1,15,20,7,Gasoline,0
53,201,1605,5,2,0,20,30,8,Hybrid,0
35,201,1605,5,3,0,20,30,6,Hybrid,0
35,201,1606,6,1,1,20,30,6,Hybrid,0
147,201,1606,6,2,0,25,20,7,Electric,250
12,201,1606,6,3,0,25,20,7,Gasoline,0
22,201,1607,7,1,1,15,25,8,Gasoline,0
20,201,1607,7,2,0,20,20,8,Gasoline,0
58,201,1607,7,3,0,15,25,6,Electric,100
50,201,1608,8,1,0,20,25,8,Hybrid,0
26,201,1608,8,2,0,20,30,8,Gasoline,0
64,201,1608,8,3,1,15,20,7,Electric,100
140,202,1609,1,1,0,20,25,6,Electric,250
22,202,1609,1,2,1,15,25,8,Gasoline,0
120,202,1609,1,3,0,25,20,7,Electric,200
156,202,1610,2,1,0,25,20,8,Electric,250
14,202,1610,2,2,1,20,25,7,Gasoline,0
39,202,1610,2,3,0,25,20,7,Hybrid,0
39,202,1611,3,1,0,25,20,7,Hybrid,0
51,202,1611,3,2,0,25,25,8,Hybrid,0
49,202,1611,3,3,1,15,25,8,Hybrid,0
18,202,1612,4,1,0,25,30,7,Gasoline,0
31,202,1612,4,2,1,15,25,6,Hybrid,0
96,202,1612,4,3,0,25,25,7,Electric,150
107,202,1613,5,1,1,20,30,8,Electric,150
99,202,1613,5,2,0,25,30,7,Electric,150
83,202,1613,5,3,0,20,20,6,Electric,150
95,202,1614,6,1,0,20,25,7,Electric,150
60,202,1614,6,2,0,25,25,6,Electric,100
35,202,1614,6,3,1,20,30,6,Hybrid,0
19,202,1615,7,1,1,15,20,8,Gasoline,0
55,202,1615,7,2,0,15,20,6,Electric,100
119,202,1615,7,3,0,20,20,7,Electric,200
150,202,1616,8,1,0,25,25,7,Electric,250
34,202,1616,8,2,1,15,30,6,Hybrid,0
33,202,1616,8,3,0,25,25,6,Hybrid,0
103,203,1617,1,1,1,15,25,8,Electric,150
23,203,1617,1,2,0,20,25,8,Gasoline,0
89,203,1617,1,3,0,20,30,6,Electric,150
47,203,1618,2,1,0,20,20,8,Hybrid,0
37,203,1618,2,2,1,15,20,7,Hybrid,0
63,203,1618,2,3,0,25,30,6,Electric,100
98,203,1619,3,1,0,20,30,7,Electric,150
25,203,1619,3,2,1,15,30,8,Gasoline,0
24,203,1619,3,3,0,25,25,8,Gasoline,0
30,203,1620,4,1,0,25,20,6,Hybrid,0
120,203,1620,4,2,0,25,20,7,Electric,200
9,203,1620,4,3,1,25,30,6,Gasoline,0
44,203,1621,5,1,0,20,30,7,Hybrid,0
130,203,1621,5,2,1,15,25,8,Electric,200
26,203,1621,5,3,0,20,30,8,Gasoline,0
26,203,1622,6,1,0,20,30,8,Gasoline,0
45,203,1622,6,2,0,25,30,7,Hybrid,0
11,203,1622,6,3,1,20,20,7,Gasoline,0
35,203,1623,7,1,1,20,30,6,Hybrid,0
20,203,1623,7,2,0,20,20,8,Gasoline,0
132,203,1623,7,3,0,25,25,8,Electric,200
34,203,1624,8,1,1,15,30,6,Hybrid,0
36,203,1624,8,2,0,25,30,6,Hybrid,0
80,203,1624,8,3,0,20,30,8,Electric,100
4,204,1625,1,1,1,15,25,6,Gasoline,0
33,204,1625,1,2,0,25,25,6,Hybrid,0
53,204,1625,1,3,0,20,30,8,Hybrid,0
44,204,1626,2,1,1,20,30,7,Hybrid,0
63,204,1626,2,2,0,25,30,6,Electric,100
30,204,1626,2,3,0,25,20,6,Hybrid,0
147,204,1627,3,1,0,25,20,7,Electric,250
116,204,1627,3,2,1,20,30,6,Electric,200
71,204,1627,3,3,0,20,30,7,Electric,100
60,204,1628,4,1,0,25,25,6,Electric,100
124,204,1628,4,2,0,15,30,7,Electric,200
29,204,1628,4,3,1,20,20,6,Hybrid,0
10,204,1629,5,1,1,15,20,7,Gasoline,0
76,204,1629,5,2,0,15,25,8,Electric,100
16,204,1629,5,3,0,15,30,7,Gasoline,0
83,204,1630,6,1,0,20,20,6,Electric,150
154,204,1630,6,2,1,15,20,8,Electric,250
45,204,1630,6,3,0,25,30,7,Hybrid,0
113,204,1631,7,1,0,20,25,6,Electric,200
156,204,1631,7,2,0,25,20,8,Electric,250
13,204,1631,7,3,1,15,25,7,Gasoline,0
35,204,1632,8,1,1,20,30,6,Hybrid,0
18,204,1632,8,2,0,25,30,7,Gasoline,0
72,204,1632,8,3,0,25,30,7,Electric,100
87,205,1633,1,1,0,25,25,6,Electric,150
136,205,1633,1,2,1,15,20,6,Electric,250
162,205,1633,1,3,0,25,30,8,Electric,250
53,205,1634,2,1,1,20,30,8,Hybrid,0
32,205,1634,2,2,0,20,25,6,Hybrid,0
48,205,1634,2,3,0,25,20,8,Hybrid,0
50,205,1635,3,1,1,20,25,8,Hybrid,0
159,205,1635,3,2,0,25,25,8,Electric,250
21,205,1635,3,3,0,25,20,8,Gasoline,0
6,205,1636,4,1,0,25,25,6,Gasoline,0
23,205,1636,4,2,1,20,25,8,Gasoline,0
11,205,1636,4,3,0,20,20,7,Gasoline,0
32,205,1637,5,1,0,20,25,6,Hybrid,0
76,205,1637,5,2,0,15,25,8,Electric,100
52,205,1637,5,3,1,15,30,8,Hybrid,0
50,205,1638,6,1,0,20,25,8,Hybrid,0
24,205,1638,6,2,0,25,25,8,Gasoline,0
13,205,1638,6,3,1,15,25,7,Gasoline,0
45,205,1639,7,1,0,25,30,7,Hybrid,0
55,205,1639,7,2,1,15,20,6,Electric,100
42,205,1639,7,3,0,25,25,7,Hybrid,0
34,205,1640,8,1,1,15,30,6,Hybrid,0
113,205,1640,8,2,0,20,25,6,Electric,200
147,205,1640,8,3,0,25,20,7,Electric,250
47,206,1641,1,1,1,20,20,8,Hybrid,0
42,206,1641,1,2,0,25,25,7,Hybrid,0
24,206,1641,1,3,0,25,25,8,Gasoline,0
35,206,1642,2,1,1,20,30,6,Hybrid,0
2,206,1642,2,2,0,20,20,6,Gasoline,0
47,206,1642,2,3,0,20,20,8,Hybrid,0
38,206,1643,3,1,1,20,20,7,Hybrid,0
111,206,1643,3,2,0,25,20,6,Electric,200
14,206,1643,3,3,0,20,25,7,Gasoline,0
38,206,1644,4,1,0,20,20,7,Hybrid,0
72,206,1644,4,2,0,25,30,7,Electric,100
5,206,1644,4,3,1,20,25,6,Gasoline,0
34,206,1645,5,1,0,15,30,6,Hybrid,0
13,206,1645,5,2,0,15,25,7,Gasoline,0
43,206,1645,5,3,1,15,30,7,Hybrid,0
37,206,1646,6,1,0,15,20,7,Hybrid,0
50,206,1646,6,2,1,20,25,8,Hybrid,0
30,206,1646,6,3,0,25,20,6,Hybrid,0
57,206,1647,7,1,1,25,20,6,Electric,100
23,206,1647,7,2,0,20,25,8,Gasoline,0
47,206,1647,7,3,0,20,20,8,Hybrid,0
134,206,1648,8,1,1,20,30,8,Electric,200
24,206,1648,8,2,0,25,25,8,Gasoline,0
9,206,1648,8,3,0,25,30,6,Gasoline,0
45,207,1649,1,1,0,25,30,7,Hybrid,0
42,207,1649,1,2,0,25,25,7,Hybrid,0
118,207,1649,1,3,1,15,20,7,Electric,200
8,207,1650,2,1,0,20,30,6,Gasoline,0
26,207,1650,2,2,0,20,30,8,Gasoline,0
28,207,1650,2,3,1,15,20,6,Hybrid,0
17,207,1651,3,1,0,20,30,7,Gasoline,0
48,207,1651,3,2,0,25,20,8,Hybrid,0
53,207,1651,3,3,1,20,30,8,Hybrid,0
34,207,1652,4,1,1,15,30,6,Hybrid,0
12,207,1652,4,2,0,25,20,7,Gasoline,0
27,207,1652,4,3,0,25,30,8,Gasoline,0
47,207,1653,5,1,0,20,20,8,Hybrid,0
79,207,1653,5,2,0,15,30,8,Electric,100
10,207,1653,5,3,1,15,20,7,Gasoline,0
54,207,1654,6,1,0,25,30,8,Hybrid,0
46,207,1654,6,2,1,15,20,8,Hybrid,0
55,207,1654,6,3,0,15,20,6,Electric,100
13,207,1655,7,1,1,15,25,7,Gasoline,0
95,207,1655,7,2,0,20,25,7,Electric,150
7,207,1655,7,3,0,15,30,6,Gasoline,0
54,207,1656,8,1,0,25,30,8,Hybrid,0
62,207,1656,8,2,0,20,30,6,Electric,100
113,207,1656,8,3,1,20,25,6,Electric,200
123,208,1657,1,1,0,25,25,7,Electric,200
65,208,1657,1,2,0,20,20,7,Electric,100
47,208,1657,1,3,1,20,20,8,Hybrid,0
27,208,1658,2,1,0,25,30,8,Gasoline,0
138,208,1658,2,2,1,25,20,6,Electric,250
60,208,1658,2,3,0,25,25,6,Electric,100
51,208,1659,3,1,0,25,25,8,Hybrid,0
6,208,1659,3,2,0,25,25,6,Gasoline,0
129,208,1659,3,3,1,25,20,8,Electric,200
6,208,1660,4,1,0,25,25,6,Gasoline,0
2,208,1660,4,2,0,20,20,6,Gasoline,0
70,208,1660,4,3,1,15,30,7,Electric,100
35,208,1661,5,1,0,20,30,6,Hybrid,0
32,208,1661,5,2,0,20,25,6,Hybrid,0
28,208,1661,5,3,1,15,20,6,Hybrid,0
131,208,1662,6,1,0,20,25,8,Electric,200
9,208,1662,6,2,0,25,30,6,Gasoline,0
43,208,1662,6,3,1,15,30,7,Hybrid,0
24,208,1663,7,1,0,25,25,8,Gasoline,0
143,208,1663,7,2,1,20,30,6,Electric,250
7,208,1663,7,3,0,15,30,6,Gasoline,0
52,208,1664,8,1,1,15,30,8,Hybrid,0
2,208,1664,8,2,0,20,20,6,Gasoline,0
49,208,1664,8,3,0,15,25,8,Hybrid,0
71,209,1665,1,1,0,20,30,7,Electric,100
58,209,1665,1,2,1,15,25,6,Electric,100
54,209,1665,1,3,0,25,30,8,Hybrid,0
52,209,1666,2,1,0,15,30,8,Hybrid,0
38,209,1666,2,2,0,20,20,7,Hybrid,0
25,209,1666,2,3,1,15,30,8,Gasoline,0
39,209,1667,3,1,0,25,20,7,Hybrid,0
121,209,1667,3,2,1,15,25,7,Electric,200
9,209,1667,3,3,0,25,30,6,Gasoline,0
134,209,1668,4,1,0,20,30,8,Electric,200
14,209,1668,4,2,0,20,25,7,Gasoline,0
40,209,1668,4,3,1,15,25,7,Hybrid,0
12,209,1669,5,1,0,25,20,7,Gasoline,0
5,209,1669,5,2,0,20,25,6,Gasoline,0
127,209,1669,5,3,1,15,20,8,Electric,200
36,209,1670,6,1,0,25,30,6,Hybrid,0
22,209,1670,6,2,1,15,25,8,Gasoline,0
48,209,1670,6,3,0,25,20,8,Hybrid,0
54,209,1671,7,1,0,25,30,8,Hybrid,0
7,209,1671,7,2,1,15,30,6,Gasoline,0
23,209,1671,7,3,0,20,25,8,Gasoline,0
129,209,1672,8,1,0,25,20,8,Electric,200
23,209,1672,8,2,1,20,25,8,Gasoline,0
104,209,1672,8,3,0,20,25,8,Electric,150
47,210,1673,1,1,0,20,20,8,Hybrid,0
120,210,1673,1,2,0,25,20,7,Electric,200
28,210,1673,1,3,1,15,20,6,Hybrid,0
121,210,1674,2,1,1,15,25,7,Electric,200
105,210,1674,2,2,0,25,25,8,Electric,150
78,210,1674,2,3,0,25,25,8,Electric,100
38,210,1675,3,1,0,20,20,7,Hybrid,0
78,210,1675,3,2,0,25,25,8,Electric,100
17,210,1675,3,3,1,20,30,7,Gasoline,0
152,210,1676,4,1,0,20,30,7,Electric,250
25,210,1676,4,2,0,15,30,8,Gasoline,0
154,210,1676,4,3,1,15,20,8,Electric,250
88,210,1677,5,1,1,15,30,6,Electric,150
19,210,1677,5,2,0,15,20,8,Gasoline,0
43,210,1677,5,3,0,15,30,7,Hybrid,0
27,210,1678,6,1,0,25,30,8,Gasoline,0
2,210,1678,6,2,0,20,20,6,Gasoline,0
52,210,1678,6,3,1,15,30,8,Hybrid,0
8,210,1679,7,1,1,20,30,6,Gasoline,0
19,210,1679,7,2,0,15,20,8,Gasoline,0
24,210,1679,7,3,0,25,25,8,Gasoline,0
35,210,1680,8,1,0,20,30,6,Hybrid,0
19,210,1680,8,2,0,15,20,8,Gasoline,0
52,210,1680,8,3,1,15,30,8,Hybrid,0
32,211,1681,1,1,0,20,25,6,Hybrid,0
90,211,1681,1,2,0,25,30,6,Electric,150
62,211,1681,1,3,1,20,30,6,Electric,100
78,211,1682,2,1,0,25,25,8,Electric,100
38,211,1682,2,2,0,20,20,7,Hybrid,0
29,211,1682,2,3,1,20,20,6,Hybrid,0
4,211,1683,3,1,1,15,25,6,Gasoline,0
45,211,1683,3,2,0,25,30,7,Hybrid,0
46,211,1683,3,3,0,15,20,8,Hybrid,0
42,211,1684,4,1,0,25,25,7,Hybrid,0
110,211,1684,4,2,0,20,20,6,Electric,200
13,211,1684,4,3,1,15,25,7,Gasoline,0
108,211,1685,5,1,0,25,30,8,Electric,150
47,211,1685,5,2,1,20,20,8,Hybrid,0
6,211,1685,5,3,0,25,25,6,Gasoline,0
16,211,1686,6,1,1,15,30,7,Gasoline,0
26,211,1686,6,2,0,20,30,8,Gasoline,0
41,211,1686,6,3,0,20,25,7,Hybrid,0
157,211,1687,7,1,1,15,25,8,Electric,250
36,211,1687,7,2,0,25,30,6,Hybrid,0
96,211,1687,7,3,0,25,25,7,Electric,150
42,211,1688,8,1,0,25,25,7,Hybrid,0
19,211,1688,8,2,1,15,20,8,Gasoline,0
5,211,1688,8,3,0,20,25,6,Gasoline,0
35,212,1689,1,1,0,20,30,6,Hybrid,0
13,212,1689,1,2,0,15,25,7,Gasoline,0
97,212,1689,1,3,1,15,30,7,Electric,150
14,212,1690,2,1,0,20,25,7,Gasoline,0
40,212,1690,2,2,1,15,25,7,Hybrid,0
57,212,1690,2,3,0,25,20,6,Electric,100
29,212,1691,3,1,1,20,20,6,Hybrid,0
155,212,1691,3,2,0,20,20,8,Electric,250
14,212,1691,3,3,0,20,25,7,Gasoline,0
53,212,1692,4,1,1,20,30,8,Hybrid,0
120,212,1692,4,2,0,25,20,7,Electric,200
50,212,1692,4,3,0,20,25,8,Hybrid,0
34,212,1693,5,1,1,15,30,6,Hybrid,0
50,212,1693,5,2,0,20,25,8,Hybrid,0
48,212,1693,5,3,0,25,20,8,Hybrid,0
53,212,1694,6,1,0,20,30,8,Hybrid,0
153,212,1694,6,2,0,25,30,7,Electric,250
46,212,1694,6,3,1,15,20,8,Hybrid,0
2,212,1695,7,1,0,20,20,6,Gasoline,0
52,212,1695,7,2,1,15,30,8,Hybrid,0
12,212,1695,7,3,0,25,20,7,Gasoline,0
74,212,1696,8,1,0,20,20,8,Electric,100
15,212,1696,8,2,0,25,25,7,Gasoline,0
16,212,1696,8,3,1,15,30,7,Gasoline,0
150,213,1697,1,1,0,25,25,7,Electric,250
13,213,1697,1,2,0,15,25,7,Gasoline,0
28,213,1697,1,3,1,15,20,6,Hybrid,0
105,213,1698,2,1,1,25,25,8,Electric,150
39,213,1698,2,2,0,25,20,7,Hybrid,0
59,213,1698,2,3,0,20,25,6,Electric,100
19,213,1699,3,1,1,15,20,8,Gasoline,0
58,213,1699,3,2,0,15,25,6,Electric,100
56,213,1699,3,3,0,20,20,6,Electric,100
1,213,1700,4,1,0,15,20,6,Gasoline,0
43,213,1700,4,2,1,15,30,7,Hybrid,0
26,213,1700,4,3,0,20,30,8,Gasoline,0
159,213,1701,5,1,0,25,25,8,Electric,250
33,213,1701,5,2,0,25,25,6,Hybrid,0
40,213,1701,5,3,1,15,25,7,Hybrid,0
93,213,1702,6,1,0,25,20,7,Electric,150
17,213,1702,6,2,0,20,30,7,Gasoline,0
1,213,1702,6,3,1,15,20,6,Gasoline,0
97,213,1703,7,1,0,15,30,7,Electric,150
160,213,1703,7,2,1,15,30,8,Electric,250
51,213,1703,7,3,0,25,25,8,Hybrid,0
4,213,1704,8,1,1,15,25,6,Gasoline,0
1,213,1704,8,2,0,15,20,6,Gasoline,0
18,213,1704,8,3,0,25,30,7,Gasoline,0
4,214,1705,1,1,0,15,25,6,Gasoline,0
37,214,1705,1,2,0,15,20,7,Hybrid,0
157,214,1705,1,3,1,15,25,8,Electric,250
50,214,1706,2,1,1,20,25,8,Hybrid,0
20,214,1706,2,2,0,20,20,8,Gasoline,0
39,214,1706,2,3,0,25,20,7,Hybrid,0
99,214,1707,3,1,0,25,30,7,Electric,150
113,214,1707,3,2,1,20,25,6,Electric,200
126,214,1707,3,3,0,25,30,7,Electric,200
158,214,1708,4,1,0,20,25,8,Electric,250
20,214,1708,4,2,0,20,20,8,Gasoline,0
5,214,1708,4,3,1,20,25,6,Gasoline,0
91,214,1709,5,1,1,15,20,7,Electric,150
84,214,1709,5,2,0,25,20,6,Electric,150
87,214,1709,5,3,0,25,25,6,Electric,150
149,214,1710,6,1,0,20,25,7,Electric,250
145,214,1710,6,2,1,15,20,7,Electric,250
48,214,1710,6,3,0,25,20,8,Hybrid,0
49,214,1711,7,1,1,15,25,8,Hybrid,0
153,214,1711,7,2,0,25,30,7,Electric,250
3,214,1711,7,3,0,25,20,6,Gasoline,0
19,214,1712,8,1,0,15,20,8,Gasoline,0
16,214,1712,8,2,1,15,30,7,Gasoline,0
158,214,1712,8,3,0,20,25,8,Electric,250
10,215,1713,1,1,0,15,20,7,Gasoline,0
47,215,1713,1,2,1,20,20,8,Hybrid,0
12,215,1713,1,3,0,25,20,7,Gasoline,0
72,215,1714,2,1,0,25,30,7,Electric,100
76,215,1714,2,2,1,15,25,8,Electric,100
35,215,1714,2,3,0,20,30,6,Hybrid,0
9,215,1715,3,1,0,25,30,6,Gasoline,0
47,215,1715,3,2,1,20,20,8,Hybrid,0
71,215,1715,3,3,0,20,30,7,Electric,100
70,215,1716,4,1,0,15,30,7,Electric,100
10,215,1716,4,2,0,15,20,7,Gasoline,0
7,215,1716,4,3,1,15,30,6,Gasoline,0
33,215,1717,5,1,1,25,25,6,Hybrid,0
138,215,1717,5,2,0,25,20,6,Electric,250
42,215,1717,5,3,0,25,25,7,Hybrid,0
71,215,1718,6,1,1,20,30,7,Electric,100
39,215,1718,6,2,0,25,20,7,Hybrid,0
24,215,1718,6,3,0,25,25,8,Gasoline,0
61,215,1719,7,1,0,15,30,6,Electric,100
37,215,1719,7,2,0,15,20,7,Hybrid,0
49,215,1719,7,3,1,15,25,8,Hybrid,0
99,215,1720,8,1,0,25,30,7,Electric,150
116,215,1720,8,2,1,20,30,6,Electric,200
50,215,1720,8,3,0,20,25,8,Hybrid,0
53,216,1721,1,1,1,20,30,8,Hybrid,0
125,216,1721,1,2,0,20,30,7,Electric,200
59,216,1721,1,3,0,20,25,6,Electric,100
15,216,1722,2,1,0,25,25,7,Gasoline,0
22,216,1722,2,2,1,15,25,8,Gasoline,0
114,216,1722,2,3,0,25,25,6,Electric,200
50,216,1723,3,1,1,20,25,8,Hybrid,0
32,216,1723,3,2,0,20,25,6,Hybrid,0
159,216,1723,3,3,0,25,25,8,Electric,250
102,216,1724,4,1,0,25,20,8,Electric,150
11,216,1724,4,2,1,20,20,7,Gasoline,0
54,216,1724,4,3,0,25,30,8,Hybrid,0
30,216,1725,5,1,0,25,20,6,Hybrid,0
11,216,1725,5,2,1,20,20,7,Gasoline,0
75,216,1725,5,3,0,25,20,8,Electric,100
87,216,1726,6,1,0,25,25,6,Electric,150
123,216,1726,6,2,1,25,25,7,Electric,200
81,216,1726,6,3,0,25,30,8,Electric,100
31,216,1727,7,1,1,15,25,6,Hybrid,0
69,216,1727,7,2,0,25,25,7,Electric,100
29,216,1727,7,3,0,20,20,6,Hybrid,0
142,216,1728,8,1,1,15,30,6,Electric,250
15,216,1728,8,2,0,25,25,7,Gasoline,0
28,216,1728,8,3,0,15,20,6,Hybrid,0
33,217,1729,1,1,0,25,25,6,Hybrid,0
23,217,1729,1,2,0,20,25,8,Gasoline,0
49,217,1729,1,3,1,15,25,8,Hybrid,0
151,217,1730,2,1,1,15,30,7,Electric,250
38,217,1730,2,2,0,20,20,7,Hybrid,0
32,217,1730,2,3,0,20,25,6,Hybrid,0
147,217,1731,3,1,0,25,20,7,Electric,250
50,217,1731,3,2,0,20,25,8,Hybrid,0
142,217,1731,3,3,1,15,30,6,Electric,250
23,217,1732,4,1,0,20,25,8,Gasoline,0
8,217,1732,4,2,0,20,30,6,Gasoline,0
28,217,1732,4,3,1,15,20,6,Hybrid,0
16,217,1733,5,1,1,15,30,7,Gasoline,0
15,217,1733,5,2,0,25,25,7,Gasoline,0
51,217,1733,5,3,0,25,25,8,Hybrid,0
117,217,1734,6,1,0,25,30,6,Electric,200
70,217,1734,6,2,1,15,30,7,Electric,100
6,217,1734,6,3,0,25,25,6,Gasoline,0
39,217,1735,7,1,0,25,20,7,Hybrid,0
10,217,1735,7,2,1,15,20,7,Gasoline,0
3,217,1735,7,3,0,25,20,6,Gasoline,0
21,217,1736,8,1,0,25,20,8,Gasoline,0
64,217,1736,8,2,1,15,20,7,Electric,100
69,217,1736,8,3,0,25,25,7,Electric,100
45,218,1737,1,1,0,25,30,7,Hybrid,0
147,218,1737,1,2,0,25,20,7,Electric,250
36,218,1737,1,3,1,25,30,6,Hybrid,0
49,218,1738,2,1,0,15,25,8,Hybrid,0
28,218,1738,2,2,1,15,20,6,Hybrid,0
4,218,1738,2,3,0,15,25,6,Gasoline,0
35,218,1739,3,1,1,20,30,6,Hybrid,0
12,218,1739,3,2,0,25,20,7,Gasoline,0
45,218,1739,3,3,0,25,30,7,Hybrid,0
124,218,1740,4,1,0,15,30,7,Electric,200
37,218,1740,4,2,1,15,20,7,Hybrid,0
46,218,1740,4,3,0,15,20,8,Hybrid,0
44,218,1741,5,1,1,20,30,7,Hybrid,0
51,218,1741,5,2,0,25,25,8,Hybrid,0
71,218,1741,5,3,0,20,30,7,Electric,100
160,218,1742,6,1,1,15,30,8,Electric,250
152,218,1742,6,2,0,20,30,7,Electric,250
2,218,1742,6,3,0,20,20,6,Gasoline,0
133,218,1743,7,1,1,15,30,8,Electric,200
8,218,1743,7,2,0,20,30,6,Gasoline,0
141,218,1743,7,3,0,25,25,6,Electric,250
38,218,1744,8,1,0,20,20,7,Hybrid,0
42,218,1744,8,2,0,25,25,7,Hybrid,0
152,218,1744,8,3,1,20,30,7,Electric,250
37,219,1745,1,1,0,15,20,7,Hybrid,0
34,219,1745,1,2,1,15,30,6,Hybrid,0
13,219,1745,1,3,0,15,25,7,Gasoline,0
111,219,1746,2,1,0,25,20,6,Electric,200
8,219,1746,2,2,1,20,30,6,Gasoline,0
95,219,1746,2,3,0,20,25,7,Electric,150
9,219,1747,3,1,0,25,30,6,Gasoline,0
27,219,1747,3,2,0,25,30,8,Gasoline,0
50,219,1747,3,3,1,20,25,8,Hybrid,0
30,219,1748,4,1,0,25,20,6,Hybrid,0
13,219,1748,4,2,1,15,25,7,Gasoline,0
64,219,1748,4,3,0,15,20,7,Electric,100
29,219,1749,5,1,0,20,20,6,Hybrid,0
14,219,1749,5,2,0,20,25,7,Gasoline,0
151,219,1749,5,3,1,15,30,7,Electric,250
96,219,1750,6,1,0,25,25,7,Electric,150
3,219,1750,6,2,0,25,20,6,Gasoline,0
113,219,1750,6,3,1,20,25,6,Electric,200
32,219,1751,7,1,1,20,25,6,Hybrid,0
30,219,1751,7,2,0,25,20,6,Hybrid,0
23,219,1751,7,3,0,20,25,8,Gasoline,0
32,219,1752,8,1,0,20,25,6,Hybrid,0
34,219,1752,8,2,1,15,30,6,Hybrid,0
102,219,1752,8,3,0,25,20,8,Electric,150
7,220,1753,1,1,1,15,30,6,Gasoline,0
35,220,1753,1,2,0,20,30,6,Hybrid,0
100,220,1753,1,3,0,15,20,8,Electric,150
6,220,1754,2,1,0,25,25,6,Gasoline,0
14,220,1754,2,2,0,20,25,7,Gasoline,0
17,220,1754,2,3,1,20,30,7,Gasoline,0
77,220,1755,3,1,0,20,25,8,Electric,100
27,220,1755,3,2,0,25,30,8,Gasoline,0
4,220,1755,3,3,1,15,25,6,Gasoline,0
4,220,1756,4,1,1,15,25,6,Gasoline,0
1,220,1756,4,2,0,15,20,6,Gasoline,0
13,220,1756,4,3,0,15,25,7,Gasoline,0
58,220,1757,5,1,1,15,25,6,Electric,100
137,220,1757,5,2,0,20,20,6,Electric,250
113,220,1757,5,3,0,20,25,6,Electric,200
67,220,1758,6,1,0,15,25,7,Electric,100
152,220,1758,6,2,1,20,30,7,Electric,250
8,220,1758,6,3,0,20,30,6,Gasoline,0
120,220,1759,7,1,1,25,20,7,Electric,200
12,220,1759,7,2,0,25,20,7,Gasoline,0
42,220,1759,7,3,0,25,25,7,Hybrid,0
74,220,1760,8,1,0,20,20,8,Electric,100
43,220,1760,8,2,1,15,30,7,Hybrid,0
154,220,1760,8,3,0,15,20,8,Electric,250
137,221,1761,1,1,0,20,20,6,Electric,250
28,221,1761,1,2,1,15,20,6,Hybrid,0
29,221,1761,1,3,0,20,20,6,Hybrid,0
48,221,1762,2,1,0,25,20,8,Hybrid,0
24,221,1762,2,2,0,25,25,8,Gasoline,0
43,221,1762,2,3,1,15,30,7,Hybrid,0
30,221,1763,3,1,0,25,20,6,Hybrid,0
12,221,1763,3,2,0,25,20,7,Gasoline,0
5,221,1763,3,3,1,20,25,6,Gasoline,0
21,221,1764,4,1,0,25,20,8,Gasoline,0
157,221,1764,4,2,1,15,25,8,Electric,250
13,221,1764,4,3,0,15,25,7,Gasoline,0
41,221,1765,5,1,0,20,25,7,Hybrid,0
145,221,1765,5,2,1,15,20,7,Electric,250
45,221,1765,5,3,0,25,30,7,Hybrid,0
125,221,1766,6,1,1,20,30,7,Electric,200
9,221,1766,6,2,0,25,30,6,Gasoline,0
71,221,1766,6,3,0,20,30,7,Electric,100
96,221,1767,7,1,0,25,25,7,Electric,150
28,221,1767,7,2,1,15,20,6,Hybrid,0
156,221,1767,7,3,0,25,20,8,Electric,250
5,221,1768,8,1,0,20,25,6,Gasoline,0
35,221,1768,8,2,1,20,30,6,Hybrid,0
44,221,1768,8,3,0,20,30,7,Hybrid,0
43,222,1769,1,1,1,15,30,7,Hybrid,0
17,222,1769,1,2,0,20,30,7,Gasoline,0
127,222,1769,1,3,0,15,20,8,Electric,200
45,222,1770,2,1,0,25,30,7,Hybrid,0
146,222,1770,2,2,1,20,20,7,Electric,250
99,222,1770,2,3,0,25,30,7,Electric,150
24,222,1771,3,1,0,25,25,8,Gasoline,0
45,222,1771,3,2,0,25,30,7,Hybrid,0
145,222,1771,3,3,1,15,20,7,Electric,250
45,222,1772,4,1,0,25,30,7,Hybrid,0
10,222,1772,4,2,0,15,20,7,Gasoline,0
148,222,1772,4,3,1,15,25,7,Electric,250
104,222,1773,5,1,0,20,25,8,Electric,150
8,222,1773,5,2,1,20,30,6,Gasoline,0
54,222,1773,5,3,0,25,30,8,Hybrid,0
130,222,1774,6,1,0,15,25,8,Electric,200
82,222,1774,6,2,1,15,20,6,Electric,150
84,222,1774,6,3,0,25,20,6,Electric,150
109,222,1775,7,1,0,15,20,6,Electric,200
43,222,1775,7,2,1,15,30,7,Hybrid,0
55,222,1775,7,3,0,15,20,6,Electric,100
12,222,1776,8,1,0,25,20,7,Gasoline,0
21,222,1776,8,2,0,25,20,8,Gasoline,0
26,222,1776,8,3,1,20,30,8,Gasoline,0
7,223,1777,1,1,1,15,30,6,Gasoline,0
2,223,1777,1,2,0,20,20,6,Gasoline,0
138,223,1777,1,3,0,25,20,6,Electric,250
5,223,1778,2,1,0,20,25,6,Gasoline,0
31,223,1778,2,2,1,15,25,6,Hybrid,0
12,223,1778,2,3,0,25,20,7,Gasoline,0
70,223,1779,3,1,1,15,30,7,Electric,100
41,223,1779,3,2,0,20,25,7,Hybrid,0
38,223,1779,3,3,0,20,20,7,Hybrid,0
16,223,1780,4,1,1,15,30,7,Gasoline,0
147,223,1780,4,2,0,25,20,7,Electric,250
8,223,1780,4,3,0,20,30,6,Gasoline,0
11,223,1781,5,1,1,20,20,7,Gasoline,0
9,223,1781,5,2,0,25,30,6,Gasoline,0
39,223,1781,5,3,0,25,20,7,Hybrid,0
52,223,1782,6,1,1,15,30,8,Hybrid,0
51,223,1782,6,2,0,25,25,8,Hybrid,0
17,223,1782,6,3,0,20,30,7,Gasoline,0
11,223,1783,7,1,0,20,20,7,Gasoline,0
64,223,1783,7,2,1,15,20,7,Electric,100
61,223,1783,7,3,0,15,30,6,Electric,100
6,223,1784,8,1,0,25,25,6,Gasoline,0
114,223,1784,8,2,0,25,25,6,Electric,200
35,223,1784,8,3,1,20,30,6,Hybrid,0
8,224,1785,1,1,0,20,30,6,Gasoline,0
11,224,1785,1,2,1,20,20,7,Gasoline,0
15,224,1785,1,3,0,25,25,7,Gasoline,0
49,224,1786,2,1,1,15,25,8,Hybrid,0
10,224,1786,2,2,0,15,20,7,Gasoline,0
41,224,1786,2,3,0,20,25,7,Hybrid,0
66,224,1787,3,1,0,25,20,7,Electric,100
17,224,1787,3,2,0,20,30,7,Gasoline,0
88,224,1787,3,3,1,15,30,6,Electric,150
102,224,1788,4,1,0,25,20,8,Electric,150
7,224,1788,4,2,1,15,30,6,Gasoline,0
39,224,1788,4,3,0,25,20,7,Hybrid,0
6,224,1789,5,1,0,25,25,6,Gasoline,0
136,224,1789,5,2,1,15,20,6,Electric,250
86,224,1789,5,3,0,20,25,6,Electric,150
21,224,1790,6,1,0,25,20,8,Gasoline,0
74,224,1790,6,2,0,20,20,8,Electric,100
100,224,1790,6,3,1,15,20,8,Electric,150
147,224,1791,7,1,0,25,20,7,Electric,250
144,224,1791,7,2,0,25,30,6,Electric,250
52,224,1791,7,3,1,15,30,8,Hybrid,0
18,224,1792,8,1,0,25,30,7,Gasoline,0
7,224,1792,8,2,1,15,30,6,Gasoline,0
38,224,1792,8,3,0,20,20,7,Hybrid,0
16,225,1793,1,1,1,15,30,7,Gasoline,0
95,225,1793,1,2,0,20,25,7,Electric,150
27,225,1793,1,3,0,25,30,8,Gasoline,0
50,225,1794,2,1,0,20,25,8,Hybrid,0
13,225,1794,2,2,1,15,25,7,Gasoline,0
77,225,1794,2,3,0,20,25,8,Electric,100
127,225,1795,3,1,1,15,20,8,Electric,200
6,225,1795,3,2,0,25,25,6,Gasoline,0
41,225,1795,3,3,0,20,25,7,Hybrid,0
65,225,1796,4,1,0,20,20,7,Electric,100
79,225,1796,4,2,1,15,30,8,Electric,100
36,225,1796,4,3,0,25,30,6,Hybrid,0
22,225,1797,5,1,0,15,25,8,Gasoline,0
135,225,1797,5,2,0,25,30,8,Electric,200
37,225,1797,5,3,1,15,20,7,Hybrid,0
44,225,1798,6,1,0,20,30,7,Hybrid,0
91,225,1798,6,2,0,15,20,7,Electric,150
31,225,1798,6,3,1,15,25,6,Hybrid,0
7,225,1799,7,1,0,15,30,6,Gasoline,0
26,225,1799,7,2,0,20,30,8,Gasoline,0
46,225,1799,7,3,1,15,20,8,Hybrid,0
149,225,1800,8,1,1,20,25,7,Electric,250
17,225,1800,8,2,0,20,30,7,Gasoline,0
20,225,1800,8,3,0,20,20,8,Gasoline,0
6,226,1801,1,1,0,25,25,6,Gasoline,0
12,226,1801,1,2,0,25,20,7,Gasoline,0
52,226,1801,1,3,1,15,30,8,Hybrid,0
43,226,1802,2,1,1,15,30,7,Hybrid,0
35,226,1802,2,2,0,20,30,6,Hybrid,0
15,226,1802,2,3,0,25,25,7,Gasoline,0
3,226,1803,3,1,0,25,20,6,Gasoline,0
15,226,1803,3,2,0,25,25,7,Gasoline,0
23,226,1803,3,3,1,20,25,8,Gasoline,0
68,226,1804,4,1,0,20,25,7,Electric,100
36,226,1804,4,2,0,25,30,6,Hybrid,0
155,226,1804,4,3,1,20,20,8,Electric,250
21,226,1805,5,1,0,25,20,8,Gasoline,0
42,226,1805,5,2,0,25,25,7,Hybrid,0
34,226,1805,5,3,1,15,30,6,Hybrid,0
89,226,1806,6,1,1,20,30,6,Electric,150
98,226,1806,6,2,0,20,30,7,Electric,150
20,226,1806,6,3,0,20,20,8,Gasoline,0
54,226,1807,7,1,0,25,30,8,Hybrid,0
144,226,1807,7,2,1,25,30,6,Electric,250
33,226,1807,7,3,0,25,25,6,Hybrid,0
93,226,1808,8,1,0,25,20,7,Electric,150
28,226,1808,8,2,1,15,20,6,Hybrid,0
2,226,1808,8,3,0,20,20,6,Gasoline,0
48,227,1809,1,1,0,25,20,8,Hybrid,0
39,227,1809,1,2,0,25,20,7,Hybrid,0
91,227,1809,1,3,1,15,20,7,Electric,150
43,227,1810,2,1,1,15,30,7,Hybrid,0
45,227,1810,2,2,0,25,30,7,Hybrid,0
111,227,1810,2,3,0,25,20,6,Electric,200
11,227,1811,3,1,0,20,20,7,Gasoline,0
14,227,1811,3,2,1,20,25,7,Gasoline,0
98,227,1811,3,3,0,20,30,7,Electric,150
45,227,1812,4,1,0,25,30,7,Hybrid,0
129,227,1812,4,2,0,25,20,8,Electric,200
138,227,1812,4,3,1,25,20,6,Electric,250
147,227,1813,5,1,0,25,20,7,Electric,250
154,227,1813,5,2,1,15,20,8,Electric,250
54,227,1813,5,3,0,25,30,8,Hybrid,0
6,227,1814,6,1,0,25,25,6,Gasoline,0
14,227,1814,6,2,1,20,25,7,Gasoline,0
69,227,1814,6,3,0,25,25,7,Electric,100
34,227,1815,7,1,1,15,30,6,Hybrid,0
1,227,1815,7,2,0,15,20,6,Gasoline,0
85,227,1815,7,3,0,15,25,6,Electric,150
103,227,1816,8,1,1,15,25,8,Electric,150
55,227,1816,8,2,0,15,20,6,Electric,100
45,227,1816,8,3,0,25,30,7,Hybrid,0
53,228,1817,1,1,1,20,30,8,Hybrid,0
24,228,1817,1,2,0,25,25,8,Gasoline,0
54,228,1817,1,3,0,25,30,8,Hybrid,0
3,228,1818,2,1,0,25,20,6,Gasoline,0
137,228,1818,2,2,0,20,20,6,Electric,250
31,228,1818,2,3,1,15,25,6,Hybrid,0
42,228,1819,3,1,0,25,25,7,Hybrid,0
36,228,1819,3,2,0,25,30,6,Hybrid,0
51,228,1819,3,3,1,25,25,8,Hybrid,0
1,228,1820,4,1,1,15,20,6,Gasoline,0
40,228,1820,4,2,0,15,25,7,Hybrid,0
14,228,1820,4,3,0,20,25,7,Gasoline,0
10,228,1821,5,1,0,15,20,7,Gasoline,0
142,228,1821,5,2,1,15,30,6,Electric,250
11,228,1821,5,3,0,20,20,7,Gasoline,0
40,228,1822,6,1,0,15,25,7,Hybrid,0
115,228,1822,6,2,1,15,30,6,Electric,200
89,228,1822,6,3,0,20,30,6,Electric,150
47,228,1823,7,1,1,20,20,8,Hybrid,0
161,228,1823,7,2,0,20,30,8,Electric,250
156,228,1823,7,3,0,25,20,8,Electric,250
42,228,1824,8,1,0,25,25,7,Hybrid,0
157,228,1824,8,2,1,15,25,8,Electric,250
46,228,1824,8,3,0,15,20,8,Hybrid,0
114,229,1825,1,1,0,25,25,6,Electric,200
134,229,1825,1,2,0,20,30,8,Electric,200
8,229,1825,1,3,1,20,30,6,Gasoline,0
9,229,1826,2,1,0,25,30,6,Gasoline,0
54,229,1826,2,2,1,25,30,8,Hybrid,0
30,229,1826,2,3,0,25,20,6,Hybrid,0
37,229,1827,3,1,0,15,20,7,Hybrid,0
136,229,1827,3,2,1,15,20,6,Electric,250
57,229,1827,3,3,0,25,20,6,Electric,100
83,229,1828,4,1,0,20,20,6,Electric,150
52,229,1828,4,2,0,15,30,8,Hybrid,0
43,229,1828,4,3,1,15,30,7,Hybrid,0
31,229,1829,5,1,1,15,25,6,Hybrid,0
36,229,1829,5,2,0,25,30,6,Hybrid,0
102,229,1829,5,3,0,25,20,8,Electric,150
30,229,1830,6,1,0,25,20,6,Hybrid,0
52,229,1830,6,2,1,15,30,8,Hybrid,0
29,229,1830,6,3,0,20,20,6,Hybrid,0
5,229,1831,7,1,0,20,25,6,Gasoline,0
22,229,1831,7,2,0,15,25,8,Gasoline,0
1,229,1831,7,3,1,15,20,6,Gasoline,0
33,229,1832,8,1,0,25,25,6,Hybrid,0
32,229,1832,8,2,0,20,25,6,Hybrid,0
43,229,1832,8,3,1,15,30,7,Hybrid,0
12,230,1833,1,1,1,25,20,7,Gasoline,0
66,230,1833,1,2,0,25,20,7,Electric,100
81,230,1833,1,3,0,25,30,8,Electric,100
37,230,1834,2,1,0,15,20,7,Hybrid,0
40,230,1834,2,2,1,15,25,7,Hybrid,0
78,230,1834,2,3,0,25,25,8,Electric,100
49,230,1835,3,1,1,15,25,8,Hybrid,0
36,230,1835,3,2,0,25,30,6,Hybrid,0
48,230,1835,3,3,0,25,20,8,Hybrid,0
54,230,1836,4,1,0,25,30,8,Hybrid,0
63,230,1836,4,2,0,25,30,6,Electric,100
13,230,1836,4,3,1,15,25,7,Gasoline,0
136,230,1837,5,1,0,15,20,6,Electric,250
12,230,1837,5,2,0,25,20,7,Gasoline,0
34,230,1837,5,3,1,15,30,6,Hybrid,0
46,230,1838,6,1,0,15,20,8,Hybrid,0
31,230,1838,6,2,0,15,25,6,Hybrid,0
25,230,1838,6,3,1,15,30,8,Gasoline,0
37,230,1839,7,1,1,15,20,7,Hybrid,0
98,230,1839,7,2,0,20,30,7,Electric,150
82,230,1839,7,3,0,15,20,6,Electric,150
5,230,1840,8,1,1,20,25,6,Gasoline,0
33,230,1840,8,2,0,25,25,6,Hybrid,0
132,230,1840,8,3,0,25,25,8,Electric,200
1,231,1841,1,1,1,15,20,6,Gasoline,0
54,231,1841,1,2,0,25,30,8,Hybrid,0
11,231,1841,1,3,0,20,20,7,Gasoline,0
24,231,1842,2,1,0,25,25,8,Gasoline,0
154,231,1842,2,2,1,15,20,8,Electric,250
88,231,1842,2,3,0,15,30,6,Electric,150
36,231,1843,3,1,1,25,30,6,Hybrid,0
21,231,1843,3,2,0,25,20,8,Gasoline,0
29,231,1843,3,3,0,20,20,6,Hybrid,0
52,231,1844,4,1,1,15,30,8,Hybrid,0
46,231,1844,4,2,0,15,20,8,Hybrid,0
54,231,1844,4,3,0,25,30,8,Hybrid,0
158,231,1845,5,1,1,20,25,8,Electric,250
96,231,1845,5,2,0,25,25,7,Electric,150
147,231,1845,5,3,0,25,20,7,Electric,250
52,231,1846,6,1,1,15,30,8,Hybrid,0
49,231,1846,6,2,0,15,25,8,Hybrid,0
14,231,1846,6,3,0,20,25,7,Gasoline,0
112,231,1847,7,1,0,15,25,6,Electric,200
1,231,1847,7,2,1,15,20,6,Gasoline,0
16,231,1847,7,3,0,15,30,7,Gasoline,0
49,231,1848,8,1,1,15,25,8,Hybrid,0
83,231,1848,8,2,0,20,20,6,Electric,150
17,231,1848,8,3,0,20,30,7,Gasoline,0
47,232,1849,1,1,1,20,20,8,Hybrid,0
111,232,1849,1,2,0,25,20,6,Electric,200
140,232,1849,1,3,0,20,25,6,Electric,250
49,232,1850,2,1,1,15,25,8,Hybrid,0
122,232,1850,2,2,0,20,25,7,Electric,200
21,232,1850,2,3,0,25,20,8,Gasoline,0
25,232,1851,3,1,1,15,30,8,Gasoline,0
4,232,1851,3,2,0,15,25,6,Gasoline,0
44,232,1851,3,3,0,20,30,7,Hybrid,0
16,232,1852,4,1,1,15,30,7,Gasoline,0
13,232,1852,4,2,0,15,25,7,Gasoline,0
21,232,1852,4,3,0,25,20,8,Gasoline,0
52,232,1853,5,1,1,15,30,8,Hybrid,0
142,232,1853,5,2,0,15,30,6,Electric,250
61,232,1853,5,3,0,15,30,6,Electric,100
40,232,1854,6,1,0,15,25,7,Hybrid,0
28,232,1854,6,2,1,15,20,6,Hybrid,0
15,232,1854,6,3,0,25,25,7,Gasoline,0
76,232,1855,7,1,0,15,25,8,Electric,100
23,232,1855,7,2,1,20,25,8,Gasoline,0
27,232,1855,7,3,0,25,30,8,Gasoline,0
29,232,1856,8,1,0,20,20,6,Hybrid,0
37,232,1856,8,2,1,15,20,7,Hybrid,0
23,232,1856,8,3,0,20,25,8,Gasoline,0
25,233,1857,1,1,1,15,30,8,Gasoline,0
2,233,1857,1,2,0,20,20,6,Gasoline,0
83,233,1857,1,3,0,20,20,6,Electric,150
96,233,1858,2,1,0,25,25,7,Electric,150
18,233,1858,2,2,0,25,30,7,Gasoline,0
32,233,1858,2,3,1,20,25,6,Hybrid,0
3,233,1859,3,1,0,25,20,6,Gasoline,0
44,233,1859,3,2,0,20,30,7,Hybrid,0
40,233,1859,3,3,1,15,25,7,Hybrid,0
119,233,1860,4,1,0,20,20,7,Electric,200
54,233,1860,4,2,0,25,30,8,Hybrid,0
88,233,1860,4,3,1,15,30,6,Electric,150
78,233,1861,5,1,0,25,25,8,Electric,100
99,233,1861,5,2,0,25,30,7,Electric,150
18,233,1861,5,3,1,25,30,7,Gasoline,0
38,233,1862,6,1,0,20,20,7,Hybrid,0
26,233,1862,6,2,1,20,30,8,Gasoline,0
56,233,1862,6,3,0,20,20,6,Electric,100
20,233,1863,7,1,1,20,20,8,Gasoline,0
161,233,1863,7,2,0,20,30,8,Electric,250
30,233,1863,7,3,0,25,20,6,Hybrid,0
43,233,1864,8,1,1,15,30,7,Hybrid,0
48,233,1864,8,2,0,25,20,8,Hybrid,0
147,233,1864,8,3,0,25,20,7,Electric,250
20,234,1865,1,1,0,20,20,8,Gasoline,0
140,234,1865,1,2,0,20,25,6,Electric,250
16,234,1865,1,3,1,15,30,7,Gasoline,0
13,234,1866,2,1,1,15,25,7,Gasoline,0
46,234,1866,2,2,0,15,20,8,Hybrid,0
101,234,1866,2,3,0,20,20,8,Electric,150
25,234,1867,3,1,1,15,30,8,Gasoline,0
12,234,1867,3,2,0,25,20,7,Gasoline,0
44,234,1867,3,3,0,20,30,7,Hybrid,0
146,234,1868,4,1,0,20,20,7,Electric,250
29,234,1868,4,2,1,20,20,6,Hybrid,0
6,234,1868,4,3,0,25,25,6,Gasoline,0
21,234,1869,5,1,0,25,20,8,Gasoline,0
153,234,1869,5,2,0,25,30,7,Electric,250
55,234,1869,5,3,1,15,20,6,Electric,100
2,234,1870,6,1,0,20,20,6,Gasoline,0
35,234,1870,6,2,1,20,30,6,Hybrid,0
73,234,1870,6,3,0,15,20,8,Electric,100
40,234,1871,7,1,1,15,25,7,Hybrid,0
5,234,1871,7,2,0,20,25,6,Gasoline,0
50,234,1871,7,3,0,20,25,8,Hybrid,0
71,234,1872,8,1,0,20,30,7,Electric,100
4,234,1872,8,2,1,15,25,6,Gasoline,0
2,234,1872,8,3,0,20,20,6,Gasoline,0
126,235,1873,1,1,0,25,30,7,Electric,200
47,235,1873,1,2,0,20,20,8,Hybrid,0
41,235,1873,1,3,1,20,25,7,Hybrid,0
2,235,1874,2,1,1,20,20,6,Gasoline,0
71,235,1874,2,2,0,20,30,7,Electric,100
36,235,1874,2,3,0,25,30,6,Hybrid,0
36,235,1875,3,1,0,25,30,6,Hybrid,0
52,235,1875,3,2,1,15,30,8,Hybrid,0
83,235,1875,3,3,0,20,20,6,Electric,150
137,235,1876,4,1,1,20,20,6,Electric,250
128,235,1876,4,2,0,20,20,8,Electric,200
42,235,1876,4,3,0,25,25,7,Hybrid,0
26,235,1877,5,1,0,20,30,8,Gasoline,0
52,235,1877,5,2,1,15,30,8,Hybrid,0
41,235,1877,5,3,0,20,25,7,Hybrid,0
128,235,1878,6,1,0,20,20,8,Electric,200
52,235,1878,6,2,1,15,30,8,Hybrid,0
78,235,1878,6,3,0,25,25,8,Electric,100
49,235,1879,7,1,1,15,25,8,Hybrid,0
19,235,1879,7,2,0,15,20,8,Gasoline,0
86,235,1879,7,3,0,20,25,6,Electric,150
132,235,1880,8,1,0,25,25,8,Electric,200
69,235,1880,8,2,0,25,25,7,Electric,100
20,235,1880,8,3,1,20,20,8,Gasoline,0
122,236,1881,1,1,0,20,25,7,Electric,200
41,236,1881,1,2,0,20,25,7,Hybrid,0
14,236,1881,1,3,1,20,25,7,Gasoline,0
29,236,1882,2,1,0,20,20,6,Hybrid,0
5,236,1882,2,2,0,20,25,6,Gasoline,0
10,236,1882,2,3,1,15,20,7,Gasoline,0
17,236,1883,3,1,1,20,30,7,Gasoline,0
12,236,1883,3,2,0,25,20,7,Gasoline,0
33,236,1883,3,3,0,25,25,6,Hybrid,0
47,236,1884,4,1,0,20,20,8,Hybrid,0
49,236,1884,4,2,1,15,25,8,Hybrid,0
30,236,1884,4,3,0,25,20,6,Hybrid,0
61,236,1885,5,1,1,15,30,6,Electric,100
36,236,1885,5,2,0,25,30,6,Hybrid,0
24,236,1885,5,3,0,25,25,8,Gasoline,0
132,236,1886,6,1,1,25,25,8,Electric,200
84,236,1886,6,2,0,25,20,6,Electric,150
6,236,1886,6,3,0,25,25,6,Gasoline,0
50,236,1887,7,1,1,20,25,8,Hybrid,0
38,236,1887,7,2,0,20,20,7,Hybrid,0
26,236,1887,7,3,0,20,30,8,Gasoline,0
10,236,1888,8,1,1,15,20,7,Gasoline,0
12,236,1888,8,2,0,25,20,7,Gasoline,0
14,236,1888,8,3,0,20,25,7,Gasoline,0
73,237,1889,1,1,0,15,20,8,Electric,100
36,237,1889,1,2,0,25,30,6,Hybrid,0
4,237,1889,1,3,1,15,25,6,Gasoline,0
68,237,1890,2,1,0,20,25,7,Electric,100
98,237,1890,2,2,0,20,30,7,Electric,150
50,237,1890,2,3,1,20,25,8,Hybrid,0
17,237,1891,3,1,0,20,30,7,Gasoline,0
19,237,1891,3,2,0,15,20,8,Gasoline,0
40,237,1891,3,3,1,15,25,7,Hybrid,0
128,237,1892,4,1,1,20,20,8,Electric,200
8,237,1892,4,2,0,20,30,6,Gasoline,0
126,237,1892,4,3,0,25,30,7,Electric,200
34,237,1893,5,1,1,15,30,6,Hybrid,0
13,237,1893,5,2,0,15,25,7,Gasoline,0
36,237,1893,5,3,0,25,30,6,Hybrid,0
83,237,1894,6,1,1,20,20,6,Electric,150
21,237,1894,6,2,0,25,20,8,Gasoline,0
48,237,1894,6,3,0,25,20,8,Hybrid,0
144,237,1895,7,1,0,25,30,6,Electric,250
99,237,1895,7,2,0,25,30,7,Electric,150
34,237,1895,7,3,1,15,30,6,Hybrid,0
25,237,1896,8,1,1,15,30,8,Gasoline,0
108,237,1896,8,2,0,25,30,8,Electric,150
58,237,1896,8,3,0,15,25,6,Electric,100
20,238,1897,1,1,0,20,20,8,Gasoline,0
8,238,1897,1,2,0,20,30,6,Gasoline,0
5,238,1897,1,3,1,20,25,6,Gasoline,0
9,238,1898,2,1,0,25,30,6,Gasoline,0
1,238,1898,2,2,1,15,20,6,Gasoline,0
51,238,1898,2,3,0,25,25,8,Hybrid,0
27,238,1899,3,1,0,25,30,8,Gasoline,0
32,238,1899,3,2,0,20,25,6,Hybrid,0
52,238,1899,3,3,1,15,30,8,Hybrid,0
95,238,1900,4,1,0,20,25,7,Electric,150
44,238,1900,4,2,1,20,30,7,Hybrid,0
39,238,1900,4,3,0,25,20,7,Hybrid,0
27,238,1901,5,1,0,25,30,8,Gasoline,0
3,238,1901,5,2,1,25,20,6,Gasoline,0
66,238,1901,5,3,0,25,20,7,Electric,100
26,238,1902,6,1,1,20,30,8,Gasoline,0
138,238,1902,6,2,0,25,20,6,Electric,250
75,238,1902,6,3,0,25,20,8,Electric,100
22,238,1903,7,1,1,15,25,8,Gasoline,0
21,238,1903,7,2,0,25,20,8,Gasoline,0
8,238,1903,7,3,0,20,30,6,Gasoline,0
68,238,1904,8,1,0,20,25,7,Electric,100
18,238,1904,8,2,0,25,30,7,Gasoline,0
100,238,1904,8,3,1,15,20,8,Electric,150
91,239,1905,1,1,0,15,20,7,Electric,150
23,239,1905,1,2,0,20,25,8,Gasoline,0
1,239,1905,1,3,1,15,20,6,Gasoline,0
78,239,1906,2,1,0,25,25,8,Electric,100
18,239,1906,2,2,0,25,30,7,Gasoline,0
46,239,1906,2,3,1,15,20,8,Hybrid,0
101,239,1907,3,1,0,20,20,8,Electric,150
88,239,1907,3,2,1,15,30,6,Electric,150
132,239,1907,3,3,0,25,25,8,Electric,200
90,239,1908,4,1,0,25,30,6,Electric,150
110,239,1908,4,2,1,20,20,6,Electric,200
54,239,1908,4,3,0,25,30,8,Hybrid,0
111,239,1909,5,1,0,25,20,6,Electric,200
129,239,1909,5,2,0,25,20,8,Electric,200
26,239,1909,5,3,1,20,30,8,Gasoline,0
7,239,1910,6,1,0,15,30,6,Gasoline,0
19,239,1910,6,2,1,15,20,8,Gasoline,0
8,239,1910,6,3,0,20,30,6,Gasoline,0
77,239,1911,7,1,0,20,25,8,Electric,100
22,239,1911,7,2,1,15,25,8,Gasoline,0
85,239,1911,7,3,0,15,25,6,Electric,150
83,239,1912,8,1,0,20,20,6,Electric,150
129,239,1912,8,2,0,25,20,8,Electric,200
14,239,1912,8,3,1,20,25,7,Gasoline,0
92,240,1913,1,1,1,20,20,7,Electric,150
33,240,1913,1,2,0,25,25,6,Hybrid,0
45,240,1913,1,3,0,25,30,7,Hybrid,0
25,240,1914,2,1,1,15,30,8,Gasoline,0
82,240,1914,2,2,0,15,20,6,Electric,150
98,240,1914,2,3,0,20,30,7,Electric,150
12,240,1915,3,1,1,25,20,7,Gasoline,0
27,240,1915,3,2,0,25,30,8,Gasoline,0
156,240,1915,3,3,0,25,20,8,Electric,250
7,240,1916,4,1,1,15,30,6,Gasoline,0
48,240,1916,4,2,0,25,20,8,Hybrid,0
114,240,1916,4,3,0,25,25,6,Electric,200
38,240,1917,5,1,0,20,20,7,Hybrid,0
37,240,1917,5,2,1,15,20,7,Hybrid,0
129,240,1917,5,3,0,25,20,8,Electric,200
36,240,1918,6,1,0,25,30,6,Hybrid,0
97,240,1918,6,2,1,15,30,7,Electric,150
44,240,1918,6,3,0,20,30,7,Hybrid,0
6,240,1919,7,1,0,25,25,6,Gasoline,0
103,240,1919,7,2,1,15,25,8,Electric,150
24,240,1919,7,3,0,25,25,8,Gasoline,0
39,240,1920,8,1,0,25,20,7,Hybrid,0
3,240,1920,8,2,0,25,20,6,Gasoline,0
11,240,1920,8,3,1,20,20,7,Gasoline,0
33,241,1921,1,1,0,25,25,6,Hybrid,0
137,241,1921,1,2,1,20,20,6,Electric,250
21,241,1921,1,3,0,25,20,8,Gasoline,0
46,241,1922,2,1,1,15,20,8,Hybrid,0
25,241,1922,2,2,0,15,30,8,Gasoline,0
45,241,1922,2,3,0,25,30,7,Hybrid,0
158,241,1923,3,1,0,20,25,8,Electric,250
12,241,1923,3,2,0,25,20,7,Gasoline,0
4,241,1923,3,3,1,15,25,6,Gasoline,0
69,241,1924,4,1,0,25,25,7,Electric,100
31,241,1924,4,2,1,15,25,6,Hybrid,0
146,241,1924,4,3,0,20,20,7,Electric,250
95,241,1925,5,1,0,20,25,7,Electric,150
120,241,1925,5,2,0,25,20,7,Electric,200
34,241,1925,5,3,1,15,30,6,Hybrid,0
80,241,1926,6,1,0,20,30,8,Electric,100
53,241,1926,6,2,1,20,30,8,Hybrid,0
15,241,1926,6,3,0,25,25,7,Gasoline,0
53,241,1927,7,1,0,20,30,8,Hybrid,0
148,241,1927,7,2,1,15,25,7,Electric,250
106,241,1927,7,3,0,15,30,8,Electric,150
15,241,1928,8,1,0,25,25,7,Gasoline,0
4,241,1928,8,2,1,15,25,6,Gasoline,0
83,241,1928,8,3,0,20,20,6,Electric,150
14,242,1929,1,1,0,20,25,7,Gasoline,0
1,242,1929,1,2,1,15,20,6,Gasoline,0
38,242,1929,1,3,0,20,20,7,Hybrid,0
99,242,1930,2,1,0,25,30,7,Electric,150
39,242,1930,2,2,0,25,20,7,Hybrid,0
140,242,1930,2,3,1,20,25,6,Electric,250
1,242,1931,3,1,1,15,20,6,Gasoline,0
38,242,1931,3,2,0,20,20,7,Hybrid,0
12,242,1931,3,3,0,25,20,7,Gasoline,0
162,242,1932,4,1,0,25,30,8,Electric,250
29,242,1932,4,2,0,20,20,6,Hybrid,0
103,242,1932,4,3,1,15,25,8,Electric,150
38,242,1933,5,1,0,20,20,7,Hybrid,0
84,242,1933,5,2,0,25,20,6,Electric,150
28,242,1933,5,3,1,15,20,6,Hybrid,0
19,242,1934,6,1,0,15,20,8,Gasoline,0
52,242,1934,6,2,1,15,30,8,Hybrid,0
33,242,1934,6,3,0,25,25,6,Hybrid,0
1,242,1935,7,1,1,15,20,6,Gasoline,0
20,242,1935,7,2,0,20,20,8,Gasoline,0
158,242,1935,7,3,0,20,25,8,Electric,250
130,242,1936,8,1,1,15,25,8,Electric,200
132,242,1936,8,2,0,25,25,8,Electric,200
58,242,1936,8,3,0,15,25,6,Electric,100
33,243,1937,1,1,0,25,25,6,Hybrid,0
26,243,1937,1,2,0,20,30,8,Gasoline,0
32,243,1937,1,3,1,20,25,6,Hybrid,0
93,243,1938,2,1,0,25,20,7,Electric,150
5,243,1938,2,2,1,20,25,6,Gasoline,0
123,243,1938,2,3,0,25,25,7,Electric,200
3,243,1939,3,1,0,25,20,6,Gasoline,0
39,243,1939,3,2,0,25,20,7,Hybrid,0
100,243,1939,3,3,1,15,20,8,Electric,150
34,243,1940,4,1,0,15,30,6,Hybrid,0
52,243,1940,4,2,1,15,30,8,Hybrid,0
49,243,1940,4,3,0,15,25,8,Hybrid,0
142,243,1941,5,1,1,15,30,6,Electric,250
18,243,1941,5,2,0,25,30,7,Gasoline,0
47,243,1941,5,3,0,20,20,8,Hybrid,0
32,243,1942,6,1,0,20,25,6,Hybrid,0
34,243,1942,6,2,0,15,30,6,Hybrid,0
157,243,1942,6,3,1,15,25,8,Electric,250
33,243,1943,7,1,0,25,25,6,Hybrid,0
41,243,1943,7,2,0,20,25,7,Hybrid,0
26,243,1943,7,3,1,20,30,8,Gasoline,0
79,243,1944,8,1,0,15,30,8,Electric,100
26,243,1944,8,2,1,20,30,8,Gasoline,0
41,243,1944,8,3,0,20,25,7,Hybrid,0
104,244,1945,1,1,0,20,25,8,Electric,150
41,244,1945,1,2,0,20,25,7,Hybrid,0
34,244,1945,1,3,1,15,30,6,Hybrid,0
8,244,1946,2,1,1,20,30,6,Gasoline,0
53,244,1946,2,2,0,20,30,8,Hybrid,0
132,244,1946,2,3,0,25,25,8,Electric,200
54,244,1947,3,1,0,25,30,8,Hybrid,0
33,244,1947,3,2,1,25,25,6,Hybrid,0
9,244,1947,3,3,0,25,30,6,Gasoline,0
53,244,1948,4,1,0,20,30,8,Hybrid,0
25,244,1948,4,2,1,15,30,8,Gasoline,0
2,244,1948,4,3,0,20,20,6,Gasoline,0
17,244,1949,5,1,0,20,30,7,Gasoline,0
89,244,1949,5,2,0,20,30,6,Electric,150
2,244,1949,5,3,1,20,20,6,Gasoline,0
97,244,1950,6,1,1,15,30,7,Electric,150
17,244,1950,6,2,0,20,30,7,Gasoline,0
13,244,1950,6,3,0,15,25,7,Gasoline,0
94,244,1951,7,1,1,15,25,7,Electric,150
157,244,1951,7,2,0,15,25,8,Electric,250
17,244,1951,7,3,0,20,30,7,Gasoline,0
61,244,1952,8,1,1,15,30,6,Electric,100
14,244,1952,8,2,0,20,25,7,Gasoline,0
6,244,1952,8,3,0,25,25,6,Gasoline,0
40,245,1953,1,1,0,15,25,7,Hybrid,0
142,245,1953,1,2,1,15,30,6,Electric,250
1,245,1953,1,3,0,15,20,6,Gasoline,0
29,245,1954,2,1,0,20,20,6,Hybrid,0
25,245,1954,2,2,1,15,30,8,Gasoline,0
57,245,1954,2,3,0,25,20,6,Electric,100
17,245,1955,3,1,1,20,30,7,Gasoline,0
32,245,1955,3,2,0,20,25,6,Hybrid,0
119,245,1955,3,3,0,20,20,7,Electric,200
56,245,1956,4,1,0,20,20,6,Electric,100
34,245,1956,4,2,1,15,30,6,Hybrid,0
69,245,1956,4,3,0,25,25,7,Electric,100
23,245,1957,5,1,0,20,25,8,Gasoline,0
31,245,1957,5,2,1,15,25,6,Hybrid,0
119,245,1957,5,3,0,20,20,7,Electric,200
99,245,1958,6,1,0,25,30,7,Electric,150
25,245,1958,6,2,1,15,30,8,Gasoline,0
12,245,1958,6,3,0,25,20,7,Gasoline,0
18,245,1959,7,1,0,25,30,7,Gasoline,0
31,245,1959,7,2,1,15,25,6,Hybrid,0
50,245,1959,7,3,0,20,25,8,Hybrid,0
15,245,1960,8,1,0,25,25,7,Gasoline,0
41,245,1960,8,2,1,20,25,7,Hybrid,0
8,245,1960,8,3,0,20,30,6,Gasoline,0
112,246,1961,1,1,1,15,25,6,Electric,200
118,246,1961,1,2,0,15,20,7,Electric,200
19,246,1961,1,3,0,15,20,8,Gasoline,0
53,246,1962,2,1,0,20,30,8,Hybrid,0
51,246,1962,2,2,0,25,25,8,Hybrid,0
127,246,1962,2,3,1,15,20,8,Electric,200
19,246,1963,3,1,1,15,20,8,Gasoline,0
20,246,1963,3,2,0,20,20,8,Gasoline,0
66,246,1963,3,3,0,25,20,7,Electric,100
30,246,1964,4,1,0,25,20,6,Hybrid,0
45,246,1964,4,2,0,25,30,7,Hybrid,0
13,246,1964,4,3,1,15,25,7,Gasoline,0
131,246,1965,5,1,0,20,25,8,Electric,200
140,246,1965,5,2,0,20,25,6,Electric,250
25,246,1965,5,3,1,15,30,8,Gasoline,0
158,246,1966,6,1,1,20,25,8,Electric,250
33,246,1966,6,2,0,25,25,6,Hybrid,0
5,246,1966,6,3,0,20,25,6,Gasoline,0
17,246,1967,7,1,1,20,30,7,Gasoline,0
62,246,1967,7,2,0,20,30,6,Electric,100
50,246,1967,7,3,0,20,25,8,Hybrid,0
156,246,1968,8,1,0,25,20,8,Electric,250
20,246,1968,8,2,1,20,20,8,Gasoline,0
18,246,1968,8,3,0,25,30,7,Gasoline,0
17,247,1969,1,1,0,20,30,7,Gasoline,0
49,247,1969,1,2,1,15,25,8,Hybrid,0
45,247,1969,1,3,0,25,30,7,Hybrid,0
27,247,1970,2,1,1,25,30,8,Gasoline,0
84,247,1970,2,2,0,25,20,6,Electric,150
72,247,1970,2,3,0,25,30,7,Electric,100
56,247,1971,3,1,0,20,20,6,Electric,100
156,247,1971,3,2,1,25,20,8,Electric,250
39,247,1971,3,3,0,25,20,7,Hybrid,0
147,247,1972,4,1,0,25,20,7,Electric,250
39,247,1972,4,2,0,25,20,7,Hybrid,0
52,247,1972,4,3,1,15,30,8,Hybrid,0
84,247,1973,5,1,0,25,20,6,Electric,150
50,247,1973,5,2,0,20,25,8,Hybrid,0
49,247,1973,5,3,1,15,25,8,Hybrid,0
3,247,1974,6,1,0,25,20,6,Gasoline,0
4,247,1974,6,2,1,15,25,6,Gasoline,0
48,247,1974,6,3,0,25,20,8,Hybrid,0
51,247,1975,7,1,0,25,25,8,Hybrid,0
19,247,1975,7,2,0,15,20,8,Gasoline,0
79,247,1975,7,3,1,15,30,8,Electric,100
30,247,1976,8,1,0,25,20,6,Hybrid,0
4,247,1976,8,2,1,15,25,6,Gasoline,0
11,247,1976,8,3,0,20,20,7,Gasoline,0
22,248,1977,1,1,1,15,25,8,Gasoline,0
8,248,1977,1,2,0,20,30,6,Gasoline,0
19,248,1977,1,3,0,15,20,8,Gasoline,0
7,248,1978,2,1,1,15,30,6,Gasoline,0
26,248,1978,2,2,0,20,30,8,Gasoline,0
20,248,1978,2,3,0,20,20,8,Gasoline,0
31,248,1979,3,1,1,15,25,6,Hybrid,0
45,248,1979,3,2,0,25,30,7,Hybrid,0
17,248,1979,3,3,0,20,30,7,Gasoline,0
2,248,1980,4,1,0,20,20,6,Gasoline,0
44,248,1980,4,2,1,20,30,7,Hybrid,0
54,248,1980,4,3,0,25,30,8,Hybrid,0
80,248,1981,5,1,1,20,30,8,Electric,100
30,248,1981,5,2,0,25,20,6,Hybrid,0
15,248,1981,5,3,0,25,25,7,Gasoline,0
52,248,1982,6,1,0,15,30,8,Hybrid,0
18,248,1982,6,2,0,25,30,7,Gasoline,0
148,248,1982,6,3,1,15,25,7,Electric,250
22,248,1983,7,1,1,15,25,8,Gasoline,0
10,248,1983,7,2,0,15,20,7,Gasoline,0
9,248,1983,7,3,0,25,30,6,Gasoline,0
67,248,1984,8,1,1,15,25,7,Electric,100
33,248,1984,8,2,0,25,25,6,Hybrid,0
5,248,1984,8,3,0,20,25,6,Gasoline,0
54,249,1985,1,1,1,25,30,8,Hybrid,0
51,249,1985,1,2,0,25,25,8,Hybrid,0
108,249,1985,1,3,0,25,30,8,Electric,150
155,249,1986,2,1,0,20,20,8,Electric,250
39,249,1986,2,2,0,25,20,7,Hybrid,0
4,249,1986,2,3,1,15,25,6,Gasoline,0
148,249,1987,3,1,1,15,25,7,Electric,250
2,249,1987,3,2,0,20,20,6,Gasoline,0
74,249,1987,3,3,0,20,20,8,Electric,100
20,249,1988,4,1,0,20,20,8,Gasoline,0
41,249,1988,4,2,0,20,25,7,Hybrid,0
152,249,1988,4,3,1,20,30,7,Electric,250
8,249,1989,5,1,1,20,30,6,Gasoline,0
36,249,1989,5,2,0,25,30,6,Hybrid,0
1,249,1989,5,3,0,15,20,6,Gasoline,0
45,249,1990,6,1,1,25,30,7,Hybrid,0
21,249,1990,6,2,0,25,20,8,Gasoline,0
87,249,1990,6,3,0,25,25,6,Electric,150
25,249,1991,7,1,1,15,30,8,Gasoline,0
76,249,1991,7,2,0,15,25,8,Electric,100
122,249,1991,7,3,0,20,25,7,Electric,200
5,249,1992,8,1,0,20,25,6,Gasoline,0
11,249,1992,8,2,1,20,20,7,Gasoline,0
72,249,1992,8,3,0,25,30,7,Electric,100
31,250,1993,1,1,1,15,25,6,Hybrid,0
38,250,1993,1,2,0,20,20,7,Hybrid,0
153,250,1993,1,3,0,25,30,7,Electric,250
118,250,1994,2,1,1,15,20,7,Electric,200
17,250,1994,2,2,0,20,30,7,Gasoline,0
38,250,1994,2,3,0,20,20,7,Hybrid,0
42,250,1995,3,1,0,25,25,7,Hybrid,0
31,250,1995,3,2,0,15,25,6,Hybrid,0
160,250,1995,3,3,1,15,30,8,Electric,250
18,250,1996,4,1,0,25,30,7,Gasoline,0
23,250,1996,4,2,1,20,25,8,Gasoline,0
8,250,1996,4,3,0,20,30,6,Gasoline,0
29,250,1997,5,1,1,20,20,6,Hybrid,0
64,250,1997,5,2,0,15,20,7,Electric,100
41,250,1997,5,3,0,20,25,7,Hybrid,0
40,250,1998,6,1,0,15,25,7,Hybrid,0
34,250,1998,6,2,1,15,30,6,Hybrid,0
47,250,1998,6,3,0,20,20,8,Hybrid,0
54,250,1999,7,1,0,25,30,8,Hybrid,0
16,250,1999,7,2,0,15,30,7,Gasoline,0
43,250,1999,7,3,1,15,30,7,Hybrid,0
31,250,2000,8,1,1,15,25,6,Hybrid,0
108,250,2000,8,2,0,25,30,8,Electric,150
56,250,2000,8,3,0,20,20,6,Electric,100
98,251,2001,1,1,0,20,30,7,Electric,150
99,251,2001,1,2,0,25,30,7,Electric,150
133,251,2001,1,3,1,15,30,8,Electric,200
19,251,2002,2,1,0,15,20,8,Gasoline,0
50,251,2002,2,2,0,20,25,8,Hybrid,0
106,251,2002,2,3,1,15,30,8,Electric,150
160,251,2003,3,1,1,15,30,8,Electric,250
6,251,2003,3,2,0,25,25,6,Gasoline,0
119,251,2003,3,3,0,20,20,7,Electric,200
132,251,2004,4,1,0,25,25,8,Electric,200
101,251,2004,4,2,1,20,20,8,Electric,150
162,251,2004,4,3,0,25,30,8,Electric,250
27,251,2005,5,1,0,25,30,8,Gasoline,0
28,251,2005,5,2,1,15,20,6,Hybrid,0
2,251,2005,5,3,0,20,20,6,Gasoline,0
140,251,2006,6,1,0,20,25,6,Electric,250
31,251,2006,6,2,1,15,25,6,Hybrid,0
57,251,2006,6,3,0,25,20,6,Electric,100
45,251,2007,7,1,0,25,30,7,Hybrid,0
59,251,2007,7,2,1,20,25,6,Electric,100
32,251,2007,7,3,0,20,25,6,Hybrid,0
149,251,2008,8,1,1,20,25,7,Electric,250
39,251,2008,8,2,0,25,20,7,Hybrid,0
14,251,2008,8,3,0,20,25,7,Gasoline,0
87,252,2009,1,1,0,25,25,6,Electric,150
135,252,2009,1,2,0,25,30,8,Electric,200
25,252,2009,1,3,1,15,30,8,Gasoline,0
44,252,2010,2,1,1,20,30,7,Hybrid,0
27,252,2010,2,2,0,25,30,8,Gasoline,0
8,252,2010,2,3,0,20,30,6,Gasoline,0
134,252,2011,3,1,0,20,30,8,Electric,200
44,252,2011,3,2,0,20,30,7,Hybrid,0
46,252,2011,3,3,1,15,20,8,Hybrid,0
140,252,2012,4,1,1,20,25,6,Electric,250
41,252,2012,4,2,0,20,25,7,Hybrid,0
53,252,2012,4,3,0,20,30,8,Hybrid,0
25,252,2013,5,1,1,15,30,8,Gasoline,0
15,252,2013,5,2,0,25,25,7,Gasoline,0
125,252,2013,5,3,0,20,30,7,Electric,200
46,252,2014,6,1,1,15,20,8,Hybrid,0
143,252,2014,6,2,0,20,30,6,Electric,250
95,252,2014,6,3,0,20,25,7,Electric,150
95,252,2015,7,1,0,20,25,7,Electric,150
18,252,2015,7,2,1,25,30,7,Gasoline,0
99,252,2015,7,3,0,25,30,7,Electric,150
46,252,2016,8,1,1,15,20,8,Hybrid,0
29,252,2016,8,2,0,20,20,6,Hybrid,0
39,252,2016,8,3,0,25,20,7,Hybrid,0
147,253,2017,1,1,1,25,20,7,Electric,250
30,253,2017,1,2,0,25,20,6,Hybrid,0
65,253,2017,1,3,0,20,20,7,Electric,100
60,253,2018,2,1,0,25,25,6,Electric,100
50,253,2018,2,2,1,20,25,8,Hybrid,0
54,253,2018,2,3,0,25,30,8,Hybrid,0
32,253,2019,3,1,0,20,25,6,Hybrid,0
112,253,2019,3,2,0,15,25,6,Electric,200
148,253,2019,3,3,1,15,25,7,Electric,250
152,253,2020,4,1,0,20,30,7,Electric,250
53,253,2020,4,2,0,20,30,8,Hybrid,0
25,253,2020,4,3,1,15,30,8,Gasoline,0
159,253,2021,5,1,0,25,25,8,Electric,250
54,253,2021,5,2,0,25,30,8,Hybrid,0
34,253,2021,5,3,1,15,30,6,Hybrid,0
33,253,2022,6,1,0,25,25,6,Hybrid,0
155,253,2022,6,2,0,20,20,8,Electric,250
50,253,2022,6,3,1,20,25,8,Hybrid,0
160,253,2023,7,1,1,15,30,8,Electric,250
60,253,2023,7,2,0,25,25,6,Electric,100
26,253,2023,7,3,0,20,30,8,Gasoline,0
11,253,2024,8,1,0,20,20,7,Gasoline,0
45,253,2024,8,2,0,25,30,7,Hybrid,0
26,253,2024,8,3,1,20,30,8,Gasoline,0
18,254,2025,1,1,1,25,30,7,Gasoline,0
21,254,2025,1,2,0,25,20,8,Gasoline,0
30,254,2025,1,3,0,25,20,6,Hybrid,0
37,254,2026,2,1,1,15,20,7,Hybrid,0
30,254,2026,2,2,0,25,20,6,Hybrid,0
21,254,2026,2,3,0,25,20,8,Gasoline,0
27,254,2027,3,1,0,25,30,8,Gasoline,0
39,254,2027,3,2,0,25,20,7,Hybrid,0
8,254,2027,3,3,1,20,30,6,Gasoline,0
38,254,2028,4,1,1,20,20,7,Hybrid,0
30,254,2028,4,2,0,25,20,6,Hybrid,0
75,254,2028,4,3,0,25,20,8,Electric,100
28,254,2029,5,1,1,15,20,6,Hybrid,0
2,254,2029,5,2,0,20,20,6,Gasoline,0
92,254,2029,5,3,0,20,20,7,Electric,150
6,254,2030,6,1,0,25,25,6,Gasoline,0
56,254,2030,6,2,0,20,20,6,Electric,100
14,254,2030,6,3,1,20,25,7,Gasoline,0
8,254,2031,7,1,0,20,30,6,Gasoline,0
19,254,2031,7,2,1,15,20,8,Gasoline,0
76,254,2031,7,3,0,15,25,8,Electric,100
16,254,2032,8,1,1,15,30,7,Gasoline,0
48,254,2032,8,2,0,25,20,8,Hybrid,0
17,254,2032,8,3,0,20,30,7,Gasoline,0
11,255,2033,1,1,1,20,20,7,Gasoline,0
42,255,2033,1,2,0,25,25,7,Hybrid,0
48,255,2033,1,3,0,25,20,8,Hybrid,0
66,255,2034,2,1,0,25,20,7,Electric,100
55,255,2034,2,2,1,15,20,6,Electric,100
47,255,2034,2,3,0,20,20,8,Hybrid,0
35,255,2035,3,1,1,20,30,6,Hybrid,0
29,255,2035,3,2,0,20,20,6,Hybrid,0
48,255,2035,3,3,0,25,20,8,Hybrid,0
64,255,2036,4,1,0,15,20,7,Electric,100
65,255,2036,4,2,0,20,20,7,Electric,100
28,255,2036,4,3,1,15,20,6,Hybrid,0
84,255,2037,5,1,0,25,20,6,Electric,150
35,255,2037,5,2,1,20,30,6,Hybrid,0
38,255,2037,5,3,0,20,20,7,Hybrid,0
62,255,2038,6,1,0,20,30,6,Electric,100
41,255,2038,6,2,1,20,25,7,Hybrid,0
84,255,2038,6,3,0,25,20,6,Electric,150
26,255,2039,7,1,0,20,30,8,Gasoline,0
33,255,2039,7,2,0,25,25,6,Hybrid,0
148,255,2039,7,3,1,15,25,7,Electric,250
28,255,2040,8,1,1,15,20,6,Hybrid,0
39,255,2040,8,2,0,25,20,7,Hybrid,0
10,255,2040,8,3,0,15,20,7,Gasoline,0
38,256,2041,1,1,0,20,20,7,Hybrid,0
1,256,2041,1,2,1,15,20,6,Gasoline,0
131,256,2041,1,3,0,20,25,8,Electric,200
48,256,2042,2,1,0,25,20,8,Hybrid,0
40,256,2042,2,2,1,15,25,7,Hybrid,0
64,256,2042,2,3,0,15,20,7,Electric,100
85,256,2043,3,1,0,15,25,6,Electric,150
27,256,2043,3,2,0,25,30,8,Gasoline,0
43,256,2043,3,3,1,15,30,7,Hybrid,0
91,256,2044,4,1,0,15,20,7,Electric,150
157,256,2044,4,2,1,15,25,8,Electric,250
11,256,2044,4,3,0,20,20,7,Gasoline,0
57,256,2045,5,1,0,25,20,6,Electric,100
26,256,2045,5,2,1,20,30,8,Gasoline,0
35,256,2045,5,3,0,20,30,6,Hybrid,0
1,256,2046,6,1,1,15,20,6,Gasoline,0
73,256,2046,6,2,0,15,20,8,Electric,100
126,256,2046,6,3,0,25,30,7,Electric,200
91,256,2047,7,1,0,15,20,7,Electric,150
137,256,2047,7,2,0,20,20,6,Electric,250
25,256,2047,7,3,1,15,30,8,Gasoline,0
45,256,2048,8,1,0,25,30,7,Hybrid,0
41,256,2048,8,2,1,20,25,7,Hybrid,0
15,256,2048,8,3,0,25,25,7,Gasoline,0
6,257,2049,1,1,0,25,25,6,Gasoline,0
73,257,2049,1,2,1,15,20,8,Electric,100
66,257,2049,1,3,0,25,20,7,Electric,100
2,257,2050,2,1,0,20,20,6,Gasoline,0
49,257,2050,2,2,1,15,25,8,Hybrid,0
104,257,2050,2,3,0,20,25,8,Electric,150
41,257,2051,3,1,0,20,25,7,Hybrid,0
21,257,2051,3,2,0,25,20,8,Gasoline,0
71,257,2051,3,3,1,20,30,7,Electric,100
40,257,2052,4,1,1,15,25,7,Hybrid,0
37,257,2052,4,2,0,15,20,7,Hybrid,0
69,257,2052,4,3,0,25,25,7,Electric,100
12,257,2053,5,1,0,25,20,7,Gasoline,0
37,257,2053,5,2,0,15,20,7,Hybrid,0
1,257,2053,5,3,1,15,20,6,Gasoline,0
22,257,2054,6,1,1,15,25,8,Gasoline,0
73,257,2054,6,2,0,15,20,8,Electric,100
35,257,2054,6,3,0,20,30,6,Hybrid,0
48,257,2055,7,1,0,25,20,8,Hybrid,0
125,257,2055,7,2,0,20,30,7,Electric,200
7,257,2055,7,3,1,15,30,6,Gasoline,0
43,257,2056,8,1,1,15,30,7,Hybrid,0
150,257,2056,8,2,0,25,25,7,Electric,250
42,257,2056,8,3,0,25,25,7,Hybrid,0
97,258,2057,1,1,1,15,30,7,Electric,150
143,258,2057,1,2,0,20,30,6,Electric,250
48,258,2057,1,3,0,25,20,8,Hybrid,0
13,258,2058,2,1,1,15,25,7,Gasoline,0
18,258,2058,2,2,0,25,30,7,Gasoline,0
90,258,2058,2,3,0,25,30,6,Electric,150
17,258,2059,3,1,1,20,30,7,Gasoline,0
36,258,2059,3,2,0,25,30,6,Hybrid,0
48,258,2059,3,3,0,25,20,8,Hybrid,0
64,258,2060,4,1,1,15,20,7,Electric,100
144,258,2060,4,2,0,25,30,6,Electric,250
24,258,2060,4,3,0,25,25,8,Gasoline,0
1,258,2061,5,1,0,15,20,6,Gasoline,0
40,258,2061,5,2,1,15,25,7,Hybrid,0
82,258,2061,5,3,0,15,20,6,Electric,150
1,258,2062,6,1,1,15,20,6,Gasoline,0
11,258,2062,6,2,0,20,20,7,Gasoline,0
86,258,2062,6,3,0,20,25,6,Electric,150
22,258,2063,7,1,0,15,25,8,Gasoline,0
151,258,2063,7,2,0,15,30,7,Electric,250
49,258,2063,7,3,1,15,25,8,Hybrid,0
42,258,2064,8,1,0,25,25,7,Hybrid,0
132,258,2064,8,2,0,25,25,8,Electric,200
71,258,2064,8,3,1,20,30,7,Electric,100
32,259,2065,1,1,0,20,25,6,Hybrid,0
19,259,2065,1,2,1,15,20,8,Gasoline,0
15,259,2065,1,3,0,25,25,7,Gasoline,0
18,259,2066,2,1,0,25,30,7,Gasoline,0
19,259,2066,2,2,1,15,20,8,Gasoline,0
41,259,2066,2,3,0,20,25,7,Hybrid,0
83,259,2067,3,1,1,20,20,6,Electric,150
50,259,2067,3,2,0,20,25,8,Hybrid,0
6,259,2067,3,3,0,25,25,6,Gasoline,0
125,259,2068,4,1,1,20,30,7,Electric,200
68,259,2068,4,2,0,20,25,7,Electric,100
54,259,2068,4,3,0,25,30,8,Hybrid,0
105,259,2069,5,1,0,25,25,8,Electric,150
28,259,2069,5,2,1,15,20,6,Hybrid,0
38,259,2069,5,3,0,20,20,7,Hybrid,0
25,259,2070,6,1,0,15,30,8,Gasoline,0
136,259,2070,6,2,1,15,20,6,Electric,250
107,259,2070,6,3,0,20,30,8,Electric,150
20,259,2071,7,1,1,20,20,8,Gasoline,0
32,259,2071,7,2,0,20,25,6,Hybrid,0
14,259,2071,7,3,0,20,25,7,Gasoline,0
84,259,2072,8,1,0,25,20,6,Electric,150
130,259,2072,8,2,1,15,25,8,Electric,200
30,259,2072,8,3,0,25,20,6,Hybrid,0
6,260,2073,1,1,0,25,25,6,Gasoline,0
112,260,2073,1,2,0,15,25,6,Electric,200
40,260,2073,1,3,1,15,25,7,Hybrid,0
39,260,2074,2,1,0,25,20,7,Hybrid,0
74,260,2074,2,2,0,20,20,8,Electric,100
4,260,2074,2,3,1,15,25,6,Gasoline,0
117,260,2075,3,1,0,25,30,6,Electric,200
7,260,2075,3,2,1,15,30,6,Gasoline,0
36,260,2075,3,3,0,25,30,6,Hybrid,0
3,260,2076,4,1,0,25,20,6,Gasoline,0
34,260,2076,4,2,1,15,30,6,Hybrid,0
13,260,2076,4,3,0,15,25,7,Gasoline,0
153,260,2077,5,1,0,25,30,7,Electric,250
2,260,2077,5,2,0,20,20,6,Gasoline,0
116,260,2077,5,3,1,20,30,6,Electric,200
69,260,2078,6,1,0,25,25,7,Electric,100
53,260,2078,6,2,1,20,30,8,Hybrid,0
32,260,2078,6,3,0,20,25,6,Hybrid,0
26,260,2079,7,1,1,20,30,8,Gasoline,0
105,260,2079,7,2,0,25,25,8,Electric,150
62,260,2079,7,3,0,20,30,6,Electric,100
26,260,2080,8,1,0,20,30,8,Gasoline,0
103,260,2080,8,2,1,15,25,8,Electric,150
122,260,2080,8,3,0,20,25,7,Electric,200
48,261,2081,1,1,0,25,20,8,Hybrid,0
155,261,2081,1,2,1,20,20,8,Electric,250
41,261,2081,1,3,0,20,25,7,Hybrid,0
34,261,2082,2,1,1,15,30,6,Hybrid,0
13,261,2082,2,2,0,15,25,7,Gasoline,0
108,261,2082,2,3,0,25,30,8,Electric,150
20,261,2083,3,1,0,20,20,8,Gasoline,0
94,261,2083,3,2,1,15,25,7,Electric,150
27,261,2083,3,3,0,25,30,8,Gasoline,0
30,261,2084,4,1,0,25,20,6,Hybrid,0
28,261,2084,4,2,0,15,20,6,Hybrid,0
13,261,2084,4,3,1,15,25,7,Gasoline,0
46,261,2085,5,1,1,15,20,8,Hybrid,0
162,261,2085,5,2,0,25,30,8,Electric,250
61,261,2085,5,3,0,15,30,6,Electric,100
31,261,2086,6,1,1,15,25,6,Hybrid,0
41,261,2086,6,2,0,20,25,7,Hybrid,0
20,261,2086,6,3,0,20,20,8,Gasoline,0
41,261,2087,7,1,0,20,25,7,Hybrid,0
52,261,2087,7,2,1,15,30,8,Hybrid,0
47,261,2087,7,3,0,20,20,8,Hybrid,0
47,261,2088,8,1,0,20,20,8,Hybrid,0
43,261,2088,8,2,1,15,30,7,Hybrid,0
9,261,2088,8,3,0,25,30,6,Gasoline,0
48,262,2089,1,1,0,25,20,8,Hybrid,0
115,262,2089,1,2,0,15,30,6,Electric,200
10,262,2089,1,3,1,15,20,7,Gasoline,0
19,262,2090,2,1,1,15,20,8,Gasoline,0
122,262,2090,2,2,0,20,25,7,Electric,200
95,262,2090,2,3,0,20,25,7,Electric,150
39,262,2091,3,1,1,25,20,7,Hybrid,0
33,262,2091,3,2,0,25,25,6,Hybrid,0
15,262,2091,3,3,0,25,25,7,Gasoline,0
56,262,2092,4,1,0,20,20,6,Electric,100
36,262,2092,4,2,0,25,30,6,Hybrid,0
16,262,2092,4,3,1,15,30,7,Gasoline,0
103,262,2093,5,1,0,15,25,8,Electric,150
23,262,2093,5,2,0,20,25,8,Gasoline,0
157,262,2093,5,3,1,15,25,8,Electric,250
44,262,2094,6,1,0,20,30,7,Hybrid,0
34,262,2094,6,2,1,15,30,6,Hybrid,0
51,262,2094,6,3,0,25,25,8,Hybrid,0
7,262,2095,7,1,0,15,30,6,Gasoline,0
19,262,2095,7,2,0,15,20,8,Gasoline,0
16,262,2095,7,3,1,15,30,7,Gasoline,0
106,262,2096,8,1,0,15,30,8,Electric,150
50,262,2096,8,2,0,20,25,8,Hybrid,0
20,262,2096,8,3,1,20,20,8,Gasoline,0
119,263,2097,1,1,1,20,20,7,Electric,200
51,263,2097,1,2,0,25,25,8,Hybrid,0
6,263,2097,1,3,0,25,25,6,Gasoline,0
11,263,2098,2,1,1,20,20,7,Gasoline,0
150,263,2098,2,2,0,25,25,7,Electric,250
8,263,2098,2,3,0,20,30,6,Gasoline,0
35,263,2099,3,1,1,20,30,6,Hybrid,0
3,263,2099,3,2,0,25,20,6,Gasoline,0
75,263,2099,3,3,0,25,20,8,Electric,100
20,263,2100,4,1,0,20,20,8,Gasoline,0
5,263,2100,4,2,0,20,25,6,Gasoline,0
46,263,2100,4,3,1,15,20,8,Hybrid,0
36,263,2101,5,1,0,25,30,6,Hybrid,0
127,263,2101,5,2,1,15,20,8,Electric,200
156,263,2101,5,3,0,25,20,8,Electric,250
153,263,2102,6,1,0,25,30,7,Electric,250
29,263,2102,6,2,1,20,20,6,Hybrid,0
71,263,2102,6,3,0,20,30,7,Electric,100
49,263,2103,7,1,0,15,25,8,Hybrid,0
13,263,2103,7,2,1,15,25,7,Gasoline,0
126,263,2103,7,3,0,25,30,7,Electric,200
2,263,2104,8,1,0,20,20,6,Gasoline,0
1,263,2104,8,2,1,15,20,6,Gasoline,0
113,263,2104,8,3,0,20,25,6,Electric,200
6,264,2105,1,1,0,25,25,6,Gasoline,0
28,264,2105,1,2,0,15,20,6,Hybrid,0
145,264,2105,1,3,1,15,20,7,Electric,250
27,264,2106,2,1,0,25,30,8,Gasoline,0
25,264,2106,2,2,0,15,30,8,Gasoline,0
10,264,2106,2,3,1,15,20,7,Gasoline,0
74,264,2107,3,1,1,20,20,8,Electric,100
46,264,2107,3,2,0,15,20,8,Hybrid,0
16,264,2107,3,3,0,15,30,7,Gasoline,0
83,264,2108,4,1,0,20,20,6,Electric,150
3,264,2108,4,2,0,25,20,6,Gasoline,0
34,264,2108,4,3,1,15,30,6,Hybrid,0
15,264,2109,5,1,0,25,25,7,Gasoline,0
3,264,2109,5,2,0,25,20,6,Gasoline,0
126,264,2109,5,3,1,25,30,7,Electric,200
152,264,2110,6,1,1,20,30,7,Electric,250
129,264,2110,6,2,0,25,20,8,Electric,200
102,264,2110,6,3,0,25,20,8,Electric,150
3,264,2111,7,1,0,25,20,6,Gasoline,0
71,264,2111,7,2,0,20,30,7,Electric,100
25,264,2111,7,3,1,15,30,8,Gasoline,0
10,264,2112,8,1,1,15,20,7,Gasoline,0
23,264,2112,8,2,0,20,25,8,Gasoline,0
122,264,2112,8,3,0,20,25,7,Electric,200
54,265,2113,1,1,0,25,30,8,Hybrid,0
29,265,2113,1,2,1,20,20,6,Hybrid,0
146,265,2113,1,3,0,20,20,7,Electric,250
41,265,2114,2,1,0,20,25,7,Hybrid,0
48,265,2114,2,2,0,25,20,8,Hybrid,0
115,265,2114,2,3,1,15,30,6,Electric,200
136,265,2115,3,1,1,15,20,6,Electric,250
27,265,2115,3,2,0,25,30,8,Gasoline,0
135,265,2115,3,3,0,25,30,8,Electric,200
36,265,2116,4,1,0,25,30,6,Hybrid,0
4,265,2116,4,2,1,15,25,6,Gasoline,0
110,265,2116,4,3,0,20,20,6,Electric,200
30,265,2117,5,1,0,25,20,6,Hybrid,0
38,265,2117,5,2,0,20,20,7,Hybrid,0
17,265,2117,5,3,1,20,30,7,Gasoline,0
55,265,2118,6,1,1,15,20,6,Electric,100
50,265,2118,6,2,0,20,25,8,Hybrid,0
65,265,2118,6,3,0,20,20,7,Electric,100
86,265,2119,7,1,0,20,25,6,Electric,150
13,265,2119,7,2,1,15,25,7,Gasoline,0
32,265,2119,7,3,0,20,25,6,Hybrid,0
144,265,2120,8,1,0,25,30,6,Electric,250
13,265,2120,8,2,1,15,25,7,Gasoline,0
48,265,2120,8,3,0,25,20,8,Hybrid,0
15,266,2121,1,1,0,25,25,7,Gasoline,0
92,266,2121,1,2,1,20,20,7,Electric,150
10,266,2121,1,3,0,15,20,7,Gasoline,0
8,266,2122,2,1,1,20,30,6,Gasoline,0
140,266,2122,2,2,0,20,25,6,Electric,250
129,266,2122,2,3,0,25,20,8,Electric,200
29,266,2123,3,1,1,20,20,6,Hybrid,0
18,266,2123,3,2,0,25,30,7,Gasoline,0
12,266,2123,3,3,0,25,20,7,Gasoline,0
47,266,2124,4,1,0,20,20,8,Hybrid,0
1,266,2124,4,2,1,15,20,6,Gasoline,0
50,266,2124,4,3,0,20,25,8,Hybrid,0
6,266,2125,5,1,0,25,25,6,Gasoline,0
36,266,2125,5,2,0,25,30,6,Hybrid,0
19,266,2125,5,3,1,15,20,8,Gasoline,0
10,266,2126,6,1,1,15,20,7,Gasoline,0
47,266,2126,6,2,0,20,20,8,Hybrid,0
27,266,2126,6,3,0,25,30,8,Gasoline,0
34,266,2127,7,1,1,15,30,6,Hybrid,0
51,266,2127,7,2,0,25,25,8,Hybrid,0
25,266,2127,7,3,0,15,30,8,Gasoline,0
23,266,2128,8,1,1,20,25,8,Gasoline,0
125,266,2128,8,2,0,20,30,7,Electric,200
15,266,2128,8,3,0,25,25,7,Gasoline,0
46,267,2129,1,1,1,15,20,8,Hybrid,0
3,267,2129,1,2,0,25,20,6,Gasoline,0
48,267,2129,1,3,0,25,20,8,Hybrid,0
32,267,2130,2,1,0,20,25,6,Hybrid,0
3,267,2130,2,2,0,25,20,6,Gasoline,0
49,267,2130,2,3,1,15,25,8,Hybrid,0
25,267,2131,3,1,1,15,30,8,Gasoline,0
91,267,2131,3,2,0,15,20,7,Electric,150
110,267,2131,3,3,0,20,20,6,Electric,200
150,267,2132,4,1,0,25,25,7,Electric,250
128,267,2132,4,2,0,20,20,8,Electric,200
113,267,2132,4,3,1,20,25,6,Electric,200
159,267,2133,5,1,0,25,25,8,Electric,250
17,267,2133,5,2,1,20,30,7,Gasoline,0
6,267,2133,5,3,0,25,25,6,Gasoline,0
78,267,2134,6,1,0,25,25,8,Electric,100
51,267,2134,6,2,0,25,25,8,Hybrid,0
20,267,2134,6,3,1,20,20,8,Gasoline,0
11,267,2135,7,1,1,20,20,7,Gasoline,0
8,267,2135,7,2,0,20,30,6,Gasoline,0
30,267,2135,7,3,0,25,20,6,Hybrid,0
150,267,2136,8,1,0,25,25,7,Electric,250
40,267,2136,8,2,1,15,25,7,Hybrid,0
98,267,2136,8,3,0,20,30,7,Electric,150
5,268,2137,1,1,0,20,25,6,Gasoline,0
79,268,2137,1,2,1,15,30,8,Electric,100
93,268,2137,1,3,0,25,20,7,Electric,150
25,268,2138,2,1,1,15,30,8,Gasoline,0
1,268,2138,2,2,0,15,20,6,Gasoline,0
27,268,2138,2,3,0,25,30,8,Gasoline,0
50,268,2139,3,1,0,20,25,8,Hybrid,0
145,268,2139,3,2,1,15,20,7,Electric,250
25,268,2139,3,3,0,15,30,8,Gasoline,0
25,268,2140,4,1,1,15,30,8,Gasoline,0
49,268,2140,4,2,0,15,25,8,Hybrid,0
89,268,2140,4,3,0,20,30,6,Electric,150
13,268,2141,5,1,0,15,25,7,Gasoline,0
53,268,2141,5,2,0,20,30,8,Hybrid,0
52,268,2141,5,3,1,15,30,8,Hybrid,0
98,268,2142,6,1,1,20,30,7,Electric,150
143,268,2142,6,2,0,20,30,6,Electric,250
134,268,2142,6,3,0,20,30,8,Electric,200
71,268,2143,7,1,0,20,30,7,Electric,100
146,268,2143,7,2,1,20,20,7,Electric,250
30,268,2143,7,3,0,25,20,6,Hybrid,0
39,268,2144,8,1,0,25,20,7,Hybrid,0
2,268,2144,8,2,0,20,20,6,Gasoline,0
149,268,2144,8,3,1,20,25,7,Electric,250
37,269,2145,1,1,1,15,20,7,Hybrid,0
6,269,2145,1,2,0,25,25,6,Gasoline,0
1,269,2145,1,3,0,15,20,6,Gasoline,0
50,269,2146,2,1,0,20,25,8,Hybrid,0
2,269,2146,2,2,1,20,20,6,Gasoline,0
8,269,2146,2,3,0,20,30,6,Gasoline,0
130,269,2147,3,1,1,15,25,8,Electric,200
25,269,2147,3,2,0,15,30,8,Gasoline,0
26,269,2147,3,3,0,20,30,8,Gasoline,0
104,269,2148,4,1,0,20,25,8,Electric,150
19,269,2148,4,2,1,15,20,8,Gasoline,0
52,269,2148,4,3,0,15,30,8,Hybrid,0
49,269,2149,5,1,1,15,25,8,Hybrid,0
71,269,2149,5,2,0,20,30,7,Electric,100
25,269,2149,5,3,0,15,30,8,Gasoline,0
16,269,2150,6,1,1,15,30,7,Gasoline,0
24,269,2150,6,2,0,25,25,8,Gasoline,0
47,269,2150,6,3,0,20,20,8,Hybrid,0
28,269,2151,7,1,0,15,20,6,Hybrid,0
50,269,2151,7,2,0,20,25,8,Hybrid,0
7,269,2151,7,3,1,15,30,6,Gasoline,0
70,269,2152,8,1,0,15,30,7,Electric,100
19,269,2152,8,2,1,15,20,8,Gasoline,0
50,269,2152,8,3,0,20,25,8,Hybrid,0
112,270,2153,1,1,1,15,25,6,Electric,200
86,270,2153,1,2,0,20,25,6,Electric,150
117,270,2153,1,3,0,25,30,6,Electric,200
13,270,2154,2,1,1,15,25,7,Gasoline,0
111,270,2154,2,2,0,25,20,6,Electric,200
11,270,2154,2,3,0,20,20,7,Gasoline,0
1,270,2155,3,1,1,15,20,6,Gasoline,0
17,270,2155,3,2,0,20,30,7,Gasoline,0
114,270,2155,3,3,0,25,25,6,Electric,200
79,270,2156,4,1,1,15,30,8,Electric,100
3,270,2156,4,2,0,25,20,6,Gasoline,0
54,270,2156,4,3,0,25,30,8,Hybrid,0
29,270,2157,5,1,1,20,20,6,Hybrid,0
36,270,2157,5,2,0,25,30,6,Hybrid,0
54,270,2157,5,3,0,25,30,8,Hybrid,0
98,270,2158,6,1,0,20,30,7,Electric,150
11,270,2158,6,2,0,20,20,7,Gasoline,0
121,270,2158,6,3,1,15,25,7,Electric,200
44,270,2159,7,1,0,20,30,7,Hybrid,0
15,270,2159,7,2,0,25,25,7,Gasoline,0
52,270,2159,7,3,1,15,30,8,Hybrid,0
66,270,2160,8,1,0,25,20,7,Electric,100
129,270,2160,8,2,0,25,20,8,Electric,200
49,270,2160,8,3,1,15,25,8,Hybrid,0
89,271,2161,1,1,0,20,30,6,Electric,150
38,271,2161,1,2,0,20,20,7,Hybrid,0
35,271,2161,1,3,1,20,30,6,Hybrid,0
39,271,2162,2,1,0,25,20,7,Hybrid,0
120,271,2162,2,2,0,25,20,7,Electric,200
4,271,2162,2,3,1,15,25,6,Gasoline,0
63,271,2163,3,1,0,25,30,6,Electric,100
17,271,2163,3,2,1,20,30,7,Gasoline,0
90,271,2163,3,3,0,25,30,6,Electric,150
26,271,2164,4,1,1,20,30,8,Gasoline,0
70,271,2164,4,2,0,15,30,7,Electric,100
38,271,2164,4,3,0,20,20,7,Hybrid,0
6,271,2165,5,1,0,25,25,6,Gasoline,0
33,271,2165,5,2,0,25,25,6,Hybrid,0
8,271,2165,5,3,1,20,30,6,Gasoline,0
150,271,2166,6,1,0,25,25,7,Electric,250
53,271,2166,6,2,1,20,30,8,Hybrid,0
12,271,2166,6,3,0,25,20,7,Gasoline,0
6,271,2167,7,1,0,25,25,6,Gasoline,0
161,271,2167,7,2,0,20,30,8,Electric,250
28,271,2167,7,3,1,15,20,6,Hybrid,0
7,271,2168,8,1,1,15,30,6,Gasoline,0
12,271,2168,8,2,0,25,20,7,Gasoline,0
73,271,2168,8,3,0,15,20,8,Electric,100
44,272,2169,1,1,0,20,30,7,Hybrid,0
4,272,2169,1,2,1,15,25,6,Gasoline,0
42,272,2169,1,3,0,25,25,7,Hybrid,0
76,272,2170,2,1,0,15,25,8,Electric,100
14,272,2170,2,2,0,20,25,7,Gasoline,0
10,272,2170,2,3,1,15,20,7,Gasoline,0
21,272,2171,3,1,0,25,20,8,Gasoline,0
11,272,2171,3,2,0,20,20,7,Gasoline,0
145,272,2171,3,3,1,15,20,7,Electric,250
82,272,2172,4,1,1,15,20,6,Electric,150
47,272,2172,4,2,0,20,20,8,Hybrid,0
36,272,2172,4,3,0,25,30,6,Hybrid,0
4,272,2173,5,1,0,15,25,6,Gasoline,0
153,272,2173,5,2,0,25,30,7,Electric,250
25,272,2173,5,3,1,15,30,8,Gasoline,0
21,272,2174,6,1,0,25,20,8,Gasoline,0
68,272,2174,6,2,1,20,25,7,Electric,100
62,272,2174,6,3,0,20,30,6,Electric,100
8,272,2175,7,1,0,20,30,6,Gasoline,0
52,272,2175,7,2,1,15,30,8,Hybrid,0
127,272,2175,7,3,0,15,20,8,Electric,200
17,272,2176,8,1,0,20,30,7,Gasoline,0
68,272,2176,8,2,0,20,25,7,Electric,100
148,272,2176,8,3,1,15,25,7,Electric,250
38,273,2177,1,1,1,20,20,7,Hybrid,0
26,273,2177,1,2,0,20,30,8,Gasoline,0
18,273,2177,1,3,0,25,30,7,Gasoline,0
28,273,2178,2,1,1,15,20,6,Hybrid,0
64,273,2178,2,2,0,15,20,7,Electric,100
45,273,2178,2,3,0,25,30,7,Hybrid,0
12,273,2179,3,1,0,25,20,7,Gasoline,0
11,273,2179,3,2,0,20,20,7,Gasoline,0
2,273,2179,3,3,1,20,20,6,Gasoline,0
9,273,2180,4,1,0,25,30,6,Gasoline,0
70,273,2180,4,2,1,15,30,7,Electric,100
24,273,2180,4,3,0,25,25,8,Gasoline,0
95,273,2181,5,1,0,20,25,7,Electric,150
62,273,2181,5,2,0,20,30,6,Electric,100
20,273,2181,5,3,1,20,20,8,Gasoline,0
43,273,2182,6,1,1,15,30,7,Hybrid,0
20,273,2182,6,2,0,20,20,8,Gasoline,0
34,273,2182,6,3,0,15,30,6,Hybrid,0
160,273,2183,7,1,0,15,30,8,Electric,250
37,273,2183,7,2,1,15,20,7,Hybrid,0
99,273,2183,7,3,0,25,30,7,Electric,150
34,273,2184,8,1,1,15,30,6,Hybrid,0
116,273,2184,8,2,0,20,30,6,Electric,200
17,273,2184,8,3,0,20,30,7,Gasoline,0
55,274,2185,1,1,1,15,20,6,Electric,100
26,274,2185,1,2,0,20,30,8,Gasoline,0
45,274,2185,1,3,0,25,30,7,Hybrid,0
10,274,2186,2,1,0,15,20,7,Gasoline,0
20,274,2186,2,2,1,20,20,8,Gasoline,0
50,274,2186,2,3,0,20,25,8,Hybrid,0
40,274,2187,3,1,0,15,25,7,Hybrid,0
23,274,2187,3,2,0,20,25,8,Gasoline,0
34,274,2187,3,3,1,15,30,6,Hybrid,0
29,274,2188,4,1,0,20,20,6,Hybrid,0
127,274,2188,4,2,1,15,20,8,Electric,200
41,274,2188,4,3,0,20,25,7,Hybrid,0
136,274,2189,5,1,0,15,20,6,Electric,250
84,274,2189,5,2,0,25,20,6,Electric,150
112,274,2189,5,3,1,15,25,6,Electric,200
30,274,2190,6,1,1,25,20,6,Hybrid,0
27,274,2190,6,2,0,25,30,8,Gasoline,0
110,274,2190,6,3,0,20,20,6,Electric,200
144,274,2191,7,1,0,25,30,6,Electric,250
43,274,2191,7,2,1,15,30,7,Hybrid,0
28,274,2191,7,3,0,15,20,6,Hybrid,0
109,274,2192,8,1,0,15,20,6,Electric,200
13,274,2192,8,2,1,15,25,7,Gasoline,0
118,274,2192,8,3,0,15,20,7,Electric,200
29,275,2193,1,1,0,20,20,6,Hybrid,0
73,275,2193,1,2,0,15,20,8,Electric,100
22,275,2193,1,3,1,15,25,8,Gasoline,0
146,275,2194,2,1,1,20,20,7,Electric,250
113,275,2194,2,2,0,20,25,6,Electric,200
87,275,2194,2,3,0,25,25,6,Electric,150
37,275,2195,3,1,1,15,20,7,Hybrid,0
9,275,2195,3,2,0,25,30,6,Gasoline,0
19,275,2195,3,3,0,15,20,8,Gasoline,0
14,275,2196,4,1,0,20,25,7,Gasoline,0
118,275,2196,4,2,1,15,20,7,Electric,200
15,275,2196,4,3,0,25,25,7,Gasoline,0
18,275,2197,5,1,0,25,30,7,Gasoline,0
25,275,2197,5,2,1,15,30,8,Gasoline,0
105,275,2197,5,3,0,25,25,8,Electric,150
53,275,2198,6,1,0,20,30,8,Hybrid,0
45,275,2198,6,2,0,25,30,7,Hybrid,0
10,275,2198,6,3,1,15,20,7,Gasoline,0
29,275,2199,7,1,0,20,20,6,Hybrid,0
13,275,2199,7,2,1,15,25,7,Gasoline,0
9,275,2199,7,3,0,25,30,6,Gasoline,0
19,275,2200,8,1,1,15,20,8,Gasoline,0
41,275,2200,8,2,0,20,25,7,Hybrid,0
27,275,2200,8,3,0,25,30,8,Gasoline,0
157,276,2201,1,1,1,15,25,8,Electric,250
39,276,2201,1,2,0,25,20,7,Hybrid,0
48,276,2201,1,3,0,25,20,8,Hybrid,0
12,276,2202,2,1,0,25,20,7,Gasoline,0
40,276,2202,2,2,1,15,25,7,Hybrid,0
14,276,2202,2,3,0,20,25,7,Gasoline,0
32,276,2203,3,1,0,20,25,6,Hybrid,0
7,276,2203,3,2,1,15,30,6,Gasoline,0
2,276,2203,3,3,0,20,20,6,Gasoline,0
102,276,2204,4,1,0,25,20,8,Electric,150
4,276,2204,4,2,1,15,25,6,Gasoline,0
162,276,2204,4,3,0,25,30,8,Electric,250
22,276,2205,5,1,1,15,25,8,Gasoline,0
32,276,2205,5,2,0,20,25,6,Hybrid,0
21,276,2205,5,3,0,25,20,8,Gasoline,0
22,276,2206,6,1,0,15,25,8,Gasoline,0
25,276,2206,6,2,1,15,30,8,Gasoline,0
5,276,2206,6,3,0,20,25,6,Gasoline,0
139,276,2207,7,1,1,15,25,6,Electric,250
44,276,2207,7,2,0,20,30,7,Hybrid,0
21,276,2207,7,3,0,25,20,8,Gasoline,0
35,276,2208,8,1,0,20,30,6,Hybrid,0
37,276,2208,8,2,1,15,20,7,Hybrid,0
32,276,2208,8,3,0,20,25,6,Hybrid,0
150,277,2209,1,1,0,25,25,7,Electric,250
156,277,2209,1,2,0,25,20,8,Electric,250
144,277,2209,1,3,1,25,30,6,Electric,250
77,277,2210,2,1,0,20,25,8,Electric,100
22,277,2210,2,2,1,15,25,8,Gasoline,0
137,277,2210,2,3,0,20,20,6,Electric,250
85,277,2211,3,1,1,15,25,6,Electric,150
14,277,2211,3,2,0,20,25,7,Gasoline,0
159,277,2211,3,3,0,25,25,8,Electric,250
36,277,2212,4,1,1,25,30,6,Hybrid,0
123,277,2212,4,2,0,25,25,7,Electric,200
27,277,2212,4,3,0,25,30,8,Gasoline,0
154,277,2213,5,1,1,15,20,8,Electric,250
80,277,2213,5,2,0,20,30,8,Electric,100
41,277,2213,5,3,0,20,25,7,Hybrid,0
9,277,2214,6,1,0,25,30,6,Gasoline,0
132,277,2214,6,2,0,25,25,8,Electric,200
2,277,2214,6,3,1,20,20,6,Gasoline,0
93,277,2215,7,1,0,25,20,7,Electric,150
12,277,2215,7,2,0,25,20,7,Gasoline,0
27,277,2215,7,3,1,25,30,8,Gasoline,0
32,277,2216,8,1,0,20,25,6,Hybrid,0
17,277,2216,8,2,1,20,30,7,Gasoline,0
47,277,2216,8,3,0,20,20,8,Hybrid,0
122,278,2217,1,1,1,20,25,7,Electric,200
118,278,2217,1,2,0,15,20,7,Electric,200
38,278,2217,1,3,0,20,20,7,Hybrid,0
19,278,2218,2,1,1,15,20,8,Gasoline,0
42,278,2218,2,2,0,25,25,7,Hybrid,0
51,278,2218,2,3,0,25,25,8,Hybrid,0
63,278,2219,3,1,0,25,30,6,Electric,100
106,278,2219,3,2,1,15,30,8,Electric,150
2,278,2219,3,3,0,20,20,6,Gasoline,0
11,278,2220,4,1,0,20,20,7,Gasoline,0
13,278,2220,4,2,0,15,25,7,Gasoline,0
7,278,2220,4,3,1,15,30,6,Gasoline,0
83,278,2221,5,1,0,20,20,6,Electric,150
18,278,2221,5,2,1,25,30,7,Gasoline,0
69,278,2221,5,3,0,25,25,7,Electric,100
12,278,2222,6,1,0,25,20,7,Gasoline,0
40,278,2222,6,2,1,15,25,7,Hybrid,0
5,278,2222,6,3,0,20,25,6,Gasoline,0
44,278,2223,7,1,0,20,30,7,Hybrid,0
3,278,2223,7,2,0,25,20,6,Gasoline,0
149,278,2223,7,3,1,20,25,7,Electric,250
2,278,2224,8,1,0,20,20,6,Gasoline,0
27,278,2224,8,2,0,25,30,8,Gasoline,0
7,278,2224,8,3,1,15,30,6,Gasoline,0
16,279,2225,1,1,1,15,30,7,Gasoline,0
39,279,2225,1,2,0,25,20,7,Hybrid,0
50,279,2225,1,3,0,20,25,8,Hybrid,0
28,279,2226,2,1,0,15,20,6,Hybrid,0
41,279,2226,2,2,0,20,25,7,Hybrid,0
31,279,2226,2,3,1,15,25,6,Hybrid,0
17,279,2227,3,1,0,20,30,7,Gasoline,0
45,279,2227,3,2,0,25,30,7,Hybrid,0
38,279,2227,3,3,1,20,20,7,Hybrid,0
6,279,2228,4,1,0,25,25,6,Gasoline,0
53,279,2228,4,2,1,20,30,8,Hybrid,0
86,279,2228,4,3,0,20,25,6,Electric,150
10,279,2229,5,1,1,15,20,7,Gasoline,0
64,279,2229,5,2,0,15,20,7,Electric,100
137,279,2229,5,3,0,20,20,6,Electric,250
49,279,2230,6,1,1,15,25,8,Hybrid,0
53,279,2230,6,2,0,20,30,8,Hybrid,0
75,279,2230,6,3,0,25,20,8,Electric,100
47,279,2231,7,1,0,20,20,8,Hybrid,0
162,279,2231,7,2,0,25,30,8,Electric,250
52,279,2231,7,3,1,15,30,8,Hybrid,0
23,279,2232,8,1,1,20,25,8,Gasoline,0
36,279,2232,8,2,0,25,30,6,Hybrid,0
30,279,2232,8,3,0,25,20,6,Hybrid,0
48,280,2233,1,1,0,25,20,8,Hybrid,0
41,280,2233,1,2,1,20,25,7,Hybrid,0
77,280,2233,1,3,0,20,25,8,Electric,100
7,280,2234,2,1,0,15,30,6,Gasoline,0
30,280,2234,2,2,0,25,20,6,Hybrid,0
43,280,2234,2,3,1,15,30,7,Hybrid,0
34,280,2235,3,1,1,15,30,6,Hybrid,0
46,280,2235,3,2,0,15,20,8,Hybrid,0
31,280,2235,3,3,0,15,25,6,Hybrid,0
33,280,2236,4,1,0,25,25,6,Hybrid,0
88,280,2236,4,2,1,15,30,6,Electric,150
29,280,2236,4,3,0,20,20,6,Hybrid,0
112,280,2237,5,1,1,15,25,6,Electric,200
48,280,2237,5,2,0,25,20,8,Hybrid,0
14,280,2237,5,3,0,20,25,7,Gasoline,0
25,280,2238,6,1,0,15,30,8,Gasoline,0
124,280,2238,6,2,1,15,30,7,Electric,200
47,280,2238,6,3,0,20,20,8,Hybrid,0
157,280,2239,7,1,1,15,25,8,Electric,250
15,280,2239,7,2,0,25,25,7,Gasoline,0
2,280,2239,7,3,0,20,20,6,Gasoline,0
13,280,2240,8,1,1,15,25,7,Gasoline,0
38,280,2240,8,2,0,20,20,7,Hybrid,0
51,280,2240,8,3,0,25,25,8,Hybrid,0
93,281,2241,1,1,0,25,20,7,Electric,150
141,281,2241,1,2,0,25,25,6,Electric,250
74,281,2241,1,3,1,20,20,8,Electric,100
161,281,2242,2,1,1,20,30,8,Electric,250
149,281,2242,2,2,0,20,25,7,Electric,250
99,281,2242,2,3,0,25,30,7,Electric,150
3,281,2243,3,1,0,25,20,6,Gasoline,0
10,281,2243,3,2,1,15,20,7,Gasoline,0
77,281,2243,3,3,0,20,25,8,Electric,100
36,281,2244,4,1,0,25,30,6,Hybrid,0
71,281,2244,4,2,0,20,30,7,Electric,100
70,281,2244,4,3,1,15,30,7,Electric,100
16,281,2245,5,1,1,15,30,7,Gasoline,0
38,281,2245,5,2,0,20,20,7,Hybrid,0
15,281,2245,5,3,0,25,25,7,Gasoline,0
28,281,2246,6,1,1,15,20,6,Hybrid,0
18,281,2246,6,2,0,25,30,7,Gasoline,0
53,281,2246,6,3,0,20,30,8,Hybrid,0
13,281,2247,7,1,0,15,25,7,Gasoline,0
101,281,2247,7,2,0,20,20,8,Electric,150
46,281,2247,7,3,1,15,20,8,Hybrid,0
43,281,2248,8,1,1,15,30,7,Hybrid,0
19,281,2248,8,2,0,15,20,8,Gasoline,0
122,281,2248,8,3,0,20,25,7,Electric,200
5,282,2249,1,1,0,20,25,6,Gasoline,0
53,282,2249,1,2,1,20,30,8,Hybrid,0
47,282,2249,1,3,0,20,20,8,Hybrid,0
103,282,2250,2,1,0,15,25,8,Electric,150
16,282,2250,2,2,1,15,30,7,Gasoline,0
43,282,2250,2,3,0,15,30,7,Hybrid,0
145,282,2251,3,1,1,15,20,7,Electric,250
89,282,2251,3,2,0,20,30,6,Electric,150
42,282,2251,3,3,0,25,25,7,Hybrid,0
13,282,2252,4,1,1,15,25,7,Gasoline,0
10,282,2252,4,2,0,15,20,7,Gasoline,0
155,282,2252,4,3,0,20,20,8,Electric,250
1,282,2253,5,1,1,15,20,6,Gasoline,0
47,282,2253,5,2,0,20,20,8,Hybrid,0
72,282,2253,5,3,0,25,30,7,Electric,100
99,282,2254,6,1,0,25,30,7,Electric,150
26,282,2254,6,2,1,20,30,8,Gasoline,0
33,282,2254,6,3,0,25,25,6,Hybrid,0
22,282,2255,7,1,1,15,25,8,Gasoline,0
45,282,2255,7,2,0,25,30,7,Hybrid,0
64,282,2255,7,3,0,15,20,7,Electric,100
14,282,2256,8,1,0,20,25,7,Gasoline,0
131,282,2256,8,2,0,20,25,8,Electric,200
31,282,2256,8,3,1,15,25,6,Hybrid,0
35,283,2257,1,1,1,20,30,6,Hybrid,0
102,283,2257,1,2,0,25,20,8,Electric,150
129,283,2257,1,3,0,25,20,8,Electric,200
52,283,2258,2,1,1,15,30,8,Hybrid,0
36,283,2258,2,2,0,25,30,6,Hybrid,0
32,283,2258,2,3,0,20,25,6,Hybrid,0
32,283,2259,3,1,1,20,25,6,Hybrid,0
95,283,2259,3,2,0,20,25,7,Electric,150
48,283,2259,3,3,0,25,20,8,Hybrid,0
109,283,2260,4,1,1,15,20,6,Electric,200
77,283,2260,4,2,0,20,25,8,Electric,100
2,283,2260,4,3,0,20,20,6,Gasoline,0
139,283,2261,5,1,1,15,25,6,Electric,250
35,283,2261,5,2,0,20,30,6,Hybrid,0
86,283,2261,5,3,0,20,25,6,Electric,150
87,283,2262,6,1,0,25,25,6,Electric,150
32,283,2262,6,2,1,20,25,6,Hybrid,0
51,283,2262,6,3,0,25,25,8,Hybrid,0
19,283,2263,7,1,0,15,20,8,Gasoline,0
143,283,2263,7,2,0,20,30,6,Electric,250
25,283,2263,7,3,1,15,30,8,Gasoline,0
35,283,2264,8,1,0,20,30,6,Hybrid,0
19,283,2264,8,2,1,15,20,8,Gasoline,0
58,283,2264,8,3,0,15,25,6,Electric,100
8,284,2265,1,1,1,20,30,6,Gasoline,0
51,284,2265,1,2,0,25,25,8,Hybrid,0
60,284,2265,1,3,0,25,25,6,Electric,100
104,284,2266,2,1,1,20,25,8,Electric,150
54,284,2266,2,2,0,25,30,8,Hybrid,0
144,284,2266,2,3,0,25,30,6,Electric,250
25,284,2267,3,1,1,15,30,8,Gasoline,0
34,284,2267,3,2,0,15,30,6,Hybrid,0
54,284,2267,3,3,0,25,30,8,Hybrid,0
39,284,2268,4,1,0,25,20,7,Hybrid,0
42,284,2268,4,2,0,25,25,7,Hybrid,0
29,284,2268,4,3,1,20,20,6,Hybrid,0
162,284,2269,5,1,0,25,30,8,Electric,250
128,284,2269,5,2,1,20,20,8,Electric,200
51,284,2269,5,3,0,25,25,8,Hybrid,0
110,284,2270,6,1,0,20,20,6,Electric,200
19,284,2270,6,2,1,15,20,8,Gasoline,0
51,284,2270,6,3,0,25,25,8,Hybrid,0
21,284,2271,7,1,0,25,20,8,Gasoline,0
11,284,2271,7,2,1,20,20,7,Gasoline,0
87,284,2271,7,3,0,25,25,6,Electric,150
114,284,2272,8,1,0,25,25,6,Electric,200
149,284,2272,8,2,0,20,25,7,Electric,250
43,284,2272,8,3,1,15,30,7,Hybrid,0
11,285,2273,1,1,0,20,20,7,Gasoline,0
21,285,2273,1,2,0,25,20,8,Gasoline,0
8,285,2273,1,3,1,20,30,6,Gasoline,0
4,285,2274,2,1,1,15,25,6,Gasoline,0
105,285,2274,2,2,0,25,25,8,Electric,150
12,285,2274,2,3,0,25,20,7,Gasoline,0
48,285,2275,3,1,0,25,20,8,Hybrid,0
54,285,2275,3,2,0,25,30,8,Hybrid,0
2,285,2275,3,3,1,20,20,6,Gasoline,0
117,285,2276,4,1,0,25,30,6,Electric,200
65,285,2276,4,2,0,20,20,7,Electric,100
131,285,2276,4,3,1,20,25,8,Electric,200
81,285,2277,5,1,0,25,30,8,Electric,100
89,285,2277,5,2,1,20,30,6,Electric,150
75,285,2277,5,3,0,25,20,8,Electric,100
133,285,2278,6,1,1,15,30,8,Electric,200
29,285,2278,6,2,0,20,20,6,Hybrid,0
77,285,2278,6,3,0,20,25,8,Electric,100
39,285,2279,7,1,0,25,20,7,Hybrid,0
91,285,2279,7,2,1,15,20,7,Electric,150
11,285,2279,7,3,0,20,20,7,Gasoline,0
10,285,2280,8,1,1,15,20,7,Gasoline,0
77,285,2280,8,2,0,20,25,8,Electric,100
1,285,2280,8,3,0,15,20,6,Gasoline,0
2,286,2281,1,1,1,20,20,6,Gasoline,0
18,286,2281,1,2,0,25,30,7,Gasoline,0
21,286,2281,1,3,0,25,20,8,Gasoline,0
129,286,2282,2,1,0,25,20,8,Electric,200
49,286,2282,2,2,1,15,25,8,Hybrid,0
53,286,2282,2,3,0,20,30,8,Hybrid,0
5,286,2283,3,1,1,20,25,6,Gasoline,0
134,286,2283,3,2,0,20,30,8,Electric,200
87,286,2283,3,3,0,25,25,6,Electric,150
68,286,2284,4,1,1,20,25,7,Electric,100
12,286,2284,4,2,0,25,20,7,Gasoline,0
90,286,2284,4,3,0,25,30,6,Electric,150
24,286,2285,5,1,0,25,25,8,Gasoline,0
50,286,2285,5,2,1,20,25,8,Hybrid,0
42,286,2285,5,3,0,25,25,7,Hybrid,0
43,286,2286,6,1,1,15,30,7,Hybrid,0
71,286,2286,6,2,0,20,30,7,Electric,100
140,286,2286,6,3,0,20,25,6,Electric,250
7,286,2287,7,1,1,15,30,6,Gasoline,0
44,286,2287,7,2,0,20,30,7,Hybrid,0
48,286,2287,7,3,0,25,20,8,Hybrid,0
4,286,2288,8,1,0,15,25,6,Gasoline,0
55,286,2288,8,2,0,15,20,6,Electric,100
16,286,2288,8,3,1,15,30,7,Gasoline,0
8,287,2289,1,1,1,20,30,6,Gasoline,0
33,287,2289,1,2,0,25,25,6,Hybrid,0
30,287,2289,1,3,0,25,20,6,Hybrid,0
130,287,2290,2,1,1,15,25,8,Electric,200
2,287,2290,2,2,0,20,20,6,Gasoline,0
55,287,2290,2,3,0,15,20,6,Electric,100
24,287,2291,3,1,0,25,25,8,Gasoline,0
3,287,2291,3,2,0,25,20,6,Gasoline,0
134,287,2291,3,3,1,20,30,8,Electric,200
26,287,2292,4,1,1,20,30,8,Gasoline,0
51,287,2292,4,2,0,25,25,8,Hybrid,0
89,287,2292,4,3,0,20,30,6,Electric,150
132,287,2293,5,1,0,25,25,8,Electric,200
16,287,2293,5,2,1,15,30,7,Gasoline,0
53,287,2293,5,3,0,20,30,8,Hybrid,0
99,287,2294,6,1,0,25,30,7,Electric,150
49,287,2294,6,2,0,15,25,8,Hybrid,0
139,287,2294,6,3,1,15,25,6,Electric,250
67,287,2295,7,1,0,15,25,7,Electric,100
28,287,2295,7,2,1,15,20,6,Hybrid,0
83,287,2295,7,3,0,20,20,6,Electric,150
7,287,2296,8,1,1,15,30,6,Gasoline,0
15,287,2296,8,2,0,25,25,7,Gasoline,0
126,287,2296,8,3,0,25,30,7,Electric,200
5,288,2297,1,1,0,20,25,6,Gasoline,0
54,288,2297,1,2,0,25,30,8,Hybrid,0
13,288,2297,1,3,1,15,25,7,Gasoline,0
43,288,2298,2,1,1,15,30,7,Hybrid,0
109,288,2298,2,2,0,15,20,6,Electric,200
27,288,2298,2,3,0,25,30,8,Gasoline,0
13,288,2299,3,1,0,15,25,7,Gasoline,0
14,288,2299,3,2,0,20,25,7,Gasoline,0
40,288,2299,3,3,1,15,25,7,Hybrid,0
4,288,2300,4,1,1,15,25,6,Gasoline,0
5,288,2300,4,2,0,20,25,6,Gasoline,0
48,288,2300,4,3,0,25,20,8,Hybrid,0
35,288,2301,5,1,0,20,30,6,Hybrid,0
52,288,2301,5,2,1,15,30,8,Hybrid,0
88,288,2301,5,3,0,15,30,6,Electric,150
141,288,2302,6,1,0,25,25,6,Electric,250
157,288,2302,6,2,1,15,25,8,Electric,250
9,288,2302,6,3,0,25,30,6,Gasoline,0
121,288,2303,7,1,1,15,25,7,Electric,200
11,288,2303,7,2,0,20,20,7,Gasoline,0
69,288,2303,7,3,0,25,25,7,Electric,100
39,288,2304,8,1,0,25,20,7,Hybrid,0
11,288,2304,8,2,0,20,20,7,Gasoline,0
5,288,2304,8,3,1,20,25,6,Gasoline,0
33,289,2305,1,1,0,25,25,6,Hybrid,0
51,289,2305,1,2,0,25,25,8,Hybrid,0
16,289,2305,1,3,1,15,30,7,Gasoline,0
53,289,2306,2,1,1,20,30,8,Hybrid,0
138,289,2306,2,2,0,25,20,6,Electric,250
30,289,2306,2,3,0,25,20,6,Hybrid,0
55,289,2307,3,1,0,15,20,6,Electric,100
42,289,2307,3,2,0,25,25,7,Hybrid,0
154,289,2307,3,3,1,15,20,8,Electric,250
58,289,2308,4,1,0,15,25,6,Electric,100
34,289,2308,4,2,1,15,30,6,Hybrid,0
11,289,2308,4,3,0,20,20,7,Gasoline,0
15,289,2309,5,1,0,25,25,7,Gasoline,0
10,289,2309,5,2,1,15,20,7,Gasoline,0
42,289,2309,5,3,0,25,25,7,Hybrid,0
100,289,2310,6,1,0,15,20,8,Electric,150
6,289,2310,6,2,0,25,25,6,Gasoline,0
55,289,2310,6,3,1,15,20,6,Electric,100
67,289,2311,7,1,1,15,25,7,Electric,100
44,289,2311,7,2,0,20,30,7,Hybrid,0
100,289,2311,7,3,0,15,20,8,Electric,150
12,289,2312,8,1,0,25,20,7,Gasoline,0
31,289,2312,8,2,1,15,25,6,Hybrid,0
64,289,2312,8,3,0,15,20,7,Electric,100
157,290,2313,1,1,1,15,25,8,Electric,250
1,290,2313,1,2,0,15,20,6,Gasoline,0
42,290,2313,1,3,0,25,25,7,Hybrid,0
66,290,2314,2,1,0,25,20,7,Electric,100
2,290,2314,2,2,0,20,20,6,Gasoline,0
14,290,2314,2,3,1,20,25,7,Gasoline,0
150,290,2315,3,1,0,25,25,7,Electric,250
25,290,2315,3,2,1,15,30,8,Gasoline,0
5,290,2315,3,3,0,20,25,6,Gasoline,0
82,290,2316,4,1,0,15,20,6,Electric,150
7,290,2316,4,2,1,15,30,6,Gasoline,0
28,290,2316,4,3,0,15,20,6,Hybrid,0
18,290,2317,5,1,0,25,30,7,Gasoline,0
17,290,2317,5,2,1,20,30,7,Gasoline,0
12,290,2317,5,3,0,25,20,7,Gasoline,0
19,290,2318,6,1,1,15,20,8,Gasoline,0
106,290,2318,6,2,0,15,30,8,Electric,150
13,290,2318,6,3,0,15,25,7,Gasoline,0
18,290,2319,7,1,0,25,30,7,Gasoline,0
54,290,2319,7,2,0,25,30,8,Hybrid,0
55,290,2319,7,3,1,15,20,6,Electric,100
38,290,2320,8,1,0,20,20,7,Hybrid,0
35,290,2320,8,2,0,20,30,6,Hybrid,0
82,290,2320,8,3,1,15,20,6,Electric,150
29,291,2321,1,1,0,20,20,6,Hybrid,0
38,291,2321,1,2,0,20,20,7,Hybrid,0
94,291,2321,1,3,1,15,25,7,Electric,150
84,291,2322,2,1,0,25,20,6,Electric,150
43,291,2322,2,2,0,15,30,7,Hybrid,0
31,291,2322,2,3,1,15,25,6,Hybrid,0
46,291,2323,3,1,0,15,20,8,Hybrid,0
13,291,2323,3,2,1,15,25,7,Gasoline,0
17,291,2323,3,3,0,20,30,7,Gasoline,0
31,291,2324,4,1,1,15,25,6,Hybrid,0
158,291,2324,4,2,0,20,25,8,Electric,250
30,291,2324,4,3,0,25,20,6,Hybrid,0
87,291,2325,5,1,0,25,25,6,Electric,150
53,291,2325,5,2,0,20,30,8,Hybrid,0
13,291,2325,5,3,1,15,25,7,Gasoline,0
37,291,2326,6,1,1,15,20,7,Hybrid,0
6,291,2326,6,2,0,25,25,6,Gasoline,0
101,291,2326,6,3,0,20,20,8,Electric,150
25,291,2327,7,1,1,15,30,8,Gasoline,0
51,291,2327,7,2,0,25,25,8,Hybrid,0
10,291,2327,7,3,0,15,20,7,Gasoline,0
26,291,2328,8,1,0,20,30,8,Gasoline,0
47,291,2328,8,2,0,20,20,8,Hybrid,0
61,291,2328,8,3,1,15,30,6,Electric,100
2,292,2329,1,1,0,20,20,6,Gasoline,0
20,292,2329,1,2,1,20,20,8,Gasoline,0
5,292,2329,1,3,0,20,25,6,Gasoline,0
20,292,2330,2,1,0,20,20,8,Gasoline,0
139,292,2330,2,2,1,15,25,6,Electric,250
41,292,2330,2,3,0,20,25,7,Hybrid,0
15,292,2331,3,1,0,25,25,7,Gasoline,0
45,292,2331,3,2,0,25,30,7,Hybrid,0
1,292,2331,3,3,1,15,20,6,Gasoline,0
14,292,2332,4,1,0,20,25,7,Gasoline,0
20,292,2332,4,2,0,20,20,8,Gasoline,0
29,292,2332,4,3,1,20,20,6,Hybrid,0
120,292,2333,5,1,0,25,20,7,Electric,200
23,292,2333,5,2,0,20,25,8,Gasoline,0
17,292,2333,5,3,1,20,30,7,Gasoline,0
47,292,2334,6,1,0,20,20,8,Hybrid,0
121,292,2334,6,2,1,15,25,7,Electric,200
17,292,2334,6,3,0,20,30,7,Gasoline,0
34,292,2335,7,1,1,15,30,6,Hybrid,0
30,292,2335,7,2,0,25,20,6,Hybrid,0
52,292,2335,7,3,0,15,30,8,Hybrid,0
54,292,2336,8,1,0,25,30,8,Hybrid,0
95,292,2336,8,2,1,20,25,7,Electric,150
57,292,2336,8,3,0,25,20,6,Electric,100
6,293,2337,1,1,0,25,25,6,Gasoline,0
85,293,2337,1,2,1,15,25,6,Electric,150
36,293,2337,1,3,0,25,30,6,Hybrid,0
7,293,2338,2,1,0,15,30,6,Gasoline,0
13,293,2338,2,2,1,15,25,7,Gasoline,0
10,293,2338,2,3,0,15,20,7,Gasoline,0
40,293,2339,3,1,1,15,25,7,Hybrid,0
47,293,2339,3,2,0,20,20,8,Hybrid,0
72,293,2339,3,3,0,25,30,7,Electric,100
139,293,2340,4,1,0,15,25,6,Electric,250
50,293,2340,4,2,0,20,25,8,Hybrid,0
7,293,2340,4,3,1,15,30,6,Gasoline,0
32,293,2341,5,1,0,20,25,6,Hybrid,0
16,293,2341,5,2,1,15,30,7,Gasoline,0
123,293,2341,5,3,0,25,25,7,Electric,200
34,293,2342,6,1,1,15,30,6,Hybrid,0
40,293,2342,6,2,0,15,25,7,Hybrid,0
31,293,2342,6,3,0,15,25,6,Hybrid,0
35,293,2343,7,1,0,20,30,6,Hybrid,0
115,293,2343,7,2,1,15,30,6,Electric,200
48,293,2343,7,3,0,25,20,8,Hybrid,0
48,293,2344,8,1,0,25,20,8,Hybrid,0
33,293,2344,8,2,1,25,25,6,Hybrid,0
35,293,2344,8,3,0,20,30,6,Hybrid,0
111,294,2345,1,1,0,25,20,6,Electric,200
7,294,2345,1,2,1,15,30,6,Gasoline,0
158,294,2345,1,3,0,20,25,8,Electric,250
39,294,2346,2,1,0,25,20,7,Hybrid,0
31,294,2346,2,2,1,15,25,6,Hybrid,0
3,294,2346,2,3,0,25,20,6,Gasoline,0
52,294,2347,3,1,1,15,30,8,Hybrid,0
145,294,2347,3,2,0,15,20,7,Electric,250
135,294,2347,3,3,0,25,30,8,Electric,200
8,294,2348,4,1,1,20,30,6,Gasoline,0
26,294,2348,4,2,0,20,30,8,Gasoline,0
54,294,2348,4,3,0,25,30,8,Hybrid,0
34,294,2349,5,1,1,15,30,6,Hybrid,0
30,294,2349,5,2,0,25,20,6,Hybrid,0
22,294,2349,5,3,0,15,25,8,Gasoline,0
22,294,2350,6,1,1,15,25,8,Gasoline,0
9,294,2350,6,2,0,25,30,6,Gasoline,0
15,294,2350,6,3,0,25,25,7,Gasoline,0
124,294,2351,7,1,1,15,30,7,Electric,200
36,294,2351,7,2,0,25,30,6,Hybrid,0
47,294,2351,7,3,0,20,20,8,Hybrid,0
33,294,2352,8,1,0,25,25,6,Hybrid,0
26,294,2352,8,2,1,20,30,8,Gasoline,0
3,294,2352,8,3,0,25,20,6,Gasoline,0
145,295,2353,1,1,1,15,20,7,Electric,250
7,295,2353,1,2,0,15,30,6,Gasoline,0
16,295,2353,1,3,0,15,30,7,Gasoline,0
39,295,2354,2,1,0,25,20,7,Hybrid,0
24,295,2354,2,2,1,25,25,8,Gasoline,0
5,295,2354,2,3,0,20,25,6,Gasoline,0
127,295,2355,3,1,1,15,20,8,Electric,200
48,295,2355,3,2,0,25,20,8,Hybrid,0
37,295,2355,3,3,0,15,20,7,Hybrid,0
33,295,2356,4,1,0,25,25,6,Hybrid,0
4,295,2356,4,2,0,15,25,6,Gasoline,0
28,295,2356,4,3,1,15,20,6,Hybrid,0
28,295,2357,5,1,1,15,20,6,Hybrid,0
162,295,2357,5,2,0,25,30,8,Electric,250
32,295,2357,5,3,0,20,25,6,Hybrid,0
38,295,2358,6,1,0,20,20,7,Hybrid,0
52,295,2358,6,2,1,15,30,8,Hybrid,0
36,295,2358,6,3,0,25,30,6,Hybrid,0
154,295,2359,7,1,1,15,20,8,Electric,250
43,295,2359,7,2,0,15,30,7,Hybrid,0
45,295,2359,7,3,0,25,30,7,Hybrid,0
12,295,2360,8,1,0,25,20,7,Gasoline,0
132,295,2360,8,2,0,25,25,8,Electric,200
55,295,2360,8,3,1,15,20,6,Electric,100
114,296,2361,1,1,0,25,25,6,Electric,200
23,296,2361,1,2,0,20,25,8,Gasoline,0
19,296,2361,1,3,1,15,20,8,Gasoline,0
127,296,2362,2,1,1,15,20,8,Electric,200
79,296,2362,2,2,0,15,30,8,Electric,100
156,296,2362,2,3,0,25,20,8,Electric,250
92,296,2363,3,1,0,20,20,7,Electric,150
3,296,2363,3,2,0,25,20,6,Gasoline,0
61,296,2363,3,3,1,15,30,6,Electric,100
3,296,2364,4,1,0,25,20,6,Gasoline,0
19,296,2364,4,2,1,15,20,8,Gasoline,0
15,296,2364,4,3,0,25,25,7,Gasoline,0
15,296,2365,5,1,0,25,25,7,Gasoline,0
54,296,2365,5,2,0,25,30,8,Hybrid,0
8,296,2365,5,3,1,20,30,6,Gasoline,0
12,296,2366,6,1,0,25,20,7,Gasoline,0
39,296,2366,6,2,0,25,20,7,Hybrid,0
16,296,2366,6,3,1,15,30,7,Gasoline,0
28,296,2367,7,1,0,15,20,6,Hybrid,0
14,296,2367,7,2,1,20,25,7,Gasoline,0
30,296,2367,7,3,0,25,20,6,Hybrid,0
25,296,2368,8,1,1,15,30,8,Gasoline,0
46,296,2368,8,2,0,15,20,8,Hybrid,0
20,296,2368,8,3,0,20,20,8,Gasoline,0
1,297,2369,1,1,1,15,20,6,Gasoline,0
11,297,2369,1,2,0,20,20,7,Gasoline,0
123,297,2369,1,3,0,25,25,7,Electric,200
39,297,2370,2,1,0,25,20,7,Hybrid,0
108,297,2370,2,2,0,25,30,8,Electric,150
159,297,2370,2,3,1,25,25,8,Electric,250
24,297,2371,3,1,0,25,25,8,Gasoline,0
26,297,2371,3,2,1,20,30,8,Gasoline,0
30,297,2371,3,3,0,25,20,6,Hybrid,0
46,297,2372,4,1,1,15,20,8,Hybrid,0
11,297,2372,4,2,0,20,20,7,Gasoline,0
89,297,2372,4,3,0,20,30,6,Electric,150
32,297,2373,5,1,0,20,25,6,Hybrid,0
148,297,2373,5,2,1,15,25,7,Electric,250
8,297,2373,5,3,0,20,30,6,Gasoline,0
150,297,2374,6,1,0,25,25,7,Electric,250
51,297,2374,6,2,0,25,25,8,Hybrid,0
43,297,2374,6,3,1,15,30,7,Hybrid,0
45,297,2375,7,1,0,25,30,7,Hybrid,0
21,297,2375,7,2,1,25,20,8,Gasoline,0
51,297,2375,7,3,0,25,25,8,Hybrid,0
12,297,2376,8,1,0,25,20,7,Gasoline,0
111,297,2376,8,2,0,25,20,6,Electric,200
11,297,2376,8,3,1,20,20,7,Gasoline,0
130,298,2377,1,1,1,15,25,8,Electric,200
17,298,2377,1,2,0,20,30,7,Gasoline,0
68,298,2377,1,3,0,20,25,7,Electric,100
140,298,2378,2,1,1,20,25,6,Electric,250
12,298,2378,2,2,0,25,20,7,Gasoline,0
41,298,2378,2,3,0,20,25,7,Hybrid,0
38,298,2379,3,1,0,20,20,7,Hybrid,0
23,298,2379,3,2,0,20,25,8,Gasoline,0
35,298,2379,3,3,1,20,30,6,Hybrid,0
121,298,2380,4,1,0,15,25,7,Electric,200
10,298,2380,4,2,1,15,20,7,Gasoline,0
149,298,2380,4,3,0,20,25,7,Electric,250
147,298,2381,5,1,0,25,20,7,Electric,250
158,298,2381,5,2,1,20,25,8,Electric,250
48,298,2381,5,3,0,25,20,8,Hybrid,0
21,298,2382,6,1,0,25,20,8,Gasoline,0
26,298,2382,6,2,1,20,30,8,Gasoline,0
33,298,2382,6,3,0,25,25,6,Hybrid,0
53,298,2383,7,1,1,20,30,8,Hybrid,0
54,298,2383,7,2,0,25,30,8,Hybrid,0
12,298,2383,7,3,0,25,20,7,Gasoline,0
149,298,2384,8,1,1,20,25,7,Electric,250
18,298,2384,8,2,0,25,30,7,Gasoline,0
9,298,2384,8,3,0,25,30,6,Gasoline,0
11,299,2385,1,1,0,20,20,7,Gasoline,0
29,299,2385,1,2,0,20,20,6,Hybrid,0
118,299,2385,1,3,1,15,20,7,Electric,200
161,299,2386,2,1,1,20,30,8,Electric,250
14,299,2386,2,2,0,20,25,7,Gasoline,0
108,299,2386,2,3,0,25,30,8,Electric,150
31,299,2387,3,1,1,15,25,6,Hybrid,0
16,299,2387,3,2,0,15,30,7,Gasoline,0
14,299,2387,3,3,0,20,25,7,Gasoline,0
10,299,2388,4,1,1,15,20,7,Gasoline,0
87,299,2388,4,2,0,25,25,6,Electric,150
147,299,2388,4,3,0,25,20,7,Electric,250
50,299,2389,5,1,0,20,25,8,Hybrid,0
22,299,2389,5,2,1,15,25,8,Gasoline,0
23,299,2389,5,3,0,20,25,8,Gasoline,0
33,299,2390,6,1,1,25,25,6,Hybrid,0
92,299,2390,6,2,0,20,20,7,Electric,150
129,299,2390,6,3,0,25,20,8,Electric,200
143,299,2391,7,1,0,20,30,6,Electric,250
14,299,2391,7,2,0,20,25,7,Gasoline,0
10,299,2391,7,3,1,15,20,7,Gasoline,0
8,299,2392,8,1,0,20,30,6,Gasoline,0
47,299,2392,8,2,0,20,20,8,Hybrid,0
49,299,2392,8,3,1,15,25,8,Hybrid,0
3,300,2393,1,1,0,25,20,6,Gasoline,0
58,300,2393,1,2,1,15,25,6,Electric,100
2,300,2393,1,3,0,20,20,6,Gasoline,0
62,300,2394,2,1,0,20,30,6,Electric,100
22,300,2394,2,2,1,15,25,8,Gasoline,0
60,300,2394,2,3,0,25,25,6,Electric,100
141,300,2395,3,1,0,25,25,6,Electric,250
17,300,2395,3,2,0,20,30,7,Gasoline,0
32,300,2395,3,3,1,20,25,6,Hybrid,0
64,300,2396,4,1,0,15,20,7,Electric,100
31,300,2396,4,2,1,15,25,6,Hybrid,0
60,300,2396,4,3,0,25,25,6,Electric,100
11,300,2397,5,1,0,20,20,7,Gasoline,0
6,300,2397,5,2,0,25,25,6,Gasoline,0
49,300,2397,5,3,1,15,25,8,Hybrid,0
24,300,2398,6,1,0,25,25,8,Gasoline,0
47,300,2398,6,2,0,20,20,8,Hybrid,0
46,300,2398,6,3,1,15,20,8,Hybrid,0
26,300,2399,7,1,1,20,30,8,Gasoline,0
54,300,2399,7,2,0,25,30,8,Hybrid,0
9,300,2399,7,3,0,25,30,6,Gasoline,0
117,300,2400,8,1,0,25,30,6,Electric,200
31,300,2400,8,2,1,15,25,6,Hybrid,0
37,300,2400,8,3,0,15,20,7,Hybrid,0
42,301,2401,1,1,0,25,25,7,Hybrid,0
12,301,2401,1,2,0,25,20,7,Gasoline,0
19,301,2401,1,3,1,15,20,8,Gasoline,0
144,301,2402,2,1,0,25,30,6,Electric,250
42,301,2402,2,2,0,25,25,7,Hybrid,0
14,301,2402,2,3,1,20,25,7,Gasoline,0
23,301,2403,3,1,0,20,25,8,Gasoline,0
20,301,2403,3,2,0,20,20,8,Gasoline,0
19,301,2403,3,3,1,15,20,8,Gasoline,0
154,301,2404,4,1,1,15,20,8,Electric,250
37,301,2404,4,2,0,15,20,7,Hybrid,0
46,301,2404,4,3,0,15,20,8,Hybrid,0
7,301,2405,5,1,1,15,30,6,Gasoline,0
115,301,2405,5,2,0,15,30,6,Electric,200
3,301,2405,5,3,0,25,20,6,Gasoline,0
132,301,2406,6,1,0,25,25,8,Electric,200
2,301,2406,6,2,1,20,20,6,Gasoline,0
39,301,2406,6,3,0,25,20,7,Hybrid,0
74,301,2407,7,1,0,20,20,8,Electric,100
127,301,2407,7,2,1,15,20,8,Electric,200
35,301,2407,7,3,0,20,30,6,Hybrid,0
45,301,2408,8,1,0,25,30,7,Hybrid,0
32,301,2408,8,2,1,20,25,6,Hybrid,0
8,301,2408,8,3,0,20,30,6,Gasoline,0
136,302,2409,1,1,0,15,20,6,Electric,250
47,302,2409,1,2,0,20,20,8,Hybrid,0
1,302,2409,1,3,1,15,20,6,Gasoline,0
51,302,2410,2,1,0,25,25,8,Hybrid,0
30,302,2410,2,2,1,25,20,6,Hybrid,0
11,302,2410,2,3,0,20,20,7,Gasoline,0
2,302,2411,3,1,0,20,20,6,Gasoline,0
26,302,2411,3,2,1,20,30,8,Gasoline,0
54,302,2411,3,3,0,25,30,8,Hybrid,0
45,302,2412,4,1,0,25,30,7,Hybrid,0
99,302,2412,4,2,0,25,30,7,Electric,150
95,302,2412,4,3,1,20,25,7,Electric,150
143,302,2413,5,1,1,20,30,6,Electric,250
161,302,2413,5,2,0,20,30,8,Electric,250
26,302,2413,5,3,0,20,30,8,Gasoline,0
37,302,2414,6,1,0,15,20,7,Hybrid,0
43,302,2414,6,2,1,15,30,7,Hybrid,0
8,302,2414,6,3,0,20,30,6,Gasoline,0
56,302,2415,7,1,0,20,20,6,Electric,100
8,302,2415,7,2,0,20,30,6,Gasoline,0
46,302,2415,7,3,1,15,20,8,Hybrid,0
36,302,2416,8,1,0,25,30,6,Hybrid,0
71,302,2416,8,2,1,20,30,7,Electric,100
11,302,2416,8,3,0,20,20,7,Gasoline,0
11,303,2417,1,1,1,20,20,7,Gasoline,0
84,303,2417,1,2,0,25,20,6,Electric,150
75,303,2417,1,3,0,25,20,8,Electric,100
47,303,2418,2,1,0,20,20,8,Hybrid,0
13,303,2418,2,2,1,15,25,7,Gasoline,0
18,303,2418,2,3,0,25,30,7,Gasoline,0
144,303,2419,3,1,0,25,30,6,Electric,250
13,303,2419,3,2,1,15,25,7,Gasoline,0
60,303,2419,3,3,0,25,25,6,Electric,100
9,303,2420,4,1,0,25,30,6,Gasoline,0
122,303,2420,4,2,0,20,25,7,Electric,200
82,303,2420,4,3,1,15,20,6,Electric,150
55,303,2421,5,1,0,15,20,6,Electric,100
34,303,2421,5,2,1,15,30,6,Hybrid,0
48,303,2421,5,3,0,25,20,8,Hybrid,0
90,303,2422,6,1,0,25,30,6,Electric,150
48,303,2422,6,2,0,25,20,8,Hybrid,0
20,303,2422,6,3,1,20,20,8,Gasoline,0
3,303,2423,7,1,0,25,20,6,Gasoline,0
50,303,2423,7,2,1,20,25,8,Hybrid,0
105,303,2423,7,3,0,25,25,8,Electric,150
9,303,2424,8,1,0,25,30,6,Gasoline,0
46,303,2424,8,2,1,15,20,8,Hybrid,0
86,303,2424,8,3,0,20,25,6,Electric,150
10,304,2425,1,1,1,15,20,7,Gasoline,0
23,304,2425,1,2,0,20,25,8,Gasoline,0
6,304,2425,1,3,0,25,25,6,Gasoline,0
84,304,2426,2,1,0,25,20,6,Electric,150
35,304,2426,2,2,0,20,30,6,Hybrid,0
17,304,2426,2,3,1,20,30,7,Gasoline,0
31,304,2427,3,1,1,15,25,6,Hybrid,0
24,304,2427,3,2,0,25,25,8,Gasoline,0
153,304,2427,3,3,0,25,30,7,Electric,250
118,304,2428,4,1,1,15,20,7,Electric,200
60,304,2428,4,2,0,25,25,6,Electric,100
7,304,2428,4,3,0,15,30,6,Gasoline,0
30,304,2429,5,1,0,25,20,6,Hybrid,0
155,304,2429,5,2,1,20,20,8,Electric,250
150,304,2429,5,3,0,25,25,7,Electric,250
29,304,2430,6,1,1,20,20,6,Hybrid,0
18,304,2430,6,2,0,25,30,7,Gasoline,0
87,304,2430,6,3,0,25,25,6,Electric,150
39,304,2431,7,1,0,25,20,7,Hybrid,0
31,304,2431,7,2,0,15,25,6,Hybrid,0
25,304,2431,7,3,1,15,30,8,Gasoline,0
141,304,2432,8,1,0,25,25,6,Electric,250
89,304,2432,8,2,1,20,30,6,Electric,150
86,304,2432,8,3,0,20,25,6,Electric,150
27,305,2433,1,1,0,25,30,8,Gasoline,0
162,305,2433,1,2,0,25,30,8,Electric,250
53,305,2433,1,3,1,20,30,8,Hybrid,0
28,305,2434,2,1,1,15,20,6,Hybrid,0
27,305,2434,2,2,0,25,30,8,Gasoline,0
46,305,2434,2,3,0,15,20,8,Hybrid,0
49,305,2435,3,1,1,15,25,8,Hybrid,0
10,305,2435,3,2,0,15,20,7,Gasoline,0
82,305,2435,3,3,0,15,20,6,Electric,150
10,305,2436,4,1,0,15,20,7,Gasoline,0
50,305,2436,4,2,1,20,25,8,Hybrid,0
90,305,2436,4,3,0,25,30,6,Electric,150
46,305,2437,5,1,0,15,20,8,Hybrid,0
62,305,2437,5,2,0,20,30,6,Electric,100
124,305,2437,5,3,1,15,30,7,Electric,200
8,305,2438,6,1,0,20,30,6,Gasoline,0
40,305,2438,6,2,0,15,25,7,Hybrid,0
34,305,2438,6,3,1,15,30,6,Hybrid,0
37,305,2439,7,1,1,15,20,7,Hybrid,0
47,305,2439,7,2,0,20,20,8,Hybrid,0
14,305,2439,7,3,0,20,25,7,Gasoline,0
29,305,2440,8,1,0,20,20,6,Hybrid,0
82,305,2440,8,2,1,15,20,6,Electric,150
84,305,2440,8,3,0,25,20,6,Electric,150
9,306,2441,1,1,0,25,30,6,Gasoline,0
3,306,2441,1,2,0,25,20,6,Gasoline,0
154,306,2441,1,3,1,15,20,8,Electric,250
24,306,2442,2,1,0,25,25,8,Gasoline,0
14,306,2442,2,2,0,20,25,7,Gasoline,0
28,306,2442,2,3,1,15,20,6,Hybrid,0
148,306,2443,3,1,1,15,25,7,Electric,250
84,306,2443,3,2,0,25,20,6,Electric,150
144,306,2443,3,3,0,25,30,6,Electric,250
116,306,2444,4,1,0,20,30,6,Electric,200
18,306,2444,4,2,0,25,30,7,Gasoline,0
13,306,2444,4,3,1,15,25,7,Gasoline,0
1,306,2445,5,1,0,15,20,6,Gasoline,0
112,306,2445,5,2,1,15,25,6,Electric,200
107,306,2445,5,3,0,20,30,8,Electric,150
45,306,2446,6,1,0,25,30,7,Hybrid,0
49,306,2446,6,2,0,15,25,8,Hybrid,0
37,306,2446,6,3,1,15,20,7,Hybrid,0
20,306,2447,7,1,1,20,20,8,Gasoline,0
18,306,2447,7,2,0,25,30,7,Gasoline,0
6,306,2447,7,3,0,25,25,6,Gasoline,0
6,306,2448,8,1,0,25,25,6,Gasoline,0
49,306,2448,8,2,1,15,25,8,Hybrid,0
24,306,2448,8,3,0,25,25,8,Gasoline,0
83,307,2449,1,1,0,20,20,6,Electric,150
26,307,2449,1,2,1,20,30,8,Gasoline,0
46,307,2449,1,3,0,15,20,8,Hybrid,0
28,307,2450,2,1,0,15,20,6,Hybrid,0
7,307,2450,2,2,1,15,30,6,Gasoline,0
93,307,2450,2,3,0,25,20,7,Electric,150
57,307,2451,3,1,0,25,20,6,Electric,100
142,307,2451,3,2,1,15,30,6,Electric,250
23,307,2451,3,3,0,20,25,8,Gasoline,0
54,307,2452,4,1,0,25,30,8,Hybrid,0
117,307,2452,4,2,0,25,30,6,Electric,200
131,307,2452,4,3,1,20,25,8,Electric,200
22,307,2453,5,1,0,15,25,8,Gasoline,0
21,307,2453,5,2,0,25,20,8,Gasoline,0
37,307,2453,5,3,1,15,20,7,Hybrid,0
40,307,2454,6,1,1,15,25,7,Hybrid,0
36,307,2454,6,2,0,25,30,6,Hybrid,0
161,307,2454,6,3,0,20,30,8,Electric,250
46,307,2455,7,1,0,15,20,8,Hybrid,0
33,307,2455,7,2,0,25,25,6,Hybrid,0
13,307,2455,7,3,1,15,25,7,Gasoline,0
27,307,2456,8,1,0,25,30,8,Gasoline,0
11,307,2456,8,2,1,20,20,7,Gasoline,0
141,307,2456,8,3,0,25,25,6,Electric,250
9,308,2457,1,1,0,25,30,6,Gasoline,0
15,308,2457,1,2,0,25,25,7,Gasoline,0
53,308,2457,1,3,1,20,30,8,Hybrid,0
82,308,2458,2,1,0,15,20,6,Electric,150
7,308,2458,2,2,1,15,30,6,Gasoline,0
95,308,2458,2,3,0,20,25,7,Electric,150
21,308,2459,3,1,0,25,20,8,Gasoline,0
41,308,2459,3,2,1,20,25,7,Hybrid,0
36,308,2459,3,3,0,25,30,6,Hybrid,0
47,308,2460,4,1,1,20,20,8,Hybrid,0
62,308,2460,4,2,0,20,30,6,Electric,100
8,308,2460,4,3,0,20,30,6,Gasoline,0
21,308,2461,5,1,0,25,20,8,Gasoline,0
49,308,2461,5,2,1,15,25,8,Hybrid,0
133,308,2461,5,3,0,15,30,8,Electric,200
30,308,2462,6,1,0,25,20,6,Hybrid,0
23,308,2462,6,2,0,20,25,8,Gasoline,0
98,308,2462,6,3,1,20,30,7,Electric,150
11,308,2463,7,1,0,20,20,7,Gasoline,0
113,308,2463,7,2,0,20,25,6,Electric,200
46,308,2463,7,3,1,15,20,8,Hybrid,0
42,308,2464,8,1,0,25,25,7,Hybrid,0
15,308,2464,8,2,0,25,25,7,Gasoline,0
29,308,2464,8,3,1,20,20,6,Hybrid,0
46,309,2465,1,1,1,15,20,8,Hybrid,0
72,309,2465,1,2,0,25,30,7,Electric,100
95,309,2465,1,3,0,20,25,7,Electric,150
24,309,2466,2,1,0,25,25,8,Gasoline,0
3,309,2466,2,2,0,25,20,6,Gasoline,0
19,309,2466,2,3,1,15,20,8,Gasoline,0
144,309,2467,3,1,1,25,30,6,Electric,250
36,309,2467,3,2,0,25,30,6,Hybrid,0
10,309,2467,3,3,0,15,20,7,Gasoline,0
55,309,2468,4,1,0,15,20,6,Electric,100
54,309,2468,4,2,0,25,30,8,Hybrid,0
10,309,2468,4,3,1,15,20,7,Gasoline,0
14,309,2469,5,1,0,20,25,7,Gasoline,0
149,309,2469,5,2,1,20,25,7,Electric,250
84,309,2469,5,3,0,25,20,6,Electric,150
50,309,2470,6,1,0,20,25,8,Hybrid,0
41,309,2470,6,2,0,20,25,7,Hybrid,0
38,309,2470,6,3,1,20,20,7,Hybrid,0
40,309,2471,7,1,1,15,25,7,Hybrid,0
26,309,2471,7,2,0,20,30,8,Gasoline,0
15,309,2471,7,3,0,25,25,7,Gasoline,0
22,309,2472,8,1,1,15,25,8,Gasoline,0
21,309,2472,8,2,0,25,20,8,Gasoline,0
106,309,2472,8,3,0,15,30,8,Electric,150
54,310,2473,1,1,0,25,30,8,Hybrid,0
112,310,2473,1,2,1,15,25,6,Electric,200
37,310,2473,1,3,0,15,20,7,Hybrid,0
24,310,2474,2,1,0,25,25,8,Gasoline,0
53,310,2474,2,2,1,20,30,8,Hybrid,0
27,310,2474,2,3,0,25,30,8,Gasoline,0
54,310,2475,3,1,0,25,30,8,Hybrid,0
119,310,2475,3,2,0,20,20,7,Electric,200
143,310,2475,3,3,1,20,30,6,Electric,250
14,310,2476,4,1,0,20,25,7,Gasoline,0
139,310,2476,4,2,1,15,25,6,Electric,250
40,310,2476,4,3,0,15,25,7,Hybrid,0
5,310,2477,5,1,1,20,25,6,Gasoline,0
57,310,2477,5,2,0,25,20,6,Electric,100
27,310,2477,5,3,0,25,30,8,Gasoline,0
17,310,2478,6,1,0,20,30,7,Gasoline,0
42,310,2478,6,2,0,25,25,7,Hybrid,0
52,310,2478,6,3,1,15,30,8,Hybrid,0
23,310,2479,7,1,0,20,25,8,Gasoline,0
59,310,2479,7,2,1,20,25,6,Electric,100
77,310,2479,7,3,0,20,25,8,Electric,100
51,310,2480,8,1,0,25,25,8,Hybrid,0
32,310,2480,8,2,1,20,25,6,Hybrid,0
11,310,2480,8,3,0,20,20,7,Gasoline,0
48,311,2481,1,1,0,25,20,8,Hybrid,0
16,311,2481,1,2,0,15,30,7,Gasoline,0
43,311,2481,1,3,1,15,30,7,Hybrid,0
41,311,2482,2,1,1,20,25,7,Hybrid,0
108,311,2482,2,2,0,25,30,8,Electric,150
51,311,2482,2,3,0,25,25,8,Hybrid,0
41,311,2483,3,1,1,20,25,7,Hybrid,0
45,311,2483,3,2,0,25,30,7,Hybrid,0
162,311,2483,3,3,0,25,30,8,Electric,250
132,311,2484,4,1,0,25,25,8,Electric,200
9,311,2484,4,2,0,25,30,6,Gasoline,0
109,311,2484,4,3,1,15,20,6,Electric,200
54,311,2485,5,1,0,25,30,8,Hybrid,0
31,311,2485,5,2,0,15,25,6,Hybrid,0
25,311,2485,5,3,1,15,30,8,Gasoline,0
23,311,2486,6,1,0,20,25,8,Gasoline,0
25,311,2486,6,2,1,15,30,8,Gasoline,0
12,311,2486,6,3,0,25,20,7,Gasoline,0
34,311,2487,7,1,0,15,30,6,Hybrid,0
37,311,2487,7,2,0,15,20,7,Hybrid,0
112,311,2487,7,3,1,15,25,6,Electric,200
100,311,2488,8,1,1,15,20,8,Electric,150
62,311,2488,8,2,0,20,30,6,Electric,100
9,311,2488,8,3,0,25,30,6,Gasoline,0
95,312,2489,1,1,0,20,25,7,Electric,150
17,312,2489,1,2,1,20,30,7,Gasoline,0
51,312,2489,1,3,0,25,25,8,Hybrid,0
9,312,2490,2,1,0,25,30,6,Gasoline,0
55,312,2490,2,2,1,15,20,6,Electric,100
12,312,2490,2,3,0,25,20,7,Gasoline,0
13,312,2491,3,1,1,15,25,7,Gasoline,0
1,312,2491,3,2,0,15,20,6,Gasoline,0
102,312,2491,3,3,0,25,20,8,Electric,150
8,312,2492,4,1,0,20,30,6,Gasoline,0
33,312,2492,4,2,0,25,25,6,Hybrid,0
128,312,2492,4,3,1,20,20,8,Electric,200
16,312,2493,5,1,1,15,30,7,Gasoline,0
123,312,2493,5,2,0,25,25,7,Electric,200
45,312,2493,5,3,0,25,30,7,Hybrid,0
54,312,2494,6,1,0,25,30,8,Hybrid,0
46,312,2494,6,2,1,15,20,8,Hybrid,0
44,312,2494,6,3,0,20,30,7,Hybrid,0
41,312,2495,7,1,0,20,25,7,Hybrid,0
35,312,2495,7,2,1,20,30,6,Hybrid,0
87,312,2495,7,3,0,25,25,6,Electric,150
31,312,2496,8,1,0,15,25,6,Hybrid,0
51,312,2496,8,2,0,25,25,8,Hybrid,0
7,312,2496,8,3,1,15,30,6,Gasoline,0
27,313,2497,1,1,0,25,30,8,Gasoline,0
151,313,2497,1,2,1,15,30,7,Electric,250
34,313,2497,1,3,0,15,30,6,Hybrid,0
54,313,2498,2,1,0,25,30,8,Hybrid,0
8,313,2498,2,2,0,20,30,6,Gasoline,0
139,313,2498,2,3,1,15,25,6,Electric,250
51,313,2499,3,1,0,25,25,8,Hybrid,0
7,313,2499,3,2,1,15,30,6,Gasoline,0
45,313,2499,3,3,0,25,30,7,Hybrid,0
13,313,2500,4,1,1,15,25,7,Gasoline,0
96,313,2500,4,2,0,25,25,7,Electric,150
49,313,2500,4,3,0,15,25,8,Hybrid,0
78,313,2501,5,1,0,25,25,8,Electric,100
10,313,2501,5,2,1,15,20,7,Gasoline,0
30,313,2501,5,3,0,25,20,6,Hybrid,0
77,313,2502,6,1,0,20,25,8,Electric,100
11,313,2502,6,2,1,20,20,7,Gasoline,0
9,313,2502,6,3,0,25,30,6,Gasoline,0
48,313,2503,7,1,0,25,20,8,Hybrid,0
31,313,2503,7,2,1,15,25,6,Hybrid,0
75,313,2503,7,3,0,25,20,8,Electric,100
2,313,2504,8,1,0,20,20,6,Gasoline,0
13,313,2504,8,2,1,15,25,7,Gasoline,0
12,313,2504,8,3,0,25,20,7,Gasoline,0
4,314,2505,1,1,1,15,25,6,Gasoline,0
2,314,2505,1,2,0,20,20,6,Gasoline,0
111,314,2505,1,3,0,25,20,6,Electric,200
4,314,2506,2,1,1,15,25,6,Gasoline,0
47,314,2506,2,2,0,20,20,8,Hybrid,0
12,314,2506,2,3,0,25,20,7,Gasoline,0
33,314,2507,3,1,0,25,25,6,Hybrid,0
158,314,2507,3,2,1,20,25,8,Electric,250
27,314,2507,3,3,0,25,30,8,Gasoline,0
21,314,2508,4,1,0,25,20,8,Gasoline,0
97,314,2508,4,2,0,15,30,7,Electric,150
46,314,2508,4,3,1,15,20,8,Hybrid,0
123,314,2509,5,1,0,25,25,7,Electric,200
27,314,2509,5,2,0,25,30,8,Gasoline,0
14,314,2509,5,3,1,20,25,7,Gasoline,0
41,314,2510,6,1,0,20,25,7,Hybrid,0
46,314,2510,6,2,0,15,20,8,Hybrid,0
7,314,2510,6,3,1,15,30,6,Gasoline,0
44,314,2511,7,1,0,20,30,7,Hybrid,0
89,314,2511,7,2,0,20,30,6,Electric,150
37,314,2511,7,3,1,15,20,7,Hybrid,0
48,314,2512,8,1,0,25,20,8,Hybrid,0
62,314,2512,8,2,0,20,30,6,Electric,100
43,314,2512,8,3,1,15,30,7,Hybrid,0
13,315,2513,1,1,1,15,25,7,Gasoline,0
27,315,2513,1,2,0,25,30,8,Gasoline,0
35,315,2513,1,3,0,20,30,6,Hybrid,0
35,315,2514,2,1,1,20,30,6,Hybrid,0
23,315,2514,2,2,0,20,25,8,Gasoline,0
42,315,2514,2,3,0,25,25,7,Hybrid,0
8,315,2515,3,1,1,20,30,6,Gasoline,0
126,315,2515,3,2,0,25,30,7,Electric,200
45,315,2515,3,3,0,25,30,7,Hybrid,0
61,315,2516,4,1,0,15,30,6,Electric,100
44,315,2516,4,2,0,20,30,7,Hybrid,0
10,315,2516,4,3,1,15,20,7,Gasoline,0
2,315,2517,5,1,1,20,20,6,Gasoline,0
3,315,2517,5,2,0,25,20,6,Gasoline,0
32,315,2517,5,3,0,20,25,6,Hybrid,0
160,315,2518,6,1,1,15,30,8,Electric,250
35,315,2518,6,2,0,20,30,6,Hybrid,0
21,315,2518,6,3,0,25,20,8,Gasoline,0
36,315,2519,7,1,0,25,30,6,Hybrid,0
11,315,2519,7,2,0,20,20,7,Gasoline,0
26,315,2519,7,3,1,20,30,8,Gasoline,0
105,315,2520,8,1,0,25,25,8,Electric,150
144,315,2520,8,2,0,25,30,6,Electric,250
133,315,2520,8,3,1,15,30,8,Electric,200
25,316,2521,1,1,0,15,30,8,Gasoline,0
34,316,2521,1,2,1,15,30,6,Hybrid,0
41,316,2521,1,3,0,20,25,7,Hybrid,0
64,316,2522,2,1,0,15,20,7,Electric,100
60,316,2522,2,2,0,25,25,6,Electric,100
16,316,2522,2,3,1,15,30,7,Gasoline,0
23,316,2523,3,1,0,20,25,8,Gasoline,0
78,316,2523,3,2,0,25,25,8,Electric,100
8,316,2523,3,3,1,20,30,6,Gasoline,0
23,316,2524,4,1,0,20,25,8,Gasoline,0
44,316,2524,4,2,0,20,30,7,Hybrid,0
13,316,2524,4,3,1,15,25,7,Gasoline,0
23,316,2525,5,1,0,20,25,8,Gasoline,0
17,316,2525,5,2,0,20,30,7,Gasoline,0
49,316,2525,5,3,1,15,25,8,Hybrid,0
112,316,2526,6,1,1,15,25,6,Electric,200
104,316,2526,6,2,0,20,25,8,Electric,150
128,316,2526,6,3,0,20,20,8,Electric,200
1,316,2527,7,1,0,15,20,6,Gasoline,0
9,316,2527,7,2,0,25,30,6,Gasoline,0
152,316,2527,7,3,1,20,30,7,Electric,250
14,316,2528,8,1,0,20,25,7,Gasoline,0
52,316,2528,8,2,1,15,30,8,Hybrid,0
70,316,2528,8,3,0,15,30,7,Electric,100
11,317,2529,1,1,1,20,20,7,Gasoline,0
48,317,2529,1,2,0,25,20,8,Hybrid,0
147,317,2529,1,3,0,25,20,7,Electric,250
7,317,2530,2,1,1,15,30,6,Gasoline,0
92,317,2530,2,2,0,20,20,7,Electric,150
36,317,2530,2,3,0,25,30,6,Hybrid,0
5,317,2531,3,1,0,20,25,6,Gasoline,0
66,317,2531,3,2,0,25,20,7,Electric,100
112,317,2531,3,3,1,15,25,6,Electric,200
96,317,2532,4,1,0,25,25,7,Electric,150
36,317,2532,4,2,0,25,30,6,Hybrid,0
7,317,2532,4,3,1,15,30,6,Gasoline,0
17,317,2533,5,1,0,20,30,7,Gasoline,0
63,317,2533,5,2,0,25,30,6,Electric,100
162,317,2533,5,3,1,25,30,8,Electric,250
53,317,2534,6,1,0,20,30,8,Hybrid,0
40,317,2534,6,2,1,15,25,7,Hybrid,0
31,317,2534,6,3,0,15,25,6,Hybrid,0
14,317,2535,7,1,0,20,25,7,Gasoline,0
34,317,2535,7,2,1,15,30,6,Hybrid,0
110,317,2535,7,3,0,20,20,6,Electric,200
7,317,2536,8,1,1,15,30,6,Gasoline,0
153,317,2536,8,2,0,25,30,7,Electric,250
161,317,2536,8,3,0,20,30,8,Electric,250
30,318,2537,1,1,0,25,20,6,Hybrid,0
15,318,2537,1,2,0,25,25,7,Gasoline,0
50,318,2537,1,3,1,20,25,8,Hybrid,0
16,318,2538,2,1,1,15,30,7,Gasoline,0
44,318,2538,2,2,0,20,30,7,Hybrid,0
23,318,2538,2,3,0,20,25,8,Gasoline,0
32,318,2539,3,1,1,20,25,6,Hybrid,0
11,318,2539,3,2,0,20,20,7,Gasoline,0
156,318,2539,3,3,0,25,20,8,Electric,250
40,318,2540,4,1,0,15,25,7,Hybrid,0
48,318,2540,4,2,0,25,20,8,Hybrid,0
139,318,2540,4,3,1,15,25,6,Electric,250
11,318,2541,5,1,0,20,20,7,Gasoline,0
37,318,2541,5,2,0,15,20,7,Hybrid,0
140,318,2541,5,3,1,20,25,6,Electric,250
130,318,2542,6,1,1,15,25,8,Electric,200
141,318,2542,6,2,0,25,25,6,Electric,250
119,318,2542,6,3,0,20,20,7,Electric,200
126,318,2543,7,1,0,25,30,7,Electric,200
3,318,2543,7,2,0,25,20,6,Gasoline,0
116,318,2543,7,3,1,20,30,6,Electric,200
87,318,2544,8,1,0,25,25,6,Electric,150
34,318,2544,8,2,1,15,30,6,Hybrid,0
32,318,2544,8,3,0,20,25,6,Hybrid,0
44,319,2545,1,1,0,20,30,7,Hybrid,0
78,319,2545,1,2,0,25,25,8,Electric,100
37,319,2545,1,3,1,15,20,7,Hybrid,0
134,319,2546,2,1,1,20,30,8,Electric,200
117,319,2546,2,2,0,25,30,6,Electric,200
114,319,2546,2,3,0,25,25,6,Electric,200
16,319,2547,3,1,1,15,30,7,Gasoline,0
54,319,2547,3,2,0,25,30,8,Hybrid,0
119,319,2547,3,3,0,20,20,7,Electric,200
4,319,2548,4,1,0,15,25,6,Gasoline,0
31,319,2548,4,2,1,15,25,6,Hybrid,0
102,319,2548,4,3,0,25,20,8,Electric,150
41,319,2549,5,1,1,20,25,7,Hybrid,0
11,319,2549,5,2,0,20,20,7,Gasoline,0
44,319,2549,5,3,0,20,30,7,Hybrid,0
46,319,2550,6,1,1,15,20,8,Hybrid,0
125,319,2550,6,2,0,20,30,7,Electric,200
72,319,2550,6,3,0,25,30,7,Electric,100
22,319,2551,7,1,1,15,25,8,Gasoline,0
34,319,2551,7,2,0,15,30,6,Hybrid,0
100,319,2551,7,3,0,15,20,8,Electric,150
50,319,2552,8,1,0,20,25,8,Hybrid,0
65,319,2552,8,2,0,20,20,7,Electric,100
29,319,2552,8,3,1,20,20,6,Hybrid,0
18,320,2553,1,1,0,25,30,7,Gasoline,0
5,320,2553,1,2,0,20,25,6,Gasoline,0
58,320,2553,1,3,1,15,25,6,Electric,100
8,320,2554,2,1,1,20,30,6,Gasoline,0
46,320,2554,2,2,0,15,20,8,Hybrid,0
30,320,2554,2,3,0,25,20,6,Hybrid,0
141,320,2555,3,1,0,25,25,6,Electric,250
53,320,2555,3,2,1,20,30,8,Hybrid,0
12,320,2555,3,3,0,25,20,7,Gasoline,0
12,320,2556,4,1,0,25,20,7,Gasoline,0
26,320,2556,4,2,1,20,30,8,Gasoline,0
51,320,2556,4,3,0,25,25,8,Hybrid,0
32,320,2557,5,1,0,20,25,6,Hybrid,0
120,320,2557,5,2,0,25,20,7,Electric,200
2,320,2557,5,3,1,20,20,6,Gasoline,0
64,320,2558,6,1,1,15,20,7,Electric,100
86,320,2558,6,2,0,20,25,6,Electric,150
36,320,2558,6,3,0,25,30,6,Hybrid,0
36,320,2559,7,1,0,25,30,6,Hybrid,0
113,320,2559,7,2,1,20,25,6,Electric,200
39,320,2559,7,3,0,25,20,7,Hybrid,0
20,320,2560,8,1,1,20,20,8,Gasoline,0
47,320,2560,8,2,0,20,20,8,Hybrid,0
35,320,2560,8,3,0,20,30,6,Hybrid,0
95,321,2561,1,1,0,20,25,7,Electric,150
88,321,2561,1,2,0,15,30,6,Electric,150
40,321,2561,1,3,1,15,25,7,Hybrid,0
21,321,2562,2,1,0,25,20,8,Gasoline,0
62,321,2562,2,2,0,20,30,6,Electric,100
133,321,2562,2,3,1,15,30,8,Electric,200
47,321,2563,3,1,1,20,20,8,Hybrid,0
68,321,2563,3,2,0,20,25,7,Electric,100
3,321,2563,3,3,0,25,20,6,Gasoline,0
18,321,2564,4,1,0,25,30,7,Gasoline,0
1,321,2564,4,2,1,15,20,6,Gasoline,0
128,321,2564,4,3,0,20,20,8,Electric,200
27,321,2565,5,1,0,25,30,8,Gasoline,0
15,321,2565,5,2,0,25,25,7,Gasoline,0
157,321,2565,5,3,1,15,25,8,Electric,250
27,321,2566,6,1,0,25,30,8,Gasoline,0
39,321,2566,6,2,0,25,20,7,Hybrid,0
8,321,2566,6,3,1,20,30,6,Gasoline,0
40,321,2567,7,1,0,15,25,7,Hybrid,0
121,321,2567,7,2,0,15,25,7,Electric,200
157,321,2567,7,3,1,15,25,8,Electric,250
18,321,2568,8,1,0,25,30,7,Gasoline,0
13,321,2568,8,2,1,15,25,7,Gasoline,0
150,321,2568,8,3,0,25,25,7,Electric,250
134,322,2569,1,1,0,20,30,8,Electric,200
105,322,2569,1,2,0,25,25,8,Electric,150
16,322,2569,1,3,1,15,30,7,Gasoline,0
14,322,2570,2,1,0,20,25,7,Gasoline,0
60,322,2570,2,2,0,25,25,6,Electric,100
52,322,2570,2,3,1,15,30,8,Hybrid,0
48,322,2571,3,1,0,25,20,8,Hybrid,0
15,322,2571,3,2,1,25,25,7,Gasoline,0
27,322,2571,3,3,0,25,30,8,Gasoline,0
54,322,2572,4,1,0,25,30,8,Hybrid,0
140,322,2572,4,2,1,20,25,6,Electric,250
114,322,2572,4,3,0,25,25,6,Electric,200
111,322,2573,5,1,0,25,20,6,Electric,200
61,322,2573,5,2,1,15,30,6,Electric,100
6,322,2573,5,3,0,25,25,6,Gasoline,0
20,322,2574,6,1,0,20,20,8,Gasoline,0
22,322,2574,6,2,0,15,25,8,Gasoline,0
37,322,2574,6,3,1,15,20,7,Hybrid,0
42,322,2575,7,1,1,25,25,7,Hybrid,0
111,322,2575,7,2,0,25,20,6,Electric,200
54,322,2575,7,3,0,25,30,8,Hybrid,0
19,322,2576,8,1,1,15,20,8,Gasoline,0
52,322,2576,8,2,0,15,30,8,Hybrid,0
28,322,2576,8,3,0,15,20,6,Hybrid,0
45,323,2577,1,1,0,25,30,7,Hybrid,0
38,323,2577,1,2,1,20,20,7,Hybrid,0
12,323,2577,1,3,0,25,20,7,Gasoline,0
68,323,2578,2,1,0,20,25,7,Electric,100
77,323,2578,2,2,1,20,25,8,Electric,100
3,323,2578,2,3,0,25,20,6,Gasoline,0
29,323,2579,3,1,1,20,20,6,Hybrid,0
71,323,2579,3,2,0,20,30,7,Electric,100
15,323,2579,3,3,0,25,25,7,Gasoline,0
42,323,2580,4,1,0,25,25,7,Hybrid,0
49,323,2580,4,2,1,15,25,8,Hybrid,0
155,323,2580,4,3,0,20,20,8,Electric,250
48,323,2581,5,1,0,25,20,8,Hybrid,0
34,323,2581,5,2,1,15,30,6,Hybrid,0
120,323,2581,5,3,0,25,20,7,Electric,200
110,323,2582,6,1,0,20,20,6,Electric,200
1,323,2582,6,2,1,15,20,6,Gasoline,0
2,323,2582,6,3,0,20,20,6,Gasoline,0
135,323,2583,7,1,0,25,30,8,Electric,200
17,323,2583,7,2,0,20,30,7,Gasoline,0
31,323,2583,7,3,1,15,25,6,Hybrid,0
49,323,2584,8,1,0,15,25,8,Hybrid,0
83,323,2584,8,2,0,20,20,6,Electric,150
40,323,2584,8,3,1,15,25,7,Hybrid,0
52,324,2585,1,1,0,15,30,8,Hybrid,0
151,324,2585,1,2,1,15,30,7,Electric,250
29,324,2585,1,3,0,20,20,6,Hybrid,0
3,324,2586,2,1,0,25,20,6,Gasoline,0
32,324,2586,2,2,1,20,25,6,Hybrid,0
45,324,2586,2,3,0,25,30,7,Hybrid,0
80,324,2587,3,1,0,20,30,8,Electric,100
88,324,2587,3,2,1,15,30,6,Electric,150
44,324,2587,3,3,0,20,30,7,Hybrid,0
31,324,2588,4,1,1,15,25,6,Hybrid,0
10,324,2588,4,2,0,15,20,7,Gasoline,0
17,324,2588,4,3,0,20,30,7,Gasoline,0
24,324,2589,5,1,0,25,25,8,Gasoline,0
159,324,2589,5,2,0,25,25,8,Electric,250
7,324,2589,5,3,1,15,30,6,Gasoline,0
52,324,2590,6,1,0,15,30,8,Hybrid,0
87,324,2590,6,2,0,25,25,6,Electric,150
139,324,2590,6,3,1,15,25,6,Electric,250
31,324,2591,7,1,1,15,25,6,Hybrid,0
48,324,2591,7,2,0,25,20,8,Hybrid,0
55,324,2591,7,3,0,15,20,6,Electric,100
20,324,2592,8,1,1,20,20,8,Gasoline,0
65,324,2592,8,2,0,20,20,7,Electric,100
81,324,2592,8,3,0,25,30,8,Electric,100
47,325,2593,1,1,0,20,20,8,Hybrid,0
136,325,2593,1,2,1,15,20,6,Electric,250
8,325,2593,1,3,0,20,30,6,Gasoline,0
104,325,2594,2,1,1,20,25,8,Electric,150
36,325,2594,2,2,0,25,30,6,Hybrid,0
12,325,2594,2,3,0,25,20,7,Gasoline,0
48,325,2595,3,1,0,25,20,8,Hybrid,0
126,325,2595,3,2,0,25,30,7,Electric,200
28,325,2595,3,3,1,15,20,6,Hybrid,0
21,325,2596,4,1,0,25,20,8,Gasoline,0
43,325,2596,4,2,1,15,30,7,Hybrid,0
92,325,2596,4,3,0,20,20,7,Electric,150
29,325,2597,5,1,0,20,20,6,Hybrid,0
142,325,2597,5,2,1,15,30,6,Electric,250
116,325,2597,5,3,0,20,30,6,Electric,200
100,325,2598,6,1,1,15,20,8,Electric,150
47,325,2598,6,2,0,20,20,8,Hybrid,0
38,325,2598,6,3,0,20,20,7,Hybrid,0
103,325,2599,7,1,0,15,25,8,Electric,150
13,325,2599,7,2,1,15,25,7,Gasoline,0
39,325,2599,7,3,0,25,20,7,Hybrid,0
27,325,2600,8,1,0,25,30,8,Gasoline,0
17,325,2600,8,2,0,20,30,7,Gasoline,0
10,325,2600,8,3,1,15,20,7,Gasoline,0
49,326,2601,1,1,1,15,25,8,Hybrid,0
23,326,2601,1,2,0,20,25,8,Gasoline,0
105,326,2601,1,3,0,25,25,8,Electric,150
136,326,2602,2,1,1,15,20,6,Electric,250
39,326,2602,2,2,0,25,20,7,Hybrid,0
66,326,2602,2,3,0,25,20,7,Electric,100
33,326,2603,3,1,0,25,25,6,Hybrid,0
142,326,2603,3,2,1,15,30,6,Electric,250
54,326,2603,3,3,0,25,30,8,Hybrid,0
145,326,2604,4,1,1,15,20,7,Electric,250
97,326,2604,4,2,0,15,30,7,Electric,150
10,326,2604,4,3,0,15,20,7,Gasoline,0
124,326,2605,5,1,1,15,30,7,Electric,200
17,326,2605,5,2,0,20,30,7,Gasoline,0
34,326,2605,5,3,0,15,30,6,Hybrid,0
41,326,2606,6,1,0,20,25,7,Hybrid,0
101,326,2606,6,2,1,20,20,8,Electric,150
62,326,2606,6,3,0,20,30,6,Electric,100
7,326,2607,7,1,1,15,30,6,Gasoline,0
24,326,2607,7,2,0,25,25,8,Gasoline,0
47,326,2607,7,3,0,20,20,8,Hybrid,0
1,326,2608,8,1,1,15,20,6,Gasoline,0
30,326,2608,8,2,0,25,20,6,Hybrid,0
48,326,2608,8,3,0,25,20,8,Hybrid,0
36,327,2609,1,1,0,25,30,6,Hybrid,0
16,327,2609,1,2,1,15,30,7,Gasoline,0
27,327,2609,1,3,0,25,30,8,Gasoline,0
149,327,2610,2,1,0,20,25,7,Electric,250
53,327,2610,2,2,0,20,30,8,Hybrid,0
67,327,2610,2,3,1,15,25,7,Electric,100
35,327,2611,3,1,0,20,30,6,Hybrid,0
14,327,2611,3,2,0,20,25,7,Gasoline,0
151,327,2611,3,3,1,15,30,7,Electric,250
49,327,2612,4,1,1,15,25,8,Hybrid,0
29,327,2612,4,2,0,20,20,6,Hybrid,0
27,327,2612,4,3,0,25,30,8,Gasoline,0
37,327,2613,5,1,1,15,20,7,Hybrid,0
104,327,2613,5,2,0,20,25,8,Electric,150
90,327,2613,5,3,0,25,30,6,Electric,150
60,327,2614,6,1,0,25,25,6,Electric,100
18,327,2614,6,2,0,25,30,7,Gasoline,0
140,327,2614,6,3,1,20,25,6,Electric,250
55,327,2615,7,1,1,15,20,6,Electric,100
6,327,2615,7,2,0,25,25,6,Gasoline,0
35,327,2615,7,3,0,20,30,6,Hybrid,0
14,327,2616,8,1,0,20,25,7,Gasoline,0
161,327,2616,8,2,1,20,30,8,Electric,250
2,327,2616,8,3,0,20,20,6,Gasoline,0
28,328,2617,1,1,0,15,20,6,Hybrid,0
115,328,2617,1,2,1,15,30,6,Electric,200
50,328,2617,1,3,0,20,25,8,Hybrid,0
1,328,2618,2,1,0,15,20,6,Gasoline,0
34,328,2618,2,2,1,15,30,6,Hybrid,0
17,328,2618,2,3,0,20,30,7,Gasoline,0
36,328,2619,3,1,0,25,30,6,Hybrid,0
106,328,2619,3,2,1,15,30,8,Electric,150
146,328,2619,3,3,0,20,20,7,Electric,250
40,328,2620,4,1,1,15,25,7,Hybrid,0
1,328,2620,4,2,0,15,20,6,Gasoline,0
48,328,2620,4,3,0,25,20,8,Hybrid,0
37,328,2621,5,1,1,15,20,7,Hybrid,0
2,328,2621,5,2,0,20,20,6,Gasoline,0
68,328,2621,5,3,0,20,25,7,Electric,100
21,328,2622,6,1,0,25,20,8,Gasoline,0
110,328,2622,6,2,0,20,20,6,Electric,200
34,328,2622,6,3,1,15,30,6,Hybrid,0
30,328,2623,7,1,0,25,20,6,Hybrid,0
31,328,2623,7,2,1,15,25,6,Hybrid,0
146,328,2623,7,3,0,20,20,7,Electric,250
115,328,2624,8,1,1,15,30,6,Electric,200
36,328,2624,8,2,0,25,30,6,Hybrid,0
45,328,2624,8,3,0,25,30,7,Hybrid,0
27,329,2625,1,1,0,25,30,8,Gasoline,0
47,329,2625,1,2,0,20,20,8,Hybrid,0
25,329,2625,1,3,1,15,30,8,Gasoline,0
41,329,2626,2,1,0,20,25,7,Hybrid,0
138,329,2626,2,2,0,25,20,6,Electric,250
49,329,2626,2,3,1,15,25,8,Hybrid,0
4,329,2627,3,1,1,15,25,6,Gasoline,0
38,329,2627,3,2,0,20,20,7,Hybrid,0
156,329,2627,3,3,0,25,20,8,Electric,250
22,329,2628,4,1,0,15,25,8,Gasoline,0
115,329,2628,4,2,1,15,30,6,Electric,200
12,329,2628,4,3,0,25,20,7,Gasoline,0
5,329,2629,5,1,0,20,25,6,Gasoline,0
51,329,2629,5,2,0,25,25,8,Hybrid,0
44,329,2629,5,3,1,20,30,7,Hybrid,0
85,329,2630,6,1,1,15,25,6,Electric,150
79,329,2630,6,2,0,15,30,8,Electric,100
11,329,2630,6,3,0,20,20,7,Gasoline,0
15,329,2631,7,1,0,25,25,7,Gasoline,0
43,329,2631,7,2,1,15,30,7,Hybrid,0
16,329,2631,7,3,0,15,30,7,Gasoline,0
10,329,2632,8,1,0,15,20,7,Gasoline,0
133,329,2632,8,2,1,15,30,8,Electric,200
13,329,2632,8,3,0,15,25,7,Gasoline,0
107,330,2633,1,1,0,20,30,8,Electric,150
17,330,2633,1,2,0,20,30,7,Gasoline,0
40,330,2633,1,3,1,15,25,7,Hybrid,0
135,330,2634,2,1,0,25,30,8,Electric,200
33,330,2634,2,2,0,25,25,6,Hybrid,0
2,330,2634,2,3,1,20,20,6,Gasoline,0
51,330,2635,3,1,0,25,25,8,Hybrid,0
28,330,2635,3,2,1,15,20,6,Hybrid,0
27,330,2635,3,3,0,25,30,8,Gasoline,0
13,330,2636,4,1,1,15,25,7,Gasoline,0
109,330,2636,4,2,0,15,20,6,Electric,200
60,330,2636,4,3,0,25,25,6,Electric,100
33,330,2637,5,1,0,25,25,6,Hybrid,0
29,330,2637,5,2,0,20,20,6,Hybrid,0
50,330,2637,5,3,1,20,25,8,Hybrid,0
99,330,2638,6,1,0,25,30,7,Electric,150
10,330,2638,6,2,1,15,20,7,Gasoline,0
38,330,2638,6,3,0,20,20,7,Hybrid,0
67,330,2639,7,1,1,15,25,7,Electric,100
3,330,2639,7,2,0,25,20,6,Gasoline,0
35,330,2639,7,3,0,20,30,6,Hybrid,0
53,330,2640,8,1,0,20,30,8,Hybrid,0
84,330,2640,8,2,0,25,20,6,Electric,150
32,330,2640,8,3,1,20,25,6,Hybrid,0
5,331,2641,1,1,0,20,25,6,Gasoline,0
33,331,2641,1,2,0,25,25,6,Hybrid,0
88,331,2641,1,3,1,15,30,6,Electric,150
51,331,2642,2,1,0,25,25,8,Hybrid,0
11,331,2642,2,2,1,20,20,7,Gasoline,0
12,331,2642,2,3,0,25,20,7,Gasoline,0
35,331,2643,3,1,0,20,30,6,Hybrid,0
63,331,2643,3,2,0,25,30,6,Electric,100
50,331,2643,3,3,1,20,25,8,Hybrid,0
104,331,2644,4,1,0,20,25,8,Electric,150
92,331,2644,4,2,0,20,20,7,Electric,150
24,331,2644,4,3,1,25,25,8,Gasoline,0
4,331,2645,5,1,1,15,25,6,Gasoline,0
10,331,2645,5,2,0,15,20,7,Gasoline,0
128,331,2645,5,3,0,20,20,8,Electric,200
52,331,2646,6,1,1,15,30,8,Hybrid,0
23,331,2646,6,2,0,20,25,8,Gasoline,0
129,331,2646,6,3,0,25,20,8,Electric,200
114,331,2647,7,1,0,25,25,6,Electric,200
7,331,2647,7,2,1,15,30,6,Gasoline,0
56,331,2647,7,3,0,20,20,6,Electric,100
75,331,2648,8,1,0,25,20,8,Electric,100
97,331,2648,8,2,1,15,30,7,Electric,150
8,331,2648,8,3,0,20,30,6,Gasoline,0
49,332,2649,1,1,1,15,25,8,Hybrid,0
38,332,2649,1,2,0,20,20,7,Hybrid,0
134,332,2649,1,3,0,20,30,8,Electric,200
46,332,2650,2,1,0,15,20,8,Hybrid,0
26,332,2650,2,2,0,20,30,8,Gasoline,0
77,332,2650,2,3,1,20,25,8,Electric,100
9,332,2651,3,1,0,25,30,6,Gasoline,0
10,332,2651,3,2,1,15,20,7,Gasoline,0
29,332,2651,3,3,0,20,20,6,Hybrid,0
96,332,2652,4,1,0,25,25,7,Electric,150
45,332,2652,4,2,0,25,30,7,Hybrid,0
122,332,2652,4,3,1,20,25,7,Electric,200
84,332,2653,5,1,0,25,20,6,Electric,150
106,332,2653,5,2,0,15,30,8,Electric,150
76,332,2653,5,3,1,15,25,8,Electric,100
44,332,2654,6,1,0,20,30,7,Hybrid,0
144,332,2654,6,2,1,25,30,6,Electric,250
18,332,2654,6,3,0,25,30,7,Gasoline,0
48,332,2655,7,1,0,25,20,8,Hybrid,0
43,332,2655,7,2,1,15,30,7,Hybrid,0
45,332,2655,7,3,0,25,30,7,Hybrid,0
83,332,2656,8,1,0,20,20,6,Electric,150
4,332,2656,8,2,1,15,25,6,Gasoline,0
13,332,2656,8,3,0,15,25,7,Gasoline,0
11,333,2657,1,1,0,20,20,7,Gasoline,0
140,333,2657,1,2,0,20,25,6,Electric,250
160,333,2657,1,3,1,15,30,8,Electric,250
41,333,2658,2,1,1,20,25,7,Hybrid,0
149,333,2658,2,2,0,20,25,7,Electric,250
42,333,2658,2,3,0,25,25,7,Hybrid,0
79,333,2659,3,1,1,15,30,8,Electric,100
12,333,2659,3,2,0,25,20,7,Gasoline,0
20,333,2659,3,3,0,20,20,8,Gasoline,0
120,333,2660,4,1,0,25,20,7,Electric,200
42,333,2660,4,2,0,25,25,7,Hybrid,0
148,333,2660,4,3,1,15,25,7,Electric,250
32,333,2661,5,1,0,20,25,6,Hybrid,0
93,333,2661,5,2,0,25,20,7,Electric,150
34,333,2661,5,3,1,15,30,6,Hybrid,0
2,333,2662,6,1,0,20,20,6,Gasoline,0
25,333,2662,6,2,1,15,30,8,Gasoline,0
17,333,2662,6,3,0,20,30,7,Gasoline,0
35,333,2663,7,1,0,20,30,6,Hybrid,0
2,333,2663,7,2,0,20,20,6,Gasoline,0
13,333,2663,7,3,1,15,25,7,Gasoline,0
19,333,2664,8,1,0,15,20,8,Gasoline,0
39,333,2664,8,2,0,25,20,7,Hybrid,0
4,333,2664,8,3,1,15,25,6,Gasoline,0
3,334,2665,1,1,0,25,20,6,Gasoline,0
39,334,2665,1,2,0,25,20,7,Hybrid,0
145,334,2665,1,3,1,15,20,7,Electric,250
3,334,2666,2,1,0,25,20,6,Gasoline,0
61,334,2666,2,2,1,15,30,6,Electric,100
56,334,2666,2,3,0,20,20,6,Electric,100
23,334,2667,3,1,0,20,25,8,Gasoline,0
92,334,2667,3,2,1,20,20,7,Electric,150
126,334,2667,3,3,0,25,30,7,Electric,200
116,334,2668,4,1,1,20,30,6,Electric,200
132,334,2668,4,2,0,25,25,8,Electric,200
3,334,2668,4,3,0,25,20,6,Gasoline,0
40,334,2669,5,1,1,15,25,7,Hybrid,0
26,334,2669,5,2,0,20,30,8,Gasoline,0
11,334,2669,5,3,0,20,20,7,Gasoline,0
30,334,2670,6,1,0,25,20,6,Hybrid,0
42,334,2670,6,2,0,25,25,7,Hybrid,0
43,334,2670,6,3,1,15,30,7,Hybrid,0
51,334,2671,7,1,0,25,25,8,Hybrid,0
2,334,2671,7,2,0,20,20,6,Gasoline,0
23,334,2671,7,3,1,20,25,8,Gasoline,0
101,334,2672,8,1,0,20,20,8,Electric,150
24,334,2672,8,2,0,25,25,8,Gasoline,0
157,334,2672,8,3,1,15,25,8,Electric,250
20,335,2673,1,1,0,20,20,8,Gasoline,0
40,335,2673,1,2,1,15,25,7,Hybrid,0
55,335,2673,1,3,0,15,20,6,Electric,100
156,335,2674,2,1,0,25,20,8,Electric,250
53,335,2674,2,2,1,20,30,8,Hybrid,0
72,335,2674,2,3,0,25,30,7,Electric,100
139,335,2675,3,1,1,15,25,6,Electric,250
5,335,2675,3,2,0,20,25,6,Gasoline,0
40,335,2675,3,3,0,15,25,7,Hybrid,0
24,335,2676,4,1,0,25,25,8,Gasoline,0
9,335,2676,4,2,0,25,30,6,Gasoline,0
38,335,2676,4,3,1,20,20,7,Hybrid,0
135,335,2677,5,1,0,25,30,8,Electric,200
12,335,2677,5,2,0,25,20,7,Gasoline,0
36,335,2677,5,3,1,25,30,6,Hybrid,0
6,335,2678,6,1,0,25,25,6,Gasoline,0
45,335,2678,6,2,0,25,30,7,Hybrid,0
38,335,2678,6,3,1,20,20,7,Hybrid,0
30,335,2679,7,1,0,25,20,6,Hybrid,0
36,335,2679,7,2,0,25,30,6,Hybrid,0
43,335,2679,7,3,1,15,30,7,Hybrid,0
18,335,2680,8,1,0,25,30,7,Gasoline,0
34,335,2680,8,2,1,15,30,6,Hybrid,0
17,335,2680,8,3,0,20,30,7,Gasoline,0
33,336,2681,1,1,0,25,25,6,Hybrid,0
1,336,2681,1,2,1,15,20,6,Gasoline,0
68,336,2681,1,3,0,20,25,7,Electric,100
11,336,2682,2,1,0,20,20,7,Gasoline,0
48,336,2682,2,2,0,25,20,8,Hybrid,0
4,336,2682,2,3,1,15,25,6,Gasoline,0
40,336,2683,3,1,1,15,25,7,Hybrid,0
8,336,2683,3,2,0,20,30,6,Gasoline,0
23,336,2683,3,3,0,20,25,8,Gasoline,0
98,336,2684,4,1,1,20,30,7,Electric,150
56,336,2684,4,2,0,20,20,6,Electric,100
30,336,2684,4,3,0,25,20,6,Hybrid,0
15,336,2685,5,1,0,25,25,7,Gasoline,0
53,336,2685,5,2,1,20,30,8,Hybrid,0
24,336,2685,5,3,0,25,25,8,Gasoline,0
53,336,2686,6,1,0,20,30,8,Hybrid,0
17,336,2686,6,2,0,20,30,7,Gasoline,0
25,336,2686,6,3,1,15,30,8,Gasoline,0
35,336,2687,7,1,1,20,30,6,Hybrid,0
27,336,2687,7,2,0,25,30,8,Gasoline,0
45,336,2687,7,3,0,25,30,7,Hybrid,0
110,336,2688,8,1,1,20,20,6,Electric,200
156,336,2688,8,2,0,25,20,8,Electric,250
36,336,2688,8,3,0,25,30,6,Hybrid,0
11,337,2689,1,1,0,20,20,7,Gasoline,0
7,337,2689,1,2,1,15,30,6,Gasoline,0
71,337,2689,1,3,0,20,30,7,Electric,100
22,337,2690,2,1,0,15,25,8,Gasoline,0
49,337,2690,2,2,1,15,25,8,Hybrid,0
69,337,2690,2,3,0,25,25,7,Electric,100
120,337,2691,3,1,0,25,20,7,Electric,200
33,337,2691,3,2,0,25,25,6,Hybrid,0
8,337,2691,3,3,1,20,30,6,Gasoline,0
111,337,2692,4,1,0,25,20,6,Electric,200
2,337,2692,4,2,0,20,20,6,Gasoline,0
10,337,2692,4,3,1,15,20,7,Gasoline,0
12,337,2693,5,1,0,25,20,7,Gasoline,0
54,337,2693,5,2,0,25,30,8,Hybrid,0
91,337,2693,5,3,1,15,20,7,Electric,150
49,337,2694,6,1,1,15,25,8,Hybrid,0
61,337,2694,6,2,0,15,30,6,Electric,100
27,337,2694,6,3,0,25,30,8,Gasoline,0
31,337,2695,7,1,1,15,25,6,Hybrid,0
38,337,2695,7,2,0,20,20,7,Hybrid,0
1,337,2695,7,3,0,15,20,6,Gasoline,0
4,337,2696,8,1,0,15,25,6,Gasoline,0
22,337,2696,8,2,1,15,25,8,Gasoline,0
105,337,2696,8,3,0,25,25,8,Electric,150
27,338,2697,1,1,0,25,30,8,Gasoline,0
37,338,2697,1,2,1,15,20,7,Hybrid,0
119,338,2697,1,3,0,20,20,7,Electric,200
129,338,2698,2,1,0,25,20,8,Electric,200
137,338,2698,2,2,1,20,20,6,Electric,250
26,338,2698,2,3,0,20,30,8,Gasoline,0
46,338,2699,3,1,1,15,20,8,Hybrid,0
66,338,2699,3,2,0,25,20,7,Electric,100
38,338,2699,3,3,0,20,20,7,Hybrid,0
129,338,2700,4,1,0,25,20,8,Electric,200
43,338,2700,4,2,1,15,30,7,Hybrid,0
20,338,2700,4,3,0,20,20,8,Gasoline,0
40,338,2701,5,1,1,15,25,7,Hybrid,0
27,338,2701,5,2,0,25,30,8,Gasoline,0
30,338,2701,5,3,0,25,20,6,Hybrid,0
49,338,2702,6,1,1,15,25,8,Hybrid,0
126,338,2702,6,2,0,25,30,7,Electric,200
1,338,2702,6,3,0,15,20,6,Gasoline,0
142,338,2703,7,1,1,15,30,6,Electric,250
114,338,2703,7,2,0,25,25,6,Electric,200
65,338,2703,7,3,0,20,20,7,Electric,100
103,338,2704,8,1,1,15,25,8,Electric,150
21,338,2704,8,2,0,25,20,8,Gasoline,0
79,338,2704,8,3,0,15,30,8,Electric,100
29,339,2705,1,1,1,20,20,6,Hybrid,0
108,339,2705,1,2,0,25,30,8,Electric,150
51,339,2705,1,3,0,25,25,8,Hybrid,0
42,339,2706,2,1,0,25,25,7,Hybrid,0
8,339,2706,2,2,1,20,30,6,Gasoline,0
38,339,2706,2,3,0,20,20,7,Hybrid,0
50,339,2707,3,1,0,20,25,8,Hybrid,0
116,339,2707,3,2,0,20,30,6,Electric,200
1,339,2707,3,3,1,15,20,6,Gasoline,0
142,339,2708,4,1,1,15,30,6,Electric,250
89,339,2708,4,2,0,20,30,6,Electric,150
96,339,2708,4,3,0,25,25,7,Electric,150
46,339,2709,5,1,1,15,20,8,Hybrid,0
39,339,2709,5,2,0,25,20,7,Hybrid,0
51,339,2709,5,3,0,25,25,8,Hybrid,0
51,339,2710,6,1,0,25,25,8,Hybrid,0
4,339,2710,6,2,1,15,25,6,Gasoline,0
149,339,2710,6,3,0,20,25,7,Electric,250
65,339,2711,7,1,1,20,20,7,Electric,100
68,339,2711,7,2,0,20,25,7,Electric,100
15,339,2711,7,3,0,25,25,7,Gasoline,0
48,339,2712,8,1,0,25,20,8,Hybrid,0
112,339,2712,8,2,1,15,25,6,Electric,200
44,339,2712,8,3,0,20,30,7,Hybrid,0
5,340,2713,1,1,0,20,25,6,Gasoline,0
100,340,2713,1,2,0,15,20,8,Electric,150
40,340,2713,1,3,1,15,25,7,Hybrid,0
44,340,2714,2,1,0,20,30,7,Hybrid,0
127,340,2714,2,2,1,15,20,8,Electric,200
18,340,2714,2,3,0,25,30,7,Gasoline,0
5,340,2715,3,1,1,20,25,6,Gasoline,0
138,340,2715,3,2,0,25,20,6,Electric,250
48,340,2715,3,3,0,25,20,8,Hybrid,0
128,340,2716,4,1,1,20,20,8,Electric,200
36,340,2716,4,2,0,25,30,6,Hybrid,0
42,340,2716,4,3,0,25,25,7,Hybrid,0
30,340,2717,5,1,0,25,20,6,Hybrid,0
44,340,2717,5,2,1,20,30,7,Hybrid,0
91,340,2717,5,3,0,15,20,7,Electric,150
7,340,2718,6,1,0,15,30,6,Gasoline,0
40,340,2718,6,2,1,15,25,7,Hybrid,0
54,340,2718,6,3,0,25,30,8,Hybrid,0
20,340,2719,7,1,0,20,20,8,Gasoline,0
61,340,2719,7,2,1,15,30,6,Electric,100
33,340,2719,7,3,0,25,25,6,Hybrid,0
48,340,2720,8,1,1,25,20,8,Hybrid,0
36,340,2720,8,2,0,25,30,6,Hybrid,0
27,340,2720,8,3,0,25,30,8,Gasoline,0
18,341,2721,1,1,0,25,30,7,Gasoline,0
49,341,2721,1,2,1,15,25,8,Hybrid,0
97,341,2721,1,3,0,15,30,7,Electric,150
51,341,2722,2,1,0,25,25,8,Hybrid,0
140,341,2722,2,2,1,20,25,6,Electric,250
114,341,2722,2,3,0,25,25,6,Electric,200
34,341,2723,3,1,1,15,30,6,Hybrid,0
16,341,2723,3,2,0,15,30,7,Gasoline,0
131,341,2723,3,3,0,20,25,8,Electric,200
98,341,2724,4,1,0,20,30,7,Electric,150
158,341,2724,4,2,0,20,25,8,Electric,250
35,341,2724,4,3,1,20,30,6,Hybrid,0
20,341,2725,5,1,0,20,20,8,Gasoline,0
73,341,2725,5,2,1,15,20,8,Electric,100
159,341,2725,5,3,0,25,25,8,Electric,250
92,341,2726,6,1,0,20,20,7,Electric,150
158,341,2726,6,2,1,20,25,8,Electric,250
143,341,2726,6,3,0,20,30,6,Electric,250
51,341,2727,7,1,0,25,25,8,Hybrid,0
61,341,2727,7,2,0,15,30,6,Electric,100
7,341,2727,7,3,1,15,30,6,Gasoline,0
134,341,2728,8,1,0,20,30,8,Electric,200
73,341,2728,8,2,1,15,20,8,Electric,100
20,341,2728,8,3,0,20,20,8,Gasoline,0
8,342,2729,1,1,1,20,30,6,Gasoline,0
102,342,2729,1,2,0,25,20,8,Electric,150
17,342,2729,1,3,0,20,30,7,Gasoline,0
116,342,2730,2,1,1,20,30,6,Electric,200
38,342,2730,2,2,0,20,20,7,Hybrid,0
99,342,2730,2,3,0,25,30,7,Electric,150
76,342,2731,3,1,0,15,25,8,Electric,100
136,342,2731,3,2,1,15,20,6,Electric,250
25,342,2731,3,3,0,15,30,8,Gasoline,0
62,342,2732,4,1,0,20,30,6,Electric,100
33,342,2732,4,2,0,25,25,6,Hybrid,0
26,342,2732,4,3,1,20,30,8,Gasoline,0
22,342,2733,5,1,1,15,25,8,Gasoline,0
15,342,2733,5,2,0,25,25,7,Gasoline,0
71,342,2733,5,3,0,20,30,7,Electric,100
34,342,2734,6,1,0,15,30,6,Hybrid,0
52,342,2734,6,2,1,15,30,8,Hybrid,0
26,342,2734,6,3,0,20,30,8,Gasoline,0
160,342,2735,7,1,1,15,30,8,Electric,250
13,342,2735,7,2,0,15,25,7,Gasoline,0
54,342,2735,7,3,0,25,30,8,Hybrid,0
144,342,2736,8,1,0,25,30,6,Electric,250
26,342,2736,8,2,1,20,30,8,Gasoline,0
11,342,2736,8,3,0,20,20,7,Gasoline,0
8,343,2737,1,1,0,20,30,6,Gasoline,0
65,343,2737,1,2,0,20,20,7,Electric,100
22,343,2737,1,3,1,15,25,8,Gasoline,0
12,343,2738,2,1,0,25,20,7,Gasoline,0
27,343,2738,2,2,0,25,30,8,Gasoline,0
77,343,2738,2,3,1,20,25,8,Electric,100
77,343,2739,3,1,0,20,25,8,Electric,100
19,343,2739,3,2,1,15,20,8,Gasoline,0
11,343,2739,3,3,0,20,20,7,Gasoline,0
108,343,2740,4,1,0,25,30,8,Electric,150
127,343,2740,4,2,1,15,20,8,Electric,200
54,343,2740,4,3,0,25,30,8,Hybrid,0
33,343,2741,5,1,0,25,25,6,Hybrid,0
21,343,2741,5,2,0,25,20,8,Gasoline,0
136,343,2741,5,3,1,15,20,6,Electric,250
54,343,2742,6,1,0,25,30,8,Hybrid,0
43,343,2742,6,2,1,15,30,7,Hybrid,0
30,343,2742,6,3,0,25,20,6,Hybrid,0
49,343,2743,7,1,1,15,25,8,Hybrid,0
30,343,2743,7,2,0,25,20,6,Hybrid,0
52,343,2743,7,3,0,15,30,8,Hybrid,0
129,343,2744,8,1,0,25,20,8,Electric,200
96,343,2744,8,2,0,25,25,7,Electric,150
37,343,2744,8,3,1,15,20,7,Hybrid,0
6,344,2745,1,1,0,25,25,6,Gasoline,0
14,344,2745,1,2,0,20,25,7,Gasoline,0
119,344,2745,1,3,1,20,20,7,Electric,200
9,344,2746,2,1,0,25,30,6,Gasoline,0
50,344,2746,2,2,1,20,25,8,Hybrid,0
18,344,2746,2,3,0,25,30,7,Gasoline,0
76,344,2747,3,1,0,15,25,8,Electric,100
13,344,2747,3,2,1,15,25,7,Gasoline,0
77,344,2747,3,3,0,20,25,8,Electric,100
10,344,2748,4,1,1,15,20,7,Gasoline,0
126,344,2748,4,2,0,25,30,7,Electric,200
21,344,2748,4,3,0,25,20,8,Gasoline,0
140,344,2749,5,1,0,20,25,6,Electric,250
8,344,2749,5,2,1,20,30,6,Gasoline,0
32,344,2749,5,3,0,20,25,6,Hybrid,0
104,344,2750,6,1,0,20,25,8,Electric,150
46,344,2750,6,2,0,15,20,8,Hybrid,0
7,344,2750,6,3,1,15,30,6,Gasoline,0
4,344,2751,7,1,0,15,25,6,Gasoline,0
40,344,2751,7,2,1,15,25,7,Hybrid,0
19,344,2751,7,3,0,15,20,8,Gasoline,0
31,344,2752,8,1,1,15,25,6,Hybrid,0
74,344,2752,8,2,0,20,20,8,Electric,100
51,344,2752,8,3,0,25,25,8,Hybrid,0
3,345,2753,1,1,0,25,20,6,Gasoline,0
39,345,2753,1,2,0,25,20,7,Hybrid,0
46,345,2753,1,3,1,15,20,8,Hybrid,0
2,345,2754,2,1,0,20,20,6,Gasoline,0
44,345,2754,2,2,1,20,30,7,Hybrid,0
36,345,2754,2,3,0,25,30,6,Hybrid,0
19,345,2755,3,1,1,15,20,8,Gasoline,0
33,345,2755,3,2,0,25,25,6,Hybrid,0
15,345,2755,3,3,0,25,25,7,Gasoline,0
26,345,2756,4,1,0,20,30,8,Gasoline,0
89,345,2756,4,2,0,20,30,6,Electric,150
5,345,2756,4,3,1,20,25,6,Gasoline,0
39,345,2757,5,1,0,25,20,7,Hybrid,0
147,345,2757,5,2,0,25,20,7,Electric,250
131,345,2757,5,3,1,20,25,8,Electric,200
104,345,2758,6,1,0,20,25,8,Electric,150
18,345,2758,6,2,0,25,30,7,Gasoline,0
142,345,2758,6,3,1,15,30,6,Electric,250
76,345,2759,7,1,0,15,25,8,Electric,100
152,345,2759,7,2,0,20,30,7,Electric,250
40,345,2759,7,3,1,15,25,7,Hybrid,0
137,345,2760,8,1,0,20,20,6,Electric,250
40,345,2760,8,2,1,15,25,7,Hybrid,0
153,345,2760,8,3,0,25,30,7,Electric,250
4,346,2761,1,1,1,15,25,6,Gasoline,0
90,346,2761,1,2,0,25,30,6,Electric,150
33,346,2761,1,3,0,25,25,6,Hybrid,0
129,346,2762,2,1,0,25,20,8,Electric,200
6,346,2762,2,2,0,25,25,6,Gasoline,0
16,346,2762,2,3,1,15,30,7,Gasoline,0
47,346,2763,3,1,0,20,20,8,Hybrid,0
159,346,2763,3,2,0,25,25,8,Electric,250
146,346,2763,3,3,1,20,20,7,Electric,250
10,346,2764,4,1,0,15,20,7,Gasoline,0
37,346,2764,4,2,1,15,20,7,Hybrid,0
29,346,2764,4,3,0,20,20,6,Hybrid,0
39,346,2765,5,1,0,25,20,7,Hybrid,0
100,346,2765,5,2,1,15,20,8,Electric,150
86,346,2765,5,3,0,20,25,6,Electric,150
130,346,2766,6,1,0,15,25,8,Electric,200
15,346,2766,6,2,0,25,25,7,Gasoline,0
67,346,2766,6,3,1,15,25,7,Electric,100
124,346,2767,7,1,1,15,30,7,Electric,200
2,346,2767,7,2,0,20,20,6,Gasoline,0
33,346,2767,7,3,0,25,25,6,Hybrid,0
50,346,2768,8,1,0,20,25,8,Hybrid,0
28,346,2768,8,2,1,15,20,6,Hybrid,0
146,346,2768,8,3,0,20,20,7,Electric,250
29,347,2769,1,1,0,20,20,6,Hybrid,0
88,347,2769,1,2,1,15,30,6,Electric,150
78,347,2769,1,3,0,25,25,8,Electric,100
79,347,2770,2,1,1,15,30,8,Electric,100
95,347,2770,2,2,0,20,25,7,Electric,150
33,347,2770,2,3,0,25,25,6,Hybrid,0
25,347,2771,3,1,1,15,30,8,Gasoline,0
14,347,2771,3,2,0,20,25,7,Gasoline,0
100,347,2771,3,3,0,15,20,8,Electric,150
1,347,2772,4,1,1,15,20,6,Gasoline,0
45,347,2772,4,2,0,25,30,7,Hybrid,0
24,347,2772,4,3,0,25,25,8,Gasoline,0
117,347,2773,5,1,0,25,30,6,Electric,200
30,347,2773,5,2,0,25,20,6,Hybrid,0
88,347,2773,5,3,1,15,30,6,Electric,150
52,347,2774,6,1,0,15,30,8,Hybrid,0
46,347,2774,6,2,1,15,20,8,Hybrid,0
132,347,2774,6,3,0,25,25,8,Electric,200
56,347,2775,7,1,0,20,20,6,Electric,100
121,347,2775,7,2,1,15,25,7,Electric,200
11,347,2775,7,3,0,20,20,7,Gasoline,0
95,347,2776,8,1,0,20,25,7,Electric,150
36,347,2776,8,2,0,25,30,6,Hybrid,0
137,347,2776,8,3,1,20,20,6,Electric,250
51,348,2777,1,1,0,25,25,8,Hybrid,0
143,348,2777,1,2,1,20,30,6,Electric,250
8,348,2777,1,3,0,20,30,6,Gasoline,0
63,348,2778,2,1,0,25,30,6,Electric,100
45,348,2778,2,2,0,25,30,7,Hybrid,0
43,348,2778,2,3,1,15,30,7,Hybrid,0
36,348,2779,3,1,0,25,30,6,Hybrid,0
107,348,2779,3,2,1,20,30,8,Electric,150
155,348,2779,3,3,0,20,20,8,Electric,250
46,348,2780,4,1,1,15,20,8,Hybrid,0
38,348,2780,4,2,0,20,20,7,Hybrid,0
9,348,2780,4,3,0,25,30,6,Gasoline,0
153,348,2781,5,1,0,25,30,7,Electric,250
52,348,2781,5,2,0,15,30,8,Hybrid,0
4,348,2781,5,3,1,15,25,6,Gasoline,0
6,348,2782,6,1,0,25,25,6,Gasoline,0
59,348,2782,6,2,1,20,25,6,Electric,100
33,348,2782,6,3,0,25,25,6,Hybrid,0
32,348,2783,7,1,0,20,25,6,Hybrid,0
147,348,2783,7,2,0,25,20,7,Electric,250
53,348,2783,7,3,1,20,30,8,Hybrid,0
124,348,2784,8,1,1,15,30,7,Electric,200
19,348,2784,8,2,0,15,20,8,Gasoline,0
20,348,2784,8,3,0,20,20,8,Gasoline,0
144,349,2785,1,1,0,25,30,6,Electric,250
14,349,2785,1,2,0,20,25,7,Gasoline,0
31,349,2785,1,3,1,15,25,6,Hybrid,0
47,349,2786,2,1,1,20,20,8,Hybrid,0
33,349,2786,2,2,0,25,25,6,Hybrid,0
11,349,2786,2,3,0,20,20,7,Gasoline,0
3,349,2787,3,1,0,25,20,6,Gasoline,0
5,349,2787,3,2,1,20,25,6,Gasoline,0
20,349,2787,3,3,0,20,20,8,Gasoline,0
40,349,2788,4,1,1,15,25,7,Hybrid,0
27,349,2788,4,2,0,25,30,8,Gasoline,0
32,349,2788,4,3,0,20,25,6,Hybrid,0
93,349,2789,5,1,0,25,20,7,Electric,150
70,349,2789,5,2,0,15,30,7,Electric,100
127,349,2789,5,3,1,15,20,8,Electric,200
136,349,2790,6,1,1,15,20,6,Electric,250
2,349,2790,6,2,0,20,20,6,Gasoline,0
46,349,2790,6,3,0,15,20,8,Hybrid,0
44,349,2791,7,1,0,20,30,7,Hybrid,0
1,349,2791,7,2,1,15,20,6,Gasoline,0
24,349,2791,7,3,0,25,25,8,Gasoline,0
36,349,2792,8,1,1,25,30,6,Hybrid,0
27,349,2792,8,2,0,25,30,8,Gasoline,0
39,349,2792,8,3,0,25,20,7,Hybrid,0
44,350,2793,1,1,0,20,30,7,Hybrid,0
155,350,2793,1,2,0,20,20,8,Electric,250
160,350,2793,1,3,1,15,30,8,Electric,250
56,350,2794,2,1,0,20,20,6,Electric,100
48,350,2794,2,2,0,25,20,8,Hybrid,0
32,350,2794,2,3,1,20,25,6,Hybrid,0
126,350,2795,3,1,0,25,30,7,Electric,200
2,350,2795,3,2,0,20,20,6,Gasoline,0
109,350,2795,3,3,1,15,20,6,Electric,200
23,350,2796,4,1,0,20,25,8,Gasoline,0
26,350,2796,4,2,0,20,30,8,Gasoline,0
13,350,2796,4,3,1,15,25,7,Gasoline,0
42,350,2797,5,1,0,25,25,7,Hybrid,0
2,350,2797,5,2,0,20,20,6,Gasoline,0
28,350,2797,5,3,1,15,20,6,Hybrid,0
107,350,2798,6,1,0,20,30,8,Electric,150
25,350,2798,6,2,1,15,30,8,Gasoline,0
29,350,2798,6,3,0,20,20,6,Hybrid,0
99,350,2799,7,1,0,25,30,7,Electric,150
59,350,2799,7,2,0,20,25,6,Electric,100
71,350,2799,7,3,1,20,30,7,Electric,100
37,350,2800,8,1,0,15,20,7,Hybrid,0
31,350,2800,8,2,0,15,25,6,Hybrid,0
16,350,2800,8,3,1,15,30,7,Gasoline,0
36,351,2801,1,1,0,25,30,6,Hybrid,0
18,351,2801,1,2,0,25,30,7,Gasoline,0
10,351,2801,1,3,1,15,20,7,Gasoline,0
44,351,2802,2,1,0,20,30,7,Hybrid,0
68,351,2802,2,2,0,20,25,7,Electric,100
73,351,2802,2,3,1,15,20,8,Electric,100
41,351,2803,3,1,0,20,25,7,Hybrid,0
108,351,2803,3,2,0,25,30,8,Electric,150
26,351,2803,3,3,1,20,30,8,Gasoline,0
38,351,2804,4,1,1,20,20,7,Hybrid,0
3,351,2804,4,2,0,25,20,6,Gasoline,0
65,351,2804,4,3,0,20,20,7,Electric,100
68,351,2805,5,1,0,20,25,7,Electric,100
25,351,2805,5,2,1,15,30,8,Gasoline,0
67,351,2805,5,3,0,15,25,7,Electric,100
2,351,2806,6,1,1,20,20,6,Gasoline,0
56,351,2806,6,2,0,20,20,6,Electric,100
39,351,2806,6,3,0,25,20,7,Hybrid,0
100,351,2807,7,1,0,15,20,8,Electric,150
92,351,2807,7,2,0,20,20,7,Electric,150
139,351,2807,7,3,1,15,25,6,Electric,250
44,351,2808,8,1,0,20,30,7,Hybrid,0
7,351,2808,8,2,1,15,30,6,Gasoline,0
36,351,2808,8,3,0,25,30,6,Hybrid,0
39,352,2809,1,1,0,25,20,7,Hybrid,0
26,352,2809,1,2,0,20,30,8,Gasoline,0
37,352,2809,1,3,1,15,20,7,Hybrid,0
44,352,2810,2,1,1,20,30,7,Hybrid,0
22,352,2810,2,2,0,15,25,8,Gasoline,0
138,352,2810,2,3,0,25,20,6,Electric,250
68,352,2811,3,1,0,20,25,7,Electric,100
75,352,2811,3,2,0,25,20,8,Electric,100
52,352,2811,3,3,1,15,30,8,Hybrid,0
33,352,2812,4,1,0,25,25,6,Hybrid,0
115,352,2812,4,2,0,15,30,6,Electric,200
124,352,2812,4,3,1,15,30,7,Electric,200
46,352,2813,5,1,0,15,20,8,Hybrid,0
33,352,2813,5,2,0,25,25,6,Hybrid,0
130,352,2813,5,3,1,15,25,8,Electric,200
53,352,2814,6,1,0,20,30,8,Hybrid,0
41,352,2814,6,2,0,20,25,7,Hybrid,0
131,352,2814,6,3,1,20,25,8,Electric,200
26,352,2815,7,1,0,20,30,8,Gasoline,0
109,352,2815,7,2,1,15,20,6,Electric,200
126,352,2815,7,3,0,25,30,7,Electric,200
35,352,2816,8,1,1,20,30,6,Hybrid,0
2,352,2816,8,2,0,20,20,6,Gasoline,0
21,352,2816,8,3,0,25,20,8,Gasoline,0
19,353,2817,1,1,0,15,20,8,Gasoline,0
40,353,2817,1,2,1,15,25,7,Hybrid,0
8,353,2817,1,3,0,20,30,6,Gasoline,0
18,353,2818,2,1,1,25,30,7,Gasoline,0
48,353,2818,2,2,0,25,20,8,Hybrid,0
54,353,2818,2,3,0,25,30,8,Hybrid,0
34,353,2819,3,1,1,15,30,6,Hybrid,0
42,353,2819,3,2,0,25,25,7,Hybrid,0
26,353,2819,3,3,0,20,30,8,Gasoline,0
28,353,2820,4,1,1,15,20,6,Hybrid,0
59,353,2820,4,2,0,20,25,6,Electric,100
120,353,2820,4,3,0,25,20,7,Electric,200
23,353,2821,5,1,0,20,25,8,Gasoline,0
16,353,2821,5,2,1,15,30,7,Gasoline,0
46,353,2821,5,3,0,15,20,8,Hybrid,0
4,353,2822,6,1,1,15,25,6,Gasoline,0
15,353,2822,6,2,0,25,25,7,Gasoline,0
12,353,2822,6,3,0,25,20,7,Gasoline,0
79,353,2823,7,1,1,15,30,8,Electric,100
93,353,2823,7,2,0,25,20,7,Electric,150
3,353,2823,7,3,0,25,20,6,Gasoline,0
51,353,2824,8,1,0,25,25,8,Hybrid,0
45,353,2824,8,2,1,25,30,7,Hybrid,0
36,353,2824,8,3,0,25,30,6,Hybrid,0
17,354,2825,1,1,1,20,30,7,Gasoline,0
62,354,2825,1,2,0,20,30,6,Electric,100
15,354,2825,1,3,0,25,25,7,Gasoline,0
34,354,2826,2,1,1,15,30,6,Hybrid,0
63,354,2826,2,2,0,25,30,6,Electric,100
40,354,2826,2,3,0,15,25,7,Hybrid,0
10,354,2827,3,1,1,15,20,7,Gasoline,0
67,354,2827,3,2,0,15,25,7,Electric,100
6,354,2827,3,3,0,25,25,6,Gasoline,0
53,354,2828,4,1,0,20,30,8,Hybrid,0
84,354,2828,4,2,0,25,20,6,Electric,150
41,354,2828,4,3,1,20,25,7,Hybrid,0
19,354,2829,5,1,0,15,20,8,Gasoline,0
58,354,2829,5,2,0,15,25,6,Electric,100
52,354,2829,5,3,1,15,30,8,Hybrid,0
142,354,2830,6,1,1,15,30,6,Electric,250
136,354,2830,6,2,0,15,20,6,Electric,250
1,354,2830,6,3,0,15,20,6,Gasoline,0
12,354,2831,7,1,0,25,20,7,Gasoline,0
58,354,2831,7,2,1,15,25,6,Electric,100
122,354,2831,7,3,0,20,25,7,Electric,200
39,354,2832,8,1,0,25,20,7,Hybrid,0
88,354,2832,8,2,1,15,30,6,Electric,150
98,354,2832,8,3,0,20,30,7,Electric,150
1,355,2833,1,1,0,15,20,6,Gasoline,0
50,355,2833,1,2,0,20,25,8,Hybrid,0
139,355,2833,1,3,1,15,25,6,Electric,250
30,355,2834,2,1,0,25,20,6,Hybrid,0
34,355,2834,2,2,1,15,30,6,Hybrid,0
27,355,2834,2,3,0,25,30,8,Gasoline,0
142,355,2835,3,1,0,15,30,6,Electric,250
34,355,2835,3,2,1,15,30,6,Hybrid,0
51,355,2835,3,3,0,25,25,8,Hybrid,0
28,355,2836,4,1,1,15,20,6,Hybrid,0
10,355,2836,4,2,0,15,20,7,Gasoline,0
113,355,2836,4,3,0,20,25,6,Electric,200
50,355,2837,5,1,0,20,25,8,Hybrid,0
43,355,2837,5,2,1,15,30,7,Hybrid,0
23,355,2837,5,3,0,20,25,8,Gasoline,0
77,355,2838,6,1,0,20,25,8,Electric,100
34,355,2838,6,2,0,15,30,6,Hybrid,0
118,355,2838,6,3,1,15,20,7,Electric,200
18,355,2839,7,1,0,25,30,7,Gasoline,0
67,355,2839,7,2,1,15,25,7,Electric,100
48,355,2839,7,3,0,25,20,8,Hybrid,0
121,355,2840,8,1,0,15,25,7,Electric,200
10,355,2840,8,2,1,15,20,7,Gasoline,0
63,355,2840,8,3,0,25,30,6,Electric,100
48,356,2841,1,1,0,25,20,8,Hybrid,0
103,356,2841,1,2,1,15,25,8,Electric,150
8,356,2841,1,3,0,20,30,6,Gasoline,0
49,356,2842,2,1,1,15,25,8,Hybrid,0
26,356,2842,2,2,0,20,30,8,Gasoline,0
85,356,2842,2,3,0,15,25,6,Electric,150
46,356,2843,3,1,1,15,20,8,Hybrid,0
34,356,2843,3,2,0,15,30,6,Hybrid,0
73,356,2843,3,3,0,15,20,8,Electric,100
36,356,2844,4,1,0,25,30,6,Hybrid,0
103,356,2844,4,2,1,15,25,8,Electric,150
127,356,2844,4,3,0,15,20,8,Electric,200
27,356,2845,5,1,0,25,30,8,Gasoline,0
38,356,2845,5,2,0,20,20,7,Hybrid,0
52,356,2845,5,3,1,15,30,8,Hybrid,0
51,356,2846,6,1,1,25,25,8,Hybrid,0
47,356,2846,6,2,0,20,20,8,Hybrid,0
24,356,2846,6,3,0,25,25,8,Gasoline,0
30,356,2847,7,1,0,25,20,6,Hybrid,0
3,356,2847,7,2,0,25,20,6,Gasoline,0
53,356,2847,7,3,1,20,30,8,Hybrid,0
34,356,2848,8,1,1,15,30,6,Hybrid,0
54,356,2848,8,2,0,25,30,8,Hybrid,0
46,356,2848,8,3,0,15,20,8,Hybrid,0
13,357,2849,1,1,0,15,25,7,Gasoline,0
29,357,2849,1,2,1,20,20,6,Hybrid,0
39,357,2849,1,3,0,25,20,7,Hybrid,0
47,357,2850,2,1,1,20,20,8,Hybrid,0
21,357,2850,2,2,0,25,20,8,Gasoline,0
35,357,2850,2,3,0,20,30,6,Hybrid,0
30,357,2851,3,1,0,25,20,6,Hybrid,0
20,357,2851,3,2,1,20,20,8,Gasoline,0
6,357,2851,3,3,0,25,25,6,Gasoline,0
14,357,2852,4,1,0,20,25,7,Gasoline,0
102,357,2852,4,2,0,25,20,8,Electric,150
7,357,2852,4,3,1,15,30,6,Gasoline,0
109,357,2853,5,1,1,15,20,6,Electric,200
29,357,2853,5,2,0,20,20,6,Hybrid,0
24,357,2853,5,3,0,25,25,8,Gasoline,0
43,357,2854,6,1,1,15,30,7,Hybrid,0
38,357,2854,6,2,0,20,20,7,Hybrid,0
3,357,2854,6,3,0,25,20,6,Gasoline,0
106,357,2855,7,1,0,15,30,8,Electric,150
22,357,2855,7,2,0,15,25,8,Gasoline,0
34,357,2855,7,3,1,15,30,6,Hybrid,0
50,357,2856,8,1,1,20,25,8,Hybrid,0
8,357,2856,8,2,0,20,30,6,Gasoline,0
38,357,2856,8,3,0,20,20,7,Hybrid,0
29,358,2857,1,1,0,20,20,6,Hybrid,0
24,358,2857,1,2,0,25,25,8,Gasoline,0
22,358,2857,1,3,1,15,25,8,Gasoline,0
38,358,2858,2,1,0,20,20,7,Hybrid,0
26,358,2858,2,2,0,20,30,8,Gasoline,0
143,358,2858,2,3,1,20,30,6,Electric,250
31,358,2859,3,1,1,15,25,6,Hybrid,0
156,358,2859,3,2,0,25,20,8,Electric,250
127,358,2859,3,3,0,15,20,8,Electric,200
123,358,2860,4,1,0,25,25,7,Electric,200
6,358,2860,4,2,0,25,25,6,Gasoline,0
40,358,2860,4,3,1,15,25,7,Hybrid,0
39,358,2861,5,1,0,25,20,7,Hybrid,0
99,358,2861,5,2,0,25,30,7,Electric,150
46,358,2861,5,3,1,15,20,8,Hybrid,0
29,358,2862,6,1,1,20,20,6,Hybrid,0
48,358,2862,6,2,0,25,20,8,Hybrid,0
8,358,2862,6,3,0,20,30,6,Gasoline,0
49,358,2863,7,1,1,15,25,8,Hybrid,0
65,358,2863,7,2,0,20,20,7,Electric,100
29,358,2863,7,3,0,20,20,6,Hybrid,0
6,358,2864,8,1,0,25,25,6,Gasoline,0
11,358,2864,8,2,1,20,20,7,Gasoline,0
117,358,2864,8,3,0,25,30,6,Electric,200
12,359,2865,1,1,0,25,20,7,Gasoline,0
10,359,2865,1,2,0,15,20,7,Gasoline,0
2,359,2865,1,3,1,20,20,6,Gasoline,0
159,359,2866,2,1,0,25,25,8,Electric,250
49,359,2866,2,2,1,15,25,8,Hybrid,0
2,359,2866,2,3,0,20,20,6,Gasoline,0
113,359,2867,3,1,0,20,25,6,Electric,200
126,359,2867,3,2,0,25,30,7,Electric,200
31,359,2867,3,3,1,15,25,6,Hybrid,0
1,359,2868,4,1,1,15,20,6,Gasoline,0
32,359,2868,4,2,0,20,25,6,Hybrid,0
54,359,2868,4,3,0,25,30,8,Hybrid,0
77,359,2869,5,1,0,20,25,8,Electric,100
13,359,2869,5,2,1,15,25,7,Gasoline,0
42,359,2869,5,3,0,25,25,7,Hybrid,0
52,359,2870,6,1,1,15,30,8,Hybrid,0
98,359,2870,6,2,0,20,30,7,Electric,150
80,359,2870,6,3,0,20,30,8,Electric,100
30,359,2871,7,1,0,25,20,6,Hybrid,0
48,359,2871,7,2,0,25,20,8,Hybrid,0
34,359,2871,7,3,1,15,30,6,Hybrid,0
1,359,2872,8,1,1,15,20,6,Gasoline,0
4,359,2872,8,2,0,15,25,6,Gasoline,0
7,359,2872,8,3,0,15,30,6,Gasoline,0
112,360,2873,1,1,0,15,25,6,Electric,200
125,360,2873,1,2,0,20,30,7,Electric,200
46,360,2873,1,3,1,15,20,8,Hybrid,0
18,360,2874,2,1,1,25,30,7,Gasoline,0
33,360,2874,2,2,0,25,25,6,Hybrid,0
3,360,2874,2,3,0,25,20,6,Gasoline,0
41,360,2875,3,1,0,20,25,7,Hybrid,0
67,360,2875,3,2,1,15,25,7,Electric,100
153,360,2875,3,3,0,25,30,7,Electric,250
26,360,2876,4,1,0,20,30,8,Gasoline,0
16,360,2876,4,2,1,15,30,7,Gasoline,0
10,360,2876,4,3,0,15,20,7,Gasoline,0
63,360,2877,5,1,0,25,30,6,Electric,100
117,360,2877,5,2,0,25,30,6,Electric,200
109,360,2877,5,3,1,15,20,6,Electric,200
8,360,2878,6,1,0,20,30,6,Gasoline,0
75,360,2878,6,2,0,25,20,8,Electric,100
31,360,2878,6,3,1,15,25,6,Hybrid,0
14,360,2879,7,1,1,20,25,7,Gasoline,0
24,360,2879,7,2,0,25,25,8,Gasoline,0
9,360,2879,7,3,0,25,30,6,Gasoline,0
75,360,2880,8,1,0,25,20,8,Electric,100
37,360,2880,8,2,0,15,20,7,Hybrid,0
28,360,2880,8,3,1,15,20,6,Hybrid,0
7,361,2881,1,1,1,15,30,6,Gasoline,0
30,361,2881,1,2,0,25,20,6,Hybrid,0
40,361,2881,1,3,0,15,25,7,Hybrid,0
84,361,2882,2,1,0,25,20,6,Electric,150
138,361,2882,2,2,0,25,20,6,Electric,250
54,361,2882,2,3,1,25,30,8,Hybrid,0
51,361,2883,3,1,1,25,25,8,Hybrid,0
48,361,2883,3,2,0,25,20,8,Hybrid,0
39,361,2883,3,3,0,25,20,7,Hybrid,0
66,361,2884,4,1,0,25,20,7,Electric,100
24,361,2884,4,2,0,25,25,8,Gasoline,0
44,361,2884,4,3,1,20,30,7,Hybrid,0
24,361,2885,5,1,0,25,25,8,Gasoline,0
17,361,2885,5,2,1,20,30,7,Gasoline,0
27,361,2885,5,3,0,25,30,8,Gasoline,0
6,361,2886,6,1,0,25,25,6,Gasoline,0
33,361,2886,6,2,0,25,25,6,Hybrid,0
46,361,2886,6,3,1,15,20,8,Hybrid,0
15,361,2887,7,1,0,25,25,7,Gasoline,0
93,361,2887,7,2,0,25,20,7,Electric,150
2,361,2887,7,3,1,20,20,6,Gasoline,0
20,361,2888,8,1,0,20,20,8,Gasoline,0
16,361,2888,8,2,1,15,30,7,Gasoline,0
29,361,2888,8,3,0,20,20,6,Hybrid,0
42,362,2889,1,1,0,25,25,7,Hybrid,0
31,362,2889,1,2,1,15,25,6,Hybrid,0
54,362,2889,1,3,0,25,30,8,Hybrid,0
9,362,2890,2,1,1,25,30,6,Gasoline,0
116,362,2890,2,2,0,20,30,6,Electric,200
119,362,2890,2,3,0,20,20,7,Electric,200
9,362,2891,3,1,0,25,30,6,Gasoline,0
8,362,2891,3,2,0,20,30,6,Gasoline,0
7,362,2891,3,3,1,15,30,6,Gasoline,0
53,362,2892,4,1,1,20,30,8,Hybrid,0
84,362,2892,4,2,0,25,20,6,Electric,150
77,362,2892,4,3,0,20,25,8,Electric,100
43,362,2893,5,1,1,15,30,7,Hybrid,0
21,362,2893,5,2,0,25,20,8,Gasoline,0
33,362,2893,5,3,0,25,25,6,Hybrid,0
32,362,2894,6,1,0,20,25,6,Hybrid,0
54,362,2894,6,2,0,25,30,8,Hybrid,0
118,362,2894,6,3,1,15,20,7,Electric,200
21,362,2895,7,1,0,25,20,8,Gasoline,0
53,362,2895,7,2,0,20,30,8,Hybrid,0
25,362,2895,7,3,1,15,30,8,Gasoline,0
1,362,2896,8,1,1,15,20,6,Gasoline,0
72,362,2896,8,2,0,25,30,7,Electric,100
39,362,2896,8,3,0,25,20,7,Hybrid,0
88,363,2897,1,1,1,15,30,6,Electric,150
14,363,2897,1,2,0,20,25,7,Gasoline,0
63,363,2897,1,3,0,25,30,6,Electric,100
10,363,2898,2,1,0,15,20,7,Gasoline,0
14,363,2898,2,2,0,20,25,7,Gasoline,0
143,363,2898,2,3,1,20,30,6,Electric,250
3,363,2899,3,1,0,25,20,6,Gasoline,0
74,363,2899,3,2,0,20,20,8,Electric,100
31,363,2899,3,3,1,15,25,6,Hybrid,0
41,363,2900,4,1,1,20,25,7,Hybrid,0
113,363,2900,4,2,0,20,25,6,Electric,200
15,363,2900,4,3,0,25,25,7,Gasoline,0
98,363,2901,5,1,0,20,30,7,Electric,150
66,363,2901,5,2,0,25,20,7,Electric,100
34,363,2901,5,3,1,15,30,6,Hybrid,0
40,363,2902,6,1,1,15,25,7,Hybrid,0
45,363,2902,6,2,0,25,30,7,Hybrid,0
139,363,2902,6,3,0,15,25,6,Electric,250
58,363,2903,7,1,0,15,25,6,Electric,100
26,363,2903,7,2,0,20,30,8,Gasoline,0
137,363,2903,7,3,1,20,20,6,Electric,250
22,363,2904,8,1,0,15,25,8,Gasoline,0
30,363,2904,8,2,0,25,20,6,Hybrid,0
40,363,2904,8,3,1,15,25,7,Hybrid,0
91,364,2905,1,1,0,15,20,7,Electric,150
13,364,2905,1,2,1,15,25,7,Gasoline,0
42,364,2905,1,3,0,25,25,7,Hybrid,0
67,364,2906,2,1,1,15,25,7,Electric,100
23,364,2906,2,2,0,20,25,8,Gasoline,0
18,364,2906,2,3,0,25,30,7,Gasoline,0
32,364,2907,3,1,0,20,25,6,Hybrid,0
9,364,2907,3,2,0,25,30,6,Gasoline,0
19,364,2907,3,3,1,15,20,8,Gasoline,0
81,364,2908,4,1,0,25,30,8,Electric,100
46,364,2908,4,2,1,15,20,8,Hybrid,0
84,364,2908,4,3,0,25,20,6,Electric,150
86,364,2909,5,1,0,20,25,6,Electric,150
46,364,2909,5,2,1,15,20,8,Hybrid,0
33,364,2909,5,3,0,25,25,6,Hybrid,0
39,364,2910,6,1,0,25,20,7,Hybrid,0
2,364,2910,6,2,1,20,20,6,Gasoline,0
59,364,2910,6,3,0,20,25,6,Electric,100
19,364,2911,7,1,1,15,20,8,Gasoline,0
7,364,2911,7,2,0,15,30,6,Gasoline,0
49,364,2911,7,3,0,15,25,8,Hybrid,0
9,364,2912,8,1,1,25,30,6,Gasoline,0
21,364,2912,8,2,0,25,20,8,Gasoline,0
15,364,2912,8,3,0,25,25,7,Gasoline,0
132,365,2913,1,1,0,25,25,8,Electric,200
50,365,2913,1,2,0,20,25,8,Hybrid,0
41,365,2913,1,3,1,20,25,7,Hybrid,0
46,365,2914,2,1,1,15,20,8,Hybrid,0
18,365,2914,2,2,0,25,30,7,Gasoline,0
11,365,2914,2,3,0,20,20,7,Gasoline,0
46,365,2915,3,1,1,15,20,8,Hybrid,0
139,365,2915,3,2,0,15,25,6,Electric,250
47,365,2915,3,3,0,20,20,8,Hybrid,0
142,365,2916,4,1,1,15,30,6,Electric,250
45,365,2916,4,2,0,25,30,7,Hybrid,0
18,365,2916,4,3,0,25,30,7,Gasoline,0
44,365,2917,5,1,0,20,30,7,Hybrid,0
88,365,2917,5,2,0,15,30,6,Electric,150
100,365,2917,5,3,1,15,20,8,Electric,150
57,365,2918,6,1,0,25,20,6,Electric,100
25,365,2918,6,2,1,15,30,8,Gasoline,0
12,365,2918,6,3,0,25,20,7,Gasoline,0
49,365,2919,7,1,1,15,25,8,Hybrid,0
22,365,2919,7,2,0,15,25,8,Gasoline,0
88,365,2919,7,3,0,15,30,6,Electric,150
15,365,2920,8,1,0,25,25,7,Gasoline,0
27,365,2920,8,2,0,25,30,8,Gasoline,0
32,365,2920,8,3,1,20,25,6,Hybrid,0
53,366,2921,1,1,0,20,30,8,Hybrid,0
16,366,2921,1,2,1,15,30,7,Gasoline,0
21,366,2921,1,3,0,25,20,8,Gasoline,0
23,366,2922,2,1,0,20,25,8,Gasoline,0
45,366,2922,2,2,0,25,30,7,Hybrid,0
31,366,2922,2,3,1,15,25,6,Hybrid,0
40,366,2923,3,1,0,15,25,7,Hybrid,0
31,366,2923,3,2,1,15,25,6,Hybrid,0
20,366,2923,3,3,0,20,20,8,Gasoline,0
25,366,2924,4,1,0,15,30,8,Gasoline,0
19,366,2924,4,2,0,15,20,8,Gasoline,0
7,366,2924,4,3,1,15,30,6,Gasoline,0
35,366,2925,5,1,1,20,30,6,Hybrid,0
53,366,2925,5,2,0,20,30,8,Hybrid,0
115,366,2925,5,3,0,15,30,6,Electric,200
47,366,2926,6,1,0,20,20,8,Hybrid,0
20,366,2926,6,2,1,20,20,8,Gasoline,0
93,366,2926,6,3,0,25,20,7,Electric,150
125,366,2927,7,1,1,20,30,7,Electric,200
54,366,2927,7,2,0,25,30,8,Hybrid,0
5,366,2927,7,3,0,20,25,6,Gasoline,0
55,366,2928,8,1,0,15,20,6,Electric,100
25,366,2928,8,2,1,15,30,8,Gasoline,0
50,366,2928,8,3,0,20,25,8,Hybrid,0
22,367,2929,1,1,1,15,25,8,Gasoline,0
156,367,2929,1,2,0,25,20,8,Electric,250
18,367,2929,1,3,0,25,30,7,Gasoline,0
94,367,2930,2,1,1,15,25,7,Electric,150
45,367,2930,2,2,0,25,30,7,Hybrid,0
135,367,2930,2,3,0,25,30,8,Electric,200
124,367,2931,3,1,0,15,30,7,Electric,200
73,367,2931,3,2,0,15,20,8,Electric,100
31,367,2931,3,3,1,15,25,6,Hybrid,0
88,367,2932,4,1,0,15,30,6,Electric,150
143,367,2932,4,2,0,20,30,6,Electric,250
13,367,2932,4,3,1,15,25,7,Gasoline,0
27,367,2933,5,1,0,25,30,8,Gasoline,0
63,367,2933,5,2,0,25,30,6,Electric,100
20,367,2933,5,3,1,20,20,8,Gasoline,0
156,367,2934,6,1,0,25,20,8,Electric,250
17,367,2934,6,2,0,20,30,7,Gasoline,0
46,367,2934,6,3,1,15,20,8,Hybrid,0
8,367,2935,7,1,0,20,30,6,Gasoline,0
150,367,2935,7,2,0,25,25,7,Electric,250
121,367,2935,7,3,1,15,25,7,Electric,200
42,367,2936,8,1,0,25,25,7,Hybrid,0
48,367,2936,8,2,0,25,20,8,Hybrid,0
34,367,2936,8,3,1,15,30,6,Hybrid,0
38,368,2937,1,1,0,20,20,7,Hybrid,0
30,368,2937,1,2,0,25,20,6,Hybrid,0
50,368,2937,1,3,1,20,25,8,Hybrid,0
54,368,2938,2,1,0,25,30,8,Hybrid,0
33,368,2938,2,2,0,25,25,6,Hybrid,0
43,368,2938,2,3,1,15,30,7,Hybrid,0
50,368,2939,3,1,0,20,25,8,Hybrid,0
46,368,2939,3,2,1,15,20,8,Hybrid,0
117,368,2939,3,3,0,25,30,6,Electric,200
140,368,2940,4,1,1,20,25,6,Electric,250
78,368,2940,4,2,0,25,25,8,Electric,100
47,368,2940,4,3,0,20,20,8,Hybrid,0
159,368,2941,5,1,0,25,25,8,Electric,250
34,368,2941,5,2,1,15,30,6,Hybrid,0
43,368,2941,5,3,0,15,30,7,Hybrid,0
40,368,2942,6,1,0,15,25,7,Hybrid,0
43,368,2942,6,2,1,15,30,7,Hybrid,0
2,368,2942,6,3,0,20,20,6,Gasoline,0
8,368,2943,7,1,0,20,30,6,Gasoline,0
24,368,2943,7,2,0,25,25,8,Gasoline,0
31,368,2943,7,3,1,15,25,6,Hybrid,0
52,368,2944,8,1,0,15,30,8,Hybrid,0
1,368,2944,8,2,1,15,20,6,Gasoline,0
114,368,2944,8,3,0,25,25,6,Electric,200
157,369,2945,1,1,1,15,25,8,Electric,250
41,369,2945,1,2,0,20,25,7,Hybrid,0
24,369,2945,1,3,0,25,25,8,Gasoline,0
42,369,2946,2,1,0,25,25,7,Hybrid,0
46,369,2946,2,2,0,15,20,8,Hybrid,0
28,369,2946,2,3,1,15,20,6,Hybrid,0
143,369,2947,3,1,1,20,30,6,Electric,250
96,369,2947,3,2,0,25,25,7,Electric,150
57,369,2947,3,3,0,25,20,6,Electric,100
68,369,2948,4,1,0,20,25,7,Electric,100
13,369,2948,4,2,0,15,25,7,Gasoline,0
109,369,2948,4,3,1,15,20,6,Electric,200
38,369,2949,5,1,0,20,20,7,Hybrid,0
60,369,2949,5,2,0,25,25,6,Electric,100
90,369,2949,5,3,1,25,30,6,Electric,150
33,369,2950,6,1,0,25,25,6,Hybrid,0
45,369,2950,6,2,0,25,30,7,Hybrid,0
28,369,2950,6,3,1,15,20,6,Hybrid,0
4,369,2951,7,1,1,15,25,6,Gasoline,0
68,369,2951,7,2,0,20,25,7,Electric,100
6,369,2951,7,3,0,25,25,6,Gasoline,0
29,369,2952,8,1,1,20,20,6,Hybrid,0
144,369,2952,8,2,0,25,30,6,Electric,250
18,369,2952,8,3,0,25,30,7,Gasoline,0
127,370,2953,1,1,1,15,20,8,Electric,200
111,370,2953,1,2,0,25,20,6,Electric,200
7,370,2953,1,3,0,15,30,6,Gasoline,0
113,370,2954,2,1,0,20,25,6,Electric,200
153,370,2954,2,2,0,25,30,7,Electric,250
112,370,2954,2,3,1,15,25,6,Electric,200
83,370,2955,3,1,0,20,20,6,Electric,150
1,370,2955,3,2,0,15,20,6,Gasoline,0
136,370,2955,3,3,1,15,20,6,Electric,250
82,370,2956,4,1,0,15,20,6,Electric,150
51,370,2956,4,2,0,25,25,8,Hybrid,0
4,370,2956,4,3,1,15,25,6,Gasoline,0
14,370,2957,5,1,0,20,25,7,Gasoline,0
23,370,2957,5,2,0,20,25,8,Gasoline,0
43,370,2957,5,3,1,15,30,7,Hybrid,0
85,370,2958,6,1,1,15,25,6,Electric,150
39,370,2958,6,2,0,25,20,7,Hybrid,0
90,370,2958,6,3,0,25,30,6,Electric,150
16,370,2959,7,1,1,15,30,7,Gasoline,0
28,370,2959,7,2,0,15,20,6,Hybrid,0
8,370,2959,7,3,0,20,30,6,Gasoline,0
15,370,2960,8,1,0,25,25,7,Gasoline,0
104,370,2960,8,2,0,20,25,8,Electric,150
22,370,2960,8,3,1,15,25,8,Gasoline,0
7,371,2961,1,1,1,15,30,6,Gasoline,0
12,371,2961,1,2,0,25,20,7,Gasoline,0
21,371,2961,1,3,0,25,20,8,Gasoline,0
84,371,2962,2,1,0,25,20,6,Electric,150
49,371,2962,2,2,1,15,25,8,Hybrid,0
54,371,2962,2,3,0,25,30,8,Hybrid,0
117,371,2963,3,1,0,25,30,6,Electric,200
10,371,2963,3,2,1,15,20,7,Gasoline,0
27,371,2963,3,3,0,25,30,8,Gasoline,0
45,371,2964,4,1,0,25,30,7,Hybrid,0
39,371,2964,4,2,0,25,20,7,Hybrid,0
25,371,2964,4,3,1,15,30,8,Gasoline,0
33,371,2965,5,1,0,25,25,6,Hybrid,0
15,371,2965,5,2,0,25,25,7,Gasoline,0
37,371,2965,5,3,1,15,20,7,Hybrid,0
99,371,2966,6,1,0,25,30,7,Electric,150
32,371,2966,6,2,1,20,25,6,Hybrid,0
80,371,2966,6,3,0,20,30,8,Electric,100
4,371,2967,7,1,1,15,25,6,Gasoline,0
41,371,2967,7,2,0,20,25,7,Hybrid,0
111,371,2967,7,3,0,25,20,6,Electric,200
15,371,2968,8,1,0,25,25,7,Gasoline,0
47,371,2968,8,2,1,20,20,8,Hybrid,0
110,371,2968,8,3,0,20,20,6,Electric,200
152,372,2969,1,1,0,20,30,7,Electric,250
154,372,2969,1,2,1,15,20,8,Electric,250
9,372,2969,1,3,0,25,30,6,Gasoline,0
32,372,2970,2,1,0,20,25,6,Hybrid,0
14,372,2970,2,2,1,20,25,7,Gasoline,0
38,372,2970,2,3,0,20,20,7,Hybrid,0
108,372,2971,3,1,0,25,30,8,Electric,150
88,372,2971,3,2,1,15,30,6,Electric,150
87,372,2971,3,3,0,25,25,6,Electric,150
13,372,2972,4,1,0,15,25,7,Gasoline,0
45,372,2972,4,2,0,25,30,7,Hybrid,0
34,372,2972,4,3,1,15,30,6,Hybrid,0
47,372,2973,5,1,0,20,20,8,Hybrid,0
129,372,2973,5,2,0,25,20,8,Electric,200
44,372,2973,5,3,1,20,30,7,Hybrid,0
3,372,2974,6,1,0,25,20,6,Gasoline,0
78,372,2974,6,2,0,25,25,8,Electric,100
13,372,2974,6,3,1,15,25,7,Gasoline,0
49,372,2975,7,1,1,15,25,8,Hybrid,0
35,372,2975,7,2,0,20,30,6,Hybrid,0
128,372,2975,7,3,0,20,20,8,Electric,200
73,372,2976,8,1,0,15,20,8,Electric,100
160,372,2976,8,2,1,15,30,8,Electric,250
29,372,2976,8,3,0,20,20,6,Hybrid,0
110,373,2977,1,1,1,20,20,6,Electric,200
141,373,2977,1,2,0,25,25,6,Electric,250
156,373,2977,1,3,0,25,20,8,Electric,250
47,373,2978,2,1,0,20,20,8,Hybrid,0
41,373,2978,2,2,0,20,25,7,Hybrid,0
125,373,2978,2,3,1,20,30,7,Electric,200
71,373,2979,3,1,0,20,30,7,Electric,100
16,373,2979,3,2,1,15,30,7,Gasoline,0
30,373,2979,3,3,0,25,20,6,Hybrid,0
19,373,2980,4,1,1,15,20,8,Gasoline,0
39,373,2980,4,2,0,25,20,7,Hybrid,0
10,373,2980,4,3,0,15,20,7,Gasoline,0
157,373,2981,5,1,1,15,25,8,Electric,250
38,373,2981,5,2,0,20,20,7,Hybrid,0
31,373,2981,5,3,0,15,25,6,Hybrid,0
53,373,2982,6,1,1,20,30,8,Hybrid,0
47,373,2982,6,2,0,20,20,8,Hybrid,0
116,373,2982,6,3,0,20,30,6,Electric,200
12,373,2983,7,1,0,25,20,7,Gasoline,0
83,373,2983,7,2,0,20,20,6,Electric,150
161,373,2983,7,3,1,20,30,8,Electric,250
41,373,2984,8,1,0,20,25,7,Hybrid,0
131,373,2984,8,2,1,20,25,8,Electric,200
39,373,2984,8,3,0,25,20,7,Hybrid,0
19,374,2985,1,1,1,15,20,8,Gasoline,0
42,374,2985,1,2,0,25,25,7,Hybrid,0
149,374,2985,1,3,0,20,25,7,Electric,250
119,374,2986,2,1,1,20,20,7,Electric,200
56,374,2986,2,2,0,20,20,6,Electric,100
57,374,2986,2,3,0,25,20,6,Electric,100
64,374,2987,3,1,1,15,20,7,Electric,100
9,374,2987,3,2,0,25,30,6,Gasoline,0
45,374,2987,3,3,0,25,30,7,Hybrid,0
27,374,2988,4,1,1,25,30,8,Gasoline,0
12,374,2988,4,2,0,25,20,7,Gasoline,0
3,374,2988,4,3,0,25,20,6,Gasoline,0
28,374,2989,5,1,1,15,20,6,Hybrid,0
138,374,2989,5,2,0,25,20,6,Electric,250
32,374,2989,5,3,0,20,25,6,Hybrid,0
42,374,2990,6,1,0,25,25,7,Hybrid,0
148,374,2990,6,2,0,15,25,7,Electric,250
34,374,2990,6,3,1,15,30,6,Hybrid,0
6,374,2991,7,1,0,25,25,6,Gasoline,0
55,374,2991,7,2,0,15,20,6,Electric,100
146,374,2991,7,3,1,20,20,7,Electric,250
54,374,2992,8,1,0,25,30,8,Hybrid,0
6,374,2992,8,2,0,25,25,6,Gasoline,0
29,374,2992,8,3,1,20,20,6,Hybrid,0
22,375,2993,1,1,0,15,25,8,Gasoline,0
151,375,2993,1,2,1,15,30,7,Electric,250
41,375,2993,1,3,0,20,25,7,Hybrid,0
11,375,2994,2,1,1,20,20,7,Gasoline,0
62,375,2994,2,2,0,20,30,6,Electric,100
33,375,2994,2,3,0,25,25,6,Hybrid,0
74,375,2995,3,1,0,20,20,8,Electric,100
20,375,2995,3,2,1,20,20,8,Gasoline,0
45,375,2995,3,3,0,25,30,7,Hybrid,0
95,375,2996,4,1,1,20,25,7,Electric,150
110,375,2996,4,2,0,20,20,6,Electric,200
74,375,2996,4,3,0,20,20,8,Electric,100
26,375,2997,5,1,1,20,30,8,Gasoline,0
47,375,2997,5,2,0,20,20,8,Hybrid,0
36,375,2997,5,3,0,25,30,6,Hybrid,0
32,375,2998,6,1,0,20,25,6,Hybrid,0
85,375,2998,6,2,0,15,25,6,Electric,150
14,375,2998,6,3,1,20,25,7,Gasoline,0
102,375,2999,7,1,0,25,20,8,Electric,150
155,375,2999,7,2,0,20,20,8,Electric,250
28,375,2999,7,3,1,15,20,6,Hybrid,0
32,375,3000,8,1,1,20,25,6,Hybrid,0
102,375,3000,8,2,0,25,20,8,Electric,150
23,375,3000,8,3,0,20,25,8,Gasoline,0
31,376,3001,1,1,1,15,25,6,Hybrid,0
51,376,3001,1,2,0,25,25,8,Hybrid,0
14,376,3001,1,3,0,20,25,7,Gasoline,0
82,376,3002,2,1,0,15,20,6,Electric,150
28,376,3002,2,2,1,15,20,6,Hybrid,0
66,376,3002,2,3,0,25,20,7,Electric,100
22,376,3003,3,1,1,15,25,8,Gasoline,0
41,376,3003,3,2,0,20,25,7,Hybrid,0
24,376,3003,3,3,0,25,25,8,Gasoline,0
162,376,3004,4,1,0,25,30,8,Electric,250
104,376,3004,4,2,0,20,25,8,Electric,150
61,376,3004,4,3,1,15,30,6,Electric,100
11,376,3005,5,1,0,20,20,7,Gasoline,0
89,376,3005,5,2,1,20,30,6,Electric,150
21,376,3005,5,3,0,25,20,8,Gasoline,0
47,376,3006,6,1,0,20,20,8,Hybrid,0
34,376,3006,6,2,1,15,30,6,Hybrid,0
154,376,3006,6,3,0,15,20,8,Electric,250
35,376,3007,7,1,0,20,30,6,Hybrid,0
159,376,3007,7,2,0,25,25,8,Electric,250
85,376,3007,7,3,1,15,25,6,Electric,150
38,376,3008,8,1,0,20,20,7,Hybrid,0
36,376,3008,8,2,0,25,30,6,Hybrid,0
32,376,3008,8,3,1,20,25,6,Hybrid,0
12,377,3009,1,1,0,25,20,7,Gasoline,0
13,377,3009,1,2,1,15,25,7,Gasoline,0
146,377,3009,1,3,0,20,20,7,Electric,250
91,377,3010,2,1,0,15,20,7,Electric,150
139,377,3010,2,2,1,15,25,6,Electric,250
109,377,3010,2,3,0,15,20,6,Electric,200
44,377,3011,3,1,0,20,30,7,Hybrid,0
9,377,3011,3,2,0,25,30,6,Gasoline,0
8,377,3011,3,3,1,20,30,6,Gasoline,0
25,377,3012,4,1,1,15,30,8,Gasoline,0
53,377,3012,4,2,0,20,30,8,Hybrid,0
29,377,3012,4,3,0,20,20,6,Hybrid,0
145,377,3013,5,1,1,15,20,7,Electric,250
3,377,3013,5,2,0,25,20,6,Gasoline,0
17,377,3013,5,3,0,20,30,7,Gasoline,0
108,377,3014,6,1,0,25,30,8,Electric,150
50,377,3014,6,2,1,20,25,8,Hybrid,0
42,377,3014,6,3,0,25,25,7,Hybrid,0
7,377,3015,7,1,1,15,30,6,Gasoline,0
22,377,3015,7,2,0,15,25,8,Gasoline,0
114,377,3015,7,3,0,25,25,6,Electric,200
37,377,3016,8,1,1,15,20,7,Hybrid,0
65,377,3016,8,2,0,20,20,7,Electric,100
95,377,3016,8,3,0,20,25,7,Electric,150
39,378,3017,1,1,0,25,20,7,Hybrid,0
46,378,3017,1,2,0,15,20,8,Hybrid,0
43,378,3017,1,3,1,15,30,7,Hybrid,0
154,378,3018,2,1,1,15,20,8,Electric,250
6,378,3018,2,2,0,25,25,6,Gasoline,0
36,378,3018,2,3,0,25,30,6,Hybrid,0
95,378,3019,3,1,1,20,25,7,Electric,150
6,378,3019,3,2,0,25,25,6,Gasoline,0
33,378,3019,3,3,0,25,25,6,Hybrid,0
42,378,3020,4,1,0,25,25,7,Hybrid,0
5,378,3020,4,2,1,20,25,6,Gasoline,0
64,378,3020,4,3,0,15,20,7,Electric,100
54,378,3021,5,1,0,25,30,8,Hybrid,0
11,378,3021,5,2,0,20,20,7,Gasoline,0
64,378,3021,5,3,1,15,20,7,Electric,100
2,378,3022,6,1,1,20,20,6,Gasoline,0
61,378,3022,6,2,0,15,30,6,Electric,100
26,378,3022,6,3,0,20,30,8,Gasoline,0
41,378,3023,7,1,0,20,25,7,Hybrid,0
11,378,3023,7,2,0,20,20,7,Gasoline,0
152,378,3023,7,3,1,20,30,7,Electric,250
40,378,3024,8,1,1,15,25,7,Hybrid,0
50,378,3024,8,2,0,20,25,8,Hybrid,0
15,378,3024,8,3,0,25,25,7,Gasoline,0
5,379,3025,1,1,1,20,25,6,Gasoline,0
29,379,3025,1,2,0,20,20,6,Hybrid,0
42,379,3025,1,3,0,25,25,7,Hybrid,0
73,379,3026,2,1,0,15,20,8,Electric,100
91,379,3026,2,2,0,15,20,7,Electric,150
61,379,3026,2,3,1,15,30,6,Electric,100
82,379,3027,3,1,0,15,20,6,Electric,150
7,379,3027,3,2,1,15,30,6,Gasoline,0
125,379,3027,3,3,0,20,30,7,Electric,200
40,379,3028,4,1,1,15,25,7,Hybrid,0
71,379,3028,4,2,0,20,30,7,Electric,100
112,379,3028,4,3,0,15,25,6,Electric,200
20,379,3029,5,1,0,20,20,8,Gasoline,0
49,379,3029,5,2,1,15,25,8,Hybrid,0
46,379,3029,5,3,0,15,20,8,Hybrid,0
74,379,3030,6,1,0,20,20,8,Electric,100
39,379,3030,6,2,0,25,20,7,Hybrid,0
19,379,3030,6,3,1,15,20,8,Gasoline,0
158,379,3031,7,1,0,20,25,8,Electric,250
13,379,3031,7,2,1,15,25,7,Gasoline,0
102,379,3031,7,3,0,25,20,8,Electric,150
48,379,3032,8,1,0,25,20,8,Hybrid,0
47,379,3032,8,2,0,20,20,8,Hybrid,0
122,379,3032,8,3,1,20,25,7,Electric,200
17,380,3033,1,1,0,20,30,7,Gasoline,0
39,380,3033,1,2,0,25,20,7,Hybrid,0
37,380,3033,1,3,1,15,20,7,Hybrid,0
10,380,3034,2,1,1,15,20,7,Gasoline,0
51,380,3034,2,2,0,25,25,8,Hybrid,0
45,380,3034,2,3,0,25,30,7,Hybrid,0
72,380,3035,3,1,0,25,30,7,Electric,100
3,380,3035,3,2,1,25,20,6,Gasoline,0
42,380,3035,3,3,0,25,25,7,Hybrid,0
65,380,3036,4,1,0,20,20,7,Electric,100
3,380,3036,4,2,0,25,20,6,Gasoline,0
8,380,3036,4,3,1,20,30,6,Gasoline,0
27,380,3037,5,1,0,25,30,8,Gasoline,0
119,380,3037,5,2,0,20,20,7,Electric,200
53,380,3037,5,3,1,20,30,8,Hybrid,0
45,380,3038,6,1,1,25,30,7,Hybrid,0
48,380,3038,6,2,0,25,20,8,Hybrid,0
129,380,3038,6,3,0,25,20,8,Electric,200
22,380,3039,7,1,0,15,25,8,Gasoline,0
34,380,3039,7,2,1,15,30,6,Hybrid,0
87,380,3039,7,3,0,25,25,6,Electric,150
33,380,3040,8,1,0,25,25,6,Hybrid,0
57,380,3040,8,2,0,25,20,6,Electric,100
30,380,3040,8,3,1,25,20,6,Hybrid,0
54,381,3041,1,1,0,25,30,8,Hybrid,0
101,381,3041,1,2,0,20,20,8,Electric,150
7,381,3041,1,3,1,15,30,6,Gasoline,0
129,381,3042,2,1,0,25,20,8,Electric,200
43,381,3042,2,2,1,15,30,7,Hybrid,0
22,381,3042,2,3,0,15,25,8,Gasoline,0
128,381,3043,3,1,0,20,20,8,Electric,200
146,381,3043,3,2,1,20,20,7,Electric,250
131,381,3043,3,3,0,20,25,8,Electric,200
158,381,3044,4,1,1,20,25,8,Electric,250
5,381,3044,4,2,0,20,25,6,Gasoline,0
53,381,3044,4,3,0,20,30,8,Hybrid,0
85,381,3045,5,1,1,15,25,6,Electric,150
80,381,3045,5,2,0,20,30,8,Electric,100
55,381,3045,5,3,0,15,20,6,Electric,100
33,381,3046,6,1,0,25,25,6,Hybrid,0
134,381,3046,6,2,1,20,30,8,Electric,200
3,381,3046,6,3,0,25,20,6,Gasoline,0
2,381,3047,7,1,1,20,20,6,Gasoline,0
14,381,3047,7,2,0,20,25,7,Gasoline,0
44,381,3047,7,3,0,20,30,7,Hybrid,0
19,381,3048,8,1,0,15,20,8,Gasoline,0
37,381,3048,8,2,1,15,20,7,Hybrid,0
151,381,3048,8,3,0,15,30,7,Electric,250
146,382,3049,1,1,0,20,20,7,Electric,250
50,382,3049,1,2,1,20,25,8,Hybrid,0
117,382,3049,1,3,0,25,30,6,Electric,200
22,382,3050,2,1,0,15,25,8,Gasoline,0
42,382,3050,2,2,0,25,25,7,Hybrid,0
16,382,3050,2,3,1,15,30,7,Gasoline,0
146,382,3051,3,1,1,20,20,7,Electric,250
41,382,3051,3,2,0,20,25,7,Hybrid,0
161,382,3051,3,3,0,20,30,8,Electric,250
130,382,3052,4,1,1,15,25,8,Electric,200
18,382,3052,4,2,0,25,30,7,Gasoline,0
32,382,3052,4,3,0,20,25,6,Hybrid,0
35,382,3053,5,1,0,20,30,6,Hybrid,0
82,382,3053,5,2,0,15,20,6,Electric,150
16,382,3053,5,3,1,15,30,7,Gasoline,0
79,382,3054,6,1,0,15,30,8,Electric,100
43,382,3054,6,2,1,15,30,7,Hybrid,0
86,382,3054,6,3,0,20,25,6,Electric,150
11,382,3055,7,1,0,20,20,7,Gasoline,0
143,382,3055,7,2,1,20,30,6,Electric,250
18,382,3055,7,3,0,25,30,7,Gasoline,0
48,382,3056,8,1,0,25,20,8,Hybrid,0
26,382,3056,8,2,1,20,30,8,Gasoline,0
21,382,3056,8,3,0,25,20,8,Gasoline,0
38,383,3057,1,1,0,20,20,7,Hybrid,0
25,383,3057,1,2,1,15,30,8,Gasoline,0
11,383,3057,1,3,0,20,20,7,Gasoline,0
128,383,3058,2,1,0,20,20,8,Electric,200
94,383,3058,2,2,0,15,25,7,Electric,150
7,383,3058,2,3,1,15,30,6,Gasoline,0
3,383,3059,3,1,0,25,20,6,Gasoline,0
54,383,3059,3,2,0,25,30,8,Hybrid,0
2,383,3059,3,3,1,20,20,6,Gasoline,0
60,383,3060,4,1,0,25,25,6,Electric,100
121,383,3060,4,2,1,15,25,7,Electric,200
29,383,3060,4,3,0,20,20,6,Hybrid,0
6,383,3061,5,1,0,25,25,6,Gasoline,0
108,383,3061,5,2,0,25,30,8,Electric,150
119,383,3061,5,3,1,20,20,7,Electric,200
98,383,3062,6,1,0,20,30,7,Electric,150
17,383,3062,6,2,0,20,30,7,Gasoline,0
79,383,3062,6,3,1,15,30,8,Electric,100
34,383,3063,7,1,1,15,30,6,Hybrid,0
41,383,3063,7,2,0,20,25,7,Hybrid,0
147,383,3063,7,3,0,25,20,7,Electric,250
11,383,3064,8,1,1,20,20,7,Gasoline,0
149,383,3064,8,2,0,20,25,7,Electric,250
63,383,3064,8,3,0,25,30,6,Electric,100
150,384,3065,1,1,0,25,25,7,Electric,250
24,384,3065,1,2,0,25,25,8,Gasoline,0
145,384,3065,1,3,1,15,20,7,Electric,250
142,384,3066,2,1,1,15,30,6,Electric,250
161,384,3066,2,2,0,20,30,8,Electric,250
26,384,3066,2,3,0,20,30,8,Gasoline,0
73,384,3067,3,1,0,15,20,8,Electric,100
151,384,3067,3,2,1,15,30,7,Electric,250
149,384,3067,3,3,0,20,25,7,Electric,250
19,384,3068,4,1,0,15,20,8,Gasoline,0
66,384,3068,4,2,0,25,20,7,Electric,100
49,384,3068,4,3,1,15,25,8,Hybrid,0
44,384,3069,5,1,0,20,30,7,Hybrid,0
37,384,3069,5,2,1,15,20,7,Hybrid,0
153,384,3069,5,3,0,25,30,7,Electric,250
51,384,3070,6,1,0,25,25,8,Hybrid,0
19,384,3070,6,2,1,15,20,8,Gasoline,0
143,384,3070,6,3,0,20,30,6,Electric,250
121,384,3071,7,1,0,15,25,7,Electric,200
34,384,3071,7,2,1,15,30,6,Hybrid,0
9,384,3071,7,3,0,25,30,6,Gasoline,0
111,384,3072,8,1,0,25,20,6,Electric,200
20,384,3072,8,2,0,20,20,8,Gasoline,0
40,384,3072,8,3,1,15,25,7,Hybrid,0
74,385,3073,1,1,0,20,20,8,Electric,100
9,385,3073,1,2,0,25,30,6,Gasoline,0
49,385,3073,1,3,1,15,25,8,Hybrid,0
38,385,3074,2,1,0,20,20,7,Hybrid,0
29,385,3074,2,2,0,20,20,6,Hybrid,0
52,385,3074,2,3,1,15,30,8,Hybrid,0
19,385,3075,3,1,1,15,20,8,Gasoline,0
65,385,3075,3,2,0,20,20,7,Electric,100
119,385,3075,3,3,0,20,20,7,Electric,200
8,385,3076,4,1,0,20,30,6,Gasoline,0
10,385,3076,4,2,1,15,20,7,Gasoline,0
33,385,3076,4,3,0,25,25,6,Hybrid,0
128,385,3077,5,1,1,20,20,8,Electric,200
15,385,3077,5,2,0,25,25,7,Gasoline,0
24,385,3077,5,3,0,25,25,8,Gasoline,0
58,385,3078,6,1,0,15,25,6,Electric,100
33,385,3078,6,2,0,25,25,6,Hybrid,0
25,385,3078,6,3,1,15,30,8,Gasoline,0
157,385,3079,7,1,1,15,25,8,Electric,250
45,385,3079,7,2,0,25,30,7,Hybrid,0
30,385,3079,7,3,0,25,20,6,Hybrid,0
25,385,3080,8,1,0,15,30,8,Gasoline,0
55,385,3080,8,2,0,15,20,6,Electric,100
142,385,3080,8,3,1,15,30,6,Electric,250
54,386,3081,1,1,0,25,30,8,Hybrid,0
40,386,3081,1,2,0,15,25,7,Hybrid,0
28,386,3081,1,3,1,15,20,6,Hybrid,0
66,386,3082,2,1,0,25,20,7,Electric,100
6,386,3082,2,2,0,25,25,6,Gasoline,0
133,386,3082,2,3,1,15,30,8,Electric,200
8,386,3083,3,1,0,20,30,6,Gasoline,0
108,386,3083,3,2,0,25,30,8,Electric,150
142,386,3083,3,3,1,15,30,6,Electric,250
51,386,3084,4,1,0,25,25,8,Hybrid,0
57,386,3084,4,2,0,25,20,6,Electric,100
18,386,3084,4,3,1,25,30,7,Gasoline,0
118,386,3085,5,1,1,15,20,7,Electric,200
152,386,3085,5,2,0,20,30,7,Electric,250
18,386,3085,5,3,0,25,30,7,Gasoline,0
136,386,3086,6,1,1,15,20,6,Electric,250
162,386,3086,6,2,0,25,30,8,Electric,250
33,386,3086,6,3,0,25,25,6,Hybrid,0
17,386,3087,7,1,0,20,30,7,Gasoline,0
25,386,3087,7,2,0,15,30,8,Gasoline,0
19,386,3087,7,3,1,15,20,8,Gasoline,0
1,386,3088,8,1,1,15,20,6,Gasoline,0
26,386,3088,8,2,0,20,30,8,Gasoline,0
39,386,3088,8,3,0,25,20,7,Hybrid,0
25,387,3089,1,1,0,15,30,8,Gasoline,0
133,387,3089,1,2,1,15,30,8,Electric,200
64,387,3089,1,3,0,15,20,7,Electric,100
35,387,3090,2,1,1,20,30,6,Hybrid,0
9,387,3090,2,2,0,25,30,6,Gasoline,0
53,387,3090,2,3,0,20,30,8,Hybrid,0
162,387,3091,3,1,0,25,30,8,Electric,250
32,387,3091,3,2,0,20,25,6,Hybrid,0
22,387,3091,3,3,1,15,25,8,Gasoline,0
45,387,3092,4,1,0,25,30,7,Hybrid,0
158,387,3092,4,2,1,20,25,8,Electric,250
12,387,3092,4,3,0,25,20,7,Gasoline,0
119,387,3093,5,1,0,20,20,7,Electric,200
33,387,3093,5,2,0,25,25,6,Hybrid,0
19,387,3093,5,3,1,15,20,8,Gasoline,0
33,387,3094,6,1,0,25,25,6,Hybrid,0
52,387,3094,6,2,0,15,30,8,Hybrid,0
127,387,3094,6,3,1,15,20,8,Electric,200
42,387,3095,7,1,0,25,25,7,Hybrid,0
10,387,3095,7,2,1,15,20,7,Gasoline,0
11,387,3095,7,3,0,20,20,7,Gasoline,0
42,387,3096,8,1,0,25,25,7,Hybrid,0
129,387,3096,8,2,0,25,20,8,Electric,200
29,387,3096,8,3,1,20,20,6,Hybrid,0
20,388,3097,1,1,1,20,20,8,Gasoline,0
12,388,3097,1,2,0,25,20,7,Gasoline,0
107,388,3097,1,3,0,20,30,8,Electric,150
40,388,3098,2,1,1,15,25,7,Hybrid,0
45,388,3098,2,2,0,25,30,7,Hybrid,0
14,388,3098,2,3,0,20,25,7,Gasoline,0
133,388,3099,3,1,1,15,30,8,Electric,200
44,388,3099,3,2,0,20,30,7,Hybrid,0
7,388,3099,3,3,0,15,30,6,Gasoline,0
44,388,3100,4,1,1,20,30,7,Hybrid,0
119,388,3100,4,2,0,20,20,7,Electric,200
37,388,3100,4,3,0,15,20,7,Hybrid,0
2,388,3101,5,1,1,20,20,6,Gasoline,0
98,388,3101,5,2,0,20,30,7,Electric,150
105,388,3101,5,3,0,25,25,8,Electric,150
25,388,3102,6,1,0,15,30,8,Gasoline,0
52,388,3102,6,2,1,15,30,8,Hybrid,0
141,388,3102,6,3,0,25,25,6,Electric,250
141,388,3103,7,1,0,25,25,6,Electric,250
46,388,3103,7,2,1,15,20,8,Hybrid,0
30,388,3103,7,3,0,25,20,6,Hybrid,0
14,388,3104,8,1,0,20,25,7,Gasoline,0
54,388,3104,8,2,1,25,30,8,Hybrid,0
50,388,3104,8,3,0,20,25,8,Hybrid,0
2,389,3105,1,1,0,20,20,6,Gasoline,0
76,389,3105,1,2,1,15,25,8,Electric,100
62,389,3105,1,3,0,20,30,6,Electric,100
32,389,3106,2,1,0,20,25,6,Hybrid,0
52,389,3106,2,2,1,15,30,8,Hybrid,0
23,389,3106,2,3,0,20,25,8,Gasoline,0
55,389,3107,3,1,1,15,20,6,Electric,100
6,389,3107,3,2,0,25,25,6,Gasoline,0
64,389,3107,3,3,0,15,20,7,Electric,100
34,389,3108,4,1,0,15,30,6,Hybrid,0
4,389,3108,4,2,1,15,25,6,Gasoline,0
45,389,3108,4,3,0,25,30,7,Hybrid,0
122,389,3109,5,1,1,20,25,7,Electric,200
29,389,3109,5,2,0,20,20,6,Hybrid,0
27,389,3109,5,3,0,25,30,8,Gasoline,0
1,389,3110,6,1,0,15,20,6,Gasoline,0
114,389,3110,6,2,0,25,25,6,Electric,200
8,389,3110,6,3,1,20,30,6,Gasoline,0
20,389,3111,7,1,1,20,20,8,Gasoline,0
48,389,3111,7,2,0,25,20,8,Hybrid,0
59,389,3111,7,3,0,20,25,6,Electric,100
2,389,3112,8,1,1,20,20,6,Gasoline,0
45,389,3112,8,2,0,25,30,7,Hybrid,0
53,389,3112,8,3,0,20,30,8,Hybrid,0
53,390,3113,1,1,0,20,30,8,Hybrid,0
81,390,3113,1,2,0,25,30,8,Electric,100
83,390,3113,1,3,1,20,20,6,Electric,150
112,390,3114,2,1,1,15,25,6,Electric,200
48,390,3114,2,2,0,25,20,8,Hybrid,0
73,390,3114,2,3,0,15,20,8,Electric,100
14,390,3115,3,1,1,20,25,7,Gasoline,0
48,390,3115,3,2,0,25,20,8,Hybrid,0
41,390,3115,3,3,0,20,25,7,Hybrid,0
52,390,3116,4,1,0,15,30,8,Hybrid,0
32,390,3116,4,2,0,20,25,6,Hybrid,0
145,390,3116,4,3,1,15,20,7,Electric,250
30,390,3117,5,1,0,25,20,6,Hybrid,0
99,390,3117,5,2,0,25,30,7,Electric,150
128,390,3117,5,3,1,20,20,8,Electric,200
52,390,3118,6,1,1,15,30,8,Hybrid,0
2,390,3118,6,2,0,20,20,6,Gasoline,0
30,390,3118,6,3,0,25,20,6,Hybrid,0
21,390,3119,7,1,0,25,20,8,Gasoline,0
30,390,3119,7,2,0,25,20,6,Hybrid,0
70,390,3119,7,3,1,15,30,7,Electric,100
21,390,3120,8,1,0,25,20,8,Gasoline,0
137,390,3120,8,2,0,20,20,6,Electric,250
70,390,3120,8,3,1,15,30,7,Electric,100
11,391,3121,1,1,0,20,20,7,Gasoline,0
35,391,3121,1,2,1,20,30,6,Hybrid,0
30,391,3121,1,3,0,25,20,6,Hybrid,0
41,391,3122,2,1,1,20,25,7,Hybrid,0
48,391,3122,2,2,0,25,20,8,Hybrid,0
54,391,3122,2,3,0,25,30,8,Hybrid,0
35,391,3123,3,1,0,20,30,6,Hybrid,0
115,391,3123,3,2,1,15,30,6,Electric,200
110,391,3123,3,3,0,20,20,6,Electric,200
32,391,3124,4,1,0,20,25,6,Hybrid,0
6,391,3124,4,2,0,25,25,6,Gasoline,0
97,391,3124,4,3,1,15,30,7,Electric,150
6,391,3125,5,1,0,25,25,6,Gasoline,0
2,391,3125,5,2,0,20,20,6,Gasoline,0
22,391,3125,5,3,1,15,25,8,Gasoline,0
43,391,3126,6,1,1,15,30,7,Hybrid,0
92,391,3126,6,2,0,20,20,7,Electric,150
3,391,3126,6,3,0,25,20,6,Gasoline,0
93,391,3127,7,1,0,25,20,7,Electric,150
52,391,3127,7,2,1,15,30,8,Hybrid,0
40,391,3127,7,3,0,15,25,7,Hybrid,0
48,391,3128,8,1,0,25,20,8,Hybrid,0
149,391,3128,8,2,0,20,25,7,Electric,250
58,391,3128,8,3,1,15,25,6,Electric,100
35,392,3129,1,1,1,20,30,6,Hybrid,0
144,392,3129,1,2,0,25,30,6,Electric,250
33,392,3129,1,3,0,25,25,6,Hybrid,0
132,392,3130,2,1,0,25,25,8,Electric,200
17,392,3130,2,2,0,20,30,7,Gasoline,0
22,392,3130,2,3,1,15,25,8,Gasoline,0
52,392,3131,3,1,1,15,30,8,Hybrid,0
23,392,3131,3,2,0,20,25,8,Gasoline,0
36,392,3131,3,3,0,25,30,6,Hybrid,0
150,392,3132,4,1,0,25,25,7,Electric,250
16,392,3132,4,2,1,15,30,7,Gasoline,0
56,392,3132,4,3,0,20,20,6,Electric,100
26,392,3133,5,1,1,20,30,8,Gasoline,0
33,392,3133,5,2,0,25,25,6,Hybrid,0
92,392,3133,5,3,0,20,20,7,Electric,150
19,392,3134,6,1,1,15,20,8,Gasoline,0
9,392,3134,6,2,0,25,30,6,Gasoline,0
33,392,3134,6,3,0,25,25,6,Hybrid,0
16,392,3135,7,1,1,15,30,7,Gasoline,0
53,392,3135,7,2,0,20,30,8,Hybrid,0
19,392,3135,7,3,0,15,20,8,Gasoline,0
136,392,3136,8,1,1,15,20,6,Electric,250
25,392,3136,8,2,0,15,30,8,Gasoline,0
82,392,3136,8,3,0,15,20,6,Electric,150
53,393,3137,1,1,1,20,30,8,Hybrid,0
9,393,3137,1,2,0,25,30,6,Gasoline,0
2,393,3137,1,3,0,20,20,6,Gasoline,0
119,393,3138,2,1,0,20,20,7,Electric,200
34,393,3138,2,2,0,15,30,6,Hybrid,0
13,393,3138,2,3,1,15,25,7,Gasoline,0
52,393,3139,3,1,1,15,30,8,Hybrid,0
21,393,3139,3,2,0,25,20,8,Gasoline,0
9,393,3139,3,3,0,25,30,6,Gasoline,0
29,393,3140,4,1,1,20,20,6,Hybrid,0
113,393,3140,4,2,0,20,25,6,Electric,200
36,393,3140,4,3,0,25,30,6,Hybrid,0
35,393,3141,5,1,1,20,30,6,Hybrid,0
137,393,3141,5,2,0,20,20,6,Electric,250
55,393,3141,5,3,0,15,20,6,Electric,100
33,393,3142,6,1,0,25,25,6,Hybrid,0
18,393,3142,6,2,0,25,30,7,Gasoline,0
35,393,3142,6,3,1,20,30,6,Hybrid,0
75,393,3143,7,1,0,25,20,8,Electric,100
23,393,3143,7,2,0,20,25,8,Gasoline,0
5,393,3143,7,3,1,20,25,6,Gasoline,0
8,393,3144,8,1,1,20,30,6,Gasoline,0
26,393,3144,8,2,0,20,30,8,Gasoline,0
48,393,3144,8,3,0,25,20,8,Hybrid,0
34,394,3145,1,1,1,15,30,6,Hybrid,0
98,394,3145,1,2,0,20,30,7,Electric,150
29,394,3145,1,3,0,20,20,6,Hybrid,0
57,394,3146,2,1,0,25,20,6,Electric,100
10,394,3146,2,2,0,15,20,7,Gasoline,0
26,394,3146,2,3,1,20,30,8,Gasoline,0
145,394,3147,3,1,1,15,20,7,Electric,250
35,394,3147,3,2,0,20,30,6,Hybrid,0
54,394,3147,3,3,0,25,30,8,Hybrid,0
18,394,3148,4,1,0,25,30,7,Gasoline,0
50,394,3148,4,2,1,20,25,8,Hybrid,0
162,394,3148,4,3,0,25,30,8,Electric,250
149,394,3149,5,1,1,20,25,7,Electric,250
3,394,3149,5,2,0,25,20,6,Gasoline,0
47,394,3149,5,3,0,20,20,8,Hybrid,0
6,394,3150,6,1,0,25,25,6,Gasoline,0
128,394,3150,6,2,0,20,20,8,Electric,200
41,394,3150,6,3,1,20,25,7,Hybrid,0
2,394,3151,7,1,0,20,20,6,Gasoline,0
28,394,3151,7,2,1,15,20,6,Hybrid,0
156,394,3151,7,3,0,25,20,8,Electric,250
75,394,3152,8,1,0,25,20,8,Electric,100
53,394,3152,8,2,1,20,30,8,Hybrid,0
24,394,3152,8,3,0,25,25,8,Gasoline,0
32,395,3153,1,1,0,20,25,6,Hybrid,0
30,395,3153,1,2,0,25,20,6,Hybrid,0
34,395,3153,1,3,1,15,30,6,Hybrid,0
1,395,3154,2,1,1,15,20,6,Gasoline,0
3,395,3154,2,2,0,25,20,6,Gasoline,0
21,395,3154,2,3,0,25,20,8,Gasoline,0
10,395,3155,3,1,1,15,20,7,Gasoline,0
87,395,3155,3,2,0,25,25,6,Electric,150
138,395,3155,3,3,0,25,20,6,Electric,250
66,395,3156,4,1,0,25,20,7,Electric,100
37,395,3156,4,2,0,15,20,7,Hybrid,0
16,395,3156,4,3,1,15,30,7,Gasoline,0
26,395,3157,5,1,0,20,30,8,Gasoline,0
12,395,3157,5,2,0,25,20,7,Gasoline,0
94,395,3157,5,3,1,15,25,7,Electric,150
67,395,3158,6,1,0,15,25,7,Electric,100
76,395,3158,6,2,0,15,25,8,Electric,100
10,395,3158,6,3,1,15,20,7,Gasoline,0
19,395,3159,7,1,1,15,20,8,Gasoline,0
86,395,3159,7,2,0,20,25,6,Electric,150
46,395,3159,7,3,0,15,20,8,Hybrid,0
32,395,3160,8,1,0,20,25,6,Hybrid,0
10,395,3160,8,2,1,15,20,7,Gasoline,0
30,395,3160,8,3,0,25,20,6,Hybrid,0
17,396,3161,1,1,0,20,30,7,Gasoline,0
157,396,3161,1,2,1,15,25,8,Electric,250
32,396,3161,1,3,0,20,25,6,Hybrid,0
16,396,3162,2,1,0,15,30,7,Gasoline,0
44,396,3162,2,2,0,20,30,7,Hybrid,0
139,396,3162,2,3,1,15,25,6,Electric,250
16,396,3163,3,1,0,15,30,7,Gasoline,0
153,396,3163,3,2,0,25,30,7,Electric,250
25,396,3163,3,3,1,15,30,8,Gasoline,0
2,396,3164,4,1,0,20,20,6,Gasoline,0
69,396,3164,4,2,0,25,25,7,Electric,100
5,396,3164,4,3,1,20,25,6,Gasoline,0
44,396,3165,5,1,0,20,30,7,Hybrid,0
47,396,3165,5,2,1,20,20,8,Hybrid,0
17,396,3165,5,3,0,20,30,7,Gasoline,0
56,396,3166,6,1,0,20,20,6,Electric,100
11,396,3166,6,2,0,20,20,7,Gasoline,0
143,396,3166,6,3,1,20,30,6,Electric,250
45,396,3167,7,1,0,25,30,7,Hybrid,0
42,396,3167,7,2,0,25,25,7,Hybrid,0
52,396,3167,7,3,1,15,30,8,Hybrid,0
39,396,3168,8,1,0,25,20,7,Hybrid,0
23,396,3168,8,2,1,20,25,8,Gasoline,0
42,396,3168,8,3,0,25,25,7,Hybrid,0
130,397,3169,1,1,1,15,25,8,Electric,200
81,397,3169,1,2,0,25,30,8,Electric,100
82,397,3169,1,3,0,15,20,6,Electric,150
1,397,3170,2,1,0,15,20,6,Gasoline,0
19,397,3170,2,2,1,15,20,8,Gasoline,0
32,397,3170,2,3,0,20,25,6,Hybrid,0
156,397,3171,3,1,0,25,20,8,Electric,250
32,397,3171,3,2,0,20,25,6,Hybrid,0
50,397,3171,3,3,1,20,25,8,Hybrid,0
36,397,3172,4,1,0,25,30,6,Hybrid,0
46,397,3172,4,2,1,15,20,8,Hybrid,0
98,397,3172,4,3,0,20,30,7,Electric,150
133,397,3173,5,1,1,15,30,8,Electric,200
20,397,3173,5,2,0,20,20,8,Gasoline,0
18,397,3173,5,3,0,25,30,7,Gasoline,0
142,397,3174,6,1,1,15,30,6,Electric,250
129,397,3174,6,2,0,25,20,8,Electric,200
154,397,3174,6,3,0,15,20,8,Electric,250
39,397,3175,7,1,0,25,20,7,Hybrid,0
19,397,3175,7,2,0,15,20,8,Gasoline,0
37,397,3175,7,3,1,15,20,7,Hybrid,0
35,397,3176,8,1,1,20,30,6,Hybrid,0
60,397,3176,8,2,0,25,25,6,Electric,100
6,397,3176,8,3,0,25,25,6,Gasoline,0
84,398,3177,1,1,0,25,20,6,Electric,150
11,398,3177,1,2,0,20,20,7,Gasoline,0
119,398,3177,1,3,1,20,20,7,Electric,200
133,398,3178,2,1,0,15,30,8,Electric,200
153,398,3178,2,2,0,25,30,7,Electric,250
155,398,3178,2,3,1,20,20,8,Electric,250
15,398,3179,3,1,0,25,25,7,Gasoline,0
84,398,3179,3,2,0,25,20,6,Electric,150
52,398,3179,3,3,1,15,30,8,Hybrid,0
44,398,3180,4,1,0,20,30,7,Hybrid,0
19,398,3180,4,2,0,15,20,8,Gasoline,0
16,398,3180,4,3,1,15,30,7,Gasoline,0
48,398,3181,5,1,0,25,20,8,Hybrid,0
14,398,3181,5,2,1,20,25,7,Gasoline,0
99,398,3181,5,3,0,25,30,7,Electric,150
40,398,3182,6,1,1,15,25,7,Hybrid,0
110,398,3182,6,2,0,20,20,6,Electric,200
23,398,3182,6,3,0,20,25,8,Gasoline,0
85,398,3183,7,1,0,15,25,6,Electric,150
124,398,3183,7,2,0,15,30,7,Electric,200
127,398,3183,7,3,1,15,20,8,Electric,200
19,398,3184,8,1,1,15,20,8,Gasoline,0
160,398,3184,8,2,0,15,30,8,Electric,250
40,398,3184,8,3,0,15,25,7,Hybrid,0
11,399,3185,1,1,0,20,20,7,Gasoline,0
4,399,3185,1,2,1,15,25,6,Gasoline,0
53,399,3185,1,3,0,20,30,8,Hybrid,0
39,399,3186,2,1,0,25,20,7,Hybrid,0
152,399,3186,2,2,1,20,30,7,Electric,250
162,399,3186,2,3,0,25,30,8,Electric,250
26,399,3187,3,1,0,20,30,8,Gasoline,0
42,399,3187,3,2,0,25,25,7,Hybrid,0
53,399,3187,3,3,1,20,30,8,Hybrid,0
43,399,3188,4,1,1,15,30,7,Hybrid,0
102,399,3188,4,2,0,25,20,8,Electric,150
72,399,3188,4,3,0,25,30,7,Electric,100
8,399,3189,5,1,0,20,30,6,Gasoline,0
23,399,3189,5,2,0,20,25,8,Gasoline,0
43,399,3189,5,3,1,15,30,7,Hybrid,0
32,399,3190,6,1,1,20,25,6,Hybrid,0
96,399,3190,6,2,0,25,25,7,Electric,150
58,399,3190,6,3,0,15,25,6,Electric,100
54,399,3191,7,1,0,25,30,8,Hybrid,0
35,399,3191,7,2,1,20,30,6,Hybrid,0
111,399,3191,7,3,0,25,20,6,Electric,200
52,399,3192,8,1,0,15,30,8,Hybrid,0
142,399,3192,8,2,1,15,30,6,Electric,250
158,399,3192,8,3,0,20,25,8,Electric,250
47,400,3193,1,1,0,20,20,8,Hybrid,0
7,400,3193,1,2,1,15,30,6,Gasoline,0
60,400,3193,1,3,0,25,25,6,Electric,100
33,400,3194,2,1,0,25,25,6,Hybrid,0
43,400,3194,2,2,1,15,30,7,Hybrid,0
22,400,3194,2,3,0,15,25,8,Gasoline,0
25,400,3195,3,1,1,15,30,8,Gasoline,0
71,400,3195,3,2,0,20,30,7,Electric,100
12,400,3195,3,3,0,25,20,7,Gasoline,0
46,400,3196,4,1,1,15,20,8,Hybrid,0
68,400,3196,4,2,0,20,25,7,Electric,100
26,400,3196,4,3,0,20,30,8,Gasoline,0
4,400,3197,5,1,0,15,25,6,Gasoline,0
34,400,3197,5,2,1,15,30,6,Hybrid,0
30,400,3197,5,3,0,25,20,6,Hybrid,0
24,400,3198,6,1,0,25,25,8,Gasoline,0
1,400,3198,6,2,0,15,20,6,Gasoline,0
160,400,3198,6,3,1,15,30,8,Electric,250
17,400,3199,7,1,1,20,30,7,Gasoline,0
42,400,3199,7,2,0,25,25,7,Hybrid,0
33,400,3199,7,3,0,25,25,6,Hybrid,0
34,400,3200,8,1,1,15,30,6,Hybrid,0
4,400,3200,8,2,0,15,25,6,Gasoline,0
90,400,3200,8,3,0,25,30,6,Electric,150
33,401,3201,1,1,0,25,25,6,Hybrid,0
19,401,3201,1,2,1,15,20,8,Gasoline,0
106,401,3201,1,3,0,15,30,8,Electric,150
106,401,3202,2,1,0,15,30,8,Electric,150
43,401,3202,2,2,1,15,30,7,Hybrid,0
110,401,3202,2,3,0,20,20,6,Electric,200
54,401,3203,3,1,0,25,30,8,Hybrid,0
62,401,3203,3,2,1,20,30,6,Electric,100
99,401,3203,3,3,0,25,30,7,Electric,150
22,401,3204,4,1,1,15,25,8,Gasoline,0
39,401,3204,4,2,0,25,20,7,Hybrid,0
51,401,3204,4,3,0,25,25,8,Hybrid,0
17,401,3205,5,1,0,20,30,7,Gasoline,0
96,401,3205,5,2,0,25,25,7,Electric,150
55,401,3205,5,3,1,15,20,6,Electric,100
159,401,3206,6,1,0,25,25,8,Electric,250
26,401,3206,6,2,0,20,30,8,Gasoline,0
23,401,3206,6,3,1,20,25,8,Gasoline,0
141,401,3207,7,1,0,25,25,6,Electric,250
20,401,3207,7,2,1,20,20,8,Gasoline,0
30,401,3207,7,3,0,25,20,6,Hybrid,0
10,401,3208,8,1,0,15,20,7,Gasoline,0
25,401,3208,8,2,1,15,30,8,Gasoline,0
15,401,3208,8,3,0,25,25,7,Gasoline,0
11,402,3209,1,1,0,20,20,7,Gasoline,0
51,402,3209,1,2,0,25,25,8,Hybrid,0
19,402,3209,1,3,1,15,20,8,Gasoline,0
44,402,3210,2,1,0,20,30,7,Hybrid,0
77,402,3210,2,2,0,20,25,8,Electric,100
13,402,3210,2,3,1,15,25,7,Gasoline,0
49,402,3211,3,1,1,15,25,8,Hybrid,0
45,402,3211,3,2,0,25,30,7,Hybrid,0
132,402,3211,3,3,0,25,25,8,Electric,200
34,402,3212,4,1,1,15,30,6,Hybrid,0
109,402,3212,4,2,0,15,20,6,Electric,200
41,402,3212,4,3,0,20,25,7,Hybrid,0
23,402,3213,5,1,1,20,25,8,Gasoline,0
66,402,3213,5,2,0,25,20,7,Electric,100
29,402,3213,5,3,0,20,20,6,Hybrid,0
25,402,3214,6,1,0,15,30,8,Gasoline,0
54,402,3214,6,2,0,25,30,8,Hybrid,0
52,402,3214,6,3,1,15,30,8,Hybrid,0
36,402,3215,7,1,0,25,30,6,Hybrid,0
25,402,3215,7,2,1,15,30,8,Gasoline,0
51,402,3215,7,3,0,25,25,8,Hybrid,0
9,402,3216,8,1,0,25,30,6,Gasoline,0
15,402,3216,8,2,0,25,25,7,Gasoline,0
14,402,3216,8,3,1,20,25,7,Gasoline,0
158,403,3217,1,1,1,20,25,8,Electric,250
75,403,3217,1,2,0,25,20,8,Electric,100
9,403,3217,1,3,0,25,30,6,Gasoline,0
23,403,3218,2,1,0,20,25,8,Gasoline,0
5,403,3218,2,2,0,20,25,6,Gasoline,0
154,403,3218,2,3,1,15,20,8,Electric,250
7,403,3219,3,1,1,15,30,6,Gasoline,0
93,403,3219,3,2,0,25,20,7,Electric,150
15,403,3219,3,3,0,25,25,7,Gasoline,0
104,403,3220,4,1,0,20,25,8,Electric,150
29,403,3220,4,2,1,20,20,6,Hybrid,0
144,403,3220,4,3,0,25,30,6,Electric,250
22,403,3221,5,1,1,15,25,8,Gasoline,0
26,403,3221,5,2,0,20,30,8,Gasoline,0
15,403,3221,5,3,0,25,25,7,Gasoline,0
32,403,3222,6,1,1,20,25,6,Hybrid,0
39,403,3222,6,2,0,25,20,7,Hybrid,0
111,403,3222,6,3,0,25,20,6,Electric,200
17,403,3223,7,1,1,20,30,7,Gasoline,0
24,403,3223,7,2,0,25,25,8,Gasoline,0
48,403,3223,7,3,0,25,20,8,Hybrid,0
40,403,3224,8,1,1,15,25,7,Hybrid,0
86,403,3224,8,2,0,20,25,6,Electric,150
9,403,3224,8,3,0,25,30,6,Gasoline,0
101,404,3225,1,1,0,20,20,8,Electric,150
45,404,3225,1,2,0,25,30,7,Hybrid,0
8,404,3225,1,3,1,20,30,6,Gasoline,0
35,404,3226,2,1,0,20,30,6,Hybrid,0
20,404,3226,2,2,0,20,20,8,Gasoline,0
16,404,3226,2,3,1,15,30,7,Gasoline,0
36,404,3227,3,1,0,25,30,6,Hybrid,0
150,404,3227,3,2,0,25,25,7,Electric,250
142,404,3227,3,3,1,15,30,6,Electric,250
27,404,3228,4,1,0,25,30,8,Gasoline,0
120,404,3228,4,2,0,25,20,7,Electric,200
62,404,3228,4,3,1,20,30,6,Electric,100
51,404,3229,5,1,0,25,25,8,Hybrid,0
156,404,3229,5,2,0,25,20,8,Electric,250
98,404,3229,5,3,1,20,30,7,Electric,150
18,404,3230,6,1,0,25,30,7,Gasoline,0
23,404,3230,6,2,0,20,25,8,Gasoline,0
29,404,3230,6,3,1,20,20,6,Hybrid,0
87,404,3231,7,1,0,25,25,6,Electric,150
11,404,3231,7,2,1,20,20,7,Gasoline,0
153,404,3231,7,3,0,25,30,7,Electric,250
23,404,3232,8,1,0,20,25,8,Gasoline,0
9,404,3232,8,2,0,25,30,6,Gasoline,0
16,404,3232,8,3,1,15,30,7,Gasoline,0
35,405,3233,1,1,0,20,30,6,Hybrid,0
19,405,3233,1,2,0,15,20,8,Gasoline,0
7,405,3233,1,3,1,15,30,6,Gasoline,0
63,405,3234,2,1,0,25,30,6,Electric,100
34,405,3234,2,2,1,15,30,6,Hybrid,0
16,405,3234,2,3,0,15,30,7,Gasoline,0
27,405,3235,3,1,0,25,30,8,Gasoline,0
161,405,3235,3,2,1,20,30,8,Electric,250
159,405,3235,3,3,0,25,25,8,Electric,250
155,405,3236,4,1,1,20,20,8,Electric,250
9,405,3236,4,2,0,25,30,6,Gasoline,0
42,405,3236,4,3,0,25,25,7,Hybrid,0
18,405,3237,5,1,0,25,30,7,Gasoline,0
110,405,3237,5,2,0,20,20,6,Electric,200
50,405,3237,5,3,1,20,25,8,Hybrid,0
62,405,3238,6,1,0,20,30,6,Electric,100
2,405,3238,6,2,0,20,20,6,Gasoline,0
103,405,3238,6,3,1,15,25,8,Electric,150
27,405,3239,7,1,0,25,30,8,Gasoline,0
46,405,3239,7,2,1,15,20,8,Hybrid,0
37,405,3239,7,3,0,15,20,7,Hybrid,0
49,405,3240,8,1,0,15,25,8,Hybrid,0
34,405,3240,8,2,1,15,30,6,Hybrid,0
151,405,3240,8,3,0,15,30,7,Electric,250
16,406,3241,1,1,0,15,30,7,Gasoline,0
1,406,3241,1,2,0,15,20,6,Gasoline,0
148,406,3241,1,3,1,15,25,7,Electric,250
158,406,3242,2,1,0,20,25,8,Electric,250
54,406,3242,2,2,0,25,30,8,Hybrid,0
19,406,3242,2,3,1,15,20,8,Gasoline,0
85,406,3243,3,1,0,15,25,6,Electric,150
13,406,3243,3,2,0,15,25,7,Gasoline,0
49,406,3243,3,3,1,15,25,8,Hybrid,0
125,406,3244,4,1,0,20,30,7,Electric,200
39,406,3244,4,2,0,25,20,7,Hybrid,0
20,406,3244,4,3,1,20,20,8,Gasoline,0
31,406,3245,5,1,0,15,25,6,Hybrid,0
34,406,3245,5,2,1,15,30,6,Hybrid,0
39,406,3245,5,3,0,25,20,7,Hybrid,0
39,406,3246,6,1,0,25,20,7,Hybrid,0
49,406,3246,6,2,1,15,25,8,Hybrid,0
161,406,3246,6,3,0,20,30,8,Electric,250
124,406,3247,7,1,0,15,30,7,Electric,200
19,406,3247,7,2,1,15,20,8,Gasoline,0
47,406,3247,7,3,0,20,20,8,Hybrid,0
104,406,3248,8,1,0,20,25,8,Electric,150
47,406,3248,8,2,0,20,20,8,Hybrid,0
8,406,3248,8,3,1,20,30,6,Gasoline,0
10,407,3249,1,1,1,15,20,7,Gasoline,0
100,407,3249,1,2,0,15,20,8,Electric,150
11,407,3249,1,3,0,20,20,7,Gasoline,0
158,407,3250,2,1,1,20,25,8,Electric,250
32,407,3250,2,2,0,20,25,6,Hybrid,0
35,407,3250,2,3,0,20,30,6,Hybrid,0
45,407,3251,3,1,0,25,30,7,Hybrid,0
71,407,3251,3,2,1,20,30,7,Electric,100
2,407,3251,3,3,0,20,20,6,Gasoline,0
104,407,3252,4,1,1,20,25,8,Electric,150
153,407,3252,4,2,0,25,30,7,Electric,250
59,407,3252,4,3,0,20,25,6,Electric,100
68,407,3253,5,1,0,20,25,7,Electric,100
54,407,3253,5,2,0,25,30,8,Hybrid,0
4,407,3253,5,3,1,15,25,6,Gasoline,0
13,407,3254,6,1,1,15,25,7,Gasoline,0
35,407,3254,6,2,0,20,30,6,Hybrid,0
2,407,3254,6,3,0,20,20,6,Gasoline,0
54,407,3255,7,1,0,25,30,8,Hybrid,0
43,407,3255,7,2,1,15,30,7,Hybrid,0
119,407,3255,7,3,0,20,20,7,Electric,200
148,407,3256,8,1,1,15,25,7,Electric,250
73,407,3256,8,2,0,15,20,8,Electric,100
84,407,3256,8,3,0,25,20,6,Electric,150
113,408,3257,1,1,0,20,25,6,Electric,200
36,408,3257,1,2,0,25,30,6,Hybrid,0
13,408,3257,1,3,1,15,25,7,Gasoline,0
29,408,3258,2,1,0,20,20,6,Hybrid,0
148,408,3258,2,2,1,15,25,7,Electric,250
30,408,3258,2,3,0,25,20,6,Hybrid,0
27,408,3259,3,1,0,25,30,8,Gasoline,0
32,408,3259,3,2,0,20,25,6,Hybrid,0
7,408,3259,3,3,1,15,30,6,Gasoline,0
11,408,3260,4,1,0,20,20,7,Gasoline,0
5,408,3260,4,2,0,20,25,6,Gasoline,0
28,408,3260,4,3,1,15,20,6,Hybrid,0
13,408,3261,5,1,1,15,25,7,Gasoline,0
14,408,3261,5,2,0,20,25,7,Gasoline,0
113,408,3261,5,3,0,20,25,6,Electric,200
152,408,3262,6,1,0,20,30,7,Electric,250
44,408,3262,6,2,0,20,30,7,Hybrid,0
52,408,3262,6,3,1,15,30,8,Hybrid,0
154,408,3263,7,1,1,15,20,8,Electric,250
22,408,3263,7,2,0,15,25,8,Gasoline,0
4,408,3263,7,3,0,15,25,6,Gasoline,0
10,408,3264,8,1,1,15,20,7,Gasoline,0
63,408,3264,8,2,0,25,30,6,Electric,100
27,408,3264,8,3,0,25,30,8,Gasoline,0
37,409,3265,1,1,0,15,20,7,Hybrid,0
7,409,3265,1,2,1,15,30,6,Gasoline,0
42,409,3265,1,3,0,25,25,7,Hybrid,0
113,409,3266,2,1,1,20,25,6,Electric,200
5,409,3266,2,2,0,20,25,6,Gasoline,0
42,409,3266,2,3,0,25,25,7,Hybrid,0
137,409,3267,3,1,0,20,20,6,Electric,250
71,409,3267,3,2,0,20,30,7,Electric,100
22,409,3267,3,3,1,15,25,8,Gasoline,0
160,409,3268,4,1,1,15,30,8,Electric,250
83,409,3268,4,2,0,20,20,6,Electric,150
47,409,3268,4,3,0,20,20,8,Hybrid,0
18,409,3269,5,1,0,25,30,7,Gasoline,0
48,409,3269,5,2,0,25,20,8,Hybrid,0
99,409,3269,5,3,1,25,30,7,Electric,150
4,409,3270,6,1,1,15,25,6,Gasoline,0
23,409,3270,6,2,0,20,25,8,Gasoline,0
10,409,3270,6,3,0,15,20,7,Gasoline,0
52,409,3271,7,1,1,15,30,8,Hybrid,0
21,409,3271,7,2,0,25,20,8,Gasoline,0
58,409,3271,7,3,0,15,25,6,Electric,100
45,409,3272,8,1,0,25,30,7,Hybrid,0
7,409,3272,8,2,1,15,30,6,Gasoline,0
4,409,3272,8,3,0,15,25,6,Gasoline,0
43,410,3273,1,1,1,15,30,7,Hybrid,0
72,410,3273,1,2,0,25,30,7,Electric,100
17,410,3273,1,3,0,20,30,7,Gasoline,0
15,410,3274,2,1,0,25,25,7,Gasoline,0
96,410,3274,2,2,1,25,25,7,Electric,150
27,410,3274,2,3,0,25,30,8,Gasoline,0
7,410,3275,3,1,1,15,30,6,Gasoline,0
23,410,3275,3,2,0,20,25,8,Gasoline,0
135,410,3275,3,3,0,25,30,8,Electric,200
11,410,3276,4,1,0,20,20,7,Gasoline,0
8,410,3276,4,2,0,20,30,6,Gasoline,0
25,410,3276,4,3,1,15,30,8,Gasoline,0
27,410,3277,5,1,0,25,30,8,Gasoline,0
146,410,3277,5,2,1,20,20,7,Electric,250
24,410,3277,5,3,0,25,25,8,Gasoline,0
17,410,3278,6,1,0,20,30,7,Gasoline,0
34,410,3278,6,2,1,15,30,6,Hybrid,0
137,410,3278,6,3,0,20,20,6,Electric,250
17,410,3279,7,1,1,20,30,7,Gasoline,0
38,410,3279,7,2,0,20,20,7,Hybrid,0
96,410,3279,7,3,0,25,25,7,Electric,150
127,410,3280,8,1,1,15,20,8,Electric,200
61,410,3280,8,2,0,15,30,6,Electric,100
5,410,3280,8,3,0,20,25,6,Gasoline,0
54,411,3281,1,1,0,25,30,8,Hybrid,0
98,411,3281,1,2,1,20,30,7,Electric,150
65,411,3281,1,3,0,20,20,7,Electric,100
3,411,3282,2,1,0,25,20,6,Gasoline,0
4,411,3282,2,2,1,15,25,6,Gasoline,0
153,411,3282,2,3,0,25,30,7,Electric,250
68,411,3283,3,1,1,20,25,7,Electric,100
69,411,3283,3,2,0,25,25,7,Electric,100
77,411,3283,3,3,0,20,25,8,Electric,100
64,411,3284,4,1,0,15,20,7,Electric,100
45,411,3284,4,2,0,25,30,7,Hybrid,0
40,411,3284,4,3,1,15,25,7,Hybrid,0
120,411,3285,5,1,0,25,20,7,Electric,200
153,411,3285,5,2,0,25,30,7,Electric,250
16,411,3285,5,3,1,15,30,7,Gasoline,0
35,411,3286,6,1,0,20,30,6,Hybrid,0
72,411,3286,6,2,0,25,30,7,Electric,100
34,411,3286,6,3,1,15,30,6,Hybrid,0
4,411,3287,7,1,1,15,25,6,Gasoline,0
47,411,3287,7,2,0,20,20,8,Hybrid,0
122,411,3287,7,3,0,20,25,7,Electric,200
97,411,3288,8,1,0,15,30,7,Electric,150
44,411,3288,8,2,0,20,30,7,Hybrid,0
88,411,3288,8,3,1,15,30,6,Electric,150
28,412,3289,1,1,1,15,20,6,Hybrid,0
134,412,3289,1,2,0,20,30,8,Electric,200
5,412,3289,1,3,0,20,25,6,Gasoline,0
42,412,3290,2,1,0,25,25,7,Hybrid,0
14,412,3290,2,2,0,20,25,7,Gasoline,0
29,412,3290,2,3,1,20,20,6,Hybrid,0
34,412,3291,3,1,1,15,30,6,Hybrid,0
20,412,3291,3,2,0,20,20,8,Gasoline,0
80,412,3291,3,3,0,20,30,8,Electric,100
10,412,3292,4,1,0,15,20,7,Gasoline,0
14,412,3292,4,2,1,20,25,7,Gasoline,0
63,412,3292,4,3,0,25,30,6,Electric,100
39,412,3293,5,1,1,25,20,7,Hybrid,0
156,412,3293,5,2,0,25,20,8,Electric,250
75,412,3293,5,3,0,25,20,8,Electric,100
80,412,3294,6,1,1,20,30,8,Electric,100
15,412,3294,6,2,0,25,25,7,Gasoline,0
30,412,3294,6,3,0,25,20,6,Hybrid,0
54,412,3295,7,1,0,25,30,8,Hybrid,0
31,412,3295,7,2,1,15,25,6,Hybrid,0
14,412,3295,7,3,0,20,25,7,Gasoline,0
50,412,3296,8,1,0,20,25,8,Hybrid,0
25,412,3296,8,2,1,15,30,8,Gasoline,0
135,412,3296,8,3,0,25,30,8,Electric,200
22,413,3297,1,1,1,15,25,8,Gasoline,0
9,413,3297,1,2,0,25,30,6,Gasoline,0
39,413,3297,1,3,0,25,20,7,Hybrid,0
31,413,3298,2,1,1,15,25,6,Hybrid,0
4,413,3298,2,2,0,15,25,6,Gasoline,0
51,413,3298,2,3,0,25,25,8,Hybrid,0
24,413,3299,3,1,0,25,25,8,Gasoline,0
12,413,3299,3,2,0,25,20,7,Gasoline,0
58,413,3299,3,3,1,15,25,6,Electric,100
68,413,3300,4,1,0,20,25,7,Electric,100
53,413,3300,4,2,0,20,30,8,Hybrid,0
19,413,3300,4,3,1,15,20,8,Gasoline,0
92,413,3301,5,1,0,20,20,7,Electric,150
11,413,3301,5,2,0,20,20,7,Gasoline,0
61,413,3301,5,3,1,15,30,6,Electric,100
157,413,3302,6,1,0,15,25,8,Electric,250
34,413,3302,6,2,1,15,30,6,Hybrid,0
90,413,3302,6,3,0,25,30,6,Electric,150
22,413,3303,7,1,0,15,25,8,Gasoline,0
110,413,3303,7,2,0,20,20,6,Electric,200
40,413,3303,7,3,1,15,25,7,Hybrid,0
141,413,3304,8,1,0,25,25,6,Electric,250
152,413,3304,8,2,0,20,30,7,Electric,250
130,413,3304,8,3,1,15,25,8,Electric,200
112,414,3305,1,1,0,15,25,6,Electric,200
33,414,3305,1,2,0,25,25,6,Hybrid,0
35,414,3305,1,3,1,20,30,6,Hybrid,0
13,414,3306,2,1,1,15,25,7,Gasoline,0
143,414,3306,2,2,0,20,30,6,Electric,250
8,414,3306,2,3,0,20,30,6,Gasoline,0
150,414,3307,3,1,0,25,25,7,Electric,250
32,414,3307,3,2,1,20,25,6,Hybrid,0
51,414,3307,3,3,0,25,25,8,Hybrid,0
21,414,3308,4,1,1,25,20,8,Gasoline,0
51,414,3308,4,2,0,25,25,8,Hybrid,0
48,414,3308,4,3,0,25,20,8,Hybrid,0
59,414,3309,5,1,0,20,25,6,Electric,100
14,414,3309,5,2,0,20,25,7,Gasoline,0
31,414,3309,5,3,1,15,25,6,Hybrid,0
29,414,3310,6,1,1,20,20,6,Hybrid,0
24,414,3310,6,2,0,25,25,8,Gasoline,0
153,414,3310,6,3,0,25,30,7,Electric,250
9,414,3311,7,1,0,25,30,6,Gasoline,0
17,414,3311,7,2,1,20,30,7,Gasoline,0
107,414,3311,7,3,0,20,30,8,Electric,150
29,414,3312,8,1,0,20,20,6,Hybrid,0
50,414,3312,8,2,0,20,25,8,Hybrid,0
53,414,3312,8,3,1,20,30,8,Hybrid,0
3,415,3313,1,1,0,25,20,6,Gasoline,0
11,415,3313,1,2,1,20,20,7,Gasoline,0
5,415,3313,1,3,0,20,25,6,Gasoline,0
6,415,3314,2,1,0,25,25,6,Gasoline,0
25,415,3314,2,2,1,15,30,8,Gasoline,0
78,415,3314,2,3,0,25,25,8,Electric,100
22,415,3315,3,1,1,15,25,8,Gasoline,0
93,415,3315,3,2,0,25,20,7,Electric,150
55,415,3315,3,3,0,15,20,6,Electric,100
13,415,3316,4,1,0,15,25,7,Gasoline,0
22,415,3316,4,2,1,15,25,8,Gasoline,0
115,415,3316,4,3,0,15,30,6,Electric,200
26,415,3317,5,1,0,20,30,8,Gasoline,0
10,415,3317,5,2,1,15,20,7,Gasoline,0
147,415,3317,5,3,0,25,20,7,Electric,250
43,415,3318,6,1,1,15,30,7,Hybrid,0
42,415,3318,6,2,0,25,25,7,Hybrid,0
16,415,3318,6,3,0,15,30,7,Gasoline,0
28,415,3319,7,1,1,15,20,6,Hybrid,0
10,415,3319,7,2,0,15,20,7,Gasoline,0
48,415,3319,7,3,0,25,20,8,Hybrid,0
133,415,3320,8,1,1,15,30,8,Electric,200
81,415,3320,8,2,0,25,30,8,Electric,100
47,415,3320,8,3,0,20,20,8,Hybrid,0
52,416,3321,1,1,1,15,30,8,Hybrid,0
13,416,3321,1,2,0,15,25,7,Gasoline,0
56,416,3321,1,3,0,20,20,6,Electric,100
152,416,3322,2,1,0,20,30,7,Electric,250
2,416,3322,2,2,0,20,20,6,Gasoline,0
139,416,3322,2,3,1,15,25,6,Electric,250
37,416,3323,3,1,1,15,20,7,Hybrid,0
18,416,3323,3,2,0,25,30,7,Gasoline,0
39,416,3323,3,3,0,25,20,7,Hybrid,0
30,416,3324,4,1,0,25,20,6,Hybrid,0
3,416,3324,4,2,0,25,20,6,Gasoline,0
16,416,3324,4,3,1,15,30,7,Gasoline,0
43,416,3325,5,1,1,15,30,7,Hybrid,0
39,416,3325,5,2,0,25,20,7,Hybrid,0
16,416,3325,5,3,0,15,30,7,Gasoline,0
53,416,3326,6,1,1,20,30,8,Hybrid,0
23,416,3326,6,2,0,20,25,8,Gasoline,0
47,416,3326,6,3,0,20,20,8,Hybrid,0
72,416,3327,7,1,0,25,30,7,Electric,100
145,416,3327,7,2,1,15,20,7,Electric,250
144,416,3327,7,3,0,25,30,6,Electric,250
35,416,3328,8,1,1,20,30,6,Hybrid,0
15,416,3328,8,2,0,25,25,7,Gasoline,0
51,416,3328,8,3,0,25,25,8,Hybrid,0
146,417,3329,1,1,0,20,20,7,Electric,250
51,417,3329,1,2,0,25,25,8,Hybrid,0
27,417,3329,1,3,1,25,30,8,Gasoline,0
43,417,3330,2,1,1,15,30,7,Hybrid,0
33,417,3330,2,2,0,25,25,6,Hybrid,0
9,417,3330,2,3,0,25,30,6,Gasoline,0
23,417,3331,3,1,0,20,25,8,Gasoline,0
7,417,3331,3,2,1,15,30,6,Gasoline,0
9,417,3331,3,3,0,25,30,6,Gasoline,0
35,417,3332,4,1,1,20,30,6,Hybrid,0
21,417,3332,4,2,0,25,20,8,Gasoline,0
24,417,3332,4,3,0,25,25,8,Gasoline,0
24,417,3333,5,1,0,25,25,8,Gasoline,0
127,417,3333,5,2,1,15,20,8,Electric,200
9,417,3333,5,3,0,25,30,6,Gasoline,0
141,417,3334,6,1,0,25,25,6,Electric,250
41,417,3334,6,2,0,20,25,7,Hybrid,0
13,417,3334,6,3,1,15,25,7,Gasoline,0
100,417,3335,7,1,1,15,20,8,Electric,150
81,417,3335,7,2,0,25,30,8,Electric,100
20,417,3335,7,3,0,20,20,8,Gasoline,0
25,417,3336,8,1,1,15,30,8,Gasoline,0
20,417,3336,8,2,0,20,20,8,Gasoline,0
118,417,3336,8,3,0,15,20,7,Electric,200
140,418,3337,1,1,0,20,25,6,Electric,250
3,418,3337,1,2,0,25,20,6,Gasoline,0
28,418,3337,1,3,1,15,20,6,Hybrid,0
4,418,3338,2,1,1,15,25,6,Gasoline,0
20,418,3338,2,2,0,20,20,8,Gasoline,0
48,418,3338,2,3,0,25,20,8,Hybrid,0
21,418,3339,3,1,0,25,20,8,Gasoline,0
152,418,3339,3,2,0,20,30,7,Electric,250
140,418,3339,3,3,1,20,25,6,Electric,250
70,418,3340,4,1,1,15,30,7,Electric,100
26,418,3340,4,2,0,20,30,8,Gasoline,0
76,418,3340,4,3,0,15,25,8,Electric,100
19,418,3341,5,1,0,15,20,8,Gasoline,0
43,418,3341,5,2,1,15,30,7,Hybrid,0
11,418,3341,5,3,0,20,20,7,Gasoline,0
66,418,3342,6,1,0,25,20,7,Electric,100
40,418,3342,6,2,1,15,25,7,Hybrid,0
74,418,3342,6,3,0,20,20,8,Electric,100
47,418,3343,7,1,0,20,20,8,Hybrid,0
10,418,3343,7,2,1,15,20,7,Gasoline,0
6,418,3343,7,3,0,25,25,6,Gasoline,0
5,418,3344,8,1,0,20,25,6,Gasoline,0
70,418,3344,8,2,1,15,30,7,Electric,100
11,418,3344,8,3,0,20,20,7,Gasoline,0
15,419,3345,1,1,0,25,25,7,Gasoline,0
40,419,3345,1,2,1,15,25,7,Hybrid,0
33,419,3345,1,3,0,25,25,6,Hybrid,0
119,419,3346,2,1,0,20,20,7,Electric,200
149,419,3346,2,2,1,20,25,7,Electric,250
48,419,3346,2,3,0,25,20,8,Hybrid,0
31,419,3347,3,1,1,15,25,6,Hybrid,0
99,419,3347,3,2,0,25,30,7,Electric,150
50,419,3347,3,3,0,20,25,8,Hybrid,0
34,419,3348,4,1,1,15,30,6,Hybrid,0
26,419,3348,4,2,0,20,30,8,Gasoline,0
111,419,3348,4,3,0,25,20,6,Electric,200
52,419,3349,5,1,1,15,30,8,Hybrid,0
19,419,3349,5,2,0,15,20,8,Gasoline,0
133,419,3349,5,3,0,15,30,8,Electric,200
3,419,3350,6,1,0,25,20,6,Gasoline,0
44,419,3350,6,2,0,20,30,7,Hybrid,0
14,419,3350,6,3,1,20,25,7,Gasoline,0
24,419,3351,7,1,0,25,25,8,Gasoline,0
15,419,3351,7,2,1,25,25,7,Gasoline,0
18,419,3351,7,3,0,25,30,7,Gasoline,0
130,419,3352,8,1,1,15,25,8,Electric,200
39,419,3352,8,2,0,25,20,7,Hybrid,0
3,419,3352,8,3,0,25,20,6,Gasoline,0
3,420,3353,1,1,0,25,20,6,Gasoline,0
14,420,3353,1,2,0,20,25,7,Gasoline,0
149,420,3353,1,3,1,20,25,7,Electric,250
24,420,3354,2,1,0,25,25,8,Gasoline,0
12,420,3354,2,2,1,25,20,7,Gasoline,0
6,420,3354,2,3,0,25,25,6,Gasoline,0
93,420,3355,3,1,0,25,20,7,Electric,150
12,420,3355,3,2,0,25,20,7,Gasoline,0
47,420,3355,3,3,1,20,20,8,Hybrid,0
84,420,3356,4,1,0,25,20,6,Electric,150
23,420,3356,4,2,1,20,25,8,Gasoline,0
78,420,3356,4,3,0,25,25,8,Electric,100
80,420,3357,5,1,0,20,30,8,Electric,100
25,420,3357,5,2,1,15,30,8,Gasoline,0
48,420,3357,5,3,0,25,20,8,Hybrid,0
30,420,3358,6,1,0,25,20,6,Hybrid,0
26,420,3358,6,2,0,20,30,8,Gasoline,0
16,420,3358,6,3,1,15,30,7,Gasoline,0
18,420,3359,7,1,0,25,30,7,Gasoline,0
36,420,3359,7,2,0,25,30,6,Hybrid,0
23,420,3359,7,3,1,20,25,8,Gasoline,0
29,420,3360,8,1,0,20,20,6,Hybrid,0
11,420,3360,8,2,0,20,20,7,Gasoline,0
121,420,3360,8,3,1,15,25,7,Electric,200
29,421,3361,1,1,0,20,20,6,Hybrid,0
26,421,3361,1,2,1,20,30,8,Gasoline,0
17,421,3361,1,3,0,20,30,7,Gasoline,0
17,421,3362,2,1,1,20,30,7,Gasoline,0
45,421,3362,2,2,0,25,30,7,Hybrid,0
56,421,3362,2,3,0,20,20,6,Electric,100
39,421,3363,3,1,0,25,20,7,Hybrid,0
35,421,3363,3,2,1,20,30,6,Hybrid,0
133,421,3363,3,3,0,15,30,8,Electric,200
29,421,3364,4,1,0,20,20,6,Hybrid,0
67,421,3364,4,2,1,15,25,7,Electric,100
35,421,3364,4,3,0,20,30,6,Hybrid,0
24,421,3365,5,1,0,25,25,8,Gasoline,0
11,421,3365,5,2,1,20,20,7,Gasoline,0
39,421,3365,5,3,0,25,20,7,Hybrid,0
128,421,3366,6,1,0,20,20,8,Electric,200
18,421,3366,6,2,1,25,30,7,Gasoline,0
114,421,3366,6,3,0,25,25,6,Electric,200
12,421,3367,7,1,0,25,20,7,Gasoline,0
51,421,3367,7,2,0,25,25,8,Hybrid,0
16,421,3367,7,3,1,15,30,7,Gasoline,0
62,421,3368,8,1,0,20,30,6,Electric,100
93,421,3368,8,2,0,25,20,7,Electric,150
91,421,3368,8,3,1,15,20,7,Electric,150
15,422,3369,1,1,0,25,25,7,Gasoline,0
152,422,3369,1,2,1,20,30,7,Electric,250
12,422,3369,1,3,0,25,20,7,Gasoline,0
3,422,3370,2,1,0,25,20,6,Gasoline,0
76,422,3370,2,2,1,15,25,8,Electric,100
93,422,3370,2,3,0,25,20,7,Electric,150
28,422,3371,3,1,1,15,20,6,Hybrid,0
48,422,3371,3,2,0,25,20,8,Hybrid,0
129,422,3371,3,3,0,25,20,8,Electric,200
58,422,3372,4,1,1,15,25,6,Electric,100
47,422,3372,4,2,0,20,20,8,Hybrid,0
24,422,3372,4,3,0,25,25,8,Gasoline,0
12,422,3373,5,1,0,25,20,7,Gasoline,0
57,422,3373,5,2,0,25,20,6,Electric,100
98,422,3373,5,3,1,20,30,7,Electric,150
3,422,3374,6,1,0,25,20,6,Gasoline,0
153,422,3374,6,2,1,25,30,7,Electric,250
99,422,3374,6,3,0,25,30,7,Electric,150
37,422,3375,7,1,1,15,20,7,Hybrid,0
27,422,3375,7,2,0,25,30,8,Gasoline,0
19,422,3375,7,3,0,15,20,8,Gasoline,0
25,422,3376,8,1,1,15,30,8,Gasoline,0
45,422,3376,8,2,0,25,30,7,Hybrid,0
22,422,3376,8,3,0,15,25,8,Gasoline,0
114,423,3377,1,1,0,25,25,6,Electric,200
19,423,3377,1,2,0,15,20,8,Gasoline,0
4,423,3377,1,3,1,15,25,6,Gasoline,0
9,423,3378,2,1,0,25,30,6,Gasoline,0
12,423,3378,2,2,0,25,20,7,Gasoline,0
25,423,3378,2,3,1,15,30,8,Gasoline,0
13,423,3379,3,1,1,15,25,7,Gasoline,0
44,423,3379,3,2,0,20,30,7,Hybrid,0
111,423,3379,3,3,0,25,20,6,Electric,200
15,423,3380,4,1,0,25,25,7,Gasoline,0
36,423,3380,4,2,1,25,30,6,Hybrid,0
27,423,3380,4,3,0,25,30,8,Gasoline,0
1,423,3381,5,1,0,15,20,6,Gasoline,0
97,423,3381,5,2,1,15,30,7,Electric,150
41,423,3381,5,3,0,20,25,7,Hybrid,0
61,423,3382,6,1,0,15,30,6,Electric,100
55,423,3382,6,2,1,15,20,6,Electric,100
26,423,3382,6,3,0,20,30,8,Gasoline,0
26,423,3383,7,1,0,20,30,8,Gasoline,0
115,423,3383,7,2,0,15,30,6,Electric,200
142,423,3383,7,3,1,15,30,6,Electric,250
117,423,3384,8,1,0,25,30,6,Electric,200
119,423,3384,8,2,1,20,20,7,Electric,200
90,423,3384,8,3,0,25,30,6,Electric,150
94,424,3385,1,1,1,15,25,7,Electric,150
36,424,3385,1,2,0,25,30,6,Hybrid,0
137,424,3385,1,3,0,20,20,6,Electric,250
93,424,3386,2,1,0,25,20,7,Electric,150
109,424,3386,2,2,1,15,20,6,Electric,200
44,424,3386,2,3,0,20,30,7,Hybrid,0
37,424,3387,3,1,1,15,20,7,Hybrid,0
38,424,3387,3,2,0,20,20,7,Hybrid,0
2,424,3387,3,3,0,20,20,6,Gasoline,0
37,424,3388,4,1,0,15,20,7,Hybrid,0
46,424,3388,4,2,0,15,20,8,Hybrid,0
22,424,3388,4,3,1,15,25,8,Gasoline,0
128,424,3389,5,1,0,20,20,8,Electric,200
20,424,3389,5,2,1,20,20,8,Gasoline,0
153,424,3389,5,3,0,25,30,7,Electric,250
8,424,3390,6,1,0,20,30,6,Gasoline,0
15,424,3390,6,2,0,25,25,7,Gasoline,0
88,424,3390,6,3,1,15,30,6,Electric,150
11,424,3391,7,1,0,20,20,7,Gasoline,0
159,424,3391,7,2,0,25,25,8,Electric,250
28,424,3391,7,3,1,15,20,6,Hybrid,0
10,424,3392,8,1,0,15,20,7,Gasoline,0
82,424,3392,8,2,1,15,20,6,Electric,150
9,424,3392,8,3,0,25,30,6,Gasoline,0
125,425,3393,1,1,0,20,30,7,Electric,200
24,425,3393,1,2,0,25,25,8,Gasoline,0
28,425,3393,1,3,1,15,20,6,Hybrid,0
132,425,3394,2,1,0,25,25,8,Electric,200
78,425,3394,2,2,0,25,25,8,Electric,100
34,425,3394,2,3,1,15,30,6,Hybrid,0
144,425,3395,3,1,1,25,30,6,Electric,250
90,425,3395,3,2,0,25,30,6,Electric,150
3,425,3395,3,3,0,25,20,6,Gasoline,0
11,425,3396,4,1,0,20,20,7,Gasoline,0
25,425,3396,4,2,1,15,30,8,Gasoline,0
50,425,3396,4,3,0,20,25,8,Hybrid,0
101,425,3397,5,1,0,20,20,8,Electric,150
46,425,3397,5,2,1,15,20,8,Hybrid,0
148,425,3397,5,3,0,15,25,7,Electric,250
15,425,3398,6,1,0,25,25,7,Gasoline,0
48,425,3398,6,2,0,25,20,8,Hybrid,0
23,425,3398,6,3,1,20,25,8,Gasoline,0
36,425,3399,7,1,0,25,30,6,Hybrid,0
89,425,3399,7,2,0,20,30,6,Electric,150
148,425,3399,7,3,1,15,25,7,Electric,250
134,425,3400,8,1,0,20,30,8,Electric,200
53,425,3400,8,2,1,20,30,8,Hybrid,0
71,425,3400,8,3,0,20,30,7,Electric,100
6,426,3401,1,1,0,25,25,6,Gasoline,0
3,426,3401,1,2,0,25,20,6,Gasoline,0
112,426,3401,1,3,1,15,25,6,Electric,200
11,426,3402,2,1,0,20,20,7,Gasoline,0
47,426,3402,2,2,0,20,20,8,Hybrid,0
13,426,3402,2,3,1,15,25,7,Gasoline,0
20,426,3403,3,1,1,20,20,8,Gasoline,0
83,426,3403,3,2,0,20,20,6,Electric,150
14,426,3403,3,3,0,20,25,7,Gasoline,0
46,426,3404,4,1,1,15,20,8,Hybrid,0
19,426,3404,4,2,0,15,20,8,Gasoline,0
132,426,3404,4,3,0,25,25,8,Electric,200
63,426,3405,5,1,0,25,30,6,Electric,100
12,426,3405,5,2,0,25,20,7,Gasoline,0
62,426,3405,5,3,1,20,30,6,Electric,100
58,426,3406,6,1,1,15,25,6,Electric,100
17,426,3406,6,2,0,20,30,7,Gasoline,0
153,426,3406,6,3,0,25,30,7,Electric,250
37,426,3407,7,1,1,15,20,7,Hybrid,0
14,426,3407,7,2,0,20,25,7,Gasoline,0
39,426,3407,7,3,0,25,20,7,Hybrid,0
25,426,3408,8,1,0,15,30,8,Gasoline,0
16,426,3408,8,2,1,15,30,7,Gasoline,0
42,426,3408,8,3,0,25,25,7,Hybrid,0
18,427,3409,1,1,0,25,30,7,Gasoline,0
45,427,3409,1,2,0,25,30,7,Hybrid,0
10,427,3409,1,3,1,15,20,7,Gasoline,0
121,427,3410,2,1,1,15,25,7,Electric,200
113,427,3410,2,2,0,20,25,6,Electric,200
41,427,3410,2,3,0,20,25,7,Hybrid,0
44,427,3411,3,1,0,20,30,7,Hybrid,0
84,427,3411,3,2,0,25,20,6,Electric,150
40,427,3411,3,3,1,15,25,7,Hybrid,0
47,427,3412,4,1,0,20,20,8,Hybrid,0
54,427,3412,4,2,0,25,30,8,Hybrid,0
9,427,3412,4,3,1,25,30,6,Gasoline,0
33,427,3413,5,1,0,25,25,6,Hybrid,0
28,427,3413,5,2,1,15,20,6,Hybrid,0
26,427,3413,5,3,0,20,30,8,Gasoline,0
102,427,3414,6,1,0,25,20,8,Electric,150
39,427,3414,6,2,0,25,20,7,Hybrid,0
25,427,3414,6,3,1,15,30,8,Gasoline,0
16,427,3415,7,1,1,15,30,7,Gasoline,0
86,427,3415,7,2,0,20,25,6,Electric,150
133,427,3415,7,3,0,15,30,8,Electric,200
23,427,3416,8,1,0,20,25,8,Gasoline,0
19,427,3416,8,2,1,15,20,8,Gasoline,0
88,427,3416,8,3,0,15,30,6,Electric,150
16,428,3417,1,1,1,15,30,7,Gasoline,0
18,428,3417,1,2,0,25,30,7,Gasoline,0
9,428,3417,1,3,0,25,30,6,Gasoline,0
88,428,3418,2,1,1,15,30,6,Electric,150
94,428,3418,2,2,0,15,25,7,Electric,150
140,428,3418,2,3,0,20,25,6,Electric,250
9,428,3419,3,1,0,25,30,6,Gasoline,0
121,428,3419,3,2,1,15,25,7,Electric,200
10,428,3419,3,3,0,15,20,7,Gasoline,0
19,428,3420,4,1,0,15,20,8,Gasoline,0
143,428,3420,4,2,0,20,30,6,Electric,250
118,428,3420,4,3,1,15,20,7,Electric,200
50,428,3421,5,1,0,20,25,8,Hybrid,0
115,428,3421,5,2,1,15,30,6,Electric,200
78,428,3421,5,3,0,25,25,8,Electric,100
155,428,3422,6,1,0,20,20,8,Electric,250
43,428,3422,6,2,1,15,30,7,Hybrid,0
41,428,3422,6,3,0,20,25,7,Hybrid,0
54,428,3423,7,1,0,25,30,8,Hybrid,0
132,428,3423,7,2,0,25,25,8,Electric,200
5,428,3423,7,3,1,20,25,6,Gasoline,0
37,428,3424,8,1,1,15,20,7,Hybrid,0
19,428,3424,8,2,0,15,20,8,Gasoline,0
129,428,3424,8,3,0,25,20,8,Electric,200
2,429,3425,1,1,1,20,20,6,Gasoline,0
12,429,3425,1,2,0,25,20,7,Gasoline,0
111,429,3425,1,3,0,25,20,6,Electric,200
26,429,3426,2,1,1,20,30,8,Gasoline,0
98,429,3426,2,2,0,20,30,7,Electric,150
2,429,3426,2,3,0,20,20,6,Gasoline,0
52,429,3427,3,1,1,15,30,8,Hybrid,0
3,429,3427,3,2,0,25,20,6,Gasoline,0
30,429,3427,3,3,0,25,20,6,Hybrid,0
3,429,3428,4,1,0,25,20,6,Gasoline,0
124,429,3428,4,2,1,15,30,7,Electric,200
42,429,3428,4,3,0,25,25,7,Hybrid,0
93,429,3429,5,1,0,25,20,7,Electric,150
35,429,3429,5,2,1,20,30,6,Hybrid,0
29,429,3429,5,3,0,20,20,6,Hybrid,0
38,429,3430,6,1,0,20,20,7,Hybrid,0
51,429,3430,6,2,0,25,25,8,Hybrid,0
46,429,3430,6,3,1,15,20,8,Hybrid,0
107,429,3431,7,1,0,20,30,8,Electric,150
44,429,3431,7,2,0,20,30,7,Hybrid,0
61,429,3431,7,3,1,15,30,6,Electric,100
4,429,3432,8,1,0,15,25,6,Gasoline,0
37,429,3432,8,2,1,15,20,7,Hybrid,0
8,429,3432,8,3,0,20,30,6,Gasoline,0
41,430,3433,1,1,1,20,25,7,Hybrid,0
56,430,3433,1,2,0,20,20,6,Electric,100
45,430,3433,1,3,0,25,30,7,Hybrid,0
13,430,3434,2,1,1,15,25,7,Gasoline,0
144,430,3434,2,2,0,25,30,6,Electric,250
54,430,3434,2,3,0,25,30,8,Hybrid,0
90,430,3435,3,1,0,25,30,6,Electric,150
87,430,3435,3,2,0,25,25,6,Electric,150
7,430,3435,3,3,1,15,30,6,Gasoline,0
5,430,3436,4,1,0,20,25,6,Gasoline,0
53,430,3436,4,2,1,20,30,8,Hybrid,0
3,430,3436,4,3,0,25,20,6,Gasoline,0
42,430,3437,5,1,0,25,25,7,Hybrid,0
53,430,3437,5,2,1,20,30,8,Hybrid,0
41,430,3437,5,3,0,20,25,7,Hybrid,0
38,430,3438,6,1,0,20,20,7,Hybrid,0
20,430,3438,6,2,0,20,20,8,Gasoline,0
88,430,3438,6,3,1,15,30,6,Electric,150
44,430,3439,7,1,0,20,30,7,Hybrid,0
4,430,3439,7,2,1,15,25,6,Gasoline,0
35,430,3439,7,3,0,20,30,6,Hybrid,0
108,430,3440,8,1,0,25,30,8,Electric,150
27,430,3440,8,2,0,25,30,8,Gasoline,0
2,430,3440,8,3,1,20,20,6,Gasoline,0
95,431,3441,1,1,0,20,25,7,Electric,150
2,431,3441,1,2,1,20,20,6,Gasoline,0
144,431,3441,1,3,0,25,30,6,Electric,250
19,431,3442,2,1,0,15,20,8,Gasoline,0
108,431,3442,2,2,0,25,30,8,Electric,150
118,431,3442,2,3,1,15,20,7,Electric,200
16,431,3443,3,1,1,15,30,7,Gasoline,0
12,431,3443,3,2,0,25,20,7,Gasoline,0
126,431,3443,3,3,0,25,30,7,Electric,200
53,431,3444,4,1,0,20,30,8,Hybrid,0
1,431,3444,4,2,0,15,20,6,Gasoline,0
7,431,3444,4,3,1,15,30,6,Gasoline,0
5,431,3445,5,1,0,20,25,6,Gasoline,0
158,431,3445,5,2,0,20,25,8,Electric,250
46,431,3445,5,3,1,15,20,8,Hybrid,0
18,431,3446,6,1,0,25,30,7,Gasoline,0
10,431,3446,6,2,1,15,20,7,Gasoline,0
11,431,3446,6,3,0,20,20,7,Gasoline,0
20,431,3447,7,1,1,20,20,8,Gasoline,0
98,431,3447,7,2,0,20,30,7,Electric,150
156,431,3447,7,3,0,25,20,8,Electric,250
6,431,3448,8,1,0,25,25,6,Gasoline,0
118,431,3448,8,2,0,15,20,7,Electric,200
34,431,3448,8,3,1,15,30,6,Hybrid,0
37,432,3449,1,1,1,15,20,7,Hybrid,0
115,432,3449,1,2,0,15,30,6,Electric,200
162,432,3449,1,3,0,25,30,8,Electric,250
15,432,3450,2,1,0,25,25,7,Gasoline,0
111,432,3450,2,2,0,25,20,6,Electric,200
12,432,3450,2,3,1,25,20,7,Gasoline,0
35,432,3451,3,1,0,20,30,6,Hybrid,0
25,432,3451,3,2,1,15,30,8,Gasoline,0
37,432,3451,3,3,0,15,20,7,Hybrid,0
28,432,3452,4,1,1,15,20,6,Hybrid,0
9,432,3452,4,2,0,25,30,6,Gasoline,0
90,432,3452,4,3,0,25,30,6,Electric,150
37,432,3453,5,1,1,15,20,7,Hybrid,0
122,432,3453,5,2,0,20,25,7,Electric,200
76,432,3453,5,3,0,15,25,8,Electric,100
16,432,3454,6,1,1,15,30,7,Gasoline,0
54,432,3454,6,2,0,25,30,8,Hybrid,0
14,432,3454,6,3,0,20,25,7,Gasoline,0
16,432,3455,7,1,1,15,30,7,Gasoline,0
40,432,3455,7,2,0,15,25,7,Hybrid,0
38,432,3455,7,3,0,20,20,7,Hybrid,0
5,432,3456,8,1,0,20,25,6,Gasoline,0
125,432,3456,8,2,1,20,30,7,Electric,200
33,432,3456,8,3,0,25,25,6,Hybrid,0
112,433,3457,1,1,0,15,25,6,Electric,200
28,433,3457,1,2,1,15,20,6,Hybrid,0
108,433,3457,1,3,0,25,30,8,Electric,150
53,433,3458,2,1,0,20,30,8,Hybrid,0
22,433,3458,2,2,0,15,25,8,Gasoline,0
139,433,3458,2,3,1,15,25,6,Electric,250
159,433,3459,3,1,0,25,25,8,Electric,250
6,433,3459,3,2,0,25,25,6,Gasoline,0
91,433,3459,3,3,1,15,20,7,Electric,150
46,433,3460,4,1,1,15,20,8,Hybrid,0
27,433,3460,4,2,0,25,30,8,Gasoline,0
33,433,3460,4,3,0,25,25,6,Hybrid,0
83,433,3461,5,1,0,20,20,6,Electric,150
161,433,3461,5,2,1,20,30,8,Electric,250
53,433,3461,5,3,0,20,30,8,Hybrid,0
15,433,3462,6,1,0,25,25,7,Gasoline,0
91,433,3462,6,2,1,15,20,7,Electric,150
86,433,3462,6,3,0,20,25,6,Electric,150
41,433,3463,7,1,0,20,25,7,Hybrid,0
23,433,3463,7,2,1,20,25,8,Gasoline,0
128,433,3463,7,3,0,20,20,8,Electric,200
49,433,3464,8,1,1,15,25,8,Hybrid,0
84,433,3464,8,2,0,25,20,6,Electric,150
5,433,3464,8,3,0,20,25,6,Gasoline,0
48,434,3465,1,1,0,25,20,8,Hybrid,0
8,434,3465,1,2,1,20,30,6,Gasoline,0
50,434,3465,1,3,0,20,25,8,Hybrid,0
17,434,3466,2,1,1,20,30,7,Gasoline,0
36,434,3466,2,2,0,25,30,6,Hybrid,0
21,434,3466,2,3,0,25,20,8,Gasoline,0
153,434,3467,3,1,0,25,30,7,Electric,250
6,434,3467,3,2,0,25,25,6,Gasoline,0
7,434,3467,3,3,1,15,30,6,Gasoline,0
17,434,3468,4,1,0,20,30,7,Gasoline,0
18,434,3468,4,2,0,25,30,7,Gasoline,0
82,434,3468,4,3,1,15,20,6,Electric,150
53,434,3469,5,1,1,20,30,8,Hybrid,0
156,434,3469,5,2,0,25,20,8,Electric,250
46,434,3469,5,3,0,15,20,8,Hybrid,0
39,434,3470,6,1,0,25,20,7,Hybrid,0
4,434,3470,6,2,0,15,25,6,Gasoline,0
22,434,3470,6,3,1,15,25,8,Gasoline,0
12,434,3471,7,1,0,25,20,7,Gasoline,0
157,434,3471,7,2,1,15,25,8,Electric,250
68,434,3471,7,3,0,20,25,7,Electric,100
52,434,3472,8,1,1,15,30,8,Hybrid,0
36,434,3472,8,2,0,25,30,6,Hybrid,0
13,434,3472,8,3,0,15,25,7,Gasoline,0
88,435,3473,1,1,1,15,30,6,Electric,150
134,435,3473,1,2,0,20,30,8,Electric,200
3,435,3473,1,3,0,25,20,6,Gasoline,0
112,435,3474,2,1,1,15,25,6,Electric,200
11,435,3474,2,2,0,20,20,7,Gasoline,0
159,435,3474,2,3,0,25,25,8,Electric,250
141,435,3475,3,1,0,25,25,6,Electric,250
30,435,3475,3,2,0,25,20,6,Hybrid,0
52,435,3475,3,3,1,15,30,8,Hybrid,0
20,435,3476,4,1,0,20,20,8,Gasoline,0
10,435,3476,4,2,1,15,20,7,Gasoline,0
5,435,3476,4,3,0,20,25,6,Gasoline,0
128,435,3477,5,1,0,20,20,8,Electric,200
70,435,3477,5,2,1,15,30,7,Electric,100
18,435,3477,5,3,0,25,30,7,Gasoline,0
143,435,3478,6,1,0,20,30,6,Electric,250
31,435,3478,6,2,1,15,25,6,Hybrid,0
51,435,3478,6,3,0,25,25,8,Hybrid,0
35,435,3479,7,1,1,20,30,6,Hybrid,0
18,435,3479,7,2,0,25,30,7,Gasoline,0
41,435,3479,7,3,0,20,25,7,Hybrid,0
156,435,3480,8,1,0,25,20,8,Electric,250
29,435,3480,8,2,0,20,20,6,Hybrid,0
97,435,3480,8,3,1,15,30,7,Electric,150
16,436,3481,1,1,1,15,30,7,Gasoline,0
51,436,3481,1,2,0,25,25,8,Hybrid,0
138,436,3481,1,3,0,25,20,6,Electric,250
52,436,3482,2,1,1,15,30,8,Hybrid,0
31,436,3482,2,2,0,15,25,6,Hybrid,0
141,436,3482,2,3,0,25,25,6,Electric,250
126,436,3483,3,1,0,25,30,7,Electric,200
89,436,3483,3,2,0,20,30,6,Electric,150
10,436,3483,3,3,1,15,20,7,Gasoline,0
47,436,3484,4,1,0,20,20,8,Hybrid,0
140,436,3484,4,2,1,20,25,6,Electric,250
17,436,3484,4,3,0,20,30,7,Gasoline,0
40,436,3485,5,1,1,15,25,7,Hybrid,0
4,436,3485,5,2,0,15,25,6,Gasoline,0
89,436,3485,5,3,0,20,30,6,Electric,150
35,436,3486,6,1,0,20,30,6,Hybrid,0
51,436,3486,6,2,0,25,25,8,Hybrid,0
37,436,3486,6,3,1,15,20,7,Hybrid,0
33,436,3487,7,1,0,25,25,6,Hybrid,0
67,436,3487,7,2,1,15,25,7,Electric,100
25,436,3487,7,3,0,15,30,8,Gasoline,0
99,436,3488,8,1,0,25,30,7,Electric,150
37,436,3488,8,2,0,15,20,7,Hybrid,0
148,436,3488,8,3,1,15,25,7,Electric,250
21,437,3489,1,1,0,25,20,8,Gasoline,0
78,437,3489,1,2,0,25,25,8,Electric,100
46,437,3489,1,3,1,15,20,8,Hybrid,0
36,437,3490,2,1,0,25,30,6,Hybrid,0
117,437,3490,2,2,1,25,30,6,Electric,200
66,437,3490,2,3,0,25,20,7,Electric,100
42,437,3491,3,1,0,25,25,7,Hybrid,0
55,437,3491,3,2,1,15,20,6,Electric,100
37,437,3491,3,3,0,15,20,7,Hybrid,0
36,437,3492,4,1,0,25,30,6,Hybrid,0
136,437,3492,4,2,1,15,20,6,Electric,250
44,437,3492,4,3,0,20,30,7,Hybrid,0
14,437,3493,5,1,0,20,25,7,Gasoline,0
35,437,3493,5,2,1,20,30,6,Hybrid,0
45,437,3493,5,3,0,25,30,7,Hybrid,0
146,437,3494,6,1,0,20,20,7,Electric,250
26,437,3494,6,2,1,20,30,8,Gasoline,0
42,437,3494,6,3,0,25,25,7,Hybrid,0
38,437,3495,7,1,1,20,20,7,Hybrid,0
107,437,3495,7,2,0,20,30,8,Electric,150
84,437,3495,7,3,0,25,20,6,Electric,150
53,437,3496,8,1,1,20,30,8,Hybrid,0
12,437,3496,8,2,0,25,20,7,Gasoline,0
162,437,3496,8,3,0,25,30,8,Electric,250
14,438,3497,1,1,0,20,25,7,Gasoline,0
162,438,3497,1,2,0,25,30,8,Electric,250
41,438,3497,1,3,1,20,25,7,Hybrid,0
14,438,3498,2,1,0,20,25,7,Gasoline,0
7,438,3498,2,2,1,15,30,6,Gasoline,0
102,438,3498,2,3,0,25,20,8,Electric,150
90,438,3499,3,1,0,25,30,6,Electric,150
9,438,3499,3,2,0,25,30,6,Gasoline,0
152,438,3499,3,3,1,20,30,7,Electric,250
44,438,3500,4,1,1,20,30,7,Hybrid,0
3,438,3500,4,2,0,25,20,6,Gasoline,0
32,438,3500,4,3,0,20,25,6,Hybrid,0
89,438,3501,5,1,0,20,30,6,Electric,150
17,438,3501,5,2,1,20,30,7,Gasoline,0
87,438,3501,5,3,0,25,25,6,Electric,150
63,438,3502,6,1,0,25,30,6,Electric,100
44,438,3502,6,2,0,20,30,7,Hybrid,0
41,438,3502,6,3,1,20,25,7,Hybrid,0
18,438,3503,7,1,0,25,30,7,Gasoline,0
2,438,3503,7,2,1,20,20,6,Gasoline,0
32,438,3503,7,3,0,20,25,6,Hybrid,0
39,438,3504,8,1,0,25,20,7,Hybrid,0
31,438,3504,8,2,1,15,25,6,Hybrid,0
120,438,3504,8,3,0,25,20,7,Electric,200
124,439,3505,1,1,1,15,30,7,Electric,200
81,439,3505,1,2,0,25,30,8,Electric,100
14,439,3505,1,3,0,20,25,7,Gasoline,0
109,439,3506,2,1,1,15,20,6,Electric,200
26,439,3506,2,2,0,20,30,8,Gasoline,0
47,439,3506,2,3,0,20,20,8,Hybrid,0
12,439,3507,3,1,0,25,20,7,Gasoline,0
17,439,3507,3,2,1,20,30,7,Gasoline,0
3,439,3507,3,3,0,25,20,6,Gasoline,0
15,439,3508,4,1,0,25,25,7,Gasoline,0
24,439,3508,4,2,0,25,25,8,Gasoline,0
41,439,3508,4,3,1,20,25,7,Hybrid,0
12,439,3509,5,1,0,25,20,7,Gasoline,0
136,439,3509,5,2,0,15,20,6,Electric,250
25,439,3509,5,3,1,15,30,8,Gasoline,0
162,439,3510,6,1,0,25,30,8,Electric,250
27,439,3510,6,2,0,25,30,8,Gasoline,0
92,439,3510,6,3,1,20,20,7,Electric,150
24,439,3511,7,1,0,25,25,8,Gasoline,0
101,439,3511,7,2,0,20,20,8,Electric,150
162,439,3511,7,3,1,25,30,8,Electric,250
64,439,3512,8,1,0,15,20,7,Electric,100
14,439,3512,8,2,1,20,25,7,Gasoline,0
3,439,3512,8,3,0,25,20,6,Gasoline,0
6,440,3513,1,1,0,25,25,6,Gasoline,0
10,440,3513,1,2,1,15,20,7,Gasoline,0
9,440,3513,1,3,0,25,30,6,Gasoline,0
30,440,3514,2,1,0,25,20,6,Hybrid,0
126,440,3514,2,2,1,25,30,7,Electric,200
6,440,3514,2,3,0,25,25,6,Gasoline,0
30,440,3515,3,1,0,25,20,6,Hybrid,0
131,440,3515,3,2,0,20,25,8,Electric,200
112,440,3515,3,3,1,15,25,6,Electric,200
114,440,3516,4,1,0,25,25,6,Electric,200
19,440,3516,4,2,1,15,20,8,Gasoline,0
5,440,3516,4,3,0,20,25,6,Gasoline,0
14,440,3517,5,1,0,20,25,7,Gasoline,0
34,440,3517,5,2,0,15,30,6,Hybrid,0
1,440,3517,5,3,1,15,20,6,Gasoline,0
64,440,3518,6,1,1,15,20,7,Electric,100
44,440,3518,6,2,0,20,30,7,Hybrid,0
51,440,3518,6,3,0,25,25,8,Hybrid,0
41,440,3519,7,1,0,20,25,7,Hybrid,0
96,440,3519,7,2,0,25,25,7,Electric,150
16,440,3519,7,3,1,15,30,7,Gasoline,0
48,440,3520,8,1,0,25,20,8,Hybrid,0
17,440,3520,8,2,1,20,30,7,Gasoline,0
3,440,3520,8,3,0,25,20,6,Gasoline,0
41,441,3521,1,1,0,20,25,7,Hybrid,0
4,441,3521,1,2,1,15,25,6,Gasoline,0
44,441,3521,1,3,0,20,30,7,Hybrid,0
27,441,3522,2,1,0,25,30,8,Gasoline,0
31,441,3522,2,2,1,15,25,6,Hybrid,0
121,441,3522,2,3,0,15,25,7,Electric,200
43,441,3523,3,1,1,15,30,7,Hybrid,0
41,441,3523,3,2,0,20,25,7,Hybrid,0
7,441,3523,3,3,0,15,30,6,Gasoline,0
74,441,3524,4,1,0,20,20,8,Electric,100
30,441,3524,4,2,0,25,20,6,Hybrid,0
67,441,3524,4,3,1,15,25,7,Electric,100
44,441,3525,5,1,1,20,30,7,Hybrid,0
138,441,3525,5,2,0,25,20,6,Electric,250
48,441,3525,5,3,0,25,20,8,Hybrid,0
126,441,3526,6,1,0,25,30,7,Electric,200
16,441,3526,6,2,1,15,30,7,Gasoline,0
34,441,3526,6,3,0,15,30,6,Hybrid,0
33,441,3527,7,1,0,25,25,6,Hybrid,0
5,441,3527,7,2,0,20,25,6,Gasoline,0
4,441,3527,7,3,1,15,25,6,Gasoline,0
83,441,3528,8,1,0,20,20,6,Electric,150
148,441,3528,8,2,1,15,25,7,Electric,250
21,441,3528,8,3,0,25,20,8,Gasoline,0
40,442,3529,1,1,0,15,25,7,Hybrid,0
23,442,3529,1,2,1,20,25,8,Gasoline,0
93,442,3529,1,3,0,25,20,7,Electric,150
5,442,3530,2,1,0,20,25,6,Gasoline,0
148,442,3530,2,2,0,15,25,7,Electric,250
22,442,3530,2,3,1,15,25,8,Gasoline,0
28,442,3531,3,1,0,15,20,6,Hybrid,0
25,442,3531,3,2,1,15,30,8,Gasoline,0
35,442,3531,3,3,0,20,30,6,Hybrid,0
144,442,3532,4,1,1,25,30,6,Electric,250
18,442,3532,4,2,0,25,30,7,Gasoline,0
8,442,3532,4,3,0,20,30,6,Gasoline,0
143,442,3533,5,1,1,20,30,6,Electric,250
37,442,3533,5,2,0,15,20,7,Hybrid,0
5,442,3533,5,3,0,20,25,6,Gasoline,0
96,442,3534,6,1,0,25,25,7,Electric,150
48,442,3534,6,2,0,25,20,8,Hybrid,0
36,442,3534,6,3,1,25,30,6,Hybrid,0
11,442,3535,7,1,0,20,20,7,Gasoline,0
5,442,3535,7,2,0,20,25,6,Gasoline,0
40,442,3535,7,3,1,15,25,7,Hybrid,0
36,442,3536,8,1,0,25,30,6,Hybrid,0
4,442,3536,8,2,1,15,25,6,Gasoline,0
64,442,3536,8,3,0,15,20,7,Electric,100
14,443,3537,1,1,0,20,25,7,Gasoline,0
43,443,3537,1,2,1,15,30,7,Hybrid,0
2,443,3537,1,3,0,20,20,6,Gasoline,0
30,443,3538,2,1,0,25,20,6,Hybrid,0
24,443,3538,2,2,0,25,25,8,Gasoline,0
5,443,3538,2,3,1,20,25,6,Gasoline,0
39,443,3539,3,1,0,25,20,7,Hybrid,0
1,443,3539,3,2,1,15,20,6,Gasoline,0
150,443,3539,3,3,0,25,25,7,Electric,250
58,443,3540,4,1,0,15,25,6,Electric,100
44,443,3540,4,2,1,20,30,7,Hybrid,0
74,443,3540,4,3,0,20,20,8,Electric,100
49,443,3541,5,1,0,15,25,8,Hybrid,0
82,443,3541,5,2,1,15,20,6,Electric,150
13,443,3541,5,3,0,15,25,7,Gasoline,0
12,443,3542,6,1,0,25,20,7,Gasoline,0
43,443,3542,6,2,0,15,30,7,Hybrid,0
112,443,3542,6,3,1,15,25,6,Electric,200
149,443,3543,7,1,1,20,25,7,Electric,250
2,443,3543,7,2,0,20,20,6,Gasoline,0
60,443,3543,7,3,0,25,25,6,Electric,100
53,443,3544,8,1,1,20,30,8,Hybrid,0
3,443,3544,8,2,0,25,20,6,Gasoline,0
6,443,3544,8,3,0,25,25,6,Gasoline,0
138,444,3545,1,1,0,25,20,6,Electric,250
33,444,3545,1,2,0,25,25,6,Hybrid,0
27,444,3545,1,3,1,25,30,8,Gasoline,0
49,444,3546,2,1,1,15,25,8,Hybrid,0
37,444,3546,2,2,0,15,20,7,Hybrid,0
23,444,3546,2,3,0,20,25,8,Gasoline,0
80,444,3547,3,1,0,20,30,8,Electric,100
97,444,3547,3,2,1,15,30,7,Electric,150
54,444,3547,3,3,0,25,30,8,Hybrid,0
5,444,3548,4,1,1,20,25,6,Gasoline,0
110,444,3548,4,2,0,20,20,6,Electric,200
18,444,3548,4,3,0,25,30,7,Gasoline,0
12,444,3549,5,1,0,25,20,7,Gasoline,0
31,444,3549,5,2,1,15,25,6,Hybrid,0
91,444,3549,5,3,0,15,20,7,Electric,150
120,444,3550,6,1,0,25,20,7,Electric,200
43,444,3550,6,2,1,15,30,7,Hybrid,0
16,444,3550,6,3,0,15,30,7,Gasoline,0
17,444,3551,7,1,0,20,30,7,Gasoline,0
94,444,3551,7,2,1,15,25,7,Electric,150
155,444,3551,7,3,0,20,20,8,Electric,250
46,444,3552,8,1,0,15,20,8,Hybrid,0
22,444,3552,8,2,0,15,25,8,Gasoline,0
31,444,3552,8,3,1,15,25,6,Hybrid,0
42,445,3553,1,1,0,25,25,7,Hybrid,0
64,445,3553,1,2,0,15,20,7,Electric,100
44,445,3553,1,3,1,20,30,7,Hybrid,0
48,445,3554,2,1,0,25,20,8,Hybrid,0
123,445,3554,2,2,0,25,25,7,Electric,200
2,445,3554,2,3,1,20,20,6,Gasoline,0
26,445,3555,3,1,0,20,30,8,Gasoline,0
18,445,3555,3,2,0,25,30,7,Gasoline,0
34,445,3555,3,3,1,15,30,6,Hybrid,0
9,445,3556,4,1,0,25,30,6,Gasoline,0
82,445,3556,4,2,1,15,20,6,Electric,150
27,445,3556,4,3,0,25,30,8,Gasoline,0
87,445,3557,5,1,0,25,25,6,Electric,150
38,445,3557,5,2,0,20,20,7,Hybrid,0
29,445,3557,5,3,1,20,20,6,Hybrid,0
6,445,3558,6,1,0,25,25,6,Gasoline,0
44,445,3558,6,2,1,20,30,7,Hybrid,0
33,445,3558,6,3,0,25,25,6,Hybrid,0
71,445,3559,7,1,0,20,30,7,Electric,100
10,445,3559,7,2,1,15,20,7,Gasoline,0
5,445,3559,7,3,0,20,25,6,Gasoline,0
84,445,3560,8,1,0,25,20,6,Electric,150
37,445,3560,8,2,0,15,20,7,Hybrid,0
34,445,3560,8,3,1,15,30,6,Hybrid,0
25,446,3561,1,1,1,15,30,8,Gasoline,0
45,446,3561,1,2,0,25,30,7,Hybrid,0
29,446,3561,1,3,0,20,20,6,Hybrid,0
44,446,3562,2,1,1,20,30,7,Hybrid,0
95,446,3562,2,2,0,20,25,7,Electric,150
50,446,3562,2,3,0,20,25,8,Hybrid,0
132,446,3563,3,1,0,25,25,8,Electric,200
51,446,3563,3,2,0,25,25,8,Hybrid,0
23,446,3563,3,3,1,20,25,8,Gasoline,0
49,446,3564,4,1,0,15,25,8,Hybrid,0
70,446,3564,4,2,0,15,30,7,Electric,100
1,446,3564,4,3,1,15,20,6,Gasoline,0
151,446,3565,5,1,1,15,30,7,Electric,250
32,446,3565,5,2,0,20,25,6,Hybrid,0
9,446,3565,5,3,0,25,30,6,Gasoline,0
2,446,3566,6,1,1,20,20,6,Gasoline,0
9,446,3566,6,2,0,25,30,6,Gasoline,0
128,446,3566,6,3,0,20,20,8,Electric,200
72,446,3567,7,1,0,25,30,7,Electric,100
157,446,3567,7,2,1,15,25,8,Electric,250
155,446,3567,7,3,0,20,20,8,Electric,250
119,446,3568,8,1,0,20,20,7,Electric,200
23,446,3568,8,2,1,20,25,8,Gasoline,0
138,446,3568,8,3,0,25,20,6,Electric,250
22,447,3569,1,1,1,15,25,8,Gasoline,0
54,447,3569,1,2,0,25,30,8,Hybrid,0
29,447,3569,1,3,0,20,20,6,Hybrid,0
32,447,3570,2,1,1,20,25,6,Hybrid,0
15,447,3570,2,2,0,25,25,7,Gasoline,0
30,447,3570,2,3,0,25,20,6,Hybrid,0
36,447,3571,3,1,0,25,30,6,Hybrid,0
1,447,3571,3,2,0,15,20,6,Gasoline,0
19,447,3571,3,3,1,15,20,8,Gasoline,0
56,447,3572,4,1,0,20,20,6,Electric,100
49,447,3572,4,2,1,15,25,8,Hybrid,0
20,447,3572,4,3,0,20,20,8,Gasoline,0
162,447,3573,5,1,0,25,30,8,Electric,250
93,447,3573,5,2,0,25,20,7,Electric,150
110,447,3573,5,3,1,20,20,6,Electric,200
31,447,3574,6,1,0,15,25,6,Hybrid,0
7,447,3574,6,2,1,15,30,6,Gasoline,0
119,447,3574,6,3,0,20,20,7,Electric,200
156,447,3575,7,1,0,25,20,8,Electric,250
11,447,3575,7,2,0,20,20,7,Gasoline,0
53,447,3575,7,3,1,20,30,8,Hybrid,0
36,447,3576,8,1,1,25,30,6,Hybrid,0
107,447,3576,8,2,0,20,30,8,Electric,150
18,447,3576,8,3,0,25,30,7,Gasoline,0
152,448,3577,1,1,0,20,30,7,Electric,250
28,448,3577,1,2,1,15,20,6,Hybrid,0
33,448,3577,1,3,0,25,25,6,Hybrid,0
49,448,3578,2,1,1,15,25,8,Hybrid,0
104,448,3578,2,2,0,20,25,8,Electric,150
14,448,3578,2,3,0,20,25,7,Gasoline,0
25,448,3579,3,1,1,15,30,8,Gasoline,0
9,448,3579,3,2,0,25,30,6,Gasoline,0
22,448,3579,3,3,0,15,25,8,Gasoline,0
54,448,3580,4,1,0,25,30,8,Hybrid,0
15,448,3580,4,2,1,25,25,7,Gasoline,0
96,448,3580,4,3,0,25,25,7,Electric,150
52,448,3581,5,1,0,15,30,8,Hybrid,0
22,448,3581,5,2,1,15,25,8,Gasoline,0
5,448,3581,5,3,0,20,25,6,Gasoline,0
39,448,3582,6,1,0,25,20,7,Hybrid,0
112,448,3582,6,2,1,15,25,6,Electric,200
26,448,3582,6,3,0,20,30,8,Gasoline,0
135,448,3583,7,1,0,25,30,8,Electric,200
24,448,3583,7,2,0,25,25,8,Gasoline,0
1,448,3583,7,3,1,15,20,6,Gasoline,0
54,448,3584,8,1,0,25,30,8,Hybrid,0
36,448,3584,8,2,0,25,30,6,Hybrid,0
37,448,3584,8,3,1,15,20,7,Hybrid,0
19,449,3585,1,1,0,15,20,8,Gasoline,0
118,449,3585,1,2,1,15,20,7,Electric,200
144,449,3585,1,3,0,25,30,6,Electric,250
136,449,3586,2,1,1,15,20,6,Electric,250
3,449,3586,2,2,0,25,20,6,Gasoline,0
44,449,3586,2,3,0,20,30,7,Hybrid,0
59,449,3587,3,1,0,20,25,6,Electric,100
34,449,3587,3,2,1,15,30,6,Hybrid,0
96,449,3587,3,3,0,25,25,7,Electric,150
66,449,3588,4,1,0,25,20,7,Electric,100
116,449,3588,4,2,0,20,30,6,Electric,200
37,449,3588,4,3,1,15,20,7,Hybrid,0
49,449,3589,5,1,1,15,25,8,Hybrid,0
16,449,3589,5,2,0,15,30,7,Gasoline,0
82,449,3589,5,3,0,15,20,6,Electric,150
37,449,3590,6,1,1,15,20,7,Hybrid,0
38,449,3590,6,2,0,20,20,7,Hybrid,0
48,449,3590,6,3,0,25,20,8,Hybrid,0
98,449,3591,7,1,0,20,30,7,Electric,150
25,449,3591,7,2,0,15,30,8,Gasoline,0
1,449,3591,7,3,1,15,20,6,Gasoline,0
24,449,3592,8,1,0,25,25,8,Gasoline,0
146,449,3592,8,2,1,20,20,7,Electric,250
45,449,3592,8,3,0,25,30,7,Hybrid,0
43,450,3593,1,1,1,15,30,7,Hybrid,0
101,450,3593,1,2,0,20,20,8,Electric,150
27,450,3593,1,3,0,25,30,8,Gasoline,0
42,450,3594,2,1,0,25,25,7,Hybrid,0
60,450,3594,2,2,0,25,25,6,Electric,100
91,450,3594,2,3,1,15,20,7,Electric,150
151,450,3595,3,1,1,15,30,7,Electric,250
156,450,3595,3,2,0,25,20,8,Electric,250
15,450,3595,3,3,0,25,25,7,Gasoline,0
36,450,3596,4,1,0,25,30,6,Hybrid,0
33,450,3596,4,2,0,25,25,6,Hybrid,0
4,450,3596,4,3,1,15,25,6,Gasoline,0
4,450,3597,5,1,1,15,25,6,Gasoline,0
68,450,3597,5,2,0,20,25,7,Electric,100
11,450,3597,5,3,0,20,20,7,Gasoline,0
38,450,3598,6,1,1,20,20,7,Hybrid,0
45,450,3598,6,2,0,25,30,7,Hybrid,0
63,450,3598,6,3,0,25,30,6,Electric,100
107,450,3599,7,1,1,20,30,8,Electric,150
5,450,3599,7,2,0,20,25,6,Gasoline,0
38,450,3599,7,3,0,20,20,7,Hybrid,0
31,450,3600,8,1,1,15,25,6,Hybrid,0
19,450,3600,8,2,0,15,20,8,Gasoline,0
85,450,3600,8,3,0,15,25,6,Electric,150
5,451,3601,1,1,1,20,25,6,Gasoline,0
81,451,3601,1,2,0,25,30,8,Electric,100
29,451,3601,1,3,0,20,20,6,Hybrid,0
46,451,3602,2,1,0,15,20,8,Hybrid,0
13,451,3602,2,2,1,15,25,7,Gasoline,0
35,451,3602,2,3,0,20,30,6,Hybrid,0
12,451,3603,3,1,0,25,20,7,Gasoline,0
27,451,3603,3,2,0,25,30,8,Gasoline,0
142,451,3603,3,3,1,15,30,6,Electric,250
31,451,3604,4,1,0,15,25,6,Hybrid,0
10,451,3604,4,2,1,15,20,7,Gasoline,0
23,451,3604,4,3,0,20,25,8,Gasoline,0
34,451,3605,5,1,1,15,30,6,Hybrid,0
10,451,3605,5,2,0,15,20,7,Gasoline,0
36,451,3605,5,3,0,25,30,6,Hybrid,0
108,451,3606,6,1,0,25,30,8,Electric,150
11,451,3606,6,2,1,20,20,7,Gasoline,0
112,451,3606,6,3,0,15,25,6,Electric,200
1,451,3607,7,1,1,15,20,6,Gasoline,0
110,451,3607,7,2,0,20,20,6,Electric,200
51,451,3607,7,3,0,25,25,8,Hybrid,0
64,451,3608,8,1,1,15,20,7,Electric,100
45,451,3608,8,2,0,25,30,7,Hybrid,0
141,451,3608,8,3,0,25,25,6,Electric,250
4,452,3609,1,1,1,15,25,6,Gasoline,0
140,452,3609,1,2,0,20,25,6,Electric,250
36,452,3609,1,3,0,25,30,6,Hybrid,0
22,452,3610,2,1,1,15,25,8,Gasoline,0
149,452,3610,2,2,0,20,25,7,Electric,250
101,452,3610,2,3,0,20,20,8,Electric,150
8,452,3611,3,1,0,20,30,6,Gasoline,0
30,452,3611,3,2,0,25,20,6,Hybrid,0
97,452,3611,3,3,1,15,30,7,Electric,150
12,452,3612,4,1,0,25,20,7,Gasoline,0
51,452,3612,4,2,0,25,25,8,Hybrid,0
85,452,3612,4,3,1,15,25,6,Electric,150
57,452,3613,5,1,0,25,20,6,Electric,100
17,452,3613,5,2,0,20,30,7,Gasoline,0
22,452,3613,5,3,1,15,25,8,Gasoline,0
117,452,3614,6,1,0,25,30,6,Electric,200
85,452,3614,6,2,1,15,25,6,Electric,150
41,452,3614,6,3,0,20,25,7,Hybrid,0
29,452,3615,7,1,0,20,20,6,Hybrid,0
35,452,3615,7,2,1,20,30,6,Hybrid,0
20,452,3615,7,3,0,20,20,8,Gasoline,0
60,452,3616,8,1,0,25,25,6,Electric,100
14,452,3616,8,2,0,20,25,7,Gasoline,0
40,452,3616,8,3,1,15,25,7,Hybrid,0
37,453,3617,1,1,1,15,20,7,Hybrid,0
23,453,3617,1,2,0,20,25,8,Gasoline,0
11,453,3617,1,3,0,20,20,7,Gasoline,0
110,453,3618,2,1,0,20,20,6,Electric,200
91,453,3618,2,2,0,15,20,7,Electric,150
53,453,3618,2,3,1,20,30,8,Hybrid,0
78,453,3619,3,1,0,25,25,8,Electric,100
107,453,3619,3,2,0,20,30,8,Electric,150
131,453,3619,3,3,1,20,25,8,Electric,200
40,453,3620,4,1,0,15,25,7,Hybrid,0
14,453,3620,4,2,0,20,25,7,Gasoline,0
34,453,3620,4,3,1,15,30,6,Hybrid,0
117,453,3621,5,1,0,25,30,6,Electric,200
53,453,3621,5,2,1,20,30,8,Hybrid,0
147,453,3621,5,3,0,25,20,7,Electric,250
17,453,3622,6,1,0,20,30,7,Gasoline,0
44,453,3622,6,2,0,20,30,7,Hybrid,0
89,453,3622,6,3,1,20,30,6,Electric,150
66,453,3623,7,1,0,25,20,7,Electric,100
30,453,3623,7,2,0,25,20,6,Hybrid,0
19,453,3623,7,3,1,15,20,8,Gasoline,0
62,453,3624,8,1,1,20,30,6,Electric,100
66,453,3624,8,2,0,25,20,7,Electric,100
2,453,3624,8,3,0,20,20,6,Gasoline,0
54,454,3625,1,1,0,25,30,8,Hybrid,0
9,454,3625,1,2,0,25,30,6,Gasoline,0
7,454,3625,1,3,1,15,30,6,Gasoline,0
153,454,3626,2,1,0,25,30,7,Electric,250
22,454,3626,2,2,0,15,25,8,Gasoline,0
16,454,3626,2,3,1,15,30,7,Gasoline,0
133,454,3627,3,1,1,15,30,8,Electric,200
44,454,3627,3,2,0,20,30,7,Hybrid,0
54,454,3627,3,3,0,25,30,8,Hybrid,0
132,454,3628,4,1,0,25,25,8,Electric,200
4,454,3628,4,2,0,15,25,6,Gasoline,0
19,454,3628,4,3,1,15,20,8,Gasoline,0
128,454,3629,5,1,0,20,20,8,Electric,200
13,454,3629,5,2,0,15,25,7,Gasoline,0
34,454,3629,5,3,1,15,30,6,Hybrid,0
47,454,3630,6,1,1,20,20,8,Hybrid,0
15,454,3630,6,2,0,25,25,7,Gasoline,0
48,454,3630,6,3,0,25,20,8,Hybrid,0
41,454,3631,7,1,1,20,25,7,Hybrid,0
5,454,3631,7,2,0,20,25,6,Gasoline,0
11,454,3631,7,3,0,20,20,7,Gasoline,0
3,454,3632,8,1,0,25,20,6,Gasoline,0
45,454,3632,8,2,0,25,30,7,Hybrid,0
91,454,3632,8,3,1,15,20,7,Electric,150
6,455,3633,1,1,0,25,25,6,Gasoline,0
64,455,3633,1,2,1,15,20,7,Electric,100
48,455,3633,1,3,0,25,20,8,Hybrid,0
49,455,3634,2,1,1,15,25,8,Hybrid,0
14,455,3634,2,2,0,20,25,7,Gasoline,0
108,455,3634,2,3,0,25,30,8,Electric,150
24,455,3635,3,1,0,25,25,8,Gasoline,0
13,455,3635,3,2,1,15,25,7,Gasoline,0
50,455,3635,3,3,0,20,25,8,Hybrid,0
41,455,3636,4,1,0,20,25,7,Hybrid,0
25,455,3636,4,2,1,15,30,8,Gasoline,0
21,455,3636,4,3,0,25,20,8,Gasoline,0
25,455,3637,5,1,0,15,30,8,Gasoline,0
50,455,3637,5,2,0,20,25,8,Hybrid,0
49,455,3637,5,3,1,15,25,8,Hybrid,0
62,455,3638,6,1,0,20,30,6,Electric,100
137,455,3638,6,2,0,20,20,6,Electric,250
17,455,3638,6,3,1,20,30,7,Gasoline,0
42,455,3639,7,1,0,25,25,7,Hybrid,0
6,455,3639,7,2,1,25,25,6,Gasoline,0
32,455,3639,7,3,0,20,25,6,Hybrid,0
16,455,3640,8,1,0,15,30,7,Gasoline,0
2,455,3640,8,2,1,20,20,6,Gasoline,0
82,455,3640,8,3,0,15,20,6,Electric,150
5,456,3641,1,1,0,20,25,6,Gasoline,0
53,456,3641,1,2,0,20,30,8,Hybrid,0
52,456,3641,1,3,1,15,30,8,Hybrid,0
27,456,3642,2,1,0,25,30,8,Gasoline,0
10,456,3642,2,2,0,15,20,7,Gasoline,0
160,456,3642,2,3,1,15,30,8,Electric,250
45,456,3643,3,1,0,25,30,7,Hybrid,0
42,456,3643,3,2,0,25,25,7,Hybrid,0
26,456,3643,3,3,1,20,30,8,Gasoline,0
54,456,3644,4,1,0,25,30,8,Hybrid,0
5,456,3644,4,2,1,20,25,6,Gasoline,0
23,456,3644,4,3,0,20,25,8,Gasoline,0
126,456,3645,5,1,0,25,30,7,Electric,200
53,456,3645,5,2,0,20,30,8,Hybrid,0
35,456,3645,5,3,1,20,30,6,Hybrid,0
46,456,3646,6,1,0,15,20,8,Hybrid,0
127,456,3646,6,2,0,15,20,8,Electric,200
124,456,3646,6,3,1,15,30,7,Electric,200
44,456,3647,7,1,1,20,30,7,Hybrid,0
54,456,3647,7,2,0,25,30,8,Hybrid,0
43,456,3647,7,3,0,15,30,7,Hybrid,0
114,456,3648,8,1,0,25,25,6,Electric,200
66,456,3648,8,2,0,25,20,7,Electric,100
52,456,3648,8,3,1,15,30,8,Hybrid,0
50,457,3649,1,1,1,20,25,8,Hybrid,0
12,457,3649,1,2,0,25,20,7,Gasoline,0
11,457,3649,1,3,0,20,20,7,Gasoline,0
36,457,3650,2,1,0,25,30,6,Hybrid,0
22,457,3650,2,2,1,15,25,8,Gasoline,0
149,457,3650,2,3,0,20,25,7,Electric,250
27,457,3651,3,1,0,25,30,8,Gasoline,0
29,457,3651,3,2,1,20,20,6,Hybrid,0
131,457,3651,3,3,0,20,25,8,Electric,200
5,457,3652,4,1,1,20,25,6,Gasoline,0
29,457,3652,4,2,0,20,20,6,Hybrid,0
2,457,3652,4,3,0,20,20,6,Gasoline,0
32,457,3653,5,1,1,20,25,6,Hybrid,0
56,457,3653,5,2,0,20,20,6,Electric,100
21,457,3653,5,3,0,25,20,8,Gasoline,0
38,457,3654,6,1,1,20,20,7,Hybrid,0
75,457,3654,6,2,0,25,20,8,Electric,100
24,457,3654,6,3,0,25,25,8,Gasoline,0
19,457,3655,7,1,0,15,20,8,Gasoline,0
78,457,3655,7,2,0,25,25,8,Electric,100
1,457,3655,7,3,1,15,20,6,Gasoline,0
103,457,3656,8,1,0,15,25,8,Electric,150
40,457,3656,8,2,1,15,25,7,Hybrid,0
66,457,3656,8,3,0,25,20,7,Electric,100
6,458,3657,1,1,0,25,25,6,Gasoline,0
160,458,3657,1,2,1,15,30,8,Electric,250
4,458,3657,1,3,0,15,25,6,Gasoline,0
41,458,3658,2,1,1,20,25,7,Hybrid,0
56,458,3658,2,2,0,20,20,6,Electric,100
141,458,3658,2,3,0,25,25,6,Electric,250
41,458,3659,3,1,0,20,25,7,Hybrid,0
36,458,3659,3,2,0,25,30,6,Hybrid,0
32,458,3659,3,3,1,20,25,6,Hybrid,0
71,458,3660,4,1,1,20,30,7,Electric,100
101,458,3660,4,2,0,20,20,8,Electric,150
150,458,3660,4,3,0,25,25,7,Electric,250
88,458,3661,5,1,0,15,30,6,Electric,150
37,458,3661,5,2,0,15,20,7,Hybrid,0
22,458,3661,5,3,1,15,25,8,Gasoline,0
135,458,3662,6,1,0,25,30,8,Electric,200
38,458,3662,6,2,0,20,20,7,Hybrid,0
61,458,3662,6,3,1,15,30,6,Electric,100
52,458,3663,7,1,0,15,30,8,Hybrid,0
97,458,3663,7,2,1,15,30,7,Electric,150
35,458,3663,7,3,0,20,30,6,Hybrid,0
41,458,3664,8,1,0,20,25,7,Hybrid,0
152,458,3664,8,2,1,20,30,7,Electric,250
21,458,3664,8,3,0,25,20,8,Gasoline,0
45,459,3665,1,1,0,25,30,7,Hybrid,0
17,459,3665,1,2,0,20,30,7,Gasoline,0
49,459,3665,1,3,1,15,25,8,Hybrid,0
18,459,3666,2,1,0,25,30,7,Gasoline,0
74,459,3666,2,2,1,20,20,8,Electric,100
3,459,3666,2,3,0,25,20,6,Gasoline,0
24,459,3667,3,1,0,25,25,8,Gasoline,0
48,459,3667,3,2,1,25,20,8,Hybrid,0
65,459,3667,3,3,0,20,20,7,Electric,100
25,459,3668,4,1,1,15,30,8,Gasoline,0
155,459,3668,4,2,0,20,20,8,Electric,250
21,459,3668,4,3,0,25,20,8,Gasoline,0
114,459,3669,5,1,0,25,25,6,Electric,200
33,459,3669,5,2,0,25,25,6,Hybrid,0
17,459,3669,5,3,1,20,30,7,Gasoline,0
38,459,3670,6,1,0,20,20,7,Hybrid,0
1,459,3670,6,2,1,15,20,6,Gasoline,0
27,459,3670,6,3,0,25,30,8,Gasoline,0
21,459,3671,7,1,0,25,20,8,Gasoline,0
17,459,3671,7,2,0,20,30,7,Gasoline,0
46,459,3671,7,3,1,15,20,8,Hybrid,0
12,459,3672,8,1,0,25,20,7,Gasoline,0
13,459,3672,8,2,1,15,25,7,Gasoline,0
128,459,3672,8,3,0,20,20,8,Electric,200
51,460,3673,1,1,0,25,25,8,Hybrid,0
65,460,3673,1,2,0,20,20,7,Electric,100
44,460,3673,1,3,1,20,30,7,Hybrid,0
97,460,3674,2,1,0,15,30,7,Electric,150
13,460,3674,2,2,1,15,25,7,Gasoline,0
1,460,3674,2,3,0,15,20,6,Gasoline,0
49,460,3675,3,1,1,15,25,8,Hybrid,0
19,460,3675,3,2,0,15,20,8,Gasoline,0
41,460,3675,3,3,0,20,25,7,Hybrid,0
10,460,3676,4,1,0,15,20,7,Gasoline,0
16,460,3676,4,2,1,15,30,7,Gasoline,0
56,460,3676,4,3,0,20,20,6,Electric,100
9,460,3677,5,1,0,25,30,6,Gasoline,0
13,460,3677,5,2,1,15,25,7,Gasoline,0
60,460,3677,5,3,0,25,25,6,Electric,100
28,460,3678,6,1,0,15,20,6,Hybrid,0
40,460,3678,6,2,1,15,25,7,Hybrid,0
49,460,3678,6,3,0,15,25,8,Hybrid,0
28,460,3679,7,1,1,15,20,6,Hybrid,0
36,460,3679,7,2,0,25,30,6,Hybrid,0
41,460,3679,7,3,0,20,25,7,Hybrid,0
59,460,3680,8,1,0,20,25,6,Electric,100
87,460,3680,8,2,0,25,25,6,Electric,150
7,460,3680,8,3,1,15,30,6,Gasoline,0
33,461,3681,1,1,0,25,25,6,Hybrid,0
34,461,3681,1,2,1,15,30,6,Hybrid,0
2,461,3681,1,3,0,20,20,6,Gasoline,0
54,461,3682,2,1,0,25,30,8,Hybrid,0
3,461,3682,2,2,1,25,20,6,Gasoline,0
105,461,3682,2,3,0,25,25,8,Electric,150
149,461,3683,3,1,0,20,25,7,Electric,250
83,461,3683,3,2,0,20,20,6,Electric,150
109,461,3683,3,3,1,15,20,6,Electric,200
121,461,3684,4,1,1,15,25,7,Electric,200
140,461,3684,4,2,0,20,25,6,Electric,250
8,461,3684,4,3,0,20,30,6,Gasoline,0
52,461,3685,5,1,1,15,30,8,Hybrid,0
7,461,3685,5,2,0,15,30,6,Gasoline,0
127,461,3685,5,3,0,15,20,8,Electric,200
42,461,3686,6,1,0,25,25,7,Hybrid,0
101,461,3686,6,2,1,20,20,8,Electric,150
54,461,3686,6,3,0,25,30,8,Hybrid,0
106,461,3687,7,1,1,15,30,8,Electric,150
120,461,3687,7,2,0,25,20,7,Electric,200
77,461,3687,7,3,0,20,25,8,Electric,100
26,461,3688,8,1,1,20,30,8,Gasoline,0
27,461,3688,8,2,0,25,30,8,Gasoline,0
8,461,3688,8,3,0,20,30,6,Gasoline,0
35,462,3689,1,1,1,20,30,6,Hybrid,0
8,462,3689,1,2,0,20,30,6,Gasoline,0
86,462,3689,1,3,0,20,25,6,Electric,150
54,462,3690,2,1,0,25,30,8,Hybrid,0
13,462,3690,2,2,0,15,25,7,Gasoline,0
22,462,3690,2,3,1,15,25,8,Gasoline,0
128,462,3691,3,1,0,20,20,8,Electric,200
152,462,3691,3,2,1,20,30,7,Electric,250
126,462,3691,3,3,0,25,30,7,Electric,200
39,462,3692,4,1,0,25,20,7,Hybrid,0
138,462,3692,4,2,0,25,20,6,Electric,250
13,462,3692,4,3,1,15,25,7,Gasoline,0
1,462,3693,5,1,1,15,20,6,Gasoline,0
25,462,3693,5,2,0,15,30,8,Gasoline,0
154,462,3693,5,3,0,15,20,8,Electric,250
35,462,3694,6,1,1,20,30,6,Hybrid,0
147,462,3694,6,2,0,25,20,7,Electric,250
50,462,3694,6,3,0,20,25,8,Hybrid,0
83,462,3695,7,1,1,20,20,6,Electric,150
123,462,3695,7,2,0,25,25,7,Electric,200
12,462,3695,7,3,0,25,20,7,Gasoline,0
50,462,3696,8,1,0,20,25,8,Hybrid,0
78,462,3696,8,2,0,25,25,8,Electric,100
25,462,3696,8,3,1,15,30,8,Gasoline,0
17,463,3697,1,1,0,20,30,7,Gasoline,0
122,463,3697,1,2,0,20,25,7,Electric,200
25,463,3697,1,3,1,15,30,8,Gasoline,0
13,463,3698,2,1,1,15,25,7,Gasoline,0
155,463,3698,2,2,0,20,20,8,Electric,250
8,463,3698,2,3,0,20,30,6,Gasoline,0
17,463,3699,3,1,0,20,30,7,Gasoline,0
43,463,3699,3,2,1,15,30,7,Hybrid,0
106,463,3699,3,3,0,15,30,8,Electric,150
53,463,3700,4,1,1,20,30,8,Hybrid,0
24,463,3700,4,2,0,25,25,8,Gasoline,0
11,463,3700,4,3,0,20,20,7,Gasoline,0
47,463,3701,5,1,1,20,20,8,Hybrid,0
126,463,3701,5,2,0,25,30,7,Electric,200
39,463,3701,5,3,0,25,20,7,Hybrid,0
21,463,3702,6,1,0,25,20,8,Gasoline,0
152,463,3702,6,2,1,20,30,7,Electric,250
38,463,3702,6,3,0,20,20,7,Hybrid,0
53,463,3703,7,1,0,20,30,8,Hybrid,0
105,463,3703,7,2,0,25,25,8,Electric,150
34,463,3703,7,3,1,15,30,6,Hybrid,0
20,463,3704,8,1,1,20,20,8,Gasoline,0
107,463,3704,8,2,0,20,30,8,Electric,150
12,463,3704,8,3,0,25,20,7,Gasoline,0
153,464,3705,1,1,0,25,30,7,Electric,250
33,464,3705,1,2,0,25,25,6,Hybrid,0
73,464,3705,1,3,1,15,20,8,Electric,100
34,464,3706,2,1,1,15,30,6,Hybrid,0
37,464,3706,2,2,0,15,20,7,Hybrid,0
32,464,3706,2,3,0,20,25,6,Hybrid,0
54,464,3707,3,1,0,25,30,8,Hybrid,0
14,464,3707,3,2,0,20,25,7,Gasoline,0
146,464,3707,3,3,1,20,20,7,Electric,250
24,464,3708,4,1,0,25,25,8,Gasoline,0
55,464,3708,4,2,1,15,20,6,Electric,100
67,464,3708,4,3,0,15,25,7,Electric,100
139,464,3709,5,1,1,15,25,6,Electric,250
93,464,3709,5,2,0,25,20,7,Electric,150
49,464,3709,5,3,0,15,25,8,Hybrid,0
37,464,3710,6,1,1,15,20,7,Hybrid,0
136,464,3710,6,2,0,15,20,6,Electric,250
41,464,3710,6,3,0,20,25,7,Hybrid,0
38,464,3711,7,1,1,20,20,7,Hybrid,0
83,464,3711,7,2,0,20,20,6,Electric,150
27,464,3711,7,3,0,25,30,8,Gasoline,0
43,464,3712,8,1,0,15,30,7,Hybrid,0
30,464,3712,8,2,0,25,20,6,Hybrid,0
4,464,3712,8,3,1,15,25,6,Gasoline,0
2,465,3713,1,1,0,20,20,6,Gasoline,0
13,465,3713,1,2,1,15,25,7,Gasoline,0
45,465,3713,1,3,0,25,30,7,Hybrid,0
94,465,3714,2,1,0,15,25,7,Electric,150
82,465,3714,2,2,1,15,20,6,Electric,150
32,465,3714,2,3,0,20,25,6,Hybrid,0
28,465,3715,3,1,0,15,20,6,Hybrid,0
110,465,3715,3,2,0,20,20,6,Electric,200
160,465,3715,3,3,1,15,30,8,Electric,250
115,465,3716,4,1,1,15,30,6,Electric,200
44,465,3716,4,2,0,20,30,7,Hybrid,0
4,465,3716,4,3,0,15,25,6,Gasoline,0
72,465,3717,5,1,0,25,30,7,Electric,100
14,465,3717,5,2,1,20,25,7,Gasoline,0
132,465,3717,5,3,0,25,25,8,Electric,200
52,465,3718,6,1,1,15,30,8,Hybrid,0
13,465,3718,6,2,0,15,25,7,Gasoline,0
21,465,3718,6,3,0,25,20,8,Gasoline,0
16,465,3719,7,1,1,15,30,7,Gasoline,0
46,465,3719,7,2,0,15,20,8,Hybrid,0
99,465,3719,7,3,0,25,30,7,Electric,150
100,465,3720,8,1,1,15,20,8,Electric,150
155,465,3720,8,2,0,20,20,8,Electric,250
33,465,3720,8,3,0,25,25,6,Hybrid,0
26,466,3721,1,1,0,20,30,8,Gasoline,0
43,466,3721,1,2,1,15,30,7,Hybrid,0
12,466,3721,1,3,0,25,20,7,Gasoline,0
33,466,3722,2,1,0,25,25,6,Hybrid,0
16,466,3722,2,2,0,15,30,7,Gasoline,0
31,466,3722,2,3,1,15,25,6,Hybrid,0
4,466,3723,3,1,0,15,25,6,Gasoline,0
115,466,3723,3,2,1,15,30,6,Electric,200
134,466,3723,3,3,0,20,30,8,Electric,200
46,466,3724,4,1,1,15,20,8,Hybrid,0
100,466,3724,4,2,0,15,20,8,Electric,150
41,466,3724,4,3,0,20,25,7,Hybrid,0
78,466,3725,5,1,0,25,25,8,Electric,100
34,466,3725,5,2,1,15,30,6,Hybrid,0
49,466,3725,5,3,0,15,25,8,Hybrid,0
13,466,3726,6,1,0,15,25,7,Gasoline,0
46,466,3726,6,2,0,15,20,8,Hybrid,0
43,466,3726,6,3,1,15,30,7,Hybrid,0
141,466,3727,7,1,0,25,25,6,Electric,250
12,466,3727,7,2,0,25,20,7,Gasoline,0
14,466,3727,7,3,1,20,25,7,Gasoline,0
16,466,3728,8,1,0,15,30,7,Gasoline,0
10,466,3728,8,2,1,15,20,7,Gasoline,0
48,466,3728,8,3,0,25,20,8,Hybrid,0
53,467,3729,1,1,0,20,30,8,Hybrid,0
20,467,3729,1,2,0,20,20,8,Gasoline,0
136,467,3729,1,3,1,15,20,6,Electric,250
7,467,3730,2,1,1,15,30,6,Gasoline,0
54,467,3730,2,2,0,25,30,8,Hybrid,0
28,467,3730,2,3,0,15,20,6,Hybrid,0
48,467,3731,3,1,0,25,20,8,Hybrid,0
74,467,3731,3,2,0,20,20,8,Electric,100
149,467,3731,3,3,1,20,25,7,Electric,250
20,467,3732,4,1,0,20,20,8,Gasoline,0
46,467,3732,4,2,1,15,20,8,Hybrid,0
43,467,3732,4,3,0,15,30,7,Hybrid,0
44,467,3733,5,1,0,20,30,7,Hybrid,0
7,467,3733,5,2,1,15,30,6,Gasoline,0
32,467,3733,5,3,0,20,25,6,Hybrid,0
8,467,3734,6,1,0,20,30,6,Gasoline,0
135,467,3734,6,2,0,25,30,8,Electric,200
133,467,3734,6,3,1,15,30,8,Electric,200
4,467,3735,7,1,1,15,25,6,Gasoline,0
54,467,3735,7,2,0,25,30,8,Hybrid,0
5,467,3735,7,3,0,20,25,6,Gasoline,0
53,467,3736,8,1,0,20,30,8,Hybrid,0
85,467,3736,8,2,0,15,25,6,Electric,150
142,467,3736,8,3,1,15,30,6,Electric,250
45,468,3737,1,1,0,25,30,7,Hybrid,0
127,468,3737,1,2,1,15,20,8,Electric,200
17,468,3737,1,3,0,20,30,7,Gasoline,0
52,468,3738,2,1,0,15,30,8,Hybrid,0
3,468,3738,2,2,0,25,20,6,Gasoline,0
49,468,3738,2,3,1,15,25,8,Hybrid,0
46,468,3739,3,1,0,15,20,8,Hybrid,0
10,468,3739,3,2,0,15,20,7,Gasoline,0
43,468,3739,3,3,1,15,30,7,Hybrid,0
85,468,3740,4,1,0,15,25,6,Electric,150
113,468,3740,4,2,1,20,25,6,Electric,200
30,468,3740,4,3,0,25,20,6,Hybrid,0
2,468,3741,5,1,1,20,20,6,Gasoline,0
84,468,3741,5,2,0,25,20,6,Electric,150
1,468,3741,5,3,0,15,20,6,Gasoline,0
40,468,3742,6,1,1,15,25,7,Hybrid,0
54,468,3742,6,2,0,25,30,8,Hybrid,0
101,468,3742,6,3,0,20,20,8,Electric,150
8,468,3743,7,1,0,20,30,6,Gasoline,0
94,468,3743,7,2,1,15,25,7,Electric,150
72,468,3743,7,3,0,25,30,7,Electric,100
152,468,3744,8,1,1,20,30,7,Electric,250
6,468,3744,8,2,0,25,25,6,Gasoline,0
12,468,3744,8,3,0,25,20,7,Gasoline,0
49,469,3745,1,1,0,15,25,8,Hybrid,0
160,469,3745,1,2,1,15,30,8,Electric,250
19,469,3745,1,3,0,15,20,8,Gasoline,0
52,469,3746,2,1,1,15,30,8,Hybrid,0
53,469,3746,2,2,0,20,30,8,Hybrid,0
17,469,3746,2,3,0,20,30,7,Gasoline,0
161,469,3747,3,1,1,20,30,8,Electric,250
41,469,3747,3,2,0,20,25,7,Hybrid,0
14,469,3747,3,3,0,20,25,7,Gasoline,0
98,469,3748,4,1,0,20,30,7,Electric,150
67,469,3748,4,2,0,15,25,7,Electric,100
16,469,3748,4,3,1,15,30,7,Gasoline,0
51,469,3749,5,1,0,25,25,8,Hybrid,0
1,469,3749,5,2,1,15,20,6,Gasoline,0
152,469,3749,5,3,0,20,30,7,Electric,250
32,469,3750,6,1,1,20,25,6,Hybrid,0
65,469,3750,6,2,0,20,20,7,Electric,100
24,469,3750,6,3,0,25,25,8,Gasoline,0
57,469,3751,7,1,0,25,20,6,Electric,100
158,469,3751,7,2,1,20,25,8,Electric,250
24,469,3751,7,3,0,25,25,8,Gasoline,0
71,469,3752,8,1,0,20,30,7,Electric,100
140,469,3752,8,2,0,20,25,6,Electric,250
151,469,3752,8,3,1,15,30,7,Electric,250
23,470,3753,1,1,1,20,25,8,Gasoline,0
45,470,3753,1,2,0,25,30,7,Hybrid,0
30,470,3753,1,3,0,25,20,6,Hybrid,0
53,470,3754,2,1,1,20,30,8,Hybrid,0
6,470,3754,2,2,0,25,25,6,Gasoline,0
138,470,3754,2,3,0,25,20,6,Electric,250
48,470,3755,3,1,0,25,20,8,Hybrid,0
61,470,3755,3,2,0,15,30,6,Electric,100
31,470,3755,3,3,1,15,25,6,Hybrid,0
16,470,3756,4,1,1,15,30,7,Gasoline,0
49,470,3756,4,2,0,15,25,8,Hybrid,0
25,470,3756,4,3,0,15,30,8,Gasoline,0
105,470,3757,5,1,0,25,25,8,Electric,150
7,470,3757,5,2,1,15,30,6,Gasoline,0
31,470,3757,5,3,0,15,25,6,Hybrid,0
47,470,3758,6,1,0,20,20,8,Hybrid,0
35,470,3758,6,2,1,20,30,6,Hybrid,0
15,470,3758,6,3,0,25,25,7,Gasoline,0
3,470,3759,7,1,0,25,20,6,Gasoline,0
42,470,3759,7,2,0,25,25,7,Hybrid,0
4,470,3759,7,3,1,15,25,6,Gasoline,0
70,470,3760,8,1,0,15,30,7,Electric,100
46,470,3760,8,2,1,15,20,8,Hybrid,0
22,470,3760,8,3,0,15,25,8,Gasoline,0
78,471,3761,1,1,0,25,25,8,Electric,100
126,471,3761,1,2,0,25,30,7,Electric,200
14,471,3761,1,3,1,20,25,7,Gasoline,0
4,471,3762,2,1,0,15,25,6,Gasoline,0
41,471,3762,2,2,0,20,25,7,Hybrid,0
34,471,3762,2,3,1,15,30,6,Hybrid,0
116,471,3763,3,1,1,20,30,6,Electric,200
66,471,3763,3,2,0,25,20,7,Electric,100
17,471,3763,3,3,0,20,30,7,Gasoline,0
25,471,3764,4,1,1,15,30,8,Gasoline,0
92,471,3764,4,2,0,20,20,7,Electric,150
146,471,3764,4,3,0,20,20,7,Electric,250
6,471,3765,5,1,0,25,25,6,Gasoline,0
15,471,3765,5,2,0,25,25,7,Gasoline,0
46,471,3765,5,3,1,15,20,8,Hybrid,0
141,471,3766,6,1,0,25,25,6,Electric,250
157,471,3766,6,2,1,15,25,8,Electric,250
103,471,3766,6,3,0,15,25,8,Electric,150
17,471,3767,7,1,1,20,30,7,Gasoline,0
36,471,3767,7,2,0,25,30,6,Hybrid,0
24,471,3767,7,3,0,25,25,8,Gasoline,0
12,471,3768,8,1,0,25,20,7,Gasoline,0
41,471,3768,8,2,1,20,25,7,Hybrid,0
152,471,3768,8,3,0,20,30,7,Electric,250
80,472,3769,1,1,0,20,30,8,Electric,100
76,472,3769,1,2,1,15,25,8,Electric,100
44,472,3769,1,3,0,20,30,7,Hybrid,0
23,472,3770,2,1,0,20,25,8,Gasoline,0
34,472,3770,2,2,1,15,30,6,Hybrid,0
27,472,3770,2,3,0,25,30,8,Gasoline,0
53,472,3771,3,1,1,20,30,8,Hybrid,0
109,472,3771,3,2,0,15,20,6,Electric,200
71,472,3771,3,3,0,20,30,7,Electric,100
3,472,3772,4,1,0,25,20,6,Gasoline,0
58,472,3772,4,2,0,15,25,6,Electric,100
31,472,3772,4,3,1,15,25,6,Hybrid,0
49,472,3773,5,1,1,15,25,8,Hybrid,0
47,472,3773,5,2,0,20,20,8,Hybrid,0
40,472,3773,5,3,0,15,25,7,Hybrid,0
20,472,3774,6,1,0,20,20,8,Gasoline,0
125,472,3774,6,2,0,20,30,7,Electric,200
46,472,3774,6,3,1,15,20,8,Hybrid,0
143,472,3775,7,1,0,20,30,6,Electric,250
1,472,3775,7,2,1,15,20,6,Gasoline,0
147,472,3775,7,3,0,25,20,7,Electric,250
15,472,3776,8,1,0,25,25,7,Gasoline,0
155,472,3776,8,2,0,20,20,8,Electric,250
52,472,3776,8,3,1,15,30,8,Hybrid,0
25,473,3777,1,1,1,15,30,8,Gasoline,0
107,473,3777,1,2,0,20,30,8,Electric,150
57,473,3777,1,3,0,25,20,6,Electric,100
124,473,3778,2,1,1,15,30,7,Electric,200
138,473,3778,2,2,0,25,20,6,Electric,250
38,473,3778,2,3,0,20,20,7,Hybrid,0
13,473,3779,3,1,1,15,25,7,Gasoline,0
96,473,3779,3,2,0,25,25,7,Electric,150
24,473,3779,3,3,0,25,25,8,Gasoline,0
53,473,3780,4,1,0,20,30,8,Hybrid,0
97,473,3780,4,2,1,15,30,7,Electric,150
11,473,3780,4,3,0,20,20,7,Gasoline,0
20,473,3781,5,1,1,20,20,8,Gasoline,0
30,473,3781,5,2,0,25,20,6,Hybrid,0
21,473,3781,5,3,0,25,20,8,Gasoline,0
139,473,3782,6,1,1,15,25,6,Electric,250
19,473,3782,6,2,0,15,20,8,Gasoline,0
8,473,3782,6,3,0,20,30,6,Gasoline,0
110,473,3783,7,1,0,20,20,6,Electric,200
16,473,3783,7,2,0,15,30,7,Gasoline,0
29,473,3783,7,3,1,20,20,6,Hybrid,0
69,473,3784,8,1,0,25,25,7,Electric,100
45,473,3784,8,2,1,25,30,7,Hybrid,0
65,473,3784,8,3,0,20,20,7,Electric,100
38,474,3785,1,1,0,20,20,7,Hybrid,0
43,474,3785,1,2,1,15,30,7,Hybrid,0
17,474,3785,1,3,0,20,30,7,Gasoline,0
17,474,3786,2,1,0,20,30,7,Gasoline,0
18,474,3786,2,2,0,25,30,7,Gasoline,0
142,474,3786,2,3,1,15,30,6,Electric,250
32,474,3787,3,1,0,20,25,6,Hybrid,0
74,474,3787,3,2,0,20,20,8,Electric,100
106,474,3787,3,3,1,15,30,8,Electric,150
1,474,3788,4,1,0,15,20,6,Gasoline,0
7,474,3788,4,2,1,15,30,6,Gasoline,0
81,474,3788,4,3,0,25,30,8,Electric,100
86,474,3789,5,1,0,20,25,6,Electric,150
28,474,3789,5,2,1,15,20,6,Hybrid,0
141,474,3789,5,3,0,25,25,6,Electric,250
29,474,3790,6,1,0,20,20,6,Hybrid,0
25,474,3790,6,2,1,15,30,8,Gasoline,0
55,474,3790,6,3,0,15,20,6,Electric,100
65,474,3791,7,1,0,20,20,7,Electric,100
27,474,3791,7,2,0,25,30,8,Gasoline,0
151,474,3791,7,3,1,15,30,7,Electric,250
26,474,3792,8,1,1,20,30,8,Gasoline,0
2,474,3792,8,2,0,20,20,6,Gasoline,0
134,474,3792,8,3,0,20,30,8,Electric,200
7,475,3793,1,1,1,15,30,6,Gasoline,0
11,475,3793,1,2,0,20,20,7,Gasoline,0
19,475,3793,1,3,0,15,20,8,Gasoline,0
54,475,3794,2,1,0,25,30,8,Hybrid,0
6,475,3794,2,2,0,25,25,6,Gasoline,0
47,475,3794,2,3,1,20,20,8,Hybrid,0
43,475,3795,3,1,1,15,30,7,Hybrid,0
12,475,3795,3,2,0,25,20,7,Gasoline,0
42,475,3795,3,3,0,25,25,7,Hybrid,0
31,475,3796,4,1,1,15,25,6,Hybrid,0
129,475,3796,4,2,0,25,20,8,Electric,200
44,475,3796,4,3,0,20,30,7,Hybrid,0
86,475,3797,5,1,0,20,25,6,Electric,150
15,475,3797,5,2,0,25,25,7,Gasoline,0
10,475,3797,5,3,1,15,20,7,Gasoline,0
110,475,3798,6,1,0,20,20,6,Electric,200
43,475,3798,6,2,1,15,30,7,Hybrid,0
45,475,3798,6,3,0,25,30,7,Hybrid,0
80,475,3799,7,1,0,20,30,8,Electric,100
70,475,3799,7,2,1,15,30,7,Electric,100
41,475,3799,7,3,0,20,25,7,Hybrid,0
134,475,3800,8,1,0,20,30,8,Electric,200
24,475,3800,8,2,0,25,25,8,Gasoline,0
119,475,3800,8,3,1,20,20,7,Electric,200
35,476,3801,1,1,1,20,30,6,Hybrid,0
16,476,3801,1,2,0,15,30,7,Gasoline,0
9,476,3801,1,3,0,25,30,6,Gasoline,0
83,476,3802,2,1,0,20,20,6,Electric,150
145,476,3802,2,2,1,15,20,7,Electric,250
44,476,3802,2,3,0,20,30,7,Hybrid,0
49,476,3803,3,1,0,15,25,8,Hybrid,0
40,476,3803,3,2,1,15,25,7,Hybrid,0
112,476,3803,3,3,0,15,25,6,Electric,200
31,476,3804,4,1,1,15,25,6,Hybrid,0
37,476,3804,4,2,0,15,20,7,Hybrid,0
26,476,3804,4,3,0,20,30,8,Gasoline,0
8,476,3805,5,1,1,20,30,6,Gasoline,0
75,476,3805,5,2,0,25,20,8,Electric,100
10,476,3805,5,3,0,15,20,7,Gasoline,0
138,476,3806,6,1,0,25,20,6,Electric,250
1,476,3806,6,2,1,15,20,6,Gasoline,0
77,476,3806,6,3,0,20,25,8,Electric,100
51,476,3807,7,1,0,25,25,8,Hybrid,0
20,476,3807,7,2,1,20,20,8,Gasoline,0
3,476,3807,7,3,0,25,20,6,Gasoline,0
25,476,3808,8,1,0,15,30,8,Gasoline,0
2,476,3808,8,2,0,20,20,6,Gasoline,0
35,476,3808,8,3,1,20,30,6,Hybrid,0
8,477,3809,1,1,0,20,30,6,Gasoline,0
140,477,3809,1,2,1,20,25,6,Electric,250
54,477,3809,1,3,0,25,30,8,Hybrid,0
16,477,3810,2,1,1,15,30,7,Gasoline,0
30,477,3810,2,2,0,25,20,6,Hybrid,0
29,477,3810,2,3,0,20,20,6,Hybrid,0
48,477,3811,3,1,0,25,20,8,Hybrid,0
4,477,3811,3,2,1,15,25,6,Gasoline,0
12,477,3811,3,3,0,25,20,7,Gasoline,0
51,477,3812,4,1,0,25,25,8,Hybrid,0
154,477,3812,4,2,1,15,20,8,Electric,250
80,477,3812,4,3,0,20,30,8,Electric,100
37,477,3813,5,1,0,15,20,7,Hybrid,0
41,477,3813,5,2,0,20,25,7,Hybrid,0
22,477,3813,5,3,1,15,25,8,Gasoline,0
112,477,3814,6,1,1,15,25,6,Electric,200
34,477,3814,6,2,0,15,30,6,Hybrid,0
45,477,3814,6,3,0,25,30,7,Hybrid,0
43,477,3815,7,1,1,15,30,7,Hybrid,0
143,477,3815,7,2,0,20,30,6,Electric,250
78,477,3815,7,3,0,25,25,8,Electric,100
162,477,3816,8,1,0,25,30,8,Electric,250
134,477,3816,8,2,1,20,30,8,Electric,200
21,477,3816,8,3,0,25,20,8,Gasoline,0
17,478,3817,1,1,1,20,30,7,Gasoline,0
65,478,3817,1,2,0,20,20,7,Electric,100
72,478,3817,1,3,0,25,30,7,Electric,100
55,478,3818,2,1,0,15,20,6,Electric,100
15,478,3818,2,2,0,25,25,7,Gasoline,0
23,478,3818,2,3,1,20,25,8,Gasoline,0
13,478,3819,3,1,1,15,25,7,Gasoline,0
49,478,3819,3,2,0,15,25,8,Hybrid,0
50,478,3819,3,3,0,20,25,8,Hybrid,0
142,478,3820,4,1,1,15,30,6,Electric,250
5,478,3820,4,2,0,20,25,6,Gasoline,0
105,478,3820,4,3,0,25,25,8,Electric,150
21,478,3821,5,1,1,25,20,8,Gasoline,0
18,478,3821,5,2,0,25,30,7,Gasoline,0
45,478,3821,5,3,0,25,30,7,Hybrid,0
31,478,3822,6,1,1,15,25,6,Hybrid,0
17,478,3822,6,2,0,20,30,7,Gasoline,0
136,478,3822,6,3,0,15,20,6,Electric,250
6,478,3823,7,1,0,25,25,6,Gasoline,0
154,478,3823,7,2,1,15,20,8,Electric,250
21,478,3823,7,3,0,25,20,8,Gasoline,0
62,478,3824,8,1,0,20,30,6,Electric,100
12,478,3824,8,2,0,25,20,7,Gasoline,0
34,478,3824,8,3,1,15,30,6,Hybrid,0
2,479,3825,1,1,0,20,20,6,Gasoline,0
95,479,3825,1,2,0,20,25,7,Electric,150
76,479,3825,1,3,1,15,25,8,Electric,100
50,479,3826,2,1,1,20,25,8,Hybrid,0
12,479,3826,2,2,0,25,20,7,Gasoline,0
23,479,3826,2,3,0,20,25,8,Gasoline,0
162,479,3827,3,1,0,25,30,8,Electric,250
130,479,3827,3,2,1,15,25,8,Electric,200
21,479,3827,3,3,0,25,20,8,Gasoline,0
28,479,3828,4,1,1,15,20,6,Hybrid,0
132,479,3828,4,2,0,25,25,8,Electric,200
12,479,3828,4,3,0,25,20,7,Gasoline,0
22,479,3829,5,1,1,15,25,8,Gasoline,0
102,479,3829,5,2,0,25,20,8,Electric,150
119,479,3829,5,3,0,20,20,7,Electric,200
6,479,3830,6,1,0,25,25,6,Gasoline,0
47,479,3830,6,2,0,20,20,8,Hybrid,0
23,479,3830,6,3,1,20,25,8,Gasoline,0
31,479,3831,7,1,1,15,25,6,Hybrid,0
86,479,3831,7,2,0,20,25,6,Electric,150
23,479,3831,7,3,0,20,25,8,Gasoline,0
13,479,3832,8,1,0,15,25,7,Gasoline,0
77,479,3832,8,2,0,20,25,8,Electric,100
19,479,3832,8,3,1,15,20,8,Gasoline,0
75,480,3833,1,1,0,25,20,8,Electric,100
95,480,3833,1,2,0,20,25,7,Electric,150
10,480,3833,1,3,1,15,20,7,Gasoline,0
12,480,3834,2,1,0,25,20,7,Gasoline,0
69,480,3834,2,2,0,25,25,7,Electric,100
46,480,3834,2,3,1,15,20,8,Hybrid,0
28,480,3835,3,1,1,15,20,6,Hybrid,0
24,480,3835,3,2,0,25,25,8,Gasoline,0
48,480,3835,3,3,0,25,20,8,Hybrid,0
152,480,3836,4,1,1,20,30,7,Electric,250
29,480,3836,4,2,0,20,20,6,Hybrid,0
2,480,3836,4,3,0,20,20,6,Gasoline,0
49,480,3837,5,1,0,15,25,8,Hybrid,0
150,480,3837,5,2,0,25,25,7,Electric,250
13,480,3837,5,3,1,15,25,7,Gasoline,0
139,480,3838,6,1,1,15,25,6,Electric,250
45,480,3838,6,2,0,25,30,7,Hybrid,0
122,480,3838,6,3,0,20,25,7,Electric,200
8,480,3839,7,1,1,20,30,6,Gasoline,0
101,480,3839,7,2,0,20,20,8,Electric,150
10,480,3839,7,3,0,15,20,7,Gasoline,0
157,480,3840,8,1,1,15,25,8,Electric,250
22,480,3840,8,2,0,15,25,8,Gasoline,0
26,480,3840,8,3,0,20,30,8,Gasoline,0
7,481,3841,1,1,1,15,30,6,Gasoline,0
27,481,3841,1,2,0,25,30,8,Gasoline,0
53,481,3841,1,3,0,20,30,8,Hybrid,0
43,481,3842,2,1,1,15,30,7,Hybrid,0
45,481,3842,2,2,0,25,30,7,Hybrid,0
53,481,3842,2,3,0,20,30,8,Hybrid,0
25,481,3843,3,1,0,15,30,8,Gasoline,0
12,481,3843,3,2,0,25,20,7,Gasoline,0
34,481,3843,3,3,1,15,30,6,Hybrid,0
24,481,3844,4,1,0,25,25,8,Gasoline,0
46,481,3844,4,2,1,15,20,8,Hybrid,0
149,481,3844,4,3,0,20,25,7,Electric,250
6,481,3845,5,1,0,25,25,6,Gasoline,0
126,481,3845,5,2,0,25,30,7,Electric,200
67,481,3845,5,3,1,15,25,7,Electric,100
6,481,3846,6,1,0,25,25,6,Gasoline,0
62,481,3846,6,2,0,20,30,6,Electric,100
19,481,3846,6,3,1,15,20,8,Gasoline,0
54,481,3847,7,1,0,25,30,8,Hybrid,0
4,481,3847,7,2,1,15,25,6,Gasoline,0
13,481,3847,7,3,0,15,25,7,Gasoline,0
2,481,3848,8,1,0,20,20,6,Gasoline,0
12,481,3848,8,2,0,25,20,7,Gasoline,0
126,481,3848,8,3,1,25,30,7,Electric,200
6,482,3849,1,1,0,25,25,6,Gasoline,0
8,482,3849,1,2,1,20,30,6,Gasoline,0
33,482,3849,1,3,0,25,25,6,Hybrid,0
51,482,3850,2,1,0,25,25,8,Hybrid,0
71,482,3850,2,2,0,20,30,7,Electric,100
4,482,3850,2,3,1,15,25,6,Gasoline,0
28,482,3851,3,1,1,15,20,6,Hybrid,0
41,482,3851,3,2,0,20,25,7,Hybrid,0
138,482,3851,3,3,0,25,20,6,Electric,250
84,482,3852,4,1,0,25,20,6,Electric,150
44,482,3852,4,2,1,20,30,7,Hybrid,0
75,482,3852,4,3,0,25,20,8,Electric,100
13,482,3853,5,1,1,15,25,7,Gasoline,0
44,482,3853,5,2,0,20,30,7,Hybrid,0
8,482,3853,5,3,0,20,30,6,Gasoline,0
51,482,3854,6,1,0,25,25,8,Hybrid,0
16,482,3854,6,2,1,15,30,7,Gasoline,0
7,482,3854,6,3,0,15,30,6,Gasoline,0
27,482,3855,7,1,0,25,30,8,Gasoline,0
146,482,3855,7,2,1,20,20,7,Electric,250
12,482,3855,7,3,0,25,20,7,Gasoline,0
58,482,3856,8,1,1,15,25,6,Electric,100
47,482,3856,8,2,0,20,20,8,Hybrid,0
61,482,3856,8,3,0,15,30,6,Electric,100
42,483,3857,1,1,0,25,25,7,Hybrid,0
43,483,3857,1,2,1,15,30,7,Hybrid,0
18,483,3857,1,3,0,25,30,7,Gasoline,0
4,483,3858,2,1,1,15,25,6,Gasoline,0
29,483,3858,2,2,0,20,20,6,Hybrid,0
131,483,3858,2,3,0,20,25,8,Electric,200
12,483,3859,3,1,0,25,20,7,Gasoline,0
28,483,3859,3,2,1,15,20,6,Hybrid,0
21,483,3859,3,3,0,25,20,8,Gasoline,0
95,483,3860,4,1,0,20,25,7,Electric,150
34,483,3860,4,2,1,15,30,6,Hybrid,0
53,483,3860,4,3,0,20,30,8,Hybrid,0
31,483,3861,5,1,0,15,25,6,Hybrid,0
12,483,3861,5,2,0,25,20,7,Gasoline,0
8,483,3861,5,3,1,20,30,6,Gasoline,0
30,483,3862,6,1,0,25,20,6,Hybrid,0
11,483,3862,6,2,1,20,20,7,Gasoline,0
120,483,3862,6,3,0,25,20,7,Electric,200
32,483,3863,7,1,0,20,25,6,Hybrid,0
134,483,3863,7,2,1,20,30,8,Electric,200
44,483,3863,7,3,0,20,30,7,Hybrid,0
53,483,3864,8,1,0,20,30,8,Hybrid,0
49,483,3864,8,2,1,15,25,8,Hybrid,0
17,483,3864,8,3,0,20,30,7,Gasoline,0
135,484,3865,1,1,0,25,30,8,Electric,200
69,484,3865,1,2,0,25,25,7,Electric,100
27,484,3865,1,3,1,25,30,8,Gasoline,0
27,484,3866,2,1,0,25,30,8,Gasoline,0
115,484,3866,2,2,1,15,30,6,Electric,200
33,484,3866,2,3,0,25,25,6,Hybrid,0
70,484,3867,3,1,1,15,30,7,Electric,100
32,484,3867,3,2,0,20,25,6,Hybrid,0
48,484,3867,3,3,0,25,20,8,Hybrid,0
30,484,3868,4,1,0,25,20,6,Hybrid,0
22,484,3868,4,2,1,15,25,8,Gasoline,0
84,484,3868,4,3,0,25,20,6,Electric,150
26,484,3869,5,1,1,20,30,8,Gasoline,0
114,484,3869,5,2,0,25,25,6,Electric,200
36,484,3869,5,3,0,25,30,6,Hybrid,0
9,484,3870,6,1,0,25,30,6,Gasoline,0
77,484,3870,6,2,1,20,25,8,Electric,100
6,484,3870,6,3,0,25,25,6,Gasoline,0
3,484,3871,7,1,0,25,20,6,Gasoline,0
26,484,3871,7,2,0,20,30,8,Gasoline,0
32,484,3871,7,3,1,20,25,6,Hybrid,0
42,484,3872,8,1,0,25,25,7,Hybrid,0
53,484,3872,8,2,1,20,30,8,Hybrid,0
158,484,3872,8,3,0,20,25,8,Electric,250
48,485,3873,1,1,0,25,20,8,Hybrid,0
35,485,3873,1,2,0,20,30,6,Hybrid,0
124,485,3873,1,3,1,15,30,7,Electric,200
8,485,3874,2,1,0,20,30,6,Gasoline,0
70,485,3874,2,2,1,15,30,7,Electric,100
75,485,3874,2,3,0,25,20,8,Electric,100
121,485,3875,3,1,1,15,25,7,Electric,200
47,485,3875,3,2,0,20,20,8,Hybrid,0
2,485,3875,3,3,0,20,20,6,Gasoline,0
30,485,3876,4,1,0,25,20,6,Hybrid,0
43,485,3876,4,2,1,15,30,7,Hybrid,0
51,485,3876,4,3,0,25,25,8,Hybrid,0
47,485,3877,5,1,0,20,20,8,Hybrid,0
54,485,3877,5,2,0,25,30,8,Hybrid,0
41,485,3877,5,3,1,20,25,7,Hybrid,0
7,485,3878,6,1,1,15,30,6,Gasoline,0
93,485,3878,6,2,0,25,20,7,Electric,150
51,485,3878,6,3,0,25,25,8,Hybrid,0
119,485,3879,7,1,1,20,20,7,Electric,200
54,485,3879,7,2,0,25,30,8,Hybrid,0
9,485,3879,7,3,0,25,30,6,Gasoline,0
26,485,3880,8,1,0,20,30,8,Gasoline,0
29,485,3880,8,2,1,20,20,6,Hybrid,0
54,485,3880,8,3,0,25,30,8,Hybrid,0
45,486,3881,1,1,0,25,30,7,Hybrid,0
14,486,3881,1,2,1,20,25,7,Gasoline,0
39,486,3881,1,3,0,25,20,7,Hybrid,0
2,486,3882,2,1,0,20,20,6,Gasoline,0
8,486,3882,2,2,0,20,30,6,Gasoline,0
31,486,3882,2,3,1,15,25,6,Hybrid,0
43,486,3883,3,1,1,15,30,7,Hybrid,0
17,486,3883,3,2,0,20,30,7,Gasoline,0
38,486,3883,3,3,0,20,20,7,Hybrid,0
137,486,3884,4,1,0,20,20,6,Electric,250
25,486,3884,4,2,1,15,30,8,Gasoline,0
15,486,3884,4,3,0,25,25,7,Gasoline,0
41,486,3885,5,1,0,20,25,7,Hybrid,0
14,486,3885,5,2,0,20,25,7,Gasoline,0
40,486,3885,5,3,1,15,25,7,Hybrid,0
144,486,3886,6,1,0,25,30,6,Electric,250
53,486,3886,6,2,0,20,30,8,Hybrid,0
160,486,3886,6,3,1,15,30,8,Electric,250
42,486,3887,7,1,0,25,25,7,Hybrid,0
52,486,3887,7,2,1,15,30,8,Hybrid,0
30,486,3887,7,3,0,25,20,6,Hybrid,0
129,486,3888,8,1,0,25,20,8,Electric,200
8,486,3888,8,2,1,20,30,6,Gasoline,0
42,486,3888,8,3,0,25,25,7,Hybrid,0
53,487,3889,1,1,1,20,30,8,Hybrid,0
12,487,3889,1,2,0,25,20,7,Gasoline,0
41,487,3889,1,3,0,20,25,7,Hybrid,0
15,487,3890,2,1,0,25,25,7,Gasoline,0
31,487,3890,2,2,1,15,25,6,Hybrid,0
53,487,3890,2,3,0,20,30,8,Hybrid,0
21,487,3891,3,1,0,25,20,8,Gasoline,0
35,487,3891,3,2,1,20,30,6,Hybrid,0
110,487,3891,3,3,0,20,20,6,Electric,200
112,487,3892,4,1,1,15,25,6,Electric,200
95,487,3892,4,2,0,20,25,7,Electric,150
20,487,3892,4,3,0,20,20,8,Gasoline,0
103,487,3893,5,1,0,15,25,8,Electric,150
23,487,3893,5,2,0,20,25,8,Gasoline,0
49,487,3893,5,3,1,15,25,8,Hybrid,0
88,487,3894,6,1,0,15,30,6,Electric,150
46,487,3894,6,2,1,15,20,8,Hybrid,0
10,487,3894,6,3,0,15,20,7,Gasoline,0
97,487,3895,7,1,0,15,30,7,Electric,150
7,487,3895,7,2,1,15,30,6,Gasoline,0
77,487,3895,7,3,0,20,25,8,Electric,100
107,487,3896,8,1,0,20,30,8,Electric,150
51,487,3896,8,2,0,25,25,8,Hybrid,0
64,487,3896,8,3,1,15,20,7,Electric,100
85,488,3897,1,1,1,15,25,6,Electric,150
45,488,3897,1,2,0,25,30,7,Hybrid,0
48,488,3897,1,3,0,25,20,8,Hybrid,0
143,488,3898,2,1,1,20,30,6,Electric,250
119,488,3898,2,2,0,20,20,7,Electric,200
14,488,3898,2,3,0,20,25,7,Gasoline,0
68,488,3899,3,1,0,20,25,7,Electric,100
111,488,3899,3,2,0,25,20,6,Electric,200
4,488,3899,3,3,1,15,25,6,Gasoline,0
28,488,3900,4,1,1,15,20,6,Hybrid,0
30,488,3900,4,2,0,25,20,6,Hybrid,0
9,488,3900,4,3,0,25,30,6,Gasoline,0
3,488,3901,5,1,0,25,20,6,Gasoline,0
132,488,3901,5,2,0,25,25,8,Electric,200
16,488,3901,5,3,1,15,30,7,Gasoline,0
28,488,3902,6,1,1,15,20,6,Hybrid,0
8,488,3902,6,2,0,20,30,6,Gasoline,0
11,488,3902,6,3,0,20,20,7,Gasoline,0
33,488,3903,7,1,0,25,25,6,Hybrid,0
79,488,3903,7,2,1,15,30,8,Electric,100
9,488,3903,7,3,0,25,30,6,Gasoline,0
22,488,3904,8,1,1,15,25,8,Gasoline,0
27,488,3904,8,2,0,25,30,8,Gasoline,0
127,488,3904,8,3,0,15,20,8,Electric,200
110,489,3905,1,1,0,20,20,6,Electric,200
11,489,3905,1,2,1,20,20,7,Gasoline,0
153,489,3905,1,3,0,25,30,7,Electric,250
46,489,3906,2,1,1,15,20,8,Hybrid,0
3,489,3906,2,2,0,25,20,6,Gasoline,0
38,489,3906,2,3,0,20,20,7,Hybrid,0
52,489,3907,3,1,1,15,30,8,Hybrid,0
82,489,3907,3,2,0,15,20,6,Electric,150
22,489,3907,3,3,0,15,25,8,Gasoline,0
53,489,3908,4,1,0,20,30,8,Hybrid,0
129,489,3908,4,2,0,25,20,8,Electric,200
25,489,3908,4,3,1,15,30,8,Gasoline,0
15,489,3909,5,1,0,25,25,7,Gasoline,0
41,489,3909,5,2,1,20,25,7,Hybrid,0
75,489,3909,5,3,0,25,20,8,Electric,100
29,489,3910,6,1,1,20,20,6,Hybrid,0
39,489,3910,6,2,0,25,20,7,Hybrid,0
60,489,3910,6,3,0,25,25,6,Electric,100
24,489,3911,7,1,0,25,25,8,Gasoline,0
31,489,3911,7,2,1,15,25,6,Hybrid,0
107,489,3911,7,3,0,20,30,8,Electric,150
76,489,3912,8,1,1,15,25,8,Electric,100
42,489,3912,8,2,0,25,25,7,Hybrid,0
24,489,3912,8,3,0,25,25,8,Gasoline,0
8,490,3913,1,1,0,20,30,6,Gasoline,0
151,490,3913,1,2,1,15,30,7,Electric,250
39,490,3913,1,3,0,25,20,7,Hybrid,0
43,490,3914,2,1,1,15,30,7,Hybrid,0
24,490,3914,2,2,0,25,25,8,Gasoline,0
108,490,3914,2,3,0,25,30,8,Electric,150
121,490,3915,3,1,1,15,25,7,Electric,200
5,490,3915,3,2,0,20,25,6,Gasoline,0
50,490,3915,3,3,0,20,25,8,Hybrid,0
17,490,3916,4,1,0,20,30,7,Gasoline,0
65,490,3916,4,2,0,20,20,7,Electric,100
19,490,3916,4,3,1,15,20,8,Gasoline,0
2,490,3917,5,1,0,20,20,6,Gasoline,0
34,490,3917,5,2,1,15,30,6,Hybrid,0
21,490,3917,5,3,0,25,20,8,Gasoline,0
24,490,3918,6,1,0,25,25,8,Gasoline,0
58,490,3918,6,2,0,15,25,6,Electric,100
61,490,3918,6,3,1,15,30,6,Electric,100
52,490,3919,7,1,1,15,30,8,Hybrid,0
40,490,3919,7,2,0,15,25,7,Hybrid,0
27,490,3919,7,3,0,25,30,8,Gasoline,0
45,490,3920,8,1,1,25,30,7,Hybrid,0
6,490,3920,8,2,0,25,25,6,Gasoline,0
68,490,3920,8,3,0,20,25,7,Electric,100
43,491,3921,1,1,1,15,30,7,Hybrid,0
121,491,3921,1,2,0,15,25,7,Electric,200
162,491,3921,1,3,0,25,30,8,Electric,250
7,491,3922,2,1,1,15,30,6,Gasoline,0
16,491,3922,2,2,0,15,30,7,Gasoline,0
52,491,3922,2,3,0,15,30,8,Hybrid,0
83,491,3923,3,1,1,20,20,6,Electric,150
3,491,3923,3,2,0,25,20,6,Gasoline,0
6,491,3923,3,3,0,25,25,6,Gasoline,0
4,491,3924,4,1,1,15,25,6,Gasoline,0
39,491,3924,4,2,0,25,20,7,Hybrid,0
54,491,3924,4,3,0,25,30,8,Hybrid,0
85,491,3925,5,1,0,15,25,6,Electric,150
34,491,3925,5,2,1,15,30,6,Hybrid,0
28,491,3925,5,3,0,15,20,6,Hybrid,0
15,491,3926,6,1,0,25,25,7,Gasoline,0
29,491,3926,6,2,0,20,20,6,Hybrid,0
124,491,3926,6,3,1,15,30,7,Electric,200
12,491,3927,7,1,0,25,20,7,Gasoline,0
27,491,3927,7,2,0,25,30,8,Gasoline,0
17,491,3927,7,3,1,20,30,7,Gasoline,0
4,491,3928,8,1,0,15,25,6,Gasoline,0
19,491,3928,8,2,0,15,20,8,Gasoline,0
136,491,3928,8,3,1,15,20,6,Electric,250
19,492,3929,1,1,1,15,20,8,Gasoline,0
60,492,3929,1,2,0,25,25,6,Electric,100
45,492,3929,1,3,0,25,30,7,Hybrid,0
108,492,3930,2,1,0,25,30,8,Electric,150
12,492,3930,2,2,0,25,20,7,Gasoline,0
37,492,3930,2,3,1,15,20,7,Hybrid,0
25,492,3931,3,1,1,15,30,8,Gasoline,0
27,492,3931,3,2,0,25,30,8,Gasoline,0
49,492,3931,3,3,0,15,25,8,Hybrid,0
5,492,3932,4,1,0,20,25,6,Gasoline,0
39,492,3932,4,2,0,25,20,7,Hybrid,0
50,492,3932,4,3,1,20,25,8,Hybrid,0
37,492,3933,5,1,1,15,20,7,Hybrid,0
21,492,3933,5,2,0,25,20,8,Gasoline,0
51,492,3933,5,3,0,25,25,8,Hybrid,0
7,492,3934,6,1,1,15,30,6,Gasoline,0
64,492,3934,6,2,0,15,20,7,Electric,100
48,492,3934,6,3,0,25,20,8,Hybrid,0
38,492,3935,7,1,1,20,20,7,Hybrid,0
23,492,3935,7,2,0,20,25,8,Gasoline,0
112,492,3935,7,3,0,15,25,6,Electric,200
16,492,3936,8,1,1,15,30,7,Gasoline,0
43,492,3936,8,2,0,15,30,7,Hybrid,0
47,492,3936,8,3,0,20,20,8,Hybrid,0
15,493,3937,1,1,0,25,25,7,Gasoline,0
10,493,3937,1,2,1,15,20,7,Gasoline,0
9,493,3937,1,3,0,25,30,6,Gasoline,0
161,493,3938,2,1,0,20,30,8,Electric,250
79,493,3938,2,2,0,15,30,8,Electric,100
64,493,3938,2,3,1,15,20,7,Electric,100
50,493,3939,3,1,0,20,25,8,Hybrid,0
76,493,3939,3,2,1,15,25,8,Electric,100
20,493,3939,3,3,0,20,20,8,Gasoline,0
8,493,3940,4,1,0,20,30,6,Gasoline,0
49,493,3940,4,2,1,15,25,8,Hybrid,0
47,493,3940,4,3,0,20,20,8,Hybrid,0
12,493,3941,5,1,0,25,20,7,Gasoline,0
123,493,3941,5,2,0,25,25,7,Electric,200
127,493,3941,5,3,1,15,20,8,Electric,200
35,493,3942,6,1,0,20,30,6,Hybrid,0
15,493,3942,6,2,0,25,25,7,Gasoline,0
52,493,3942,6,3,1,15,30,8,Hybrid,0
4,493,3943,7,1,0,15,25,6,Gasoline,0
26,493,3943,7,2,0,20,30,8,Gasoline,0
16,493,3943,7,3,1,15,30,7,Gasoline,0
17,493,3944,8,1,1,20,30,7,Gasoline,0
5,493,3944,8,2,0,20,25,6,Gasoline,0
42,493,3944,8,3,0,25,25,7,Hybrid,0
153,494,3945,1,1,0,25,30,7,Electric,250
46,494,3945,1,2,1,15,20,8,Hybrid,0
90,494,3945,1,3,0,25,30,6,Electric,150
31,494,3946,2,1,1,15,25,6,Hybrid,0
27,494,3946,2,2,0,25,30,8,Gasoline,0
18,494,3946,2,3,0,25,30,7,Gasoline,0
92,494,3947,3,1,0,20,20,7,Electric,150
16,494,3947,3,2,1,15,30,7,Gasoline,0
51,494,3947,3,3,0,25,25,8,Hybrid,0
34,494,3948,4,1,1,15,30,6,Hybrid,0
52,494,3948,4,2,0,15,30,8,Hybrid,0
5,494,3948,4,3,0,20,25,6,Gasoline,0
71,494,3949,5,1,0,20,30,7,Electric,100
125,494,3949,5,2,0,20,30,7,Electric,200
1,494,3949,5,3,1,15,20,6,Gasoline,0
44,494,3950,6,1,1,20,30,7,Hybrid,0
103,494,3950,6,2,0,15,25,8,Electric,150
13,494,3950,6,3,0,15,25,7,Gasoline,0
26,494,3951,7,1,0,20,30,8,Gasoline,0
142,494,3951,7,2,1,15,30,6,Electric,250
12,494,3951,7,3,0,25,20,7,Gasoline,0
89,494,3952,8,1,0,20,30,6,Electric,150
47,494,3952,8,2,0,20,20,8,Hybrid,0
52,494,3952,8,3,1,15,30,8,Hybrid,0
24,495,3953,1,1,0,25,25,8,Gasoline,0
10,495,3953,1,2,1,15,20,7,Gasoline,0
27,495,3953,1,3,0,25,30,8,Gasoline,0
54,495,3954,2,1,0,25,30,8,Hybrid,0
128,495,3954,2,2,0,20,20,8,Electric,200
112,495,3954,2,3,1,15,25,6,Electric,200
11,495,3955,3,1,0,20,20,7,Gasoline,0
49,495,3955,3,2,1,15,25,8,Hybrid,0
12,495,3955,3,3,0,25,20,7,Gasoline,0
18,495,3956,4,1,0,25,30,7,Gasoline,0
38,495,3956,4,2,1,20,20,7,Hybrid,0
23,495,3956,4,3,0,20,25,8,Gasoline,0
20,495,3957,5,1,0,20,20,8,Gasoline,0
10,495,3957,5,2,1,15,20,7,Gasoline,0
156,495,3957,5,3,0,25,20,8,Electric,250
20,495,3958,6,1,0,20,20,8,Gasoline,0
27,495,3958,6,2,0,25,30,8,Gasoline,0
154,495,3958,6,3,1,15,20,8,Electric,250
27,495,3959,7,1,0,25,30,8,Gasoline,0
35,495,3959,7,2,0,20,30,6,Hybrid,0
1,495,3959,7,3,1,15,20,6,Gasoline,0
141,495,3960,8,1,0,25,25,6,Electric,250
101,495,3960,8,2,0,20,20,8,Electric,150
124,495,3960,8,3,1,15,30,7,Electric,200
72,496,3961,1,1,0,25,30,7,Electric,100
52,496,3961,1,2,1,15,30,8,Hybrid,0
14,496,3961,1,3,0,20,25,7,Gasoline,0
43,496,3962,2,1,1,15,30,7,Hybrid,0
41,496,3962,2,2,0,20,25,7,Hybrid,0
11,496,3962,2,3,0,20,20,7,Gasoline,0
81,496,3963,3,1,0,25,30,8,Electric,100
35,496,3963,3,2,0,20,30,6,Hybrid,0
157,496,3963,3,3,1,15,25,8,Electric,250
66,496,3964,4,1,0,25,20,7,Electric,100
85,496,3964,4,2,1,15,25,6,Electric,150
38,496,3964,4,3,0,20,20,7,Hybrid,0
82,496,3965,5,1,1,15,20,6,Electric,150
50,496,3965,5,2,0,20,25,8,Hybrid,0
51,496,3965,5,3,0,25,25,8,Hybrid,0
7,496,3966,6,1,1,15,30,6,Gasoline,0
150,496,3966,6,2,0,25,25,7,Electric,250
59,496,3966,6,3,0,20,25,6,Electric,100
49,496,3967,7,1,1,15,25,8,Hybrid,0
20,496,3967,7,2,0,20,20,8,Gasoline,0
161,496,3967,7,3,0,20,30,8,Electric,250
42,496,3968,8,1,0,25,25,7,Hybrid,0
34,496,3968,8,2,1,15,30,6,Hybrid,0
119,496,3968,8,3,0,20,20,7,Electric,200
15,497,3969,1,1,0,25,25,7,Gasoline,0
67,497,3969,1,2,1,15,25,7,Electric,100
54,497,3969,1,3,0,25,30,8,Hybrid,0
9,497,3970,2,1,0,25,30,6,Gasoline,0
26,497,3970,2,2,0,20,30,8,Gasoline,0
62,497,3970,2,3,1,20,30,6,Electric,100
1,497,3971,3,1,1,15,20,6,Gasoline,0
52,497,3971,3,2,0,15,30,8,Hybrid,0
125,497,3971,3,3,0,20,30,7,Electric,200
37,497,3972,4,1,1,15,20,7,Hybrid,0
27,497,3972,4,2,0,25,30,8,Gasoline,0
141,497,3972,4,3,0,25,25,6,Electric,250
56,497,3973,5,1,0,20,20,6,Electric,100
54,497,3973,5,2,0,25,30,8,Hybrid,0
46,497,3973,5,3,1,15,20,8,Hybrid,0
118,497,3974,6,1,1,15,20,7,Electric,200
10,497,3974,6,2,0,15,20,7,Gasoline,0
13,497,3974,6,3,0,15,25,7,Gasoline,0
72,497,3975,7,1,0,25,30,7,Electric,100
44,497,3975,7,2,1,20,30,7,Hybrid,0
51,497,3975,7,3,0,25,25,8,Hybrid,0
31,497,3976,8,1,1,15,25,6,Hybrid,0
101,497,3976,8,2,0,20,20,8,Electric,150
11,497,3976,8,3,0,20,20,7,Gasoline,0
58,498,3977,1,1,0,15,25,6,Electric,100
47,498,3977,1,2,0,20,20,8,Hybrid,0
22,498,3977,1,3,1,15,25,8,Gasoline,0
33,498,3978,2,1,1,25,25,6,Hybrid,0
35,498,3978,2,2,0,20,30,6,Hybrid,0
1,498,3978,2,3,0,15,20,6,Gasoline,0
31,498,3979,3,1,0,15,25,6,Hybrid,0
25,498,3979,3,2,1,15,30,8,Gasoline,0
93,498,3979,3,3,0,25,20,7,Electric,150
2,498,3980,4,1,0,20,20,6,Gasoline,0
141,498,3980,4,2,0,25,25,6,Electric,250
47,498,3980,4,3,1,20,20,8,Hybrid,0
8,498,3981,5,1,0,20,30,6,Gasoline,0
113,498,3981,5,2,0,20,25,6,Electric,200
7,498,3981,5,3,1,15,30,6,Gasoline,0
48,498,3982,6,1,0,25,20,8,Hybrid,0
41,498,3982,6,2,1,20,25,7,Hybrid,0
12,498,3982,6,3,0,25,20,7,Gasoline,0
3,498,3983,7,1,0,25,20,6,Gasoline,0
35,498,3983,7,2,1,20,30,6,Hybrid,0
52,498,3983,7,3,0,15,30,8,Hybrid,0
46,498,3984,8,1,1,15,20,8,Hybrid,0
29,498,3984,8,2,0,20,20,6,Hybrid,0
6,498,3984,8,3,0,25,25,6,Gasoline,0
58,499,3985,1,1,0,15,25,6,Electric,100
62,499,3985,1,2,0,20,30,6,Electric,100
34,499,3985,1,3,1,15,30,6,Hybrid,0
23,499,3986,2,1,1,20,25,8,Gasoline,0
62,499,3986,2,2,0,20,30,6,Electric,100
17,499,3986,2,3,0,20,30,7,Gasoline,0
18,499,3987,3,1,0,25,30,7,Gasoline,0
29,499,3987,3,2,0,20,20,6,Hybrid,0
115,499,3987,3,3,1,15,30,6,Electric,200
150,499,3988,4,1,0,25,25,7,Electric,250
92,499,3988,4,2,0,20,20,7,Electric,150
8,499,3988,4,3,1,20,30,6,Gasoline,0
11,499,3989,5,1,0,20,20,7,Gasoline,0
15,499,3989,5,2,0,25,25,7,Gasoline,0
52,499,3989,5,3,1,15,30,8,Hybrid,0
90,499,3990,6,1,0,25,30,6,Electric,150
45,499,3990,6,2,0,25,30,7,Hybrid,0
46,499,3990,6,3,1,15,20,8,Hybrid,0
13,499,3991,7,1,0,15,25,7,Gasoline,0
30,499,3991,7,2,0,25,20,6,Hybrid,0
25,499,3991,7,3,1,15,30,8,Gasoline,0
24,499,3992,8,1,0,25,25,8,Gasoline,0
74,499,3992,8,2,1,20,20,8,Electric,100
15,499,3992,8,3,0,25,25,7,Gasoline,0
4,500,3993,1,1,1,15,25,6,Gasoline,0
39,500,3993,1,2,0,25,20,7,Hybrid,0
15,500,3993,1,3,0,25,25,7,Gasoline,0
155,500,3994,2,1,1,20,20,8,Electric,250
35,500,3994,2,2,0,20,30,6,Hybrid,0
149,500,3994,2,3,0,20,25,7,Electric,250
20,500,3995,3,1,1,20,20,8,Gasoline,0
36,500,3995,3,2,0,25,30,6,Hybrid,0
39,500,3995,3,3,0,25,20,7,Hybrid,0
24,500,3996,4,1,0,25,25,8,Gasoline,0
46,500,3996,4,2,1,15,20,8,Hybrid,0
30,500,3996,4,3,0,25,20,6,Hybrid,0
16,500,3997,5,1,1,15,30,7,Gasoline,0
128,500,3997,5,2,0,20,20,8,Electric,200
157,500,3997,5,3,0,15,25,8,Electric,250
156,500,3998,6,1,0,25,20,8,Electric,250
137,500,3998,6,2,0,20,20,6,Electric,250
25,500,3998,6,3,1,15,30,8,Gasoline,0
93,500,3999,7,1,0,25,20,7,Electric,150
37,500,3999,7,2,1,15,20,7,Hybrid,0
6,500,3999,7,3,0,25,25,6,Gasoline,0
54,500,4000,8,1,0,25,30,8,Hybrid,0
19,500,4000,8,2,1,15,20,8,Gasoline,0
143,500,4000,8,3,0,20,30,6,Electric,250
