profileID,respID,obsID,qID,altID,choice,price,fuelEconomy,accelTime,powertrain
67,1,1,1,1,0,15,25,7,Electric
81,1,1,1,2,0,25,30,8,Electric
76,1,1,1,3,1,15,25,8,Electric
45,1,2,2,1,0,25,30,7,Hybrid
75,1,2,2,2,1,25,20,8,Electric
70,1,2,2,3,0,15,30,7,Electric
81,1,3,3,1,0,25,30,8,Electric
20,1,3,3,2,1,20,20,8,Gasoline
51,1,3,3,3,0,25,25,8,Hybrid
60,1,4,4,1,0,25,25,6,Electric
42,1,4,4,2,0,25,25,7,Hybrid
2,1,4,4,3,1,20,20,6,Gasoline
59,1,5,5,1,0,20,25,6,Electric
32,1,5,5,2,1,20,25,6,Hybrid
50,1,5,5,3,0,20,25,8,Hybrid
60,1,6,6,1,0,25,25,6,Electric
30,1,6,6,2,0,25,20,6,Hybrid
68,1,6,6,3,1,20,25,7,Electric
58,1,7,7,1,0,15,25,6,Electric
63,1,7,7,2,1,25,30,6,Electric
55,1,7,7,3,0,15,20,6,Electric
49,1,8,8,1,1,15,25,8,Hybrid
61,1,8,8,2,0,15,30,6,Electric
3,1,8,8,3,0,25,20,6,Gasoline
55,2,9,1,1,1,15,20,6,Electric
15,2,9,1,2,0,25,25,7,Gasoline
62,2,9,1,3,0,20,30,6,Electric
20,2,10,2,1,1,20,20,8,Gasoline
74,2,10,2,2,0,20,20,8,Electric
15,2,10,2,3,0,25,25,7,Gasoline
69,2,11,3,1,0,25,25,7,Electric
25,2,11,3,2,0,15,30,8,Gasoline
42,2,11,3,3,1,25,25,7,Hybrid
12,2,12,4,1,0,25,20,7,Gasoline
34,2,12,4,2,0,15,30,6,Hybrid
49,2,12,4,3,1,15,25,8,Hybrid
66,2,13,5,1,0,25,20,7,Electric
77,2,13,5,2,0,20,25,8,Electric
45,2,13,5,3,1,25,30,7,Hybrid
28,2,14,6,1,1,15,20,6,Hybrid
29,2,14,6,2,0,20,20,6,Hybrid
22,2,14,6,3,0,15,25,8,Gasoline
23,2,15,7,1,1,20,25,8,Gasoline
1,2,15,7,2,0,15,20,6,Gasoline
51,2,15,7,3,0,25,25,8,Hybrid
16,2,16,8,1,1,15,30,7,Gasoline
36,2,16,8,2,0,25,30,6,Hybrid
54,2,16,8,3,0,25,30,8,Hybrid
79,3,17,1,1,1,15,30,8,Electric
72,3,17,1,2,0,25,30,7,Electric
77,3,17,1,3,0,20,25,8,Electric
67,3,18,2,1,1,15,25,7,Electric
37,3,18,2,2,0,15,20,7,Hybrid
51,3,18,2,3,0,25,25,8,Hybrid
34,3,19,3,1,1,15,30,6,Hybrid
54,3,19,3,2,0,25,30,8,Hybrid
18,3,19,3,3,0,25,30,7,Gasoline
17,3,20,4,1,1,20,30,7,Gasoline
69,3,20,4,2,0,25,25,7,Electric
75,3,20,4,3,0,25,20,8,Electric
65,3,21,5,1,1,20,20,7,Electric
21,3,21,5,2,0,25,20,8,Gasoline
51,3,21,5,3,0,25,25,8,Hybrid
77,3,22,6,1,0,20,25,8,Electric
48,3,22,6,2,1,25,20,8,Hybrid
60,3,22,6,3,0,25,25,6,Electric
55,3,23,7,1,0,15,20,6,Electric
75,3,23,7,2,0,25,20,8,Electric
37,3,23,7,3,1,15,20,7,Hybrid
69,3,24,8,1,0,25,25,7,Electric
66,3,24,8,2,0,25,20,7,Electric
59,3,24,8,3,1,20,25,6,Electric
4,4,25,1,1,0,15,25,6,Gasoline
51,4,25,1,2,0,25,25,8,Hybrid
62,4,25,1,3,1,20,30,6,Electric
22,4,26,2,1,1,15,25,8,Gasoline
23,4,26,2,2,0,20,25,8,Gasoline
58,4,26,2,3,0,15,25,6,Electric
26,4,27,3,1,1,20,30,8,Gasoline
32,4,27,3,2,0,20,25,6,Hybrid
80,4,27,3,3,0,20,30,8,Electric
61,4,28,4,1,1,15,30,6,Electric
66,4,28,4,2,0,25,20,7,Electric
18,4,28,4,3,0,25,30,7,Gasoline
70,4,29,5,1,0,15,30,7,Electric
33,4,29,5,2,0,25,25,6,Hybrid
56,4,29,5,3,1,20,20,6,Electric
39,4,30,6,1,1,25,20,7,Hybrid
72,4,30,6,2,0,25,30,7,Electric
63,4,30,6,3,0,25,30,6,Electric
30,4,31,7,1,1,25,20,6,Hybrid
24,4,31,7,2,0,25,25,8,Gasoline
3,4,31,7,3,0,25,20,6,Gasoline
22,4,32,8,1,1,15,25,8,Gasoline
77,4,32,8,2,0,20,25,8,Electric
48,4,32,8,3,0,25,20,8,Hybrid
54,5,33,1,1,1,25,30,8,Hybrid
27,5,33,1,2,0,25,30,8,Gasoline
72,5,33,1,3,0,25,30,7,Electric
69,5,34,2,1,1,25,25,7,Electric
61,5,34,2,2,0,15,30,6,Electric
78,5,34,2,3,0,25,25,8,Electric
49,5,35,3,1,0,15,25,8,Hybrid
5,5,35,3,2,0,20,25,6,Gasoline
7,5,35,3,3,1,15,30,6,Gasoline
17,5,36,4,1,0,20,30,7,Gasoline
73,5,36,4,2,1,15,20,8,Electric
12,5,36,4,3,0,25,20,7,Gasoline
35,5,37,5,1,0,20,30,6,Hybrid
79,5,37,5,2,0,15,30,8,Electric
49,5,37,5,3,1,15,25,8,Hybrid
37,5,38,6,1,1,15,20,7,Hybrid
16,5,38,6,2,0,15,30,7,Gasoline
75,5,38,6,3,0,25,20,8,Electric
75,5,39,7,1,0,25,20,8,Electric
73,5,39,7,2,1,15,20,8,Electric
8,5,39,7,3,0,20,30,6,Gasoline
53,5,40,8,1,0,20,30,8,Hybrid
19,5,40,8,2,0,15,20,8,Gasoline
1,5,40,8,3,1,15,20,6,Gasoline
39,6,41,1,1,1,25,20,7,Hybrid
79,6,41,1,2,0,15,30,8,Electric
60,6,41,1,3,0,25,25,6,Electric
41,6,42,2,1,0,20,25,7,Hybrid
7,6,42,2,2,1,15,30,6,Gasoline
47,6,42,2,3,0,20,20,8,Hybrid
27,6,43,3,1,0,25,30,8,Gasoline
45,6,43,3,2,0,25,30,7,Hybrid
44,6,43,3,3,1,20,30,7,Hybrid
76,6,44,4,1,0,15,25,8,Electric
21,6,44,4,2,0,25,20,8,Gasoline
47,6,44,4,3,1,20,20,8,Hybrid
53,6,45,5,1,1,20,30,8,Hybrid
65,6,45,5,2,0,20,20,7,Electric
9,6,45,5,3,0,25,30,6,Gasoline
55,6,46,6,1,1,15,20,6,Electric
48,6,46,6,2,0,25,20,8,Hybrid
75,6,46,6,3,0,25,20,8,Electric
44,6,47,7,1,1,20,30,7,Hybrid
30,6,47,7,2,0,25,20,6,Hybrid
12,6,47,7,3,0,25,20,7,Gasoline
20,6,48,8,1,1,20,20,8,Gasoline
34,6,48,8,2,0,15,30,6,Hybrid
30,6,48,8,3,0,25,20,6,Hybrid
57,7,49,1,1,0,25,20,6,Electric
35,7,49,1,2,1,20,30,6,Hybrid
3,7,49,1,3,0,25,20,6,Gasoline
27,7,50,2,1,0,25,30,8,Gasoline
80,7,50,2,2,0,20,30,8,Electric
42,7,50,2,3,1,25,25,7,Hybrid
51,7,51,3,1,0,25,25,8,Hybrid
74,7,51,3,2,0,20,20,8,Electric
22,7,51,3,3,1,15,25,8,Gasoline
73,7,52,4,1,0,15,20,8,Electric
65,7,52,4,2,0,20,20,7,Electric
53,7,52,4,3,1,20,30,8,Hybrid
58,7,53,5,1,0,15,25,6,Electric
5,7,53,5,2,1,20,25,6,Gasoline
6,7,53,5,3,0,25,25,6,Gasoline
59,7,54,6,1,0,20,25,6,Electric
4,7,54,6,2,1,15,25,6,Gasoline
12,7,54,6,3,0,25,20,7,Gasoline
45,7,55,7,1,1,25,30,7,Hybrid
78,7,55,7,2,0,25,25,8,Electric
69,7,55,7,3,0,25,25,7,Electric
70,7,56,8,1,0,15,30,7,Electric
73,7,56,8,2,1,15,20,8,Electric
11,7,56,8,3,0,20,20,7,Gasoline
78,8,57,1,1,0,25,25,8,Electric
67,8,57,1,2,0,15,25,7,Electric
41,8,57,1,3,1,20,25,7,Hybrid
56,8,58,2,1,0,20,20,6,Electric
42,8,58,2,2,1,25,25,7,Hybrid
48,8,58,2,3,0,25,20,8,Hybrid
66,8,59,3,1,1,25,20,7,Electric
26,8,59,3,2,0,20,30,8,Gasoline
80,8,59,3,3,0,20,30,8,Electric
31,8,60,4,1,1,15,25,6,Hybrid
78,8,60,4,2,0,25,25,8,Electric
14,8,60,4,3,0,20,25,7,Gasoline
41,8,61,5,1,1,20,25,7,Hybrid
12,8,61,5,2,0,25,20,7,Gasoline
47,8,61,5,3,0,20,20,8,Hybrid
45,8,62,6,1,0,25,30,7,Hybrid
2,8,62,6,2,0,20,20,6,Gasoline
20,8,62,6,3,1,20,20,8,Gasoline
73,8,63,7,1,0,15,20,8,Electric
61,8,63,7,2,0,15,30,6,Electric
44,8,63,7,3,1,20,30,7,Hybrid
29,8,64,8,1,0,20,20,6,Hybrid
20,8,64,8,2,0,20,20,8,Gasoline
8,8,64,8,3,1,20,30,6,Gasoline
62,9,65,1,1,0,20,30,6,Electric
2,9,65,1,2,1,20,20,6,Gasoline
80,9,65,1,3,0,20,30,8,Electric
6,9,66,2,1,0,25,25,6,Gasoline
81,9,66,2,2,0,25,30,8,Electric
63,9,66,2,3,1,25,30,6,Electric
36,9,67,3,1,0,25,30,6,Hybrid
58,9,67,3,2,0,15,25,6,Electric
4,9,67,3,3,1,15,25,6,Gasoline
8,9,68,4,1,0,20,30,6,Gasoline
38,9,68,4,2,1,20,20,7,Hybrid
41,9,68,4,3,0,20,25,7,Hybrid
57,9,69,5,1,0,25,20,6,Electric
22,9,69,5,2,1,15,25,8,Gasoline
80,9,69,5,3,0,20,30,8,Electric
24,9,70,6,1,0,25,25,8,Gasoline
2,9,70,6,2,0,20,20,6,Gasoline
13,9,70,6,3,1,15,25,7,Gasoline
44,9,71,7,1,1,20,30,7,Hybrid
8,9,71,7,2,0,20,30,6,Gasoline
14,9,71,7,3,0,20,25,7,Gasoline
42,9,72,8,1,0,25,25,7,Hybrid
15,9,72,8,2,0,25,25,7,Gasoline
14,9,72,8,3,1,20,25,7,Gasoline
32,10,73,1,1,0,20,25,6,Hybrid
74,10,73,1,2,0,20,20,8,Electric
43,10,73,1,3,1,15,30,7,Hybrid
37,10,74,2,1,1,15,20,7,Hybrid
3,10,74,2,2,0,25,20,6,Gasoline
6,10,74,2,3,0,25,25,6,Gasoline
25,10,75,3,1,1,15,30,8,Gasoline
68,10,75,3,2,0,20,25,7,Electric
11,10,75,3,3,0,20,20,7,Gasoline
40,10,76,4,1,1,15,25,7,Hybrid
11,10,76,4,2,0,20,20,7,Gasoline
34,10,76,4,3,0,15,30,6,Hybrid
46,10,77,5,1,0,15,20,8,Hybrid
17,10,77,5,2,0,20,30,7,Gasoline
34,10,77,5,3,1,15,30,6,Hybrid
15,10,78,6,1,0,25,25,7,Gasoline
37,10,78,6,2,1,15,20,7,Hybrid
65,10,78,6,3,0,20,20,7,Electric
42,10,79,7,1,1,25,25,7,Hybrid
72,10,79,7,2,0,25,30,7,Electric
80,10,79,7,3,0,20,30,8,Electric
54,10,80,8,1,0,25,30,8,Hybrid
8,10,80,8,2,0,20,30,6,Gasoline
32,10,80,8,3,1,20,25,6,Hybrid
3,11,81,1,1,0,25,20,6,Gasoline
76,11,81,1,2,0,15,25,8,Electric
26,11,81,1,3,1,20,30,8,Gasoline
20,11,82,2,1,0,20,20,8,Gasoline
14,11,82,2,2,0,20,25,7,Gasoline
5,11,82,2,3,1,20,25,6,Gasoline
23,11,83,3,1,1,20,25,8,Gasoline
67,11,83,3,2,0,15,25,7,Electric
54,11,83,3,3,0,25,30,8,Hybrid
47,11,84,4,1,0,20,20,8,Hybrid
55,11,84,4,2,0,15,20,6,Electric
62,11,84,4,3,1,20,30,6,Electric
35,11,85,5,1,0,20,30,6,Hybrid
63,11,85,5,2,0,25,30,6,Electric
64,11,85,5,3,1,15,20,7,Electric
60,11,86,6,1,0,25,25,6,Electric
20,11,86,6,2,0,20,20,8,Gasoline
34,11,86,6,3,1,15,30,6,Hybrid
14,11,87,7,1,1,20,25,7,Gasoline
2,11,87,7,2,0,20,20,6,Gasoline
58,11,87,7,3,0,15,25,6,Electric
59,11,88,8,1,0,20,25,6,Electric
28,11,88,8,2,1,15,20,6,Hybrid
72,11,88,8,3,0,25,30,7,Electric
76,12,89,1,1,1,15,25,8,Electric
78,12,89,1,2,0,25,25,8,Electric
9,12,89,1,3,0,25,30,6,Gasoline
21,12,90,2,1,0,25,20,8,Gasoline
25,12,90,2,2,1,15,30,8,Gasoline
32,12,90,2,3,0,20,25,6,Hybrid
57,12,91,3,1,0,25,20,6,Electric
38,12,91,3,2,1,20,20,7,Hybrid
30,12,91,3,3,0,25,20,6,Hybrid
30,12,92,4,1,0,25,20,6,Hybrid
57,12,92,4,2,1,25,20,6,Electric
35,12,92,4,3,0,20,30,6,Hybrid
28,12,93,5,1,0,15,20,6,Hybrid
33,12,93,5,2,0,25,25,6,Hybrid
1,12,93,5,3,1,15,20,6,Gasoline
9,12,94,6,1,1,25,30,6,Gasoline
46,12,94,6,2,0,15,20,8,Hybrid
67,12,94,6,3,0,15,25,7,Electric
55,12,95,7,1,1,15,20,6,Electric
14,12,95,7,2,0,20,25,7,Gasoline
48,12,95,7,3,0,25,20,8,Hybrid
41,12,96,8,1,1,20,25,7,Hybrid
39,12,96,8,2,0,25,20,7,Hybrid
60,12,96,8,3,0,25,25,6,Electric
29,13,97,1,1,1,20,20,6,Hybrid
24,13,97,1,2,0,25,25,8,Gasoline
45,13,97,1,3,0,25,30,7,Hybrid
36,13,98,2,1,0,25,30,6,Hybrid
54,13,98,2,2,0,25,30,8,Hybrid
25,13,98,2,3,1,15,30,8,Gasoline
27,13,99,3,1,1,25,30,8,Gasoline
58,13,99,3,2,0,15,25,6,Electric
14,13,99,3,3,0,20,25,7,Gasoline
60,13,100,4,1,0,25,25,6,Electric
15,13,100,4,2,0,25,25,7,Gasoline
59,13,100,4,3,1,20,25,6,Electric
34,13,101,5,1,1,15,30,6,Hybrid
1,13,101,5,2,0,15,20,6,Gasoline
15,13,101,5,3,0,25,25,7,Gasoline
80,13,102,6,1,1,20,30,8,Electric
58,13,102,6,2,0,15,25,6,Electric
17,13,102,6,3,0,20,30,7,Gasoline
48,13,103,7,1,1,25,20,8,Hybrid
65,13,103,7,2,0,20,20,7,Electric
59,13,103,7,3,0,20,25,6,Electric
45,13,104,8,1,1,25,30,7,Hybrid
15,13,104,8,2,0,25,25,7,Gasoline
9,13,104,8,3,0,25,30,6,Gasoline
58,14,105,1,1,0,15,25,6,Electric
61,14,105,1,2,1,15,30,6,Electric
18,14,105,1,3,0,25,30,7,Gasoline
60,14,106,2,1,0,25,25,6,Electric
42,14,106,2,2,1,25,25,7,Hybrid
15,14,106,2,3,0,25,25,7,Gasoline
9,14,107,3,1,1,25,30,6,Gasoline
17,14,107,3,2,0,20,30,7,Gasoline
51,14,107,3,3,0,25,25,8,Hybrid
7,14,108,4,1,0,15,30,6,Gasoline
77,14,108,4,2,1,20,25,8,Electric
15,14,108,4,3,0,25,25,7,Gasoline
42,14,109,5,1,0,25,25,7,Hybrid
69,14,109,5,2,0,25,25,7,Electric
64,14,109,5,3,1,15,20,7,Electric
32,14,110,6,1,1,20,25,6,Hybrid
55,14,110,6,2,0,15,20,6,Electric
73,14,110,6,3,0,15,20,8,Electric
80,14,111,7,1,0,20,30,8,Electric
40,14,111,7,2,1,15,25,7,Hybrid
25,14,111,7,3,0,15,30,8,Gasoline
66,14,112,8,1,0,25,20,7,Electric
17,14,112,8,2,0,20,30,7,Gasoline
8,14,112,8,3,1,20,30,6,Gasoline
8,15,113,1,1,0,20,30,6,Gasoline
55,15,113,1,2,1,15,20,6,Electric
31,15,113,1,3,0,15,25,6,Hybrid
31,15,114,2,1,1,15,25,6,Hybrid
18,15,114,2,2,0,25,30,7,Gasoline
64,15,114,2,3,0,15,20,7,Electric
46,15,115,3,1,1,15,20,8,Hybrid
51,15,115,3,2,0,25,25,8,Hybrid
44,15,115,3,3,0,20,30,7,Hybrid
27,15,116,4,1,0,25,30,8,Gasoline
44,15,116,4,2,1,20,30,7,Hybrid
42,15,116,4,3,0,25,25,7,Hybrid
69,15,117,5,1,0,25,25,7,Electric
50,15,117,5,2,0,20,25,8,Hybrid
61,15,117,5,3,1,15,30,6,Electric
44,15,118,6,1,1,20,30,7,Hybrid
20,15,118,6,2,0,20,20,8,Gasoline
79,15,118,6,3,0,15,30,8,Electric
2,15,119,7,1,1,20,20,6,Gasoline
5,15,119,7,2,0,20,25,6,Gasoline
76,15,119,7,3,0,15,25,8,Electric
67,15,120,8,1,0,15,25,7,Electric
48,15,120,8,2,0,25,20,8,Hybrid
80,15,120,8,3,1,20,30,8,Electric
52,16,121,1,1,1,15,30,8,Hybrid
24,16,121,1,2,0,25,25,8,Gasoline
42,16,121,1,3,0,25,25,7,Hybrid
30,16,122,2,1,0,25,20,6,Hybrid
24,16,122,2,2,1,25,25,8,Gasoline
20,16,122,2,3,0,20,20,8,Gasoline
58,16,123,3,1,1,15,25,6,Electric
36,16,123,3,2,0,25,30,6,Hybrid
71,16,123,3,3,0,20,30,7,Electric
47,16,124,4,1,0,20,20,8,Hybrid
79,16,124,4,2,0,15,30,8,Electric
43,16,124,4,3,1,15,30,7,Hybrid
66,16,125,5,1,0,25,20,7,Electric
45,16,125,5,2,0,25,30,7,Hybrid
29,16,125,5,3,1,20,20,6,Hybrid
73,16,126,6,1,0,15,20,8,Electric
80,16,126,6,2,1,20,30,8,Electric
63,16,126,6,3,0,25,30,6,Electric
53,16,127,7,1,0,20,30,8,Hybrid
14,16,127,7,2,1,20,25,7,Gasoline
46,16,127,7,3,0,15,20,8,Hybrid
20,16,128,8,1,1,20,20,8,Gasoline
65,16,128,8,2,0,20,20,7,Electric
12,16,128,8,3,0,25,20,7,Gasoline
61,17,129,1,1,0,15,30,6,Electric
57,17,129,1,2,0,25,20,6,Electric
6,17,129,1,3,1,25,25,6,Gasoline
34,17,130,2,1,1,15,30,6,Hybrid
14,17,130,2,2,0,20,25,7,Gasoline
47,17,130,2,3,0,20,20,8,Hybrid
26,17,131,3,1,1,20,30,8,Gasoline
48,17,131,3,2,0,25,20,8,Hybrid
23,17,131,3,3,0,20,25,8,Gasoline
29,17,132,4,1,0,20,20,6,Hybrid
19,17,132,4,2,1,15,20,8,Gasoline
74,17,132,4,3,0,20,20,8,Electric
66,17,133,5,1,0,25,20,7,Electric
51,17,133,5,2,0,25,25,8,Hybrid
25,17,133,5,3,1,15,30,8,Gasoline
29,17,134,6,1,0,20,20,6,Hybrid
6,17,134,6,2,0,25,25,6,Gasoline
28,17,134,6,3,1,15,20,6,Hybrid
50,17,135,7,1,0,20,25,8,Hybrid
61,17,135,7,2,1,15,30,6,Electric
59,17,135,7,3,0,20,25,6,Electric
57,17,136,8,1,0,25,20,6,Electric
13,17,136,8,2,1,15,25,7,Gasoline
3,17,136,8,3,0,25,20,6,Gasoline
57,18,137,1,1,0,25,20,6,Electric
32,18,137,1,2,1,20,25,6,Hybrid
81,18,137,1,3,0,25,30,8,Electric
47,18,138,2,1,0,20,20,8,Hybrid
80,18,138,2,2,0,20,30,8,Electric
18,18,138,2,3,1,25,30,7,Gasoline
80,18,139,3,1,0,20,30,8,Electric
72,18,139,3,2,0,25,30,7,Electric
69,18,139,3,3,1,25,25,7,Electric
55,18,140,4,1,1,15,20,6,Electric
54,18,140,4,2,0,25,30,8,Hybrid
77,18,140,4,3,0,20,25,8,Electric
5,18,141,5,1,0,20,25,6,Gasoline
79,18,141,5,2,1,15,30,8,Electric
68,18,141,5,3,0,20,25,7,Electric
7,18,142,6,1,0,15,30,6,Gasoline
2,18,142,6,2,1,20,20,6,Gasoline
56,18,142,6,3,0,20,20,6,Electric
11,18,143,7,1,1,20,20,7,Gasoline
21,18,143,7,2,0,25,20,8,Gasoline
81,18,143,7,3,0,25,30,8,Electric
9,18,144,8,1,1,25,30,6,Gasoline
3,18,144,8,2,0,25,20,6,Gasoline
15,18,144,8,3,0,25,25,7,Gasoline
45,19,145,1,1,0,25,30,7,Hybrid
35,19,145,1,2,1,20,30,6,Hybrid
41,19,145,1,3,0,20,25,7,Hybrid
32,19,146,2,1,0,20,25,6,Hybrid
80,19,146,2,2,1,20,30,8,Electric
3,19,146,2,3,0,25,20,6,Gasoline
60,19,147,3,1,0,25,25,6,Electric
68,19,147,3,2,0,20,25,7,Electric
14,19,147,3,3,1,20,25,7,Gasoline
68,19,148,4,1,0,20,25,7,Electric
67,19,148,4,2,0,15,25,7,Electric
24,19,148,4,3,1,25,25,8,Gasoline
29,19,149,5,1,0,20,20,6,Hybrid
13,19,149,5,2,1,15,25,7,Gasoline
57,19,149,5,3,0,25,20,6,Electric
9,19,150,6,1,1,25,30,6,Gasoline
28,19,150,6,2,0,15,20,6,Hybrid
66,19,150,6,3,0,25,20,7,Electric
19,19,151,7,1,1,15,20,8,Gasoline
8,19,151,7,2,0,20,30,6,Gasoline
81,19,151,7,3,0,25,30,8,Electric
50,19,152,8,1,0,20,25,8,Hybrid
42,19,152,8,2,0,25,25,7,Hybrid
76,19,152,8,3,1,15,25,8,Electric
13,20,153,1,1,1,15,25,7,Gasoline
18,20,153,1,2,0,25,30,7,Gasoline
44,20,153,1,3,0,20,30,7,Hybrid
20,20,154,2,1,1,20,20,8,Gasoline
53,20,154,2,2,0,20,30,8,Hybrid
14,20,154,2,3,0,20,25,7,Gasoline
54,20,155,3,1,0,25,30,8,Hybrid
30,20,155,3,2,1,25,20,6,Hybrid
26,20,155,3,3,0,20,30,8,Gasoline
11,20,156,4,1,0,20,20,7,Gasoline
39,20,156,4,2,0,25,20,7,Hybrid
31,20,156,4,3,1,15,25,6,Hybrid
41,20,157,5,1,1,20,25,7,Hybrid
66,20,157,5,2,0,25,20,7,Electric
45,20,157,5,3,0,25,30,7,Hybrid
76,20,158,6,1,0,15,25,8,Electric
32,20,158,6,2,0,20,25,6,Hybrid
11,20,158,6,3,1,20,20,7,Gasoline
59,20,159,7,1,0,20,25,6,Electric
65,20,159,7,2,0,20,20,7,Electric
24,20,159,7,3,1,25,25,8,Gasoline
13,20,160,8,1,1,15,25,7,Gasoline
26,20,160,8,2,0,20,30,8,Gasoline
67,20,160,8,3,0,15,25,7,Electric
66,21,161,1,1,0,25,20,7,Electric
56,21,161,1,2,1,20,20,6,Electric
33,21,161,1,3,0,25,25,6,Hybrid
30,21,162,2,1,0,25,20,6,Hybrid
75,21,162,2,2,0,25,20,8,Electric
38,21,162,2,3,1,20,20,7,Hybrid
1,21,163,3,1,1,15,20,6,Gasoline
36,21,163,3,2,0,25,30,6,Hybrid
21,21,163,3,3,0,25,20,8,Gasoline
4,21,164,4,1,1,15,25,6,Gasoline
44,21,164,4,2,0,20,30,7,Hybrid
28,21,164,4,3,0,15,20,6,Hybrid
2,21,165,5,1,1,20,20,6,Gasoline
15,21,165,5,2,0,25,25,7,Gasoline
31,21,165,5,3,0,15,25,6,Hybrid
51,21,166,6,1,0,25,25,8,Hybrid
60,21,166,6,2,0,25,25,6,Electric
37,21,166,6,3,1,15,20,7,Hybrid
7,21,167,7,1,1,15,30,6,Gasoline
12,21,167,7,2,0,25,20,7,Gasoline
69,21,167,7,3,0,25,25,7,Electric
76,21,168,8,1,0,15,25,8,Electric
40,21,168,8,2,1,15,25,7,Hybrid
32,21,168,8,3,0,20,25,6,Hybrid
18,22,169,1,1,1,25,30,7,Gasoline
2,22,169,1,2,0,20,20,6,Gasoline
24,22,169,1,3,0,25,25,8,Gasoline
42,22,170,2,1,0,25,25,7,Hybrid
50,22,170,2,2,0,20,25,8,Hybrid
22,22,170,2,3,1,15,25,8,Gasoline
35,22,171,3,1,0,20,30,6,Hybrid
68,22,171,3,2,0,20,25,7,Electric
25,22,171,3,3,1,15,30,8,Gasoline
42,22,172,4,1,0,25,25,7,Hybrid
44,22,172,4,2,1,20,30,7,Hybrid
6,22,172,4,3,0,25,25,6,Gasoline
35,22,173,5,1,1,20,30,6,Hybrid
38,22,173,5,2,0,20,20,7,Hybrid
17,22,173,5,3,0,20,30,7,Gasoline
40,22,174,6,1,0,15,25,7,Hybrid
81,22,174,6,2,0,25,30,8,Electric
16,22,174,6,3,1,15,30,7,Gasoline
1,22,175,7,1,1,15,20,6,Gasoline
12,22,175,7,2,0,25,20,7,Gasoline
27,22,175,7,3,0,25,30,8,Gasoline
54,22,176,8,1,1,25,30,8,Hybrid
32,22,176,8,2,0,20,25,6,Hybrid
55,22,176,8,3,0,15,20,6,Electric
33,23,177,1,1,0,25,25,6,Hybrid
67,23,177,1,2,0,15,25,7,Electric
8,23,177,1,3,1,20,30,6,Gasoline
55,23,178,2,1,0,15,20,6,Electric
46,23,178,2,2,0,15,20,8,Hybrid
49,23,178,2,3,1,15,25,8,Hybrid
54,23,179,3,1,0,25,30,8,Hybrid
48,23,179,3,2,0,25,20,8,Hybrid
40,23,179,3,3,1,15,25,7,Hybrid
22,23,180,4,1,1,15,25,8,Gasoline
8,23,180,4,2,0,20,30,6,Gasoline
57,23,180,4,3,0,25,20,6,Electric
60,23,181,5,1,0,25,25,6,Electric
68,23,181,5,2,1,20,25,7,Electric
37,23,181,5,3,0,15,20,7,Hybrid
47,23,182,6,1,1,20,20,8,Hybrid
17,23,182,6,2,0,20,30,7,Gasoline
32,23,182,6,3,0,20,25,6,Hybrid
16,23,183,7,1,1,15,30,7,Gasoline
30,23,183,7,2,0,25,20,6,Hybrid
29,23,183,7,3,0,20,20,6,Hybrid
69,23,184,8,1,0,25,25,7,Electric
40,23,184,8,2,1,15,25,7,Hybrid
45,23,184,8,3,0,25,30,7,Hybrid
40,24,185,1,1,1,15,25,7,Hybrid
27,24,185,1,2,0,25,30,8,Gasoline
74,24,185,1,3,0,20,20,8,Electric
15,24,186,2,1,0,25,25,7,Gasoline
56,24,186,2,2,0,20,20,6,Electric
14,24,186,2,3,1,20,25,7,Gasoline
51,24,187,3,1,0,25,25,8,Hybrid
68,24,187,3,2,0,20,25,7,Electric
10,24,187,3,3,1,15,20,7,Gasoline
75,24,188,4,1,0,25,20,8,Electric
53,24,188,4,2,0,20,30,8,Hybrid
22,24,188,4,3,1,15,25,8,Gasoline
60,24,189,5,1,0,25,25,6,Electric
57,24,189,5,2,0,25,20,6,Electric
10,24,189,5,3,1,15,20,7,Gasoline
54,24,190,6,1,0,25,30,8,Hybrid
35,24,190,6,2,0,20,30,6,Hybrid
75,24,190,6,3,1,25,20,8,Electric
54,24,191,7,1,0,25,30,8,Hybrid
55,24,191,7,2,0,15,20,6,Electric
79,24,191,7,3,1,15,30,8,Electric
66,24,192,8,1,0,25,20,7,Electric
14,24,192,8,2,0,20,25,7,Gasoline
35,24,192,8,3,1,20,30,6,Hybrid
30,25,193,1,1,0,25,20,6,Hybrid
32,25,193,1,2,1,20,25,6,Hybrid
81,25,193,1,3,0,25,30,8,Electric
75,25,194,2,1,0,25,20,8,Electric
43,25,194,2,2,1,15,30,7,Hybrid
51,25,194,2,3,0,25,25,8,Hybrid
69,25,195,3,1,0,25,25,7,Electric
46,25,195,3,2,1,15,20,8,Hybrid
2,25,195,3,3,0,20,20,6,Gasoline
29,25,196,4,1,0,20,20,6,Hybrid
79,25,196,4,2,0,15,30,8,Electric
46,25,196,4,3,1,15,20,8,Hybrid
11,25,197,5,1,0,20,20,7,Gasoline
55,25,197,5,2,1,15,20,6,Electric
29,25,197,5,3,0,20,20,6,Hybrid
44,25,198,6,1,0,20,30,7,Hybrid
35,25,198,6,2,0,20,30,6,Hybrid
43,25,198,6,3,1,15,30,7,Hybrid
22,25,199,7,1,0,15,25,8,Gasoline
23,25,199,7,2,0,20,25,8,Gasoline
5,25,199,7,3,1,20,25,6,Gasoline
49,25,200,8,1,0,15,25,8,Hybrid
66,25,200,8,2,0,25,20,7,Electric
52,25,200,8,3,1,15,30,8,Hybrid
54,26,201,1,1,0,25,30,8,Hybrid
28,26,201,1,2,1,15,20,6,Hybrid
50,26,201,1,3,0,20,25,8,Hybrid
38,26,202,2,1,0,20,20,7,Hybrid
49,26,202,2,2,0,15,25,8,Hybrid
35,26,202,2,3,1,20,30,6,Hybrid
15,26,203,3,1,0,25,25,7,Gasoline
45,26,203,3,2,0,25,30,7,Hybrid
48,26,203,3,3,1,25,20,8,Hybrid
29,26,204,4,1,0,20,20,6,Hybrid
46,26,204,4,2,1,15,20,8,Hybrid
2,26,204,4,3,0,20,20,6,Gasoline
13,26,205,5,1,0,15,25,7,Gasoline
50,26,205,5,2,1,20,25,8,Hybrid
10,26,205,5,3,0,15,20,7,Gasoline
44,26,206,6,1,0,20,30,7,Hybrid
25,26,206,6,2,1,15,30,8,Gasoline
39,26,206,6,3,0,25,20,7,Hybrid
63,26,207,7,1,0,25,30,6,Electric
1,26,207,7,2,1,15,20,6,Gasoline
75,26,207,7,3,0,25,20,8,Electric
45,26,208,8,1,0,25,30,7,Hybrid
51,26,208,8,2,0,25,25,8,Hybrid
56,26,208,8,3,1,20,20,6,Electric
64,27,209,1,1,0,15,20,7,Electric
70,27,209,1,2,1,15,30,7,Electric
66,27,209,1,3,0,25,20,7,Electric
56,27,210,2,1,0,20,20,6,Electric
64,27,210,2,2,0,15,20,7,Electric
19,27,210,2,3,1,15,20,8,Gasoline
30,27,211,3,1,1,25,20,6,Hybrid
39,27,211,3,2,0,25,20,7,Hybrid
24,27,211,3,3,0,25,25,8,Gasoline
28,27,212,4,1,1,15,20,6,Hybrid
7,27,212,4,2,0,15,30,6,Gasoline
61,27,212,4,3,0,15,30,6,Electric
65,27,213,5,1,0,20,20,7,Electric
28,27,213,5,2,1,15,20,6,Hybrid
5,27,213,5,3,0,20,25,6,Gasoline
62,27,214,6,1,1,20,30,6,Electric
69,27,214,6,2,0,25,25,7,Electric
65,27,214,6,3,0,20,20,7,Electric
81,27,215,7,1,0,25,30,8,Electric
64,27,215,7,2,0,15,20,7,Electric
24,27,215,7,3,1,25,25,8,Gasoline
60,27,216,8,1,0,25,25,6,Electric
43,27,216,8,2,1,15,30,7,Hybrid
79,27,216,8,3,0,15,30,8,Electric
42,28,217,1,1,0,25,25,7,Hybrid
27,28,217,1,2,0,25,30,8,Gasoline
11,28,217,1,3,1,20,20,7,Gasoline
1,28,218,2,1,1,15,20,6,Gasoline
45,28,218,2,2,0,25,30,7,Hybrid
48,28,218,2,3,0,25,20,8,Hybrid
9,28,219,3,1,0,25,30,6,Gasoline
17,28,219,3,2,1,20,30,7,Gasoline
72,28,219,3,3,0,25,30,7,Electric
79,28,220,4,1,0,15,30,8,Electric
35,28,220,4,2,0,20,30,6,Hybrid
37,28,220,4,3,1,15,20,7,Hybrid
48,28,221,5,1,0,25,20,8,Hybrid
37,28,221,5,2,1,15,20,7,Hybrid
78,28,221,5,3,0,25,25,8,Electric
53,28,222,6,1,1,20,30,8,Hybrid
37,28,222,6,2,0,15,20,7,Hybrid
2,28,222,6,3,0,20,20,6,Gasoline
68,28,223,7,1,1,20,25,7,Electric
15,28,223,7,2,0,25,25,7,Gasoline
81,28,223,7,3,0,25,30,8,Electric
36,28,224,8,1,1,25,30,6,Hybrid
79,28,224,8,2,0,15,30,8,Electric
77,28,224,8,3,0,20,25,8,Electric
56,29,225,1,1,0,20,20,6,Electric
13,29,225,1,2,1,15,25,7,Gasoline
37,29,225,1,3,0,15,20,7,Hybrid
53,29,226,2,1,1,20,30,8,Hybrid
13,29,226,2,2,0,15,25,7,Gasoline
18,29,226,2,3,0,25,30,7,Gasoline
56,29,227,3,1,0,20,20,6,Electric
68,29,227,3,2,0,20,25,7,Electric
15,29,227,3,3,1,25,25,7,Gasoline
2,29,228,4,1,1,20,20,6,Gasoline
21,29,228,4,2,0,25,20,8,Gasoline
15,29,228,4,3,0,25,25,7,Gasoline
17,29,229,5,1,0,20,30,7,Gasoline
11,29,229,5,2,1,20,20,7,Gasoline
26,29,229,5,3,0,20,30,8,Gasoline
25,29,230,6,1,1,15,30,8,Gasoline
12,29,230,6,2,0,25,20,7,Gasoline
36,29,230,6,3,0,25,30,6,Hybrid
60,29,231,7,1,0,25,25,6,Electric
75,29,231,7,2,0,25,20,8,Electric
63,29,231,7,3,1,25,30,6,Electric
38,29,232,8,1,1,20,20,7,Hybrid
41,29,232,8,2,0,20,25,7,Hybrid
50,29,232,8,3,0,20,25,8,Hybrid
69,30,233,1,1,0,25,25,7,Electric
56,30,233,1,2,0,20,20,6,Electric
64,30,233,1,3,1,15,20,7,Electric
69,30,234,2,1,0,25,25,7,Electric
21,30,234,2,2,0,25,20,8,Gasoline
49,30,234,2,3,1,15,25,8,Hybrid
48,30,235,3,1,0,25,20,8,Hybrid
79,30,235,3,2,1,15,30,8,Electric
29,30,235,3,3,0,20,20,6,Hybrid
63,30,236,4,1,0,25,30,6,Electric
71,30,236,4,2,1,20,30,7,Electric
60,30,236,4,3,0,25,25,6,Electric
53,30,237,5,1,0,20,30,8,Hybrid
34,30,237,5,2,1,15,30,6,Hybrid
65,30,237,5,3,0,20,20,7,Electric
20,30,238,6,1,0,20,20,8,Gasoline
13,30,238,6,2,1,15,25,7,Gasoline
6,30,238,6,3,0,25,25,6,Gasoline
42,30,239,7,1,0,25,25,7,Hybrid
7,30,239,7,2,1,15,30,6,Gasoline
54,30,239,7,3,0,25,30,8,Hybrid
52,30,240,8,1,0,15,30,8,Hybrid
7,30,240,8,2,1,15,30,6,Gasoline
28,30,240,8,3,0,15,20,6,Hybrid
6,31,241,1,1,0,25,25,6,Gasoline
55,31,241,1,2,0,15,20,6,Electric
62,31,241,1,3,1,20,30,6,Electric
39,31,242,2,1,0,25,20,7,Hybrid
70,31,242,2,2,1,15,30,7,Electric
64,31,242,2,3,0,15,20,7,Electric
56,31,243,3,1,0,20,20,6,Electric
72,31,243,3,2,0,25,30,7,Electric
32,31,243,3,3,1,20,25,6,Hybrid
24,31,244,4,1,0,25,25,8,Gasoline
57,31,244,4,2,0,25,20,6,Electric
11,31,244,4,3,1,20,20,7,Gasoline
81,31,245,5,1,1,25,30,8,Electric
39,31,245,5,2,0,25,20,7,Hybrid
61,31,245,5,3,0,15,30,6,Electric
18,31,246,6,1,1,25,30,7,Gasoline
57,31,246,6,2,0,25,20,6,Electric
33,31,246,6,3,0,25,25,6,Hybrid
47,31,247,7,1,0,20,20,8,Hybrid
22,31,247,7,2,1,15,25,8,Gasoline
60,31,247,7,3,0,25,25,6,Electric
59,31,248,8,1,0,20,25,6,Electric
25,31,248,8,2,1,15,30,8,Gasoline
11,31,248,8,3,0,20,20,7,Gasoline
21,32,249,1,1,0,25,20,8,Gasoline
66,32,249,1,2,1,25,20,7,Electric
24,32,249,1,3,0,25,25,8,Gasoline
33,32,250,2,1,0,25,25,6,Hybrid
34,32,250,2,2,1,15,30,6,Hybrid
64,32,250,2,3,0,15,20,7,Electric
13,32,251,3,1,0,15,25,7,Gasoline
8,32,251,3,2,0,20,30,6,Gasoline
55,32,251,3,3,1,15,20,6,Electric
19,32,252,4,1,1,15,20,8,Gasoline
75,32,252,4,2,0,25,20,8,Electric
80,32,252,4,3,0,20,30,8,Electric
15,32,253,5,1,0,25,25,7,Gasoline
42,32,253,5,2,0,25,25,7,Hybrid
13,32,253,5,3,1,15,25,7,Gasoline
27,32,254,6,1,0,25,30,8,Gasoline
42,32,254,6,2,1,25,25,7,Hybrid
58,32,254,6,3,0,15,25,6,Electric
60,32,255,7,1,0,25,25,6,Electric
73,32,255,7,2,1,15,20,8,Electric
9,32,255,7,3,0,25,30,6,Gasoline
64,32,256,8,1,0,15,20,7,Electric
14,32,256,8,2,0,20,25,7,Gasoline
52,32,256,8,3,1,15,30,8,Hybrid
8,33,257,1,1,1,20,30,6,Gasoline
2,33,257,1,2,0,20,20,6,Gasoline
30,33,257,1,3,0,25,20,6,Hybrid
71,33,258,2,1,1,20,30,7,Electric
57,33,258,2,2,0,25,20,6,Electric
48,33,258,2,3,0,25,20,8,Hybrid
41,33,259,3,1,0,20,25,7,Hybrid
15,33,259,3,2,1,25,25,7,Gasoline
68,33,259,3,3,0,20,25,7,Electric
76,33,260,4,1,1,15,25,8,Electric
14,33,260,4,2,0,20,25,7,Gasoline
4,33,260,4,3,0,15,25,6,Gasoline
3,33,261,5,1,1,25,20,6,Gasoline
45,33,261,5,2,0,25,30,7,Hybrid
80,33,261,5,3,0,20,30,8,Electric
20,33,262,6,1,0,20,20,8,Gasoline
64,33,262,6,2,0,15,20,7,Electric
46,33,262,6,3,1,15,20,8,Hybrid
23,33,263,7,1,0,20,25,8,Gasoline
38,33,263,7,2,0,20,20,7,Hybrid
37,33,263,7,3,1,15,20,7,Hybrid
12,33,264,8,1,0,25,20,7,Gasoline
10,33,264,8,2,0,15,20,7,Gasoline
28,33,264,8,3,1,15,20,6,Hybrid
62,34,265,1,1,0,20,30,6,Electric
78,34,265,1,2,0,25,25,8,Electric
60,34,265,1,3,1,25,25,6,Electric
21,34,266,2,1,0,25,20,8,Gasoline
49,34,266,2,2,1,15,25,8,Hybrid
51,34,266,2,3,0,25,25,8,Hybrid
81,34,267,3,1,0,25,30,8,Electric
11,34,267,3,2,1,20,20,7,Gasoline
14,34,267,3,3,0,20,25,7,Gasoline
17,34,268,4,1,0,20,30,7,Gasoline
80,34,268,4,2,0,20,30,8,Electric
76,34,268,4,3,1,15,25,8,Electric
61,34,269,5,1,0,15,30,6,Electric
5,34,269,5,2,0,20,25,6,Gasoline
7,34,269,5,3,1,15,30,6,Gasoline
77,34,270,6,1,0,20,25,8,Electric
80,34,270,6,2,0,20,30,8,Electric
5,34,270,6,3,1,20,25,6,Gasoline
12,34,271,7,1,0,25,20,7,Gasoline
45,34,271,7,2,0,25,30,7,Hybrid
50,34,271,7,3,1,20,25,8,Hybrid
42,34,272,8,1,0,25,25,7,Hybrid
37,34,272,8,2,1,15,20,7,Hybrid
33,34,272,8,3,0,25,25,6,Hybrid
40,35,273,1,1,1,15,25,7,Hybrid
75,35,273,1,2,0,25,20,8,Electric
38,35,273,1,3,0,20,20,7,Hybrid
1,35,274,2,1,1,15,20,6,Gasoline
36,35,274,2,2,0,25,30,6,Hybrid
56,35,274,2,3,0,20,20,6,Electric
49,35,275,3,1,0,15,25,8,Hybrid
20,35,275,3,2,1,20,20,8,Gasoline
36,35,275,3,3,0,25,30,6,Hybrid
37,35,276,4,1,1,15,20,7,Hybrid
12,35,276,4,2,0,25,20,7,Gasoline
42,35,276,4,3,0,25,25,7,Hybrid
53,35,277,5,1,1,20,30,8,Hybrid
45,35,277,5,2,0,25,30,7,Hybrid
7,35,277,5,3,0,15,30,6,Gasoline
56,35,278,6,1,0,20,20,6,Electric
71,35,278,6,2,0,20,30,7,Electric
43,35,278,6,3,1,15,30,7,Hybrid
7,35,279,7,1,1,15,30,6,Gasoline
53,35,279,7,2,0,20,30,8,Hybrid
52,35,279,7,3,0,15,30,8,Hybrid
56,35,280,8,1,1,20,20,6,Electric
52,35,280,8,2,0,15,30,8,Hybrid
78,35,280,8,3,0,25,25,8,Electric
43,36,281,1,1,1,15,30,7,Hybrid
45,36,281,1,2,0,25,30,7,Hybrid
2,36,281,1,3,0,20,20,6,Gasoline
78,36,282,2,1,0,25,25,8,Electric
34,36,282,2,2,1,15,30,6,Hybrid
15,36,282,2,3,0,25,25,7,Gasoline
52,36,283,3,1,1,15,30,8,Hybrid
76,36,283,3,2,0,15,25,8,Electric
2,36,283,3,3,0,20,20,6,Gasoline
29,36,284,4,1,1,20,20,6,Hybrid
39,36,284,4,2,0,25,20,7,Hybrid
65,36,284,4,3,0,20,20,7,Electric
31,36,285,5,1,1,15,25,6,Hybrid
39,36,285,5,2,0,25,20,7,Hybrid
30,36,285,5,3,0,25,20,6,Hybrid
25,36,286,6,1,0,15,30,8,Gasoline
8,36,286,6,2,1,20,30,6,Gasoline
33,36,286,6,3,0,25,25,6,Hybrid
57,36,287,7,1,0,25,20,6,Electric
9,36,287,7,2,0,25,30,6,Gasoline
49,36,287,7,3,1,15,25,8,Hybrid
61,36,288,8,1,0,15,30,6,Electric
4,36,288,8,2,1,15,25,6,Gasoline
75,36,288,8,3,0,25,20,8,Electric
16,37,289,1,1,1,15,30,7,Gasoline
68,37,289,1,2,0,20,25,7,Electric
57,37,289,1,3,0,25,20,6,Electric
18,37,290,2,1,0,25,30,7,Gasoline
8,37,290,2,2,0,20,30,6,Gasoline
22,37,290,2,3,1,15,25,8,Gasoline
47,37,291,3,1,0,20,20,8,Hybrid
5,37,291,3,2,1,20,25,6,Gasoline
60,37,291,3,3,0,25,25,6,Electric
66,37,292,4,1,0,25,20,7,Electric
59,37,292,4,2,0,20,25,6,Electric
20,37,292,4,3,1,20,20,8,Gasoline
51,37,293,5,1,1,25,25,8,Hybrid
75,37,293,5,2,0,25,20,8,Electric
65,37,293,5,3,0,20,20,7,Electric
53,37,294,6,1,0,20,30,8,Hybrid
32,37,294,6,2,0,20,25,6,Hybrid
28,37,294,6,3,1,15,20,6,Hybrid
71,37,295,7,1,0,20,30,7,Electric
61,37,295,7,2,0,15,30,6,Electric
29,37,295,7,3,1,20,20,6,Hybrid
32,37,296,8,1,0,20,25,6,Hybrid
65,37,296,8,2,1,20,20,7,Electric
76,37,296,8,3,0,15,25,8,Electric
43,38,297,1,1,1,15,30,7,Hybrid
63,38,297,1,2,0,25,30,6,Electric
6,38,297,1,3,0,25,25,6,Gasoline
43,38,298,2,1,1,15,30,7,Hybrid
16,38,298,2,2,0,15,30,7,Gasoline
54,38,298,2,3,0,25,30,8,Hybrid
16,38,299,3,1,1,15,30,7,Gasoline
60,38,299,3,2,0,25,25,6,Electric
25,38,299,3,3,0,15,30,8,Gasoline
29,38,300,4,1,0,20,20,6,Hybrid
60,38,300,4,2,0,25,25,6,Electric
72,38,300,4,3,1,25,30,7,Electric
81,38,301,5,1,0,25,30,8,Electric
13,38,301,5,2,1,15,25,7,Gasoline
75,38,301,5,3,0,25,20,8,Electric
72,38,302,6,1,0,25,30,7,Electric
65,38,302,6,2,1,20,20,7,Electric
21,38,302,6,3,0,25,20,8,Gasoline
51,38,303,7,1,0,25,25,8,Hybrid
42,38,303,7,2,0,25,25,7,Hybrid
29,38,303,7,3,1,20,20,6,Hybrid
62,38,304,8,1,0,20,30,6,Electric
45,38,304,8,2,1,25,30,7,Hybrid
28,38,304,8,3,0,15,20,6,Hybrid
73,39,305,1,1,1,15,20,8,Electric
20,39,305,1,2,0,20,20,8,Gasoline
56,39,305,1,3,0,20,20,6,Electric
36,39,306,2,1,0,25,30,6,Hybrid
79,39,306,2,2,1,15,30,8,Electric
59,39,306,2,3,0,20,25,6,Electric
6,39,307,3,1,0,25,25,6,Gasoline
39,39,307,3,2,0,25,20,7,Hybrid
49,39,307,3,3,1,15,25,8,Hybrid
19,39,308,4,1,1,15,20,8,Gasoline
33,39,308,4,2,0,25,25,6,Hybrid
58,39,308,4,3,0,15,25,6,Electric
78,39,309,5,1,0,25,25,8,Electric
29,39,309,5,2,1,20,20,6,Hybrid
55,39,309,5,3,0,15,20,6,Electric
32,39,310,6,1,0,20,25,6,Hybrid
44,39,310,6,2,1,20,30,7,Hybrid
17,39,310,6,3,0,20,30,7,Gasoline
65,39,311,7,1,0,20,20,7,Electric
3,39,311,7,2,0,25,20,6,Gasoline
26,39,311,7,3,1,20,30,8,Gasoline
57,39,312,8,1,0,25,20,6,Electric
52,39,312,8,2,1,15,30,8,Hybrid
74,39,312,8,3,0,20,20,8,Electric
30,40,313,1,1,0,25,20,6,Hybrid
44,40,313,1,2,1,20,30,7,Hybrid
59,40,313,1,3,0,20,25,6,Electric
55,40,314,2,1,0,15,20,6,Electric
53,40,314,2,2,1,20,30,8,Hybrid
66,40,314,2,3,0,25,20,7,Electric
6,40,315,3,1,0,25,25,6,Gasoline
71,40,315,3,2,0,20,30,7,Electric
51,40,315,3,3,1,25,25,8,Hybrid
72,40,316,4,1,0,25,30,7,Electric
54,40,316,4,2,1,25,30,8,Hybrid
56,40,316,4,3,0,20,20,6,Electric
68,40,317,5,1,0,20,25,7,Electric
26,40,317,5,2,1,20,30,8,Gasoline
9,40,317,5,3,0,25,30,6,Gasoline
21,40,318,6,1,0,25,20,8,Gasoline
11,40,318,6,2,1,20,20,7,Gasoline
77,40,318,6,3,0,20,25,8,Electric
36,40,319,7,1,1,25,30,6,Hybrid
65,40,319,7,2,0,20,20,7,Electric
62,40,319,7,3,0,20,30,6,Electric
29,40,320,8,1,0,20,20,6,Hybrid
11,40,320,8,2,1,20,20,7,Gasoline
71,40,320,8,3,0,20,30,7,Electric
62,41,321,1,1,0,20,30,6,Electric
58,41,321,1,2,0,15,25,6,Electric
19,41,321,1,3,1,15,20,8,Gasoline
48,41,322,2,1,1,25,20,8,Hybrid
34,41,322,2,2,0,15,30,6,Hybrid
79,41,322,2,3,0,15,30,8,Electric
59,41,323,3,1,0,20,25,6,Electric
23,41,323,3,2,1,20,25,8,Gasoline
73,41,323,3,3,0,15,20,8,Electric
30,41,324,4,1,0,25,20,6,Hybrid
43,41,324,4,2,1,15,30,7,Hybrid
12,41,324,4,3,0,25,20,7,Gasoline
34,41,325,5,1,1,15,30,6,Hybrid
8,41,325,5,2,0,20,30,6,Gasoline
46,41,325,5,3,0,15,20,8,Hybrid
21,41,326,6,1,0,25,20,8,Gasoline
58,41,326,6,2,1,15,25,6,Electric
33,41,326,6,3,0,25,25,6,Hybrid
73,41,327,7,1,0,15,20,8,Electric
26,41,327,7,2,1,20,30,8,Gasoline
72,41,327,7,3,0,25,30,7,Electric
53,41,328,8,1,0,20,30,8,Hybrid
62,41,328,8,2,0,20,30,6,Electric
31,41,328,8,3,1,15,25,6,Hybrid
33,42,329,1,1,0,25,25,6,Hybrid
73,42,329,1,2,1,15,20,8,Electric
23,42,329,1,3,0,20,25,8,Gasoline
25,42,330,2,1,1,15,30,8,Gasoline
52,42,330,2,2,0,15,30,8,Hybrid
79,42,330,2,3,0,15,30,8,Electric
6,42,331,3,1,0,25,25,6,Gasoline
32,42,331,3,2,1,20,25,6,Hybrid
30,42,331,3,3,0,25,20,6,Hybrid
8,42,332,4,1,0,20,30,6,Gasoline
29,42,332,4,2,1,20,20,6,Hybrid
59,42,332,4,3,0,20,25,6,Electric
3,42,333,5,1,0,25,20,6,Gasoline
31,42,333,5,2,0,15,25,6,Hybrid
79,42,333,5,3,1,15,30,8,Electric
26,42,334,6,1,0,20,30,8,Gasoline
4,42,334,6,2,1,15,25,6,Gasoline
24,42,334,6,3,0,25,25,8,Gasoline
59,42,335,7,1,0,20,25,6,Electric
48,42,335,7,2,0,25,20,8,Hybrid
4,42,335,7,3,1,15,25,6,Gasoline
4,42,336,8,1,1,15,25,6,Gasoline
45,42,336,8,2,0,25,30,7,Hybrid
56,42,336,8,3,0,20,20,6,Electric
53,43,337,1,1,0,20,30,8,Hybrid
46,43,337,1,2,1,15,20,8,Hybrid
78,43,337,1,3,0,25,25,8,Electric
54,43,338,2,1,0,25,30,8,Hybrid
64,43,338,2,2,1,15,20,7,Electric
41,43,338,2,3,0,20,25,7,Hybrid
58,43,339,3,1,0,15,25,6,Electric
1,43,339,3,2,1,15,20,6,Gasoline
25,43,339,3,3,0,15,30,8,Gasoline
31,43,340,4,1,0,15,25,6,Hybrid
50,43,340,4,2,1,20,25,8,Hybrid
6,43,340,4,3,0,25,25,6,Gasoline
61,43,341,5,1,0,15,30,6,Electric
1,43,341,5,2,0,15,20,6,Gasoline
19,43,341,5,3,1,15,20,8,Gasoline
55,43,342,6,1,0,15,20,6,Electric
34,43,342,6,2,1,15,30,6,Hybrid
70,43,342,6,3,0,15,30,7,Electric
42,43,343,7,1,0,25,25,7,Hybrid
40,43,343,7,2,1,15,25,7,Hybrid
65,43,343,7,3,0,20,20,7,Electric
31,43,344,8,1,0,15,25,6,Hybrid
41,43,344,8,2,0,20,25,7,Hybrid
25,43,344,8,3,1,15,30,8,Gasoline
20,44,345,1,1,0,20,20,8,Gasoline
74,44,345,1,2,1,20,20,8,Electric
78,44,345,1,3,0,25,25,8,Electric
44,44,346,2,1,0,20,30,7,Hybrid
76,44,346,2,2,1,15,25,8,Electric
77,44,346,2,3,0,20,25,8,Electric
10,44,347,3,1,0,15,20,7,Gasoline
37,44,347,3,2,1,15,20,7,Hybrid
32,44,347,3,3,0,20,25,6,Hybrid
62,44,348,4,1,0,20,30,6,Electric
33,44,348,4,2,1,25,25,6,Hybrid
77,44,348,4,3,0,20,25,8,Electric
31,44,349,5,1,1,15,25,6,Hybrid
24,44,349,5,2,0,25,25,8,Gasoline
68,44,349,5,3,0,20,25,7,Electric
53,44,350,6,1,0,20,30,8,Hybrid
25,44,350,6,2,1,15,30,8,Gasoline
68,44,350,6,3,0,20,25,7,Electric
6,44,351,7,1,0,25,25,6,Gasoline
26,44,351,7,2,0,20,30,8,Gasoline
20,44,351,7,3,1,20,20,8,Gasoline
2,44,352,8,1,1,20,20,6,Gasoline
75,44,352,8,2,0,25,20,8,Electric
56,44,352,8,3,0,20,20,6,Electric
11,45,353,1,1,0,20,20,7,Gasoline
40,45,353,1,2,1,15,25,7,Hybrid
49,45,353,1,3,0,15,25,8,Hybrid
79,45,354,2,1,0,15,30,8,Electric
48,45,354,2,2,0,25,20,8,Hybrid
6,45,354,2,3,1,25,25,6,Gasoline
34,45,355,3,1,0,15,30,6,Hybrid
59,45,355,3,2,0,20,25,6,Electric
40,45,355,3,3,1,15,25,7,Hybrid
71,45,356,4,1,0,20,30,7,Electric
42,45,356,4,2,0,25,25,7,Hybrid
10,45,356,4,3,1,15,20,7,Gasoline
74,45,357,5,1,0,20,20,8,Electric
79,45,357,5,2,1,15,30,8,Electric
6,45,357,5,3,0,25,25,6,Gasoline
24,45,358,6,1,0,25,25,8,Gasoline
57,45,358,6,2,0,25,20,6,Electric
53,45,358,6,3,1,20,30,8,Hybrid
54,45,359,7,1,0,25,30,8,Hybrid
51,45,359,7,2,0,25,25,8,Hybrid
13,45,359,7,3,1,15,25,7,Gasoline
75,45,360,8,1,0,25,20,8,Electric
34,45,360,8,2,1,15,30,6,Hybrid
19,45,360,8,3,0,15,20,8,Gasoline
24,46,361,1,1,0,25,25,8,Gasoline
70,46,361,1,2,0,15,30,7,Electric
9,46,361,1,3,1,25,30,6,Gasoline
66,46,362,2,1,0,25,20,7,Electric
74,46,362,2,2,1,20,20,8,Electric
21,46,362,2,3,0,25,20,8,Gasoline
2,46,363,3,1,0,20,20,6,Gasoline
46,46,363,3,2,1,15,20,8,Hybrid
9,46,363,3,3,0,25,30,6,Gasoline
47,46,364,4,1,0,20,20,8,Hybrid
58,46,364,4,2,1,15,25,6,Electric
48,46,364,4,3,0,25,20,8,Hybrid
37,46,365,5,1,1,15,20,7,Hybrid
9,46,365,5,2,0,25,30,6,Gasoline
2,46,365,5,3,0,20,20,6,Gasoline
13,46,366,6,1,1,15,25,7,Gasoline
18,46,366,6,2,0,25,30,7,Gasoline
40,46,366,6,3,0,15,25,7,Hybrid
57,46,367,7,1,0,25,20,6,Electric
7,46,367,7,2,1,15,30,6,Gasoline
19,46,367,7,3,0,15,20,8,Gasoline
67,46,368,8,1,0,15,25,7,Electric
66,46,368,8,2,0,25,20,7,Electric
79,46,368,8,3,1,15,30,8,Electric
68,47,369,1,1,0,20,25,7,Electric
66,47,369,1,2,0,25,20,7,Electric
31,47,369,1,3,1,15,25,6,Hybrid
40,47,370,2,1,0,15,25,7,Hybrid
46,47,370,2,2,1,15,20,8,Hybrid
54,47,370,2,3,0,25,30,8,Hybrid
41,47,371,3,1,1,20,25,7,Hybrid
22,47,371,3,2,0,15,25,8,Gasoline
11,47,371,3,3,0,20,20,7,Gasoline
11,47,372,4,1,0,20,20,7,Gasoline
35,47,372,4,2,1,20,30,6,Hybrid
22,47,372,4,3,0,15,25,8,Gasoline
4,47,373,5,1,1,15,25,6,Gasoline
77,47,373,5,2,0,20,25,8,Electric
14,47,373,5,3,0,20,25,7,Gasoline
28,47,374,6,1,1,15,20,6,Hybrid
12,47,374,6,2,0,25,20,7,Gasoline
75,47,374,6,3,0,25,20,8,Electric
70,47,375,7,1,0,15,30,7,Electric
27,47,375,7,2,1,25,30,8,Gasoline
50,47,375,7,3,0,20,25,8,Hybrid
68,47,376,8,1,1,20,25,7,Electric
56,47,376,8,2,0,20,20,6,Electric
12,47,376,8,3,0,25,20,7,Gasoline
35,48,377,1,1,0,20,30,6,Hybrid
80,48,377,1,2,0,20,30,8,Electric
75,48,377,1,3,1,25,20,8,Electric
81,48,378,2,1,0,25,30,8,Electric
31,48,378,2,2,1,15,25,6,Hybrid
28,48,378,2,3,0,15,20,6,Hybrid
73,48,379,3,1,1,15,20,8,Electric
55,48,379,3,2,0,15,20,6,Electric
68,48,379,3,3,0,20,25,7,Electric
39,48,380,4,1,0,25,20,7,Hybrid
76,48,380,4,2,0,15,25,8,Electric
25,48,380,4,3,1,15,30,8,Gasoline
20,48,381,5,1,1,20,20,8,Gasoline
68,48,381,5,2,0,20,25,7,Electric
63,48,381,5,3,0,25,30,6,Electric
55,48,382,6,1,1,15,20,6,Electric
50,48,382,6,2,0,20,25,8,Hybrid
66,48,382,6,3,0,25,20,7,Electric
81,48,383,7,1,0,25,30,8,Electric
58,48,383,7,2,1,15,25,6,Electric
68,48,383,7,3,0,20,25,7,Electric
53,48,384,8,1,0,20,30,8,Hybrid
25,48,384,8,2,1,15,30,8,Gasoline
39,48,384,8,3,0,25,20,7,Hybrid
32,49,385,1,1,1,20,25,6,Hybrid
78,49,385,1,2,0,25,25,8,Electric
55,49,385,1,3,0,15,20,6,Electric
48,49,386,2,1,0,25,20,8,Hybrid
79,49,386,2,2,0,15,30,8,Electric
31,49,386,2,3,1,15,25,6,Hybrid
77,49,387,3,1,0,20,25,8,Electric
54,49,387,3,2,0,25,30,8,Hybrid
4,49,387,3,3,1,15,25,6,Gasoline
45,49,388,4,1,0,25,30,7,Hybrid
53,49,388,4,2,1,20,30,8,Hybrid
14,49,388,4,3,0,20,25,7,Gasoline
28,49,389,5,1,1,15,20,6,Hybrid
74,49,389,5,2,0,20,20,8,Electric
77,49,389,5,3,0,20,25,8,Electric
81,49,390,6,1,0,25,30,8,Electric
8,49,390,6,2,1,20,30,6,Gasoline
36,49,390,6,3,0,25,30,6,Hybrid
74,49,391,7,1,0,20,20,8,Electric
37,49,391,7,2,1,15,20,7,Hybrid
42,49,391,7,3,0,25,25,7,Hybrid
29,49,392,8,1,0,20,20,6,Hybrid
59,49,392,8,2,0,20,25,6,Electric
30,49,392,8,3,1,25,20,6,Hybrid
9,50,393,1,1,0,25,30,6,Gasoline
77,50,393,1,2,0,20,25,8,Electric
16,50,393,1,3,1,15,30,7,Gasoline
70,50,394,2,1,1,15,30,7,Electric
5,50,394,2,2,0,20,25,6,Gasoline
29,50,394,2,3,0,20,20,6,Hybrid
33,50,395,3,1,0,25,25,6,Hybrid
40,50,395,3,2,1,15,25,7,Hybrid
72,50,395,3,3,0,25,30,7,Electric
17,50,396,4,1,1,20,30,7,Gasoline
21,50,396,4,2,0,25,20,8,Gasoline
81,50,396,4,3,0,25,30,8,Electric
2,50,397,5,1,0,20,20,6,Gasoline
21,50,397,5,2,1,25,20,8,Gasoline
34,50,397,5,3,0,15,30,6,Hybrid
79,50,398,6,1,0,15,30,8,Electric
43,50,398,6,2,1,15,30,7,Hybrid
32,50,398,6,3,0,20,25,6,Hybrid
22,50,399,7,1,1,15,25,8,Gasoline
17,50,399,7,2,0,20,30,7,Gasoline
21,50,399,7,3,0,25,20,8,Gasoline
27,50,400,8,1,0,25,30,8,Gasoline
18,50,400,8,2,0,25,30,7,Gasoline
36,50,400,8,3,1,25,30,6,Hybrid
65,51,401,1,1,0,20,20,7,Electric
59,51,401,1,2,0,20,25,6,Electric
10,51,401,1,3,1,15,20,7,Gasoline
34,51,402,2,1,1,15,30,6,Hybrid
32,51,402,2,2,0,20,25,6,Hybrid
1,51,402,2,3,0,15,20,6,Gasoline
47,51,403,3,1,0,20,20,8,Hybrid
45,51,403,3,2,0,25,30,7,Hybrid
7,51,403,3,3,1,15,30,6,Gasoline
76,51,404,4,1,0,15,25,8,Electric
49,51,404,4,2,1,15,25,8,Hybrid
14,51,404,4,3,0,20,25,7,Gasoline
50,51,405,5,1,1,20,25,8,Hybrid
30,51,405,5,2,0,25,20,6,Hybrid
76,51,405,5,3,0,15,25,8,Electric
74,51,406,6,1,1,20,20,8,Electric
52,51,406,6,2,0,15,30,8,Hybrid
9,51,406,6,3,0,25,30,6,Gasoline
53,51,407,7,1,1,20,30,8,Hybrid
20,51,407,7,2,0,20,20,8,Gasoline
2,51,407,7,3,0,20,20,6,Gasoline
76,51,408,8,1,0,15,25,8,Electric
19,51,408,8,2,0,15,20,8,Gasoline
67,51,408,8,3,1,15,25,7,Electric
30,52,409,1,1,1,25,20,6,Hybrid
79,52,409,1,2,0,15,30,8,Electric
77,52,409,1,3,0,20,25,8,Electric
12,52,410,2,1,0,25,20,7,Gasoline
76,52,410,2,2,0,15,25,8,Electric
62,52,410,2,3,1,20,30,6,Electric
73,52,411,3,1,1,15,20,8,Electric
27,52,411,3,2,0,25,30,8,Gasoline
1,52,411,3,3,0,15,20,6,Gasoline
66,52,412,4,1,0,25,20,7,Electric
43,52,412,4,2,1,15,30,7,Hybrid
73,52,412,4,3,0,15,20,8,Electric
24,52,413,5,1,1,25,25,8,Gasoline
9,52,413,5,2,0,25,30,6,Gasoline
61,52,413,5,3,0,15,30,6,Electric
78,52,414,6,1,0,25,25,8,Electric
60,52,414,6,2,0,25,25,6,Electric
45,52,414,6,3,1,25,30,7,Hybrid
42,52,415,7,1,0,25,25,7,Hybrid
24,52,415,7,2,0,25,25,8,Gasoline
16,52,415,7,3,1,15,30,7,Gasoline
80,52,416,8,1,0,20,30,8,Electric
40,52,416,8,2,1,15,25,7,Hybrid
77,52,416,8,3,0,20,25,8,Electric
56,53,417,1,1,0,20,20,6,Electric
46,53,417,1,2,1,15,20,8,Hybrid
53,53,417,1,3,0,20,30,8,Hybrid
29,53,418,2,1,1,20,20,6,Hybrid
38,53,418,2,2,0,20,20,7,Hybrid
51,53,418,2,3,0,25,25,8,Hybrid
12,53,419,3,1,0,25,20,7,Gasoline
64,53,419,3,2,0,15,20,7,Electric
24,53,419,3,3,1,25,25,8,Gasoline
1,53,420,4,1,0,15,20,6,Gasoline
4,53,420,4,2,0,15,25,6,Gasoline
18,53,420,4,3,1,25,30,7,Gasoline
45,53,421,5,1,0,25,30,7,Hybrid
65,53,421,5,2,1,20,20,7,Electric
5,53,421,5,3,0,20,25,6,Gasoline
48,53,422,6,1,0,25,20,8,Hybrid
20,53,422,6,2,0,20,20,8,Gasoline
18,53,422,6,3,1,25,30,7,Gasoline
40,53,423,7,1,0,15,25,7,Hybrid
31,53,423,7,2,1,15,25,6,Hybrid
3,53,423,7,3,0,25,20,6,Gasoline
32,53,424,8,1,0,20,25,6,Hybrid
81,53,424,8,2,1,25,30,8,Electric
59,53,424,8,3,0,20,25,6,Electric
26,54,425,1,1,0,20,30,8,Gasoline
8,54,425,1,2,1,20,30,6,Gasoline
4,54,425,1,3,0,15,25,6,Gasoline
71,54,426,2,1,0,20,30,7,Electric
31,54,426,2,2,1,15,25,6,Hybrid
56,54,426,2,3,0,20,20,6,Electric
61,54,427,3,1,0,15,30,6,Electric
30,54,427,3,2,1,25,20,6,Hybrid
74,54,427,3,3,0,20,20,8,Electric
63,54,428,4,1,0,25,30,6,Electric
5,54,428,4,2,0,20,25,6,Gasoline
22,54,428,4,3,1,15,25,8,Gasoline
46,54,429,5,1,1,15,20,8,Hybrid
52,54,429,5,2,0,15,30,8,Hybrid
71,54,429,5,3,0,20,30,7,Electric
77,54,430,6,1,0,20,25,8,Electric
1,54,430,6,2,1,15,20,6,Gasoline
76,54,430,6,3,0,15,25,8,Electric
36,54,431,7,1,0,25,30,6,Hybrid
76,54,431,7,2,1,15,25,8,Electric
41,54,431,7,3,0,20,25,7,Hybrid
17,54,432,8,1,1,20,30,7,Gasoline
2,54,432,8,2,0,20,20,6,Gasoline
34,54,432,8,3,0,15,30,6,Hybrid
1,55,433,1,1,1,15,20,6,Gasoline
59,55,433,1,2,0,20,25,6,Electric
17,55,433,1,3,0,20,30,7,Gasoline
43,55,434,2,1,0,15,30,7,Hybrid
10,55,434,2,2,0,15,20,7,Gasoline
1,55,434,2,3,1,15,20,6,Gasoline
73,55,435,3,1,0,15,20,8,Electric
16,55,435,3,2,1,15,30,7,Gasoline
11,55,435,3,3,0,20,20,7,Gasoline
14,55,436,4,1,0,20,25,7,Gasoline
11,55,436,4,2,1,20,20,7,Gasoline
77,55,436,4,3,0,20,25,8,Electric
54,55,437,5,1,0,25,30,8,Hybrid
48,55,437,5,2,0,25,20,8,Hybrid
43,55,437,5,3,1,15,30,7,Hybrid
30,55,438,6,1,0,25,20,6,Hybrid
55,55,438,6,2,1,15,20,6,Electric
28,55,438,6,3,0,15,20,6,Hybrid
45,55,439,7,1,0,25,30,7,Hybrid
20,55,439,7,2,1,20,20,8,Gasoline
33,55,439,7,3,0,25,25,6,Hybrid
34,55,440,8,1,1,15,30,6,Hybrid
29,55,440,8,2,0,20,20,6,Hybrid
49,55,440,8,3,0,15,25,8,Hybrid
68,56,441,1,1,0,20,25,7,Electric
71,56,441,1,2,1,20,30,7,Electric
47,56,441,1,3,0,20,20,8,Hybrid
40,56,442,2,1,1,15,25,7,Hybrid
76,56,442,2,2,0,15,25,8,Electric
28,56,442,2,3,0,15,20,6,Hybrid
55,56,443,3,1,0,15,20,6,Electric
22,56,443,3,2,1,15,25,8,Gasoline
12,56,443,3,3,0,25,20,7,Gasoline
9,56,444,4,1,0,25,30,6,Gasoline
71,56,444,4,2,0,20,30,7,Electric
46,56,444,4,3,1,15,20,8,Hybrid
78,56,445,5,1,0,25,25,8,Electric
58,56,445,5,2,0,15,25,6,Electric
30,56,445,5,3,1,25,20,6,Hybrid
44,56,446,6,1,0,20,30,7,Hybrid
37,56,446,6,2,1,15,20,7,Hybrid
20,56,446,6,3,0,20,20,8,Gasoline
75,56,447,7,1,0,25,20,8,Electric
47,56,447,7,2,0,20,20,8,Hybrid
78,56,447,7,3,1,25,25,8,Electric
40,56,448,8,1,0,15,25,7,Hybrid
54,56,448,8,2,0,25,30,8,Hybrid
4,56,448,8,3,1,15,25,6,Gasoline
21,57,449,1,1,0,25,20,8,Gasoline
10,57,449,1,2,1,15,20,7,Gasoline
40,57,449,1,3,0,15,25,7,Hybrid
36,57,450,2,1,0,25,30,6,Hybrid
20,57,450,2,2,0,20,20,8,Gasoline
37,57,450,2,3,1,15,20,7,Hybrid
32,57,451,3,1,0,20,25,6,Hybrid
53,57,451,3,2,1,20,30,8,Hybrid
33,57,451,3,3,0,25,25,6,Hybrid
61,57,452,4,1,0,15,30,6,Electric
65,57,452,4,2,0,20,20,7,Electric
37,57,452,4,3,1,15,20,7,Hybrid
42,57,453,5,1,0,25,25,7,Hybrid
71,57,453,5,2,0,20,30,7,Electric
7,57,453,5,3,1,15,30,6,Gasoline
54,57,454,6,1,0,25,30,8,Hybrid
52,57,454,6,2,1,15,30,8,Hybrid
57,57,454,6,3,0,25,20,6,Electric
49,57,455,7,1,0,15,25,8,Hybrid
2,57,455,7,2,1,20,20,6,Gasoline
32,57,455,7,3,0,20,25,6,Hybrid
74,57,456,8,1,0,20,20,8,Electric
31,57,456,8,2,1,15,25,6,Hybrid
79,57,456,8,3,0,15,30,8,Electric
47,58,457,1,1,0,20,20,8,Hybrid
7,58,457,1,2,1,15,30,6,Gasoline
33,58,457,1,3,0,25,25,6,Hybrid
46,58,458,2,1,0,15,20,8,Hybrid
42,58,458,2,2,0,25,25,7,Hybrid
19,58,458,2,3,1,15,20,8,Gasoline
12,58,459,3,1,1,25,20,7,Gasoline
35,58,459,3,2,0,20,30,6,Hybrid
59,58,459,3,3,0,20,25,6,Electric
34,58,460,4,1,1,15,30,6,Hybrid
18,58,460,4,2,0,25,30,7,Gasoline
61,58,460,4,3,0,15,30,6,Electric
27,58,461,5,1,1,25,30,8,Gasoline
10,58,461,5,2,0,15,20,7,Gasoline
23,58,461,5,3,0,20,25,8,Gasoline
27,58,462,6,1,0,25,30,8,Gasoline
25,58,462,6,2,1,15,30,8,Gasoline
71,58,462,6,3,0,20,30,7,Electric
2,58,463,7,1,1,20,20,6,Gasoline
15,58,463,7,2,0,25,25,7,Gasoline
76,58,463,7,3,0,15,25,8,Electric
27,58,464,8,1,0,25,30,8,Gasoline
33,58,464,8,2,0,25,25,6,Hybrid
13,58,464,8,3,1,15,25,7,Gasoline
1,59,465,1,1,1,15,20,6,Gasoline
70,59,465,1,2,0,15,30,7,Electric
5,59,465,1,3,0,20,25,6,Gasoline
75,59,466,2,1,0,25,20,8,Electric
55,59,466,2,2,0,15,20,6,Electric
30,59,466,2,3,1,25,20,6,Hybrid
60,59,467,3,1,0,25,25,6,Electric
19,59,467,3,2,1,15,20,8,Gasoline
72,59,467,3,3,0,25,30,7,Electric
4,59,468,4,1,0,15,25,6,Gasoline
60,59,468,4,2,0,25,25,6,Electric
27,59,468,4,3,1,25,30,8,Gasoline
26,59,469,5,1,0,20,30,8,Gasoline
27,59,469,5,2,0,25,30,8,Gasoline
48,59,469,5,3,1,25,20,8,Hybrid
4,59,470,6,1,0,15,25,6,Gasoline
37,59,470,6,2,1,15,20,7,Hybrid
30,59,470,6,3,0,25,20,6,Hybrid
60,59,471,7,1,0,25,25,6,Electric
18,59,471,7,2,0,25,30,7,Gasoline
7,59,471,7,3,1,15,30,6,Gasoline
8,59,472,8,1,0,20,30,6,Gasoline
44,59,472,8,2,1,20,30,7,Hybrid
33,59,472,8,3,0,25,25,6,Hybrid
32,60,473,1,1,0,20,25,6,Hybrid
36,60,473,1,2,0,25,30,6,Hybrid
34,60,473,1,3,1,15,30,6,Hybrid
65,60,474,2,1,0,20,20,7,Electric
48,60,474,2,2,1,25,20,8,Hybrid
70,60,474,2,3,0,15,30,7,Electric
29,60,475,3,1,1,20,20,6,Hybrid
75,60,475,3,2,0,25,20,8,Electric
68,60,475,3,3,0,20,25,7,Electric
26,60,476,4,1,0,20,30,8,Gasoline
51,60,476,4,2,0,25,25,8,Hybrid
42,60,476,4,3,1,25,25,7,Hybrid
9,60,477,5,1,0,25,30,6,Gasoline
48,60,477,5,2,0,25,20,8,Hybrid
43,60,477,5,3,1,15,30,7,Hybrid
41,60,478,6,1,0,20,25,7,Hybrid
28,60,478,6,2,1,15,20,6,Hybrid
31,60,478,6,3,0,15,25,6,Hybrid
58,60,479,7,1,0,15,25,6,Electric
71,60,479,7,2,0,20,30,7,Electric
55,60,479,7,3,1,15,20,6,Electric
6,60,480,8,1,0,25,25,6,Gasoline
32,60,480,8,2,1,20,25,6,Hybrid
47,60,480,8,3,0,20,20,8,Hybrid
1,61,481,1,1,1,15,20,6,Gasoline
13,61,481,1,2,0,15,25,7,Gasoline
35,61,481,1,3,0,20,30,6,Hybrid
33,61,482,2,1,0,25,25,6,Hybrid
62,61,482,2,2,0,20,30,6,Electric
47,61,482,2,3,1,20,20,8,Hybrid
31,61,483,3,1,1,15,25,6,Hybrid
27,61,483,3,2,0,25,30,8,Gasoline
6,61,483,3,3,0,25,25,6,Gasoline
61,61,484,4,1,0,15,30,6,Electric
43,61,484,4,2,0,15,30,7,Hybrid
46,61,484,4,3,1,15,20,8,Hybrid
2,61,485,5,1,1,20,20,6,Gasoline
66,61,485,5,2,0,25,20,7,Electric
71,61,485,5,3,0,20,30,7,Electric
2,61,486,6,1,1,20,20,6,Gasoline
64,61,486,6,2,0,15,20,7,Electric
63,61,486,6,3,0,25,30,6,Electric
35,61,487,7,1,1,20,30,6,Hybrid
62,61,487,7,2,0,20,30,6,Electric
68,61,487,7,3,0,20,25,7,Electric
61,61,488,8,1,1,15,30,6,Electric
47,61,488,8,2,0,20,20,8,Hybrid
57,61,488,8,3,0,25,20,6,Electric
20,62,489,1,1,1,20,20,8,Gasoline
81,62,489,1,2,0,25,30,8,Electric
8,62,489,1,3,0,20,30,6,Gasoline
69,62,490,2,1,0,25,25,7,Electric
58,62,490,2,2,0,15,25,6,Electric
8,62,490,2,3,1,20,30,6,Gasoline
6,62,491,3,1,0,25,25,6,Gasoline
72,62,491,3,2,0,25,30,7,Electric
18,62,491,3,3,1,25,30,7,Gasoline
27,62,492,4,1,0,25,30,8,Gasoline
5,62,492,4,2,1,20,25,6,Gasoline
33,62,492,4,3,0,25,25,6,Hybrid
64,62,493,5,1,0,15,20,7,Electric
31,62,493,5,2,1,15,25,6,Hybrid
67,62,493,5,3,0,15,25,7,Electric
12,62,494,6,1,0,25,20,7,Gasoline
58,62,494,6,2,0,15,25,6,Electric
13,62,494,6,3,1,15,25,7,Gasoline
21,62,495,7,1,0,25,20,8,Gasoline
32,62,495,7,2,0,20,25,6,Hybrid
49,62,495,7,3,1,15,25,8,Hybrid
44,62,496,8,1,1,20,30,7,Hybrid
3,62,496,8,2,0,25,20,6,Gasoline
37,62,496,8,3,0,15,20,7,Hybrid
24,63,497,1,1,1,25,25,8,Gasoline
6,63,497,1,2,0,25,25,6,Gasoline
33,63,497,1,3,0,25,25,6,Hybrid
59,63,498,2,1,0,20,25,6,Electric
3,63,498,2,2,1,25,20,6,Gasoline
56,63,498,2,3,0,20,20,6,Electric
75,63,499,3,1,0,25,20,8,Electric
77,63,499,3,2,1,20,25,8,Electric
62,63,499,3,3,0,20,30,6,Electric
1,63,500,4,1,0,15,20,6,Gasoline
58,63,500,4,2,0,15,25,6,Electric
50,63,500,4,3,1,20,25,8,Hybrid
70,63,501,5,1,1,15,30,7,Electric
63,63,501,5,2,0,25,30,6,Electric
57,63,501,5,3,0,25,20,6,Electric
37,63,502,6,1,0,15,20,7,Hybrid
15,63,502,6,2,0,25,25,7,Gasoline
67,63,502,6,3,1,15,25,7,Electric
23,63,503,7,1,1,20,25,8,Gasoline
54,63,503,7,2,0,25,30,8,Hybrid
24,63,503,7,3,0,25,25,8,Gasoline
76,63,504,8,1,0,15,25,8,Electric
64,63,504,8,2,0,15,20,7,Electric
51,63,504,8,3,1,25,25,8,Hybrid
34,64,505,1,1,1,15,30,6,Hybrid
10,64,505,1,2,0,15,20,7,Gasoline
76,64,505,1,3,0,15,25,8,Electric
12,64,506,2,1,0,25,20,7,Gasoline
55,64,506,2,2,0,15,20,6,Electric
61,64,506,2,3,1,15,30,6,Electric
79,64,507,3,1,1,15,30,8,Electric
78,64,507,3,2,0,25,25,8,Electric
47,64,507,3,3,0,20,20,8,Hybrid
63,64,508,4,1,0,25,30,6,Electric
73,64,508,4,2,1,15,20,8,Electric
74,64,508,4,3,0,20,20,8,Electric
80,64,509,5,1,1,20,30,8,Electric
54,64,509,5,2,0,25,30,8,Hybrid
28,64,509,5,3,0,15,20,6,Hybrid
57,64,510,6,1,0,25,20,6,Electric
18,64,510,6,2,0,25,30,7,Gasoline
46,64,510,6,3,1,15,20,8,Hybrid
72,64,511,7,1,0,25,30,7,Electric
25,64,511,7,2,0,15,30,8,Gasoline
77,64,511,7,3,1,20,25,8,Electric
21,64,512,8,1,1,25,20,8,Gasoline
54,64,512,8,2,0,25,30,8,Hybrid
81,64,512,8,3,0,25,30,8,Electric
12,65,513,1,1,1,25,20,7,Gasoline
9,65,513,1,2,0,25,30,6,Gasoline
18,65,513,1,3,0,25,30,7,Gasoline
50,65,514,2,1,0,20,25,8,Hybrid
32,65,514,2,2,0,20,25,6,Hybrid
40,65,514,2,3,1,15,25,7,Hybrid
56,65,515,3,1,0,20,20,6,Electric
6,65,515,3,2,0,25,25,6,Gasoline
39,65,515,3,3,1,25,20,7,Hybrid
73,65,516,4,1,0,15,20,8,Electric
68,65,516,4,2,0,20,25,7,Electric
14,65,516,4,3,1,20,25,7,Gasoline
71,65,517,5,1,0,20,30,7,Electric
68,65,517,5,2,1,20,25,7,Electric
79,65,517,5,3,0,15,30,8,Electric
63,65,518,6,1,0,25,30,6,Electric
29,65,518,6,2,1,20,20,6,Hybrid
78,65,518,6,3,0,25,25,8,Electric
49,65,519,7,1,1,15,25,8,Hybrid
41,65,519,7,2,0,20,25,7,Hybrid
26,65,519,7,3,0,20,30,8,Gasoline
25,65,520,8,1,1,15,30,8,Gasoline
11,65,520,8,2,0,20,20,7,Gasoline
17,65,520,8,3,0,20,30,7,Gasoline
69,66,521,1,1,0,25,25,7,Electric
64,66,521,1,2,1,15,20,7,Electric
78,66,521,1,3,0,25,25,8,Electric
34,66,522,2,1,1,15,30,6,Hybrid
23,66,522,2,2,0,20,25,8,Gasoline
24,66,522,2,3,0,25,25,8,Gasoline
79,66,523,3,1,1,15,30,8,Electric
73,66,523,3,2,0,15,20,8,Electric
31,66,523,3,3,0,15,25,6,Hybrid
39,66,524,4,1,0,25,20,7,Hybrid
53,66,524,4,2,0,20,30,8,Hybrid
11,66,524,4,3,1,20,20,7,Gasoline
30,66,525,5,1,0,25,20,6,Hybrid
36,66,525,5,2,1,25,30,6,Hybrid
26,66,525,5,3,0,20,30,8,Gasoline
11,66,526,6,1,1,20,20,7,Gasoline
47,66,526,6,2,0,20,20,8,Hybrid
23,66,526,6,3,0,20,25,8,Gasoline
23,66,527,7,1,0,20,25,8,Gasoline
36,66,527,7,2,1,25,30,6,Hybrid
20,66,527,7,3,0,20,20,8,Gasoline
22,66,528,8,1,1,15,25,8,Gasoline
50,66,528,8,2,0,20,25,8,Hybrid
13,66,528,8,3,0,15,25,7,Gasoline
27,67,529,1,1,0,25,30,8,Gasoline
40,67,529,1,2,1,15,25,7,Hybrid
60,67,529,1,3,0,25,25,6,Electric
48,67,530,2,1,0,25,20,8,Hybrid
73,67,530,2,2,0,15,20,8,Electric
34,67,530,2,3,1,15,30,6,Hybrid
48,67,531,3,1,0,25,20,8,Hybrid
5,67,531,3,2,1,20,25,6,Gasoline
58,67,531,3,3,0,15,25,6,Electric
52,67,532,4,1,0,15,30,8,Hybrid
78,67,532,4,2,0,25,25,8,Electric
8,67,532,4,3,1,20,30,6,Gasoline
19,67,533,5,1,0,15,20,8,Gasoline
39,67,533,5,2,0,25,20,7,Hybrid
18,67,533,5,3,1,25,30,7,Gasoline
49,67,534,6,1,1,15,25,8,Hybrid
14,67,534,6,2,0,20,25,7,Gasoline
56,67,534,6,3,0,20,20,6,Electric
23,67,535,7,1,1,20,25,8,Gasoline
60,67,535,7,2,0,25,25,6,Electric
53,67,535,7,3,0,20,30,8,Hybrid
34,67,536,8,1,1,15,30,6,Hybrid
74,67,536,8,2,0,20,20,8,Electric
48,67,536,8,3,0,25,20,8,Hybrid
69,68,537,1,1,0,25,25,7,Electric
80,68,537,1,2,1,20,30,8,Electric
67,68,537,1,3,0,15,25,7,Electric
53,68,538,2,1,0,20,30,8,Hybrid
61,68,538,2,2,1,15,30,6,Electric
57,68,538,2,3,0,25,20,6,Electric
71,68,539,3,1,0,20,30,7,Electric
36,68,539,3,2,0,25,30,6,Hybrid
19,68,539,3,3,1,15,20,8,Gasoline
34,68,540,4,1,1,15,30,6,Hybrid
28,68,540,4,2,0,15,20,6,Hybrid
68,68,540,4,3,0,20,25,7,Electric
14,68,541,5,1,0,20,25,7,Gasoline
63,68,541,5,2,1,25,30,6,Electric
8,68,541,5,3,0,20,30,6,Gasoline
47,68,542,6,1,0,20,20,8,Hybrid
5,68,542,6,2,0,20,25,6,Gasoline
71,68,542,6,3,1,20,30,7,Electric
63,68,543,7,1,0,25,30,6,Electric
53,68,543,7,2,1,20,30,8,Hybrid
56,68,543,7,3,0,20,20,6,Electric
2,68,544,8,1,0,20,20,6,Gasoline
20,68,544,8,2,0,20,20,8,Gasoline
48,68,544,8,3,1,25,20,8,Hybrid
48,69,545,1,1,0,25,20,8,Hybrid
5,69,545,1,2,0,20,25,6,Gasoline
1,69,545,1,3,1,15,20,6,Gasoline
23,69,546,2,1,0,20,25,8,Gasoline
39,69,546,2,2,0,25,20,7,Hybrid
43,69,546,2,3,1,15,30,7,Hybrid
31,69,547,3,1,1,15,25,6,Hybrid
26,69,547,3,2,0,20,30,8,Gasoline
34,69,547,3,3,0,15,30,6,Hybrid
56,69,548,4,1,0,20,20,6,Electric
64,69,548,4,2,0,15,20,7,Electric
67,69,548,4,3,1,15,25,7,Electric
45,69,549,5,1,0,25,30,7,Hybrid
12,69,549,5,2,1,25,20,7,Gasoline
6,69,549,5,3,0,25,25,6,Gasoline
16,69,550,6,1,1,15,30,7,Gasoline
41,69,550,6,2,0,20,25,7,Hybrid
10,69,550,6,3,0,15,20,7,Gasoline
11,69,551,7,1,0,20,20,7,Gasoline
10,69,551,7,2,1,15,20,7,Gasoline
56,69,551,7,3,0,20,20,6,Electric
9,69,552,8,1,1,25,30,6,Gasoline
59,69,552,8,2,0,20,25,6,Electric
66,69,552,8,3,0,25,20,7,Electric
31,70,553,1,1,0,15,25,6,Hybrid
23,70,553,1,2,0,20,25,8,Gasoline
64,70,553,1,3,1,15,20,7,Electric
77,70,554,2,1,1,20,25,8,Electric
78,70,554,2,2,0,25,25,8,Electric
52,70,554,2,3,0,15,30,8,Hybrid
11,70,555,3,1,0,20,20,7,Gasoline
41,70,555,3,2,1,20,25,7,Hybrid
77,70,555,3,3,0,20,25,8,Electric
18,70,556,4,1,0,25,30,7,Gasoline
7,70,556,4,2,1,15,30,6,Gasoline
27,70,556,4,3,0,25,30,8,Gasoline
51,70,557,5,1,1,25,25,8,Hybrid
18,70,557,5,2,0,25,30,7,Gasoline
26,70,557,5,3,0,20,30,8,Gasoline
37,70,558,6,1,1,15,20,7,Hybrid
5,70,558,6,2,0,20,25,6,Gasoline
4,70,558,6,3,0,15,25,6,Gasoline
58,70,559,7,1,0,15,25,6,Electric
42,70,559,7,2,0,25,25,7,Hybrid
13,70,559,7,3,1,15,25,7,Gasoline
22,70,560,8,1,0,15,25,8,Gasoline
5,70,560,8,2,0,20,25,6,Gasoline
16,70,560,8,3,1,15,30,7,Gasoline
66,71,561,1,1,0,25,20,7,Electric
62,71,561,1,2,1,20,30,6,Electric
80,71,561,1,3,0,20,30,8,Electric
63,71,562,2,1,0,25,30,6,Electric
49,71,562,2,2,1,15,25,8,Hybrid
23,71,562,2,3,0,20,25,8,Gasoline
29,71,563,3,1,0,20,20,6,Hybrid
51,71,563,3,2,0,25,25,8,Hybrid
80,71,563,3,3,1,20,30,8,Electric
24,71,564,4,1,0,25,25,8,Gasoline
45,71,564,4,2,0,25,30,7,Hybrid
53,71,564,4,3,1,20,30,8,Hybrid
44,71,565,5,1,0,20,30,7,Hybrid
72,71,565,5,2,0,25,30,7,Electric
39,71,565,5,3,1,25,20,7,Hybrid
41,71,566,6,1,0,20,25,7,Hybrid
17,71,566,6,2,0,20,30,7,Gasoline
65,71,566,6,3,1,20,20,7,Electric
36,71,567,7,1,0,25,30,6,Hybrid
34,71,567,7,2,0,15,30,6,Hybrid
46,71,567,7,3,1,15,20,8,Hybrid
66,71,568,8,1,0,25,20,7,Electric
17,71,568,8,2,1,20,30,7,Gasoline
39,71,568,8,3,0,25,20,7,Hybrid
59,72,569,1,1,1,20,25,6,Electric
31,72,569,1,2,0,15,25,6,Hybrid
36,72,569,1,3,0,25,30,6,Hybrid
24,72,570,2,1,1,25,25,8,Gasoline
67,72,570,2,2,0,15,25,7,Electric
33,72,570,2,3,0,25,25,6,Hybrid
18,72,571,3,1,1,25,30,7,Gasoline
69,72,571,3,2,0,25,25,7,Electric
74,72,571,3,3,0,20,20,8,Electric
35,72,572,4,1,1,20,30,6,Hybrid
59,72,572,4,2,0,20,25,6,Electric
27,72,572,4,3,0,25,30,8,Gasoline
23,72,573,5,1,1,20,25,8,Gasoline
51,72,573,5,2,0,25,25,8,Hybrid
42,72,573,5,3,0,25,25,7,Hybrid
58,72,574,6,1,0,15,25,6,Electric
28,72,574,6,2,1,15,20,6,Hybrid
59,72,574,6,3,0,20,25,6,Electric
39,72,575,7,1,0,25,20,7,Hybrid
36,72,575,7,2,0,25,30,6,Hybrid
1,72,575,7,3,1,15,20,6,Gasoline
34,72,576,8,1,0,15,30,6,Hybrid
17,72,576,8,2,1,20,30,7,Gasoline
43,72,576,8,3,0,15,30,7,Hybrid
61,73,577,1,1,0,15,30,6,Electric
57,73,577,1,2,1,25,20,6,Electric
78,73,577,1,3,0,25,25,8,Electric
75,73,578,2,1,0,25,20,8,Electric
22,73,578,2,2,0,15,25,8,Gasoline
48,73,578,2,3,1,25,20,8,Hybrid
55,73,579,3,1,0,15,20,6,Electric
67,73,579,3,2,1,15,25,7,Electric
11,73,579,3,3,0,20,20,7,Gasoline
50,73,580,4,1,1,20,25,8,Hybrid
67,73,580,4,2,0,15,25,7,Electric
6,73,580,4,3,0,25,25,6,Gasoline
47,73,581,5,1,0,20,20,8,Hybrid
39,73,581,5,2,0,25,20,7,Hybrid
1,73,581,5,3,1,15,20,6,Gasoline
49,73,582,6,1,0,15,25,8,Hybrid
37,73,582,6,2,1,15,20,7,Hybrid
57,73,582,6,3,0,25,20,6,Electric
4,73,583,7,1,0,15,25,6,Gasoline
16,73,583,7,2,1,15,30,7,Gasoline
9,73,583,7,3,0,25,30,6,Gasoline
46,73,584,8,1,1,15,20,8,Hybrid
20,73,584,8,2,0,20,20,8,Gasoline
32,73,584,8,3,0,20,25,6,Hybrid
81,74,585,1,1,0,25,30,8,Electric
77,74,585,1,2,0,20,25,8,Electric
55,74,585,1,3,1,15,20,6,Electric
30,74,586,2,1,1,25,20,6,Hybrid
12,74,586,2,2,0,25,20,7,Gasoline
63,74,586,2,3,0,25,30,6,Electric
10,74,587,3,1,0,15,20,7,Gasoline
80,74,587,3,2,1,20,30,8,Electric
75,74,587,3,3,0,25,20,8,Electric
70,74,588,4,1,0,15,30,7,Electric
8,74,588,4,2,1,20,30,6,Gasoline
54,74,588,4,3,0,25,30,8,Hybrid
43,74,589,5,1,0,15,30,7,Hybrid
67,74,589,5,2,1,15,25,7,Electric
18,74,589,5,3,0,25,30,7,Gasoline
26,74,590,6,1,0,20,30,8,Gasoline
72,74,590,6,2,0,25,30,7,Electric
51,74,590,6,3,1,25,25,8,Hybrid
40,74,591,7,1,1,15,25,7,Hybrid
42,74,591,7,2,0,25,25,7,Hybrid
76,74,591,7,3,0,15,25,8,Electric
77,74,592,8,1,0,20,25,8,Electric
66,74,592,8,2,0,25,20,7,Electric
68,74,592,8,3,1,20,25,7,Electric
46,75,593,1,1,0,15,20,8,Hybrid
29,75,593,1,2,0,20,20,6,Hybrid
19,75,593,1,3,1,15,20,8,Gasoline
78,75,594,2,1,0,25,25,8,Electric
19,75,594,2,2,1,15,20,8,Gasoline
23,75,594,2,3,0,20,25,8,Gasoline
28,75,595,3,1,0,15,20,6,Hybrid
10,75,595,3,2,0,15,20,7,Gasoline
41,75,595,3,3,1,20,25,7,Hybrid
45,75,596,4,1,0,25,30,7,Hybrid
4,75,596,4,2,0,15,25,6,Gasoline
22,75,596,4,3,1,15,25,8,Gasoline
3,75,597,5,1,0,25,20,6,Gasoline
52,75,597,5,2,1,15,30,8,Hybrid
12,75,597,5,3,0,25,20,7,Gasoline
47,75,598,6,1,0,20,20,8,Hybrid
21,75,598,6,2,0,25,20,8,Gasoline
25,75,598,6,3,1,15,30,8,Gasoline
69,75,599,7,1,0,25,25,7,Electric
38,75,599,7,2,1,20,20,7,Hybrid
81,75,599,7,3,0,25,30,8,Electric
76,75,600,8,1,0,15,25,8,Electric
49,75,600,8,2,1,15,25,8,Hybrid
23,75,600,8,3,0,20,25,8,Gasoline
78,76,601,1,1,0,25,25,8,Electric
51,76,601,1,2,1,25,25,8,Hybrid
21,76,601,1,3,0,25,20,8,Gasoline
30,76,602,2,1,0,25,20,6,Hybrid
17,76,602,2,2,0,20,30,7,Gasoline
48,76,602,2,3,1,25,20,8,Hybrid
36,76,603,3,1,0,25,30,6,Hybrid
33,76,603,3,2,0,25,25,6,Hybrid
35,76,603,3,3,1,20,30,6,Hybrid
64,76,604,4,1,0,15,20,7,Electric
47,76,604,4,2,0,20,20,8,Hybrid
25,76,604,4,3,1,15,30,8,Gasoline
71,76,605,5,1,0,20,30,7,Electric
62,76,605,5,2,1,20,30,6,Electric
63,76,605,5,3,0,25,30,6,Electric
13,76,606,6,1,1,15,25,7,Gasoline
60,76,606,6,2,0,25,25,6,Electric
69,76,606,6,3,0,25,25,7,Electric
16,76,607,7,1,1,15,30,7,Gasoline
24,76,607,7,2,0,25,25,8,Gasoline
81,76,607,7,3,0,25,30,8,Electric
25,76,608,8,1,1,15,30,8,Gasoline
31,76,608,8,2,0,15,25,6,Hybrid
55,76,608,8,3,0,15,20,6,Electric
65,77,609,1,1,0,20,20,7,Electric
53,77,609,1,2,0,20,30,8,Hybrid
13,77,609,1,3,1,15,25,7,Gasoline
10,77,610,2,1,1,15,20,7,Gasoline
64,77,610,2,2,0,15,20,7,Electric
68,77,610,2,3,0,20,25,7,Electric
23,77,611,3,1,0,20,25,8,Gasoline
56,77,611,3,2,0,20,20,6,Electric
31,77,611,3,3,1,15,25,6,Hybrid
67,77,612,4,1,0,15,25,7,Electric
60,77,612,4,2,0,25,25,6,Electric
61,77,612,4,3,1,15,30,6,Electric
11,77,613,5,1,0,20,20,7,Gasoline
10,77,613,5,2,0,15,20,7,Gasoline
43,77,613,5,3,1,15,30,7,Hybrid
32,77,614,6,1,0,20,25,6,Hybrid
19,77,614,6,2,1,15,20,8,Gasoline
63,77,614,6,3,0,25,30,6,Electric
74,77,615,7,1,0,20,20,8,Electric
78,77,615,7,2,0,25,25,8,Electric
14,77,615,7,3,1,20,25,7,Gasoline
74,77,616,8,1,0,20,20,8,Electric
17,77,616,8,2,0,20,30,7,Gasoline
8,77,616,8,3,1,20,30,6,Gasoline
62,78,617,1,1,1,20,30,6,Electric
71,78,617,1,2,0,20,30,7,Electric
78,78,617,1,3,0,25,25,8,Electric
49,78,618,2,1,1,15,25,8,Hybrid
73,78,618,2,2,0,15,20,8,Electric
48,78,618,2,3,0,25,20,8,Hybrid
9,78,619,3,1,0,25,30,6,Gasoline
81,78,619,3,2,0,25,30,8,Electric
13,78,619,3,3,1,15,25,7,Gasoline
29,78,620,4,1,1,20,20,6,Hybrid
32,78,620,4,2,0,20,25,6,Hybrid
24,78,620,4,3,0,25,25,8,Gasoline
54,78,621,5,1,0,25,30,8,Hybrid
37,78,621,5,2,1,15,20,7,Hybrid
17,78,621,5,3,0,20,30,7,Gasoline
44,78,622,6,1,1,20,30,7,Hybrid
48,78,622,6,2,0,25,20,8,Hybrid
68,78,622,6,3,0,20,25,7,Electric
49,78,623,7,1,0,15,25,8,Hybrid
79,78,623,7,2,0,15,30,8,Electric
22,78,623,7,3,1,15,25,8,Gasoline
46,78,624,8,1,0,15,20,8,Hybrid
27,78,624,8,2,0,25,30,8,Gasoline
79,78,624,8,3,1,15,30,8,Electric
29,79,625,1,1,0,20,20,6,Hybrid
34,79,625,1,2,1,15,30,6,Hybrid
2,79,625,1,3,0,20,20,6,Gasoline
67,79,626,2,1,0,15,25,7,Electric
65,79,626,2,2,0,20,20,7,Electric
31,79,626,2,3,1,15,25,6,Hybrid
75,79,627,3,1,0,25,20,8,Electric
79,79,627,3,2,1,15,30,8,Electric
41,79,627,3,3,0,20,25,7,Hybrid
22,79,628,4,1,1,15,25,8,Gasoline
71,79,628,4,2,0,20,30,7,Electric
38,79,628,4,3,0,20,20,7,Hybrid
81,79,629,5,1,0,25,30,8,Electric
17,79,629,5,2,0,20,30,7,Gasoline
28,79,629,5,3,1,15,20,6,Hybrid
36,79,630,6,1,0,25,30,6,Hybrid
41,79,630,6,2,0,20,25,7,Hybrid
17,79,630,6,3,1,20,30,7,Gasoline
78,79,631,7,1,1,25,25,8,Electric
5,79,631,7,2,0,20,25,6,Gasoline
17,79,631,7,3,0,20,30,7,Gasoline
74,79,632,8,1,1,20,20,8,Electric
16,79,632,8,2,0,15,30,7,Gasoline
42,79,632,8,3,0,25,25,7,Hybrid
24,80,633,1,1,0,25,25,8,Gasoline
60,80,633,1,2,0,25,25,6,Electric
50,80,633,1,3,1,20,25,8,Hybrid
30,80,634,2,1,0,25,20,6,Hybrid
49,80,634,2,2,1,15,25,8,Hybrid
11,80,634,2,3,0,20,20,7,Gasoline
74,80,635,3,1,0,20,20,8,Electric
12,80,635,3,2,1,25,20,7,Gasoline
45,80,635,3,3,0,25,30,7,Hybrid
10,80,636,4,1,0,15,20,7,Gasoline
28,80,636,4,2,0,15,20,6,Hybrid
34,80,636,4,3,1,15,30,6,Hybrid
79,80,637,5,1,0,15,30,8,Electric
56,80,637,5,2,1,20,20,6,Electric
19,80,637,5,3,0,15,20,8,Gasoline
20,80,638,6,1,1,20,20,8,Gasoline
81,80,638,6,2,0,25,30,8,Electric
77,80,638,6,3,0,20,25,8,Electric
70,80,639,7,1,0,15,30,7,Electric
52,80,639,7,2,1,15,30,8,Hybrid
31,80,639,7,3,0,15,25,6,Hybrid
40,80,640,8,1,1,15,25,7,Hybrid
48,80,640,8,2,0,25,20,8,Hybrid
26,80,640,8,3,0,20,30,8,Gasoline
54,81,641,1,1,0,25,30,8,Hybrid
25,81,641,1,2,0,15,30,8,Gasoline
39,81,641,1,3,1,25,20,7,Hybrid
65,81,642,2,1,0,20,20,7,Electric
3,81,642,2,2,0,25,20,6,Gasoline
41,81,642,2,3,1,20,25,7,Hybrid
6,81,643,3,1,1,25,25,6,Gasoline
27,81,643,3,2,0,25,30,8,Gasoline
66,81,643,3,3,0,25,20,7,Electric
29,81,644,4,1,0,20,20,6,Hybrid
13,81,644,4,2,1,15,25,7,Gasoline
28,81,644,4,3,0,15,20,6,Hybrid
49,81,645,5,1,1,15,25,8,Hybrid
39,81,645,5,2,0,25,20,7,Hybrid
7,81,645,5,3,0,15,30,6,Gasoline
58,81,646,6,1,0,15,25,6,Electric
60,81,646,6,2,0,25,25,6,Electric
71,81,646,6,3,1,20,30,7,Electric
37,81,647,7,1,1,15,20,7,Hybrid
4,81,647,7,2,0,15,25,6,Gasoline
24,81,647,7,3,0,25,25,8,Gasoline
53,81,648,8,1,0,20,30,8,Hybrid
7,81,648,8,2,1,15,30,6,Gasoline
24,81,648,8,3,0,25,25,8,Gasoline
67,82,649,1,1,1,15,25,7,Electric
75,82,649,1,2,0,25,20,8,Electric
69,82,649,1,3,0,25,25,7,Electric
14,82,650,2,1,0,20,25,7,Gasoline
56,82,650,2,2,0,20,20,6,Electric
16,82,650,2,3,1,15,30,7,Gasoline
61,82,651,3,1,0,15,30,6,Electric
31,82,651,3,2,1,15,25,6,Hybrid
15,82,651,3,3,0,25,25,7,Gasoline
44,82,652,4,1,0,20,30,7,Hybrid
46,82,652,4,2,1,15,20,8,Hybrid
17,82,652,4,3,0,20,30,7,Gasoline
38,82,653,5,1,1,20,20,7,Hybrid
58,82,653,5,2,0,15,25,6,Electric
63,82,653,5,3,0,25,30,6,Electric
48,82,654,6,1,0,25,20,8,Hybrid
7,82,654,6,2,0,15,30,6,Gasoline
55,82,654,6,3,1,15,20,6,Electric
5,82,655,7,1,1,20,25,6,Gasoline
52,82,655,7,2,0,15,30,8,Hybrid
16,82,655,7,3,0,15,30,7,Gasoline
56,82,656,8,1,0,20,20,6,Electric
35,82,656,8,2,0,20,30,6,Hybrid
11,82,656,8,3,1,20,20,7,Gasoline
1,83,657,1,1,1,15,20,6,Gasoline
71,83,657,1,2,0,20,30,7,Electric
22,83,657,1,3,0,15,25,8,Gasoline
55,83,658,2,1,1,15,20,6,Electric
25,83,658,2,2,0,15,30,8,Gasoline
41,83,658,2,3,0,20,25,7,Hybrid
36,83,659,3,1,0,25,30,6,Hybrid
42,83,659,3,2,0,25,25,7,Hybrid
43,83,659,3,3,1,15,30,7,Hybrid
24,83,660,4,1,0,25,25,8,Gasoline
53,83,660,4,2,0,20,30,8,Hybrid
22,83,660,4,3,1,15,25,8,Gasoline
43,83,661,5,1,1,15,30,7,Hybrid
18,83,661,5,2,0,25,30,7,Gasoline
24,83,661,5,3,0,25,25,8,Gasoline
47,83,662,6,1,0,20,20,8,Hybrid
76,83,662,6,2,1,15,25,8,Electric
11,83,662,6,3,0,20,20,7,Gasoline
3,83,663,7,1,0,25,20,6,Gasoline
30,83,663,7,2,1,25,20,6,Hybrid
5,83,663,7,3,0,20,25,6,Gasoline
30,83,664,8,1,0,25,20,6,Hybrid
67,83,664,8,2,1,15,25,7,Electric
69,83,664,8,3,0,25,25,7,Electric
11,84,665,1,1,1,20,20,7,Gasoline
35,84,665,1,2,0,20,30,6,Hybrid
32,84,665,1,3,0,20,25,6,Hybrid
78,84,666,2,1,0,25,25,8,Electric
2,84,666,2,2,1,20,20,6,Gasoline
74,84,666,2,3,0,20,20,8,Electric
57,84,667,3,1,0,25,20,6,Electric
27,84,667,3,2,0,25,30,8,Gasoline
70,84,667,3,3,1,15,30,7,Electric
65,84,668,4,1,0,20,20,7,Electric
44,84,668,4,2,0,20,30,7,Hybrid
34,84,668,4,3,1,15,30,6,Hybrid
21,84,669,5,1,0,25,20,8,Gasoline
56,84,669,5,2,0,20,20,6,Electric
6,84,669,5,3,1,25,25,6,Gasoline
22,84,670,6,1,1,15,25,8,Gasoline
76,84,670,6,2,0,15,25,8,Electric
33,84,670,6,3,0,25,25,6,Hybrid
41,84,671,7,1,0,20,25,7,Hybrid
38,84,671,7,2,0,20,20,7,Hybrid
6,84,671,7,3,1,25,25,6,Gasoline
44,84,672,8,1,0,20,30,7,Hybrid
26,84,672,8,2,1,20,30,8,Gasoline
62,84,672,8,3,0,20,30,6,Electric
49,85,673,1,1,0,15,25,8,Hybrid
47,85,673,1,2,1,20,20,8,Hybrid
29,85,673,1,3,0,20,20,6,Hybrid
76,85,674,2,1,1,15,25,8,Electric
78,85,674,2,2,0,25,25,8,Electric
21,85,674,2,3,0,25,20,8,Gasoline
76,85,675,3,1,0,15,25,8,Electric
49,85,675,3,2,1,15,25,8,Hybrid
57,85,675,3,3,0,25,20,6,Electric
66,85,676,4,1,0,25,20,7,Electric
30,85,676,4,2,0,25,20,6,Hybrid
1,85,676,4,3,1,15,20,6,Gasoline
7,85,677,5,1,1,15,30,6,Gasoline
12,85,677,5,2,0,25,20,7,Gasoline
60,85,677,5,3,0,25,25,6,Electric
61,85,678,6,1,0,15,30,6,Electric
9,85,678,6,2,0,25,30,6,Gasoline
53,85,678,6,3,1,20,30,8,Hybrid
26,85,679,7,1,0,20,30,8,Gasoline
10,85,679,7,2,1,15,20,7,Gasoline
39,85,679,7,3,0,25,20,7,Hybrid
15,85,680,8,1,0,25,25,7,Gasoline
77,85,680,8,2,0,20,25,8,Electric
64,85,680,8,3,1,15,20,7,Electric
51,86,681,1,1,0,25,25,8,Hybrid
43,86,681,1,2,1,15,30,7,Hybrid
44,86,681,1,3,0,20,30,7,Hybrid
15,86,682,2,1,1,25,25,7,Gasoline
2,86,682,2,2,0,20,20,6,Gasoline
68,86,682,2,3,0,20,25,7,Electric
19,86,683,3,1,0,15,20,8,Gasoline
63,86,683,3,2,1,25,30,6,Electric
59,86,683,3,3,0,20,25,6,Electric
49,86,684,4,1,0,15,25,8,Hybrid
7,86,684,4,2,1,15,30,6,Gasoline
31,86,684,4,3,0,15,25,6,Hybrid
38,86,685,5,1,1,20,20,7,Hybrid
20,86,685,5,2,0,20,20,8,Gasoline
70,86,685,5,3,0,15,30,7,Electric
65,86,686,6,1,0,20,20,7,Electric
11,86,686,6,2,1,20,20,7,Gasoline
72,86,686,6,3,0,25,30,7,Electric
67,86,687,7,1,0,15,25,7,Electric
26,86,687,7,2,1,20,30,8,Gasoline
12,86,687,7,3,0,25,20,7,Gasoline
23,86,688,8,1,0,20,25,8,Gasoline
34,86,688,8,2,1,15,30,6,Hybrid
46,86,688,8,3,0,15,20,8,Hybrid
4,87,689,1,1,1,15,25,6,Gasoline
12,87,689,1,2,0,25,20,7,Gasoline
40,87,689,1,3,0,15,25,7,Hybrid
60,87,690,2,1,0,25,25,6,Electric
64,87,690,2,2,1,15,20,7,Electric
24,87,690,2,3,0,25,25,8,Gasoline
41,87,691,3,1,1,20,25,7,Hybrid
56,87,691,3,2,0,20,20,6,Electric
11,87,691,3,3,0,20,20,7,Gasoline
71,87,692,4,1,1,20,30,7,Electric
36,87,692,4,2,0,25,30,6,Hybrid
41,87,692,4,3,0,20,25,7,Hybrid
24,87,693,5,1,0,25,25,8,Gasoline
14,87,693,5,2,0,20,25,7,Gasoline
28,87,693,5,3,1,15,20,6,Hybrid
10,87,694,6,1,1,15,20,7,Gasoline
9,87,694,6,2,0,25,30,6,Gasoline
23,87,694,6,3,0,20,25,8,Gasoline
80,87,695,7,1,0,20,30,8,Electric
16,87,695,7,2,1,15,30,7,Gasoline
39,87,695,7,3,0,25,20,7,Hybrid
80,87,696,8,1,0,20,30,8,Electric
78,87,696,8,2,0,25,25,8,Electric
53,87,696,8,3,1,20,30,8,Hybrid
54,88,697,1,1,0,25,30,8,Hybrid
20,88,697,1,2,1,20,20,8,Gasoline
2,88,697,1,3,0,20,20,6,Gasoline
48,88,698,2,1,0,25,20,8,Hybrid
19,88,698,2,2,0,15,20,8,Gasoline
37,88,698,2,3,1,15,20,7,Hybrid
18,88,699,3,1,1,25,30,7,Gasoline
79,88,699,3,2,0,15,30,8,Electric
30,88,699,3,3,0,25,20,6,Hybrid
9,88,700,4,1,0,25,30,6,Gasoline
8,88,700,4,2,0,20,30,6,Gasoline
38,88,700,4,3,1,20,20,7,Hybrid
42,88,701,5,1,0,25,25,7,Hybrid
6,88,701,5,2,0,25,25,6,Gasoline
20,88,701,5,3,1,20,20,8,Gasoline
34,88,702,6,1,0,15,30,6,Hybrid
81,88,702,6,2,0,25,30,8,Electric
25,88,702,6,3,1,15,30,8,Gasoline
43,88,703,7,1,1,15,30,7,Hybrid
46,88,703,7,2,0,15,20,8,Hybrid
45,88,703,7,3,0,25,30,7,Hybrid
1,88,704,8,1,0,15,20,6,Gasoline
65,88,704,8,2,0,20,20,7,Electric
64,88,704,8,3,1,15,20,7,Electric
21,89,705,1,1,0,25,20,8,Gasoline
59,89,705,1,2,1,20,25,6,Electric
68,89,705,1,3,0,20,25,7,Electric
12,89,706,2,1,0,25,20,7,Gasoline
72,89,706,2,2,0,25,30,7,Electric
8,89,706,2,3,1,20,30,6,Gasoline
62,89,707,3,1,0,20,30,6,Electric
75,89,707,3,2,0,25,20,8,Electric
49,89,707,3,3,1,15,25,8,Hybrid
56,89,708,4,1,1,20,20,6,Electric
7,89,708,4,2,0,15,30,6,Gasoline
12,89,708,4,3,0,25,20,7,Gasoline
71,89,709,5,1,0,20,30,7,Electric
18,89,709,5,2,0,25,30,7,Gasoline
3,89,709,5,3,1,25,20,6,Gasoline
52,89,710,6,1,1,15,30,8,Hybrid
23,89,710,6,2,0,20,25,8,Gasoline
74,89,710,6,3,0,20,20,8,Electric
64,89,711,7,1,1,15,20,7,Electric
27,89,711,7,2,0,25,30,8,Gasoline
17,89,711,7,3,0,20,30,7,Gasoline
44,89,712,8,1,1,20,30,7,Hybrid
67,89,712,8,2,0,15,25,7,Electric
58,89,712,8,3,0,15,25,6,Electric
35,90,713,1,1,1,20,30,6,Hybrid
25,90,713,1,2,0,15,30,8,Gasoline
6,90,713,1,3,0,25,25,6,Gasoline
38,90,714,2,1,0,20,20,7,Hybrid
9,90,714,2,2,1,25,30,6,Gasoline
11,90,714,2,3,0,20,20,7,Gasoline
22,90,715,3,1,0,15,25,8,Gasoline
17,90,715,3,2,1,20,30,7,Gasoline
44,90,715,3,3,0,20,30,7,Hybrid
26,90,716,4,1,1,20,30,8,Gasoline
61,90,716,4,2,0,15,30,6,Electric
11,90,716,4,3,0,20,20,7,Gasoline
27,90,717,5,1,0,25,30,8,Gasoline
23,90,717,5,2,1,20,25,8,Gasoline
79,90,717,5,3,0,15,30,8,Electric
46,90,718,6,1,1,15,20,8,Hybrid
30,90,718,6,2,0,25,20,6,Hybrid
67,90,718,6,3,0,15,25,7,Electric
61,90,719,7,1,1,15,30,6,Electric
48,90,719,7,2,0,25,20,8,Hybrid
79,90,719,7,3,0,15,30,8,Electric
73,90,720,8,1,0,15,20,8,Electric
36,90,720,8,2,1,25,30,6,Hybrid
25,90,720,8,3,0,15,30,8,Gasoline
77,91,721,1,1,0,20,25,8,Electric
3,91,721,1,2,0,25,20,6,Gasoline
7,91,721,1,3,1,15,30,6,Gasoline
32,91,722,2,1,0,20,25,6,Hybrid
57,91,722,2,2,0,25,20,6,Electric
67,91,722,2,3,1,15,25,7,Electric
59,91,723,3,1,0,20,25,6,Electric
24,91,723,3,2,0,25,25,8,Gasoline
36,91,723,3,3,1,25,30,6,Hybrid
37,91,724,4,1,0,15,20,7,Hybrid
67,91,724,4,2,0,15,25,7,Electric
35,91,724,4,3,1,20,30,6,Hybrid
2,91,725,5,1,0,20,20,6,Gasoline
18,91,725,5,2,0,25,30,7,Gasoline
55,91,725,5,3,1,15,20,6,Electric
47,91,726,6,1,1,20,20,8,Hybrid
50,91,726,6,2,0,20,25,8,Hybrid
71,91,726,6,3,0,20,30,7,Electric
19,91,727,7,1,1,15,20,8,Gasoline
65,91,727,7,2,0,20,20,7,Electric
14,91,727,7,3,0,20,25,7,Gasoline
40,91,728,8,1,1,15,25,7,Hybrid
24,91,728,8,2,0,25,25,8,Gasoline
35,91,728,8,3,0,20,30,6,Hybrid
80,92,729,1,1,0,20,30,8,Electric
34,92,729,1,2,1,15,30,6,Hybrid
63,92,729,1,3,0,25,30,6,Electric
11,92,730,2,1,0,20,20,7,Gasoline
31,92,730,2,2,1,15,25,6,Hybrid
65,92,730,2,3,0,20,20,7,Electric
37,92,731,3,1,1,15,20,7,Hybrid
23,92,731,3,2,0,20,25,8,Gasoline
69,92,731,3,3,0,25,25,7,Electric
42,92,732,4,1,0,25,25,7,Hybrid
28,92,732,4,2,1,15,20,6,Hybrid
64,92,732,4,3,0,15,20,7,Electric
12,92,733,5,1,1,25,20,7,Gasoline
58,92,733,5,2,0,15,25,6,Electric
65,92,733,5,3,0,20,20,7,Electric
11,92,734,6,1,1,20,20,7,Gasoline
78,92,734,6,2,0,25,25,8,Electric
32,92,734,6,3,0,20,25,6,Hybrid
24,92,735,7,1,1,25,25,8,Gasoline
21,92,735,7,2,0,25,20,8,Gasoline
42,92,735,7,3,0,25,25,7,Hybrid
80,92,736,8,1,0,20,30,8,Electric
7,92,736,8,2,1,15,30,6,Gasoline
11,92,736,8,3,0,20,20,7,Gasoline
34,93,737,1,1,1,15,30,6,Hybrid
63,93,737,1,2,0,25,30,6,Electric
12,93,737,1,3,0,25,20,7,Gasoline
44,93,738,2,1,0,20,30,7,Hybrid
8,93,738,2,2,0,20,30,6,Gasoline
19,93,738,2,3,1,15,20,8,Gasoline
63,93,739,3,1,0,25,30,6,Electric
23,93,739,3,2,1,20,25,8,Gasoline
55,93,739,3,3,0,15,20,6,Electric
22,93,740,4,1,1,15,25,8,Gasoline
72,93,740,4,2,0,25,30,7,Electric
21,93,740,4,3,0,25,20,8,Gasoline
11,93,741,5,1,0,20,20,7,Gasoline
53,93,741,5,2,1,20,30,8,Hybrid
58,93,741,5,3,0,15,25,6,Electric
33,93,742,6,1,0,25,25,6,Hybrid
5,93,742,6,2,0,20,25,6,Gasoline
46,93,742,6,3,1,15,20,8,Hybrid
24,93,743,7,1,0,25,25,8,Gasoline
43,93,743,7,2,0,15,30,7,Hybrid
64,93,743,7,3,1,15,20,7,Electric
31,93,744,8,1,1,15,25,6,Hybrid
50,93,744,8,2,0,20,25,8,Hybrid
27,93,744,8,3,0,25,30,8,Gasoline
19,94,745,1,1,1,15,20,8,Gasoline
11,94,745,1,2,0,20,20,7,Gasoline
72,94,745,1,3,0,25,30,7,Electric
45,94,746,2,1,0,25,30,7,Hybrid
66,94,746,2,2,0,25,20,7,Electric
54,94,746,2,3,1,25,30,8,Hybrid
12,94,747,3,1,0,25,20,7,Gasoline
33,94,747,3,2,0,25,25,6,Hybrid
44,94,747,3,3,1,20,30,7,Hybrid
13,94,748,4,1,1,15,25,7,Gasoline
55,94,748,4,2,0,15,20,6,Electric
23,94,748,4,3,0,20,25,8,Gasoline
13,94,749,5,1,1,15,25,7,Gasoline
57,94,749,5,2,0,25,20,6,Electric
63,94,749,5,3,0,25,30,6,Electric
19,94,750,6,1,1,15,20,8,Gasoline
40,94,750,6,2,0,15,25,7,Hybrid
15,94,750,6,3,0,25,25,7,Gasoline
66,94,751,7,1,0,25,20,7,Electric
2,94,751,7,2,0,20,20,6,Gasoline
15,94,751,7,3,1,25,25,7,Gasoline
50,94,752,8,1,0,20,25,8,Hybrid
33,94,752,8,2,1,25,25,6,Hybrid
38,94,752,8,3,0,20,20,7,Hybrid
55,95,753,1,1,0,15,20,6,Electric
10,95,753,1,2,1,15,20,7,Gasoline
47,95,753,1,3,0,20,20,8,Hybrid
42,95,754,2,1,0,25,25,7,Hybrid
11,95,754,2,2,0,20,20,7,Gasoline
25,95,754,2,3,1,15,30,8,Gasoline
71,95,755,3,1,0,20,30,7,Electric
12,95,755,3,2,0,25,20,7,Gasoline
23,95,755,3,3,1,20,25,8,Gasoline
49,95,756,4,1,1,15,25,8,Hybrid
12,95,756,4,2,0,25,20,7,Gasoline
55,95,756,4,3,0,15,20,6,Electric
81,95,757,5,1,0,25,30,8,Electric
28,95,757,5,2,1,15,20,6,Hybrid
64,95,757,5,3,0,15,20,7,Electric
46,95,758,6,1,0,15,20,8,Hybrid
60,95,758,6,2,0,25,25,6,Electric
40,95,758,6,3,1,15,25,7,Hybrid
58,95,759,7,1,0,15,25,6,Electric
81,95,759,7,2,1,25,30,8,Electric
60,95,759,7,3,0,25,25,6,Electric
71,95,760,8,1,0,20,30,7,Electric
32,95,760,8,2,1,20,25,6,Hybrid
47,95,760,8,3,0,20,20,8,Hybrid
64,96,761,1,1,0,15,20,7,Electric
11,96,761,1,2,0,20,20,7,Gasoline
12,96,761,1,3,1,25,20,7,Gasoline
7,96,762,2,1,1,15,30,6,Gasoline
22,96,762,2,2,0,15,25,8,Gasoline
58,96,762,2,3,0,15,25,6,Electric
7,96,763,3,1,1,15,30,6,Gasoline
51,96,763,3,2,0,25,25,8,Hybrid
39,96,763,3,3,0,25,20,7,Hybrid
61,96,764,4,1,0,15,30,6,Electric
21,96,764,4,2,1,25,20,8,Gasoline
80,96,764,4,3,0,20,30,8,Electric
44,96,765,5,1,0,20,30,7,Hybrid
37,96,765,5,2,0,15,20,7,Hybrid
16,96,765,5,3,1,15,30,7,Gasoline
79,96,766,6,1,1,15,30,8,Electric
48,96,766,6,2,0,25,20,8,Hybrid
78,96,766,6,3,0,25,25,8,Electric
32,96,767,7,1,0,20,25,6,Hybrid
22,96,767,7,2,1,15,25,8,Gasoline
16,96,767,7,3,0,15,30,7,Gasoline
25,96,768,8,1,1,15,30,8,Gasoline
78,96,768,8,2,0,25,25,8,Electric
44,96,768,8,3,0,20,30,7,Hybrid
12,97,769,1,1,0,25,20,7,Gasoline
74,97,769,1,2,0,20,20,8,Electric
60,97,769,1,3,1,25,25,6,Electric
14,97,770,2,1,1,20,25,7,Gasoline
63,97,770,2,2,0,25,30,6,Electric
44,97,770,2,3,0,20,30,7,Hybrid
46,97,771,3,1,1,15,20,8,Hybrid
27,97,771,3,2,0,25,30,8,Gasoline
72,97,771,3,3,0,25,30,7,Electric
13,97,772,4,1,1,15,25,7,Gasoline
54,97,772,4,2,0,25,30,8,Hybrid
6,97,772,4,3,0,25,25,6,Gasoline
20,97,773,5,1,0,20,20,8,Gasoline
58,97,773,5,2,1,15,25,6,Electric
5,97,773,5,3,0,20,25,6,Gasoline
71,97,774,6,1,0,20,30,7,Electric
74,97,774,6,2,0,20,20,8,Electric
36,97,774,6,3,1,25,30,6,Hybrid
49,97,775,7,1,0,15,25,8,Hybrid
42,97,775,7,2,0,25,25,7,Hybrid
1,97,775,7,3,1,15,20,6,Gasoline
29,97,776,8,1,0,20,20,6,Hybrid
64,97,776,8,2,0,15,20,7,Electric
4,97,776,8,3,1,15,25,6,Gasoline
42,98,777,1,1,0,25,25,7,Hybrid
22,98,777,1,2,0,15,25,8,Gasoline
19,98,777,1,3,1,15,20,8,Gasoline
60,98,778,2,1,0,25,25,6,Electric
79,98,778,2,2,1,15,30,8,Electric
54,98,778,2,3,0,25,30,8,Hybrid
41,98,779,3,1,0,20,25,7,Hybrid
80,98,779,3,2,1,20,30,8,Electric
62,98,779,3,3,0,20,30,6,Electric
35,98,780,4,1,1,20,30,6,Hybrid
54,98,780,4,2,0,25,30,8,Hybrid
66,98,780,4,3,0,25,20,7,Electric
3,98,781,5,1,0,25,20,6,Gasoline
60,98,781,5,2,0,25,25,6,Electric
71,98,781,5,3,1,20,30,7,Electric
48,98,782,6,1,0,25,20,8,Hybrid
7,98,782,6,2,1,15,30,6,Gasoline
30,98,782,6,3,0,25,20,6,Hybrid
80,98,783,7,1,0,20,30,8,Electric
7,98,783,7,2,1,15,30,6,Gasoline
42,98,783,7,3,0,25,25,7,Hybrid
20,98,784,8,1,1,20,20,8,Gasoline
68,98,784,8,2,0,20,25,7,Electric
63,98,784,8,3,0,25,30,6,Electric
22,99,785,1,1,0,15,25,8,Gasoline
13,99,785,1,2,1,15,25,7,Gasoline
76,99,785,1,3,0,15,25,8,Electric
79,99,786,2,1,1,15,30,8,Electric
62,99,786,2,2,0,20,30,6,Electric
71,99,786,2,3,0,20,30,7,Electric
79,99,787,3,1,1,15,30,8,Electric
35,99,787,3,2,0,20,30,6,Hybrid
77,99,787,3,3,0,20,25,8,Electric
56,99,788,4,1,1,20,20,6,Electric
20,99,788,4,2,0,20,20,8,Gasoline
11,99,788,4,3,0,20,20,7,Gasoline
65,99,789,5,1,0,20,20,7,Electric
71,99,789,5,2,0,20,30,7,Electric
80,99,789,5,3,1,20,30,8,Electric
77,99,790,6,1,0,20,25,8,Electric
10,99,790,6,2,1,15,20,7,Gasoline
64,99,790,6,3,0,15,20,7,Electric
75,99,791,7,1,0,25,20,8,Electric
29,99,791,7,2,0,20,20,6,Hybrid
61,99,791,7,3,1,15,30,6,Electric
81,99,792,8,1,0,25,30,8,Electric
66,99,792,8,2,1,25,20,7,Electric
71,99,792,8,3,0,20,30,7,Electric
69,100,793,1,1,0,25,25,7,Electric
61,100,793,1,2,1,15,30,6,Electric
60,100,793,1,3,0,25,25,6,Electric
12,100,794,2,1,0,25,20,7,Gasoline
15,100,794,2,2,1,25,25,7,Gasoline
69,100,794,2,3,0,25,25,7,Electric
68,100,795,3,1,0,20,25,7,Electric
25,100,795,3,2,1,15,30,8,Gasoline
50,100,795,3,3,0,20,25,8,Hybrid
55,100,796,4,1,1,15,20,6,Electric
74,100,796,4,2,0,20,20,8,Electric
50,100,796,4,3,0,20,25,8,Hybrid
17,100,797,5,1,1,20,30,7,Gasoline
22,100,797,5,2,0,15,25,8,Gasoline
6,100,797,5,3,0,25,25,6,Gasoline
22,100,798,6,1,1,15,25,8,Gasoline
14,100,798,6,2,0,20,25,7,Gasoline
69,100,798,6,3,0,25,25,7,Electric
29,100,799,7,1,1,20,20,6,Hybrid
11,100,799,7,2,0,20,20,7,Gasoline
46,100,799,7,3,0,15,20,8,Hybrid
27,100,800,8,1,0,25,30,8,Gasoline
41,100,800,8,2,1,20,25,7,Hybrid
51,100,800,8,3,0,25,25,8,Hybrid
48,101,801,1,1,0,25,20,8,Hybrid
80,101,801,1,2,1,20,30,8,Electric
32,101,801,1,3,0,20,25,6,Hybrid
23,101,802,2,1,0,20,25,8,Gasoline
27,101,802,2,2,1,25,30,8,Gasoline
67,101,802,2,3,0,15,25,7,Electric
35,101,803,3,1,0,20,30,6,Hybrid
19,101,803,3,2,1,15,20,8,Gasoline
17,101,803,3,3,0,20,30,7,Gasoline
19,101,804,4,1,1,15,20,8,Gasoline
71,101,804,4,2,0,20,30,7,Electric
75,101,804,4,3,0,25,20,8,Electric
62,101,805,5,1,1,20,30,6,Electric
63,101,805,5,2,0,25,30,6,Electric
12,101,805,5,3,0,25,20,7,Gasoline
79,101,806,6,1,0,15,30,8,Electric
62,101,806,6,2,1,20,30,6,Electric
60,101,806,6,3,0,25,25,6,Electric
31,101,807,7,1,1,15,25,6,Hybrid
50,101,807,7,2,0,20,25,8,Hybrid
62,101,807,7,3,0,20,30,6,Electric
64,101,808,8,1,1,15,20,7,Electric
31,101,808,8,2,0,15,25,6,Hybrid
45,101,808,8,3,0,25,30,7,Hybrid
28,102,809,1,1,1,15,20,6,Hybrid
66,102,809,1,2,0,25,20,7,Electric
54,102,809,1,3,0,25,30,8,Hybrid
16,102,810,2,1,0,15,30,7,Gasoline
18,102,810,2,2,0,25,30,7,Gasoline
4,102,810,2,3,1,15,25,6,Gasoline
54,102,811,3,1,0,25,30,8,Hybrid
14,102,811,3,2,1,20,25,7,Gasoline
61,102,811,3,3,0,15,30,6,Electric
58,102,812,4,1,0,15,25,6,Electric
6,102,812,4,2,1,25,25,6,Gasoline
35,102,812,4,3,0,20,30,6,Hybrid
14,102,813,5,1,0,20,25,7,Gasoline
77,102,813,5,2,0,20,25,8,Electric
11,102,813,5,3,1,20,20,7,Gasoline
73,102,814,6,1,0,15,20,8,Electric
8,102,814,6,2,1,20,30,6,Gasoline
33,102,814,6,3,0,25,25,6,Hybrid
3,102,815,7,1,0,25,20,6,Gasoline
18,102,815,7,2,0,25,30,7,Gasoline
58,102,815,7,3,1,15,25,6,Electric
25,102,816,8,1,0,15,30,8,Gasoline
47,102,816,8,2,0,20,20,8,Hybrid
52,102,816,8,3,1,15,30,8,Hybrid
54,103,817,1,1,0,25,30,8,Hybrid
21,103,817,1,2,0,25,20,8,Gasoline
11,103,817,1,3,1,20,20,7,Gasoline
48,103,818,2,1,0,25,20,8,Hybrid
24,103,818,2,2,0,25,25,8,Gasoline
16,103,818,2,3,1,15,30,7,Gasoline
33,103,819,3,1,0,25,25,6,Hybrid
13,103,819,3,2,0,15,25,7,Gasoline
16,103,819,3,3,1,15,30,7,Gasoline
77,103,820,4,1,0,20,25,8,Electric
31,103,820,4,2,0,15,25,6,Hybrid
27,103,820,4,3,1,25,30,8,Gasoline
23,103,821,5,1,0,20,25,8,Gasoline
29,103,821,5,2,1,20,20,6,Hybrid
57,103,821,5,3,0,25,20,6,Electric
7,103,822,6,1,1,15,30,6,Gasoline
72,103,822,6,2,0,25,30,7,Electric
23,103,822,6,3,0,20,25,8,Gasoline
79,103,823,7,1,0,15,30,8,Electric
53,103,823,7,2,0,20,30,8,Hybrid
43,103,823,7,3,1,15,30,7,Hybrid
19,103,824,8,1,0,15,20,8,Gasoline
8,103,824,8,2,1,20,30,6,Gasoline
21,103,824,8,3,0,25,20,8,Gasoline
7,104,825,1,1,1,15,30,6,Gasoline
63,104,825,1,2,0,25,30,6,Electric
35,104,825,1,3,0,20,30,6,Hybrid
71,104,826,2,1,0,20,30,7,Electric
41,104,826,2,2,1,20,25,7,Hybrid
62,104,826,2,3,0,20,30,6,Electric
54,104,827,3,1,0,25,30,8,Hybrid
22,104,827,3,2,0,15,25,8,Gasoline
19,104,827,3,3,1,15,20,8,Gasoline
28,104,828,4,1,1,15,20,6,Hybrid
13,104,828,4,2,0,15,25,7,Gasoline
29,104,828,4,3,0,20,20,6,Hybrid
35,104,829,5,1,0,20,30,6,Hybrid
78,104,829,5,2,0,25,25,8,Electric
22,104,829,5,3,1,15,25,8,Gasoline
39,104,830,6,1,1,25,20,7,Hybrid
72,104,830,6,2,0,25,30,7,Electric
36,104,830,6,3,0,25,30,6,Hybrid
21,104,831,7,1,0,25,20,8,Gasoline
57,104,831,7,2,0,25,20,6,Electric
50,104,831,7,3,1,20,25,8,Hybrid
70,104,832,8,1,1,15,30,7,Electric
12,104,832,8,2,0,25,20,7,Gasoline
71,104,832,8,3,0,20,30,7,Electric
66,105,833,1,1,0,25,20,7,Electric
37,105,833,1,2,0,15,20,7,Hybrid
51,105,833,1,3,1,25,25,8,Hybrid
9,105,834,2,1,0,25,30,6,Gasoline
78,105,834,2,2,0,25,25,8,Electric
7,105,834,2,3,1,15,30,6,Gasoline
66,105,835,3,1,0,25,20,7,Electric
35,105,835,3,2,1,20,30,6,Hybrid
38,105,835,3,3,0,20,20,7,Hybrid
46,105,836,4,1,0,15,20,8,Hybrid
36,105,836,4,2,0,25,30,6,Hybrid
59,105,836,4,3,1,20,25,6,Electric
66,105,837,5,1,0,25,20,7,Electric
68,105,837,5,2,0,20,25,7,Electric
26,105,837,5,3,1,20,30,8,Gasoline
34,105,838,6,1,1,15,30,6,Hybrid
41,105,838,6,2,0,20,25,7,Hybrid
1,105,838,6,3,0,15,20,6,Gasoline
44,105,839,7,1,1,20,30,7,Hybrid
77,105,839,7,2,0,20,25,8,Electric
14,105,839,7,3,0,20,25,7,Gasoline
18,105,840,8,1,0,25,30,7,Gasoline
11,105,840,8,2,1,20,20,7,Gasoline
34,105,840,8,3,0,15,30,6,Hybrid
58,106,841,1,1,0,15,25,6,Electric
35,106,841,1,2,1,20,30,6,Hybrid
66,106,841,1,3,0,25,20,7,Electric
16,106,842,2,1,1,15,30,7,Gasoline
71,106,842,2,2,0,20,30,7,Electric
67,106,842,2,3,0,15,25,7,Electric
54,106,843,3,1,0,25,30,8,Hybrid
48,106,843,3,2,1,25,20,8,Hybrid
72,106,843,3,3,0,25,30,7,Electric
38,106,844,4,1,0,20,20,7,Hybrid
60,106,844,4,2,0,25,25,6,Electric
70,106,844,4,3,1,15,30,7,Electric
42,106,845,5,1,0,25,25,7,Hybrid
47,106,845,5,2,0,20,20,8,Hybrid
26,106,845,5,3,1,20,30,8,Gasoline
10,106,846,6,1,0,15,20,7,Gasoline
56,106,846,6,2,0,20,20,6,Electric
58,106,846,6,3,1,15,25,6,Electric
70,106,847,7,1,0,15,30,7,Electric
30,106,847,7,2,0,25,20,6,Hybrid
5,106,847,7,3,1,20,25,6,Gasoline
74,106,848,8,1,0,20,20,8,Electric
68,106,848,8,2,1,20,25,7,Electric
73,106,848,8,3,0,15,20,8,Electric
19,107,849,1,1,1,15,20,8,Gasoline
74,107,849,1,2,0,20,20,8,Electric
18,107,849,1,3,0,25,30,7,Gasoline
15,107,850,2,1,0,25,25,7,Gasoline
57,107,850,2,2,0,25,20,6,Electric
37,107,850,2,3,1,15,20,7,Hybrid
26,107,851,3,1,1,20,30,8,Gasoline
19,107,851,3,2,0,15,20,8,Gasoline
13,107,851,3,3,0,15,25,7,Gasoline
27,107,852,4,1,0,25,30,8,Gasoline
78,107,852,4,2,0,25,25,8,Electric
1,107,852,4,3,1,15,20,6,Gasoline
40,107,853,5,1,1,15,25,7,Hybrid
1,107,853,5,2,0,15,20,6,Gasoline
74,107,853,5,3,0,20,20,8,Electric
33,107,854,6,1,0,25,25,6,Hybrid
74,107,854,6,2,0,20,20,8,Electric
70,107,854,6,3,1,15,30,7,Electric
38,107,855,7,1,0,20,20,7,Hybrid
58,107,855,7,2,1,15,25,6,Electric
12,107,855,7,3,0,25,20,7,Gasoline
48,107,856,8,1,0,25,20,8,Hybrid
10,107,856,8,2,1,15,20,7,Gasoline
54,107,856,8,3,0,25,30,8,Hybrid
39,108,857,1,1,0,25,20,7,Hybrid
33,108,857,1,2,0,25,25,6,Hybrid
13,108,857,1,3,1,15,25,7,Gasoline
66,108,858,2,1,0,25,20,7,Electric
72,108,858,2,2,0,25,30,7,Electric
10,108,858,2,3,1,15,20,7,Gasoline
48,108,859,3,1,1,25,20,8,Hybrid
75,108,859,3,2,0,25,20,8,Electric
76,108,859,3,3,0,15,25,8,Electric
26,108,860,4,1,0,20,30,8,Gasoline
56,108,860,4,2,0,20,20,6,Electric
11,108,860,4,3,1,20,20,7,Gasoline
67,108,861,5,1,0,15,25,7,Electric
61,108,861,5,2,0,15,30,6,Electric
40,108,861,5,3,1,15,25,7,Hybrid
72,108,862,6,1,0,25,30,7,Electric
9,108,862,6,2,1,25,30,6,Gasoline
69,108,862,6,3,0,25,25,7,Electric
18,108,863,7,1,0,25,30,7,Gasoline
65,108,863,7,2,1,20,20,7,Electric
64,108,863,7,3,0,15,20,7,Electric
62,108,864,8,1,0,20,30,6,Electric
71,108,864,8,2,0,20,30,7,Electric
42,108,864,8,3,1,25,25,7,Hybrid
52,109,865,1,1,0,15,30,8,Hybrid
42,109,865,1,2,0,25,25,7,Hybrid
22,109,865,1,3,1,15,25,8,Gasoline
24,109,866,2,1,0,25,25,8,Gasoline
68,109,866,2,2,0,20,25,7,Electric
70,109,866,2,3,1,15,30,7,Electric
15,109,867,3,1,0,25,25,7,Gasoline
16,109,867,3,2,1,15,30,7,Gasoline
55,109,867,3,3,0,15,20,6,Electric
11,109,868,4,1,0,20,20,7,Gasoline
79,109,868,4,2,0,15,30,8,Electric
16,109,868,4,3,1,15,30,7,Gasoline
11,109,869,5,1,0,20,20,7,Gasoline
53,109,869,5,2,1,20,30,8,Hybrid
81,109,869,5,3,0,25,30,8,Electric
24,109,870,6,1,1,25,25,8,Gasoline
74,109,870,6,2,0,20,20,8,Electric
15,109,870,6,3,0,25,25,7,Gasoline
48,109,871,7,1,1,25,20,8,Hybrid
81,109,871,7,2,0,25,30,8,Electric
70,109,871,7,3,0,15,30,7,Electric
2,109,872,8,1,0,20,20,6,Gasoline
25,109,872,8,2,1,15,30,8,Gasoline
66,109,872,8,3,0,25,20,7,Electric
30,110,873,1,1,0,25,20,6,Hybrid
48,110,873,1,2,1,25,20,8,Hybrid
25,110,873,1,3,0,15,30,8,Gasoline
46,110,874,2,1,0,15,20,8,Hybrid
27,110,874,2,2,0,25,30,8,Gasoline
8,110,874,2,3,1,20,30,6,Gasoline
4,110,875,3,1,1,15,25,6,Gasoline
75,110,875,3,2,0,25,20,8,Electric
23,110,875,3,3,0,20,25,8,Gasoline
5,110,876,4,1,0,20,25,6,Gasoline
56,110,876,4,2,1,20,20,6,Electric
51,110,876,4,3,0,25,25,8,Hybrid
10,110,877,5,1,1,15,20,7,Gasoline
64,110,877,5,2,0,15,20,7,Electric
1,110,877,5,3,0,15,20,6,Gasoline
26,110,878,6,1,0,20,30,8,Gasoline
45,110,878,6,2,0,25,30,7,Hybrid
4,110,878,6,3,1,15,25,6,Gasoline
77,110,879,7,1,0,20,25,8,Electric
24,110,879,7,2,1,25,25,8,Gasoline
66,110,879,7,3,0,25,20,7,Electric
65,110,880,8,1,1,20,20,7,Electric
72,110,880,8,2,0,25,30,7,Electric
80,110,880,8,3,0,20,30,8,Electric
73,111,881,1,1,1,15,20,8,Electric
61,111,881,1,2,0,15,30,6,Electric
81,111,881,1,3,0,25,30,8,Electric
53,111,882,2,1,1,20,30,8,Hybrid
6,111,882,2,2,0,25,25,6,Gasoline
49,111,882,2,3,0,15,25,8,Hybrid
35,111,883,3,1,0,20,30,6,Hybrid
27,111,883,3,2,0,25,30,8,Gasoline
80,111,883,3,3,1,20,30,8,Electric
32,111,884,4,1,0,20,25,6,Hybrid
28,111,884,4,2,1,15,20,6,Hybrid
63,111,884,4,3,0,25,30,6,Electric
3,111,885,5,1,0,25,20,6,Gasoline
35,111,885,5,2,1,20,30,6,Hybrid
30,111,885,5,3,0,25,20,6,Hybrid
78,111,886,6,1,0,25,25,8,Electric
43,111,886,6,2,1,15,30,7,Hybrid
11,111,886,6,3,0,20,20,7,Gasoline
35,111,887,7,1,0,20,30,6,Hybrid
49,111,887,7,2,0,15,25,8,Hybrid
4,111,887,7,3,1,15,25,6,Gasoline
74,111,888,8,1,0,20,20,8,Electric
26,111,888,8,2,1,20,30,8,Gasoline
12,111,888,8,3,0,25,20,7,Gasoline
27,112,889,1,1,0,25,30,8,Gasoline
80,112,889,1,2,1,20,30,8,Electric
76,112,889,1,3,0,15,25,8,Electric
75,112,890,2,1,0,25,20,8,Electric
24,112,890,2,2,1,25,25,8,Gasoline
65,112,890,2,3,0,20,20,7,Electric
42,112,891,3,1,0,25,25,7,Hybrid
43,112,891,3,2,1,15,30,7,Hybrid
67,112,891,3,3,0,15,25,7,Electric
72,112,892,4,1,0,25,30,7,Electric
35,112,892,4,2,1,20,30,6,Hybrid
75,112,892,4,3,0,25,20,8,Electric
30,112,893,5,1,1,25,20,6,Hybrid
62,112,893,5,2,0,20,30,6,Electric
63,112,893,5,3,0,25,30,6,Electric
21,112,894,6,1,0,25,20,8,Gasoline
43,112,894,6,2,1,15,30,7,Hybrid
39,112,894,6,3,0,25,20,7,Hybrid
18,112,895,7,1,1,25,30,7,Gasoline
38,112,895,7,2,0,20,20,7,Hybrid
42,112,895,7,3,0,25,25,7,Hybrid
16,112,896,8,1,1,15,30,7,Gasoline
40,112,896,8,2,0,15,25,7,Hybrid
41,112,896,8,3,0,20,25,7,Hybrid
2,113,897,1,1,0,20,20,6,Gasoline
32,113,897,1,2,0,20,25,6,Hybrid
64,113,897,1,3,1,15,20,7,Electric
60,113,898,2,1,0,25,25,6,Electric
70,113,898,2,2,1,15,30,7,Electric
73,113,898,2,3,0,15,20,8,Electric
36,113,899,3,1,0,25,30,6,Hybrid
64,113,899,3,2,0,15,20,7,Electric
4,113,899,3,3,1,15,25,6,Gasoline
64,113,900,4,1,0,15,20,7,Electric
58,113,900,4,2,0,15,25,6,Electric
49,113,900,4,3,1,15,25,8,Hybrid
36,113,901,5,1,1,25,30,6,Hybrid
28,113,901,5,2,0,15,20,6,Hybrid
60,113,901,5,3,0,25,25,6,Electric
33,113,902,6,1,0,25,25,6,Hybrid
30,113,902,6,2,0,25,20,6,Hybrid
42,113,902,6,3,1,25,25,7,Hybrid
27,113,903,7,1,1,25,30,8,Gasoline
48,113,903,7,2,0,25,20,8,Hybrid
71,113,903,7,3,0,20,30,7,Electric
51,113,904,8,1,0,25,25,8,Hybrid
1,113,904,8,2,1,15,20,6,Gasoline
74,113,904,8,3,0,20,20,8,Electric
69,114,905,1,1,0,25,25,7,Electric
59,114,905,1,2,0,20,25,6,Electric
34,114,905,1,3,1,15,30,6,Hybrid
58,114,906,2,1,0,15,25,6,Electric
10,114,906,2,2,1,15,20,7,Gasoline
30,114,906,2,3,0,25,20,6,Hybrid
35,114,907,3,1,0,20,30,6,Hybrid
16,114,907,3,2,1,15,30,7,Gasoline
3,114,907,3,3,0,25,20,6,Gasoline
23,114,908,4,1,0,20,25,8,Gasoline
5,114,908,4,2,1,20,25,6,Gasoline
20,114,908,4,3,0,20,20,8,Gasoline
56,114,909,5,1,0,20,20,6,Electric
58,114,909,5,2,0,15,25,6,Electric
46,114,909,5,3,1,15,20,8,Hybrid
77,114,910,6,1,0,20,25,8,Electric
5,114,910,6,2,1,20,25,6,Gasoline
69,114,910,6,3,0,25,25,7,Electric
41,114,911,7,1,0,20,25,7,Hybrid
43,114,911,7,2,1,15,30,7,Hybrid
47,114,911,7,3,0,20,20,8,Hybrid
35,114,912,8,1,1,20,30,6,Hybrid
56,114,912,8,2,0,20,20,6,Electric
29,114,912,8,3,0,20,20,6,Hybrid
73,115,913,1,1,0,15,20,8,Electric
55,115,913,1,2,0,15,20,6,Electric
19,115,913,1,3,1,15,20,8,Gasoline
76,115,914,2,1,0,15,25,8,Electric
72,115,914,2,2,1,25,30,7,Electric
66,115,914,2,3,0,25,20,7,Electric
13,115,915,3,1,1,15,25,7,Gasoline
39,115,915,3,2,0,25,20,7,Hybrid
4,115,915,3,3,0,15,25,6,Gasoline
3,115,916,4,1,0,25,20,6,Gasoline
60,115,916,4,2,0,25,25,6,Electric
42,115,916,4,3,1,25,25,7,Hybrid
37,115,917,5,1,0,15,20,7,Hybrid
40,115,917,5,2,1,15,25,7,Hybrid
39,115,917,5,3,0,25,20,7,Hybrid
64,115,918,6,1,0,15,20,7,Electric
12,115,918,6,2,0,25,20,7,Gasoline
2,115,918,6,3,1,20,20,6,Gasoline
32,115,919,7,1,0,20,25,6,Hybrid
72,115,919,7,2,0,25,30,7,Electric
64,115,919,7,3,1,15,20,7,Electric
57,115,920,8,1,0,25,20,6,Electric
71,115,920,8,2,0,20,30,7,Electric
8,115,920,8,3,1,20,30,6,Gasoline
6,116,921,1,1,1,25,25,6,Gasoline
81,116,921,1,2,0,25,30,8,Electric
74,116,921,1,3,0,20,20,8,Electric
78,116,922,2,1,0,25,25,8,Electric
66,116,922,2,2,0,25,20,7,Electric
74,116,922,2,3,1,20,20,8,Electric
1,116,923,3,1,1,15,20,6,Gasoline
48,116,923,3,2,0,25,20,8,Hybrid
42,116,923,3,3,0,25,25,7,Hybrid
69,116,924,4,1,0,25,25,7,Electric
22,116,924,4,2,1,15,25,8,Gasoline
31,116,924,4,3,0,15,25,6,Hybrid
5,116,925,5,1,0,20,25,6,Gasoline
54,116,925,5,2,0,25,30,8,Hybrid
17,116,925,5,3,1,20,30,7,Gasoline
59,116,926,6,1,0,20,25,6,Electric
7,116,926,6,2,1,15,30,6,Gasoline
50,116,926,6,3,0,20,25,8,Hybrid
34,116,927,7,1,1,15,30,6,Hybrid
77,116,927,7,2,0,20,25,8,Electric
61,116,927,7,3,0,15,30,6,Electric
39,116,928,8,1,0,25,20,7,Hybrid
81,116,928,8,2,1,25,30,8,Electric
57,116,928,8,3,0,25,20,6,Electric
47,117,929,1,1,0,20,20,8,Hybrid
67,117,929,1,2,1,15,25,7,Electric
27,117,929,1,3,0,25,30,8,Gasoline
17,117,930,2,1,0,20,30,7,Gasoline
68,117,930,2,2,0,20,25,7,Electric
3,117,930,2,3,1,25,20,6,Gasoline
34,117,931,3,1,1,15,30,6,Hybrid
43,117,931,3,2,0,15,30,7,Hybrid
67,117,931,3,3,0,15,25,7,Electric
56,117,932,4,1,1,20,20,6,Electric
78,117,932,4,2,0,25,25,8,Electric
18,117,932,4,3,0,25,30,7,Gasoline
4,117,933,5,1,1,15,25,6,Gasoline
69,117,933,5,2,0,25,25,7,Electric
30,117,933,5,3,0,25,20,6,Hybrid
43,117,934,6,1,1,15,30,7,Hybrid
70,117,934,6,2,0,15,30,7,Electric
42,117,934,6,3,0,25,25,7,Hybrid
38,117,935,7,1,0,20,20,7,Hybrid
2,117,935,7,2,0,20,20,6,Gasoline
48,117,935,7,3,1,25,20,8,Hybrid
28,117,936,8,1,0,15,20,6,Hybrid
45,117,936,8,2,1,25,30,7,Hybrid
67,117,936,8,3,0,15,25,7,Electric
74,118,937,1,1,0,20,20,8,Electric
52,118,937,1,2,1,15,30,8,Hybrid
68,118,937,1,3,0,20,25,7,Electric
51,118,938,2,1,0,25,25,8,Hybrid
58,118,938,2,2,1,15,25,6,Electric
56,118,938,2,3,0,20,20,6,Electric
77,118,939,3,1,0,20,25,8,Electric
26,118,939,3,2,0,20,30,8,Gasoline
22,118,939,3,3,1,15,25,8,Gasoline
43,118,940,4,1,1,15,30,7,Hybrid
76,118,940,4,2,0,15,25,8,Electric
9,118,940,4,3,0,25,30,6,Gasoline
49,118,941,5,1,1,15,25,8,Hybrid
66,118,941,5,2,0,25,20,7,Electric
23,118,941,5,3,0,20,25,8,Gasoline
72,118,942,6,1,0,25,30,7,Electric
12,118,942,6,2,1,25,20,7,Gasoline
36,118,942,6,3,0,25,30,6,Hybrid
30,118,943,7,1,0,25,20,6,Hybrid
13,118,943,7,2,0,15,25,7,Gasoline
52,118,943,7,3,1,15,30,8,Hybrid
64,118,944,8,1,0,15,20,7,Electric
38,118,944,8,2,1,20,20,7,Hybrid
65,118,944,8,3,0,20,20,7,Electric
76,119,945,1,1,0,15,25,8,Electric
77,119,945,1,2,0,20,25,8,Electric
43,119,945,1,3,1,15,30,7,Hybrid
35,119,946,2,1,0,20,30,6,Hybrid
30,119,946,2,2,0,25,20,6,Hybrid
13,119,946,2,3,1,15,25,7,Gasoline
76,119,947,3,1,1,15,25,8,Electric
63,119,947,3,2,0,25,30,6,Electric
69,119,947,3,3,0,25,25,7,Electric
23,119,948,4,1,0,20,25,8,Gasoline
80,119,948,4,2,0,20,30,8,Electric
22,119,948,4,3,1,15,25,8,Gasoline
4,119,949,5,1,1,15,25,6,Gasoline
9,119,949,5,2,0,25,30,6,Gasoline
76,119,949,5,3,0,15,25,8,Electric
1,119,950,6,1,1,15,20,6,Gasoline
69,119,950,6,2,0,25,25,7,Electric
78,119,950,6,3,0,25,25,8,Electric
11,119,951,7,1,0,20,20,7,Gasoline
43,119,951,7,2,1,15,30,7,Hybrid
7,119,951,7,3,0,15,30,6,Gasoline
75,119,952,8,1,0,25,20,8,Electric
2,119,952,8,2,0,20,20,6,Gasoline
44,119,952,8,3,1,20,30,7,Hybrid
28,120,953,1,1,1,15,20,6,Hybrid
51,120,953,1,2,0,25,25,8,Hybrid
49,120,953,1,3,0,15,25,8,Hybrid
75,120,954,2,1,0,25,20,8,Electric
18,120,954,2,2,1,25,30,7,Gasoline
59,120,954,2,3,0,20,25,6,Electric
9,120,955,3,1,0,25,30,6,Gasoline
10,120,955,3,2,1,15,20,7,Gasoline
70,120,955,3,3,0,15,30,7,Electric
65,120,956,4,1,0,20,20,7,Electric
70,120,956,4,2,1,15,30,7,Electric
48,120,956,4,3,0,25,20,8,Hybrid
78,120,957,5,1,0,25,25,8,Electric
73,120,957,5,2,1,15,20,8,Electric
69,120,957,5,3,0,25,25,7,Electric
32,120,958,6,1,1,20,25,6,Hybrid
79,120,958,6,2,0,15,30,8,Electric
47,120,958,6,3,0,20,20,8,Hybrid
56,120,959,7,1,0,20,20,6,Electric
4,120,959,7,2,1,15,25,6,Gasoline
45,120,959,7,3,0,25,30,7,Hybrid
17,120,960,8,1,0,20,30,7,Gasoline
7,120,960,8,2,1,15,30,6,Gasoline
18,120,960,8,3,0,25,30,7,Gasoline
11,121,961,1,1,1,20,20,7,Gasoline
68,121,961,1,2,0,20,25,7,Electric
51,121,961,1,3,0,25,25,8,Hybrid
39,121,962,2,1,0,25,20,7,Hybrid
33,121,962,2,2,1,25,25,6,Hybrid
22,121,962,2,3,0,15,25,8,Gasoline
59,121,963,3,1,0,20,25,6,Electric
47,121,963,3,2,0,20,20,8,Hybrid
13,121,963,3,3,1,15,25,7,Gasoline
53,121,964,4,1,0,20,30,8,Hybrid
4,121,964,4,2,1,15,25,6,Gasoline
81,121,964,4,3,0,25,30,8,Electric
58,121,965,5,1,0,15,25,6,Electric
67,121,965,5,2,0,15,25,7,Electric
25,121,965,5,3,1,15,30,8,Gasoline
51,121,966,6,1,0,25,25,8,Hybrid
17,121,966,6,2,1,20,30,7,Gasoline
45,121,966,6,3,0,25,30,7,Hybrid
45,121,967,7,1,1,25,30,7,Hybrid
3,121,967,7,2,0,25,20,6,Gasoline
6,121,967,7,3,0,25,25,6,Gasoline
7,121,968,8,1,1,15,30,6,Gasoline
47,121,968,8,2,0,20,20,8,Hybrid
50,121,968,8,3,0,20,25,8,Hybrid
47,122,969,1,1,0,20,20,8,Hybrid
19,122,969,1,2,1,15,20,8,Gasoline
72,122,969,1,3,0,25,30,7,Electric
71,122,970,2,1,0,20,30,7,Electric
45,122,970,2,2,0,25,30,7,Hybrid
12,122,970,2,3,1,25,20,7,Gasoline
70,122,971,3,1,0,15,30,7,Electric
17,122,971,3,2,0,20,30,7,Gasoline
24,122,971,3,3,1,25,25,8,Gasoline
33,122,972,4,1,0,25,25,6,Hybrid
1,122,972,4,2,1,15,20,6,Gasoline
5,122,972,4,3,0,20,25,6,Gasoline
73,122,973,5,1,1,15,20,8,Electric
43,122,973,5,2,0,15,30,7,Hybrid
32,122,973,5,3,0,20,25,6,Hybrid
73,122,974,6,1,1,15,20,8,Electric
38,122,974,6,2,0,20,20,7,Hybrid
2,122,974,6,3,0,20,20,6,Gasoline
49,122,975,7,1,1,15,25,8,Hybrid
10,122,975,7,2,0,15,20,7,Gasoline
20,122,975,7,3,0,20,20,8,Gasoline
46,122,976,8,1,0,15,20,8,Hybrid
65,122,976,8,2,0,20,20,7,Electric
22,122,976,8,3,1,15,25,8,Gasoline
10,123,977,1,1,0,15,20,7,Gasoline
3,123,977,1,2,0,25,20,6,Gasoline
33,123,977,1,3,1,25,25,6,Hybrid
76,123,978,2,1,0,15,25,8,Electric
52,123,978,2,2,1,15,30,8,Hybrid
9,123,978,2,3,0,25,30,6,Gasoline
48,123,979,3,1,0,25,20,8,Hybrid
27,123,979,3,2,1,25,30,8,Gasoline
71,123,979,3,3,0,20,30,7,Electric
23,123,980,4,1,0,20,25,8,Gasoline
77,123,980,4,2,1,20,25,8,Electric
80,123,980,4,3,0,20,30,8,Electric
74,123,981,5,1,0,20,20,8,Electric
5,123,981,5,2,1,20,25,6,Gasoline
68,123,981,5,3,0,20,25,7,Electric
14,123,982,6,1,1,20,25,7,Gasoline
78,123,982,6,2,0,25,25,8,Electric
39,123,982,6,3,0,25,20,7,Hybrid
39,123,983,7,1,0,25,20,7,Hybrid
53,123,983,7,2,0,20,30,8,Hybrid
46,123,983,7,3,1,15,20,8,Hybrid
23,123,984,8,1,0,20,25,8,Gasoline
49,123,984,8,2,0,15,25,8,Hybrid
58,123,984,8,3,1,15,25,6,Electric
41,124,985,1,1,1,20,25,7,Hybrid
15,124,985,1,2,0,25,25,7,Gasoline
60,124,985,1,3,0,25,25,6,Electric
53,124,986,2,1,1,20,30,8,Hybrid
55,124,986,2,2,0,15,20,6,Electric
27,124,986,2,3,0,25,30,8,Gasoline
73,124,987,3,1,0,15,20,8,Electric
31,124,987,3,2,1,15,25,6,Hybrid
80,124,987,3,3,0,20,30,8,Electric
65,124,988,4,1,0,20,20,7,Electric
2,124,988,4,2,1,20,20,6,Gasoline
3,124,988,4,3,0,25,20,6,Gasoline
13,124,989,5,1,1,15,25,7,Gasoline
52,124,989,5,2,0,15,30,8,Hybrid
43,124,989,5,3,0,15,30,7,Hybrid
13,124,990,6,1,0,15,25,7,Gasoline
63,124,990,6,2,0,25,30,6,Electric
47,124,990,6,3,1,20,20,8,Hybrid
59,124,991,7,1,0,20,25,6,Electric
78,124,991,7,2,0,25,25,8,Electric
16,124,991,7,3,1,15,30,7,Gasoline
49,124,992,8,1,1,15,25,8,Hybrid
76,124,992,8,2,0,15,25,8,Electric
51,124,992,8,3,0,25,25,8,Hybrid
66,125,993,1,1,0,25,20,7,Electric
63,125,993,1,2,1,25,30,6,Electric
38,125,993,1,3,0,20,20,7,Hybrid
70,125,994,2,1,1,15,30,7,Electric
38,125,994,2,2,0,20,20,7,Hybrid
46,125,994,2,3,0,15,20,8,Hybrid
77,125,995,3,1,0,20,25,8,Electric
25,125,995,3,2,0,15,30,8,Gasoline
16,125,995,3,3,1,15,30,7,Gasoline
44,125,996,4,1,0,20,30,7,Hybrid
46,125,996,4,2,1,15,20,8,Hybrid
11,125,996,4,3,0,20,20,7,Gasoline
39,125,997,5,1,0,25,20,7,Hybrid
7,125,997,5,2,0,15,30,6,Gasoline
70,125,997,5,3,1,15,30,7,Electric
6,125,998,6,1,0,25,25,6,Gasoline
16,125,998,6,2,0,15,30,7,Gasoline
5,125,998,6,3,1,20,25,6,Gasoline
14,125,999,7,1,1,20,25,7,Gasoline
8,125,999,7,2,0,20,30,6,Gasoline
51,125,999,7,3,0,25,25,8,Hybrid
3,125,1000,8,1,0,25,20,6,Gasoline
30,125,1000,8,2,0,25,20,6,Hybrid
40,125,1000,8,3,1,15,25,7,Hybrid
75,126,1001,1,1,0,25,20,8,Electric
78,126,1001,1,2,0,25,25,8,Electric
53,126,1001,1,3,1,20,30,8,Hybrid
27,126,1002,2,1,1,25,30,8,Gasoline
48,126,1002,2,2,0,25,20,8,Hybrid
36,126,1002,2,3,0,25,30,6,Hybrid
26,126,1003,3,1,0,20,30,8,Gasoline
24,126,1003,3,2,0,25,25,8,Gasoline
44,126,1003,3,3,1,20,30,7,Hybrid
23,126,1004,4,1,0,20,25,8,Gasoline
72,126,1004,4,2,0,25,30,7,Electric
52,126,1004,4,3,1,15,30,8,Hybrid
24,126,1005,5,1,0,25,25,8,Gasoline
22,126,1005,5,2,1,15,25,8,Gasoline
21,126,1005,5,3,0,25,20,8,Gasoline
54,126,1006,6,1,1,25,30,8,Hybrid
76,126,1006,6,2,0,15,25,8,Electric
78,126,1006,6,3,0,25,25,8,Electric
46,126,1007,7,1,1,15,20,8,Hybrid
13,126,1007,7,2,0,15,25,7,Gasoline
68,126,1007,7,3,0,20,25,7,Electric
55,126,1008,8,1,1,15,20,6,Electric
62,126,1008,8,2,0,20,30,6,Electric
56,126,1008,8,3,0,20,20,6,Electric
18,127,1009,1,1,1,25,30,7,Gasoline
4,127,1009,1,2,0,15,25,6,Gasoline
14,127,1009,1,3,0,20,25,7,Gasoline
35,127,1010,2,1,1,20,30,6,Hybrid
58,127,1010,2,2,0,15,25,6,Electric
44,127,1010,2,3,0,20,30,7,Hybrid
52,127,1011,3,1,1,15,30,8,Hybrid
5,127,1011,3,2,0,20,25,6,Gasoline
78,127,1011,3,3,0,25,25,8,Electric
31,127,1012,4,1,1,15,25,6,Hybrid
57,127,1012,4,2,0,25,20,6,Electric
77,127,1012,4,3,0,20,25,8,Electric
2,127,1013,5,1,1,20,20,6,Gasoline
17,127,1013,5,2,0,20,30,7,Gasoline
5,127,1013,5,3,0,20,25,6,Gasoline
30,127,1014,6,1,0,25,20,6,Hybrid
65,127,1014,6,2,0,20,20,7,Electric
59,127,1014,6,3,1,20,25,6,Electric
16,127,1015,7,1,1,15,30,7,Gasoline
12,127,1015,7,2,0,25,20,7,Gasoline
42,127,1015,7,3,0,25,25,7,Hybrid
46,127,1016,8,1,1,15,20,8,Hybrid
9,127,1016,8,2,0,25,30,6,Gasoline
24,127,1016,8,3,0,25,25,8,Gasoline
52,128,1017,1,1,1,15,30,8,Hybrid
10,128,1017,1,2,0,15,20,7,Gasoline
20,128,1017,1,3,0,20,20,8,Gasoline
62,128,1018,2,1,1,20,30,6,Electric
9,128,1018,2,2,0,25,30,6,Gasoline
65,128,1018,2,3,0,20,20,7,Electric
32,128,1019,3,1,0,20,25,6,Hybrid
45,128,1019,3,2,0,25,30,7,Hybrid
58,128,1019,3,3,1,15,25,6,Electric
45,128,1020,4,1,1,25,30,7,Hybrid
3,128,1020,4,2,0,25,20,6,Gasoline
5,128,1020,4,3,0,20,25,6,Gasoline
54,128,1021,5,1,0,25,30,8,Hybrid
8,128,1021,5,2,1,20,30,6,Gasoline
73,128,1021,5,3,0,15,20,8,Electric
10,128,1022,6,1,0,15,20,7,Gasoline
57,128,1022,6,2,0,25,20,6,Electric
76,128,1022,6,3,1,15,25,8,Electric
60,128,1023,7,1,0,25,25,6,Electric
70,128,1023,7,2,1,15,30,7,Electric
23,128,1023,7,3,0,20,25,8,Gasoline
13,128,1024,8,1,1,15,25,7,Gasoline
48,128,1024,8,2,0,25,20,8,Hybrid
37,128,1024,8,3,0,15,20,7,Hybrid
32,129,1025,1,1,1,20,25,6,Hybrid
39,129,1025,1,2,0,25,20,7,Hybrid
6,129,1025,1,3,0,25,25,6,Gasoline
81,129,1026,2,1,0,25,30,8,Electric
26,129,1026,2,2,1,20,30,8,Gasoline
54,129,1026,2,3,0,25,30,8,Hybrid
56,129,1027,3,1,0,20,20,6,Electric
4,129,1027,3,2,1,15,25,6,Gasoline
58,129,1027,3,3,0,15,25,6,Electric
32,129,1028,4,1,1,20,25,6,Hybrid
69,129,1028,4,2,0,25,25,7,Electric
57,129,1028,4,3,0,25,20,6,Electric
16,129,1029,5,1,1,15,30,7,Gasoline
62,129,1029,5,2,0,20,30,6,Electric
73,129,1029,5,3,0,15,20,8,Electric
4,129,1030,6,1,0,15,25,6,Gasoline
29,129,1030,6,2,1,20,20,6,Hybrid
5,129,1030,6,3,0,20,25,6,Gasoline
52,129,1031,7,1,1,15,30,8,Hybrid
55,129,1031,7,2,0,15,20,6,Electric
14,129,1031,7,3,0,20,25,7,Gasoline
27,129,1032,8,1,0,25,30,8,Gasoline
37,129,1032,8,2,0,15,20,7,Hybrid
54,129,1032,8,3,1,25,30,8,Hybrid
50,130,1033,1,1,0,20,25,8,Hybrid
13,130,1033,1,2,1,15,25,7,Gasoline
62,130,1033,1,3,0,20,30,6,Electric
20,130,1034,2,1,0,20,20,8,Gasoline
36,130,1034,2,2,1,25,30,6,Hybrid
10,130,1034,2,3,0,15,20,7,Gasoline
5,130,1035,3,1,1,20,25,6,Gasoline
54,130,1035,3,2,0,25,30,8,Hybrid
39,130,1035,3,3,0,25,20,7,Hybrid
64,130,1036,4,1,0,15,20,7,Electric
22,130,1036,4,2,1,15,25,8,Gasoline
58,130,1036,4,3,0,15,25,6,Electric
74,130,1037,5,1,0,20,20,8,Electric
24,130,1037,5,2,0,25,25,8,Gasoline
35,130,1037,5,3,1,20,30,6,Hybrid
56,130,1038,6,1,0,20,20,6,Electric
4,130,1038,6,2,1,15,25,6,Gasoline
51,130,1038,6,3,0,25,25,8,Hybrid
56,130,1039,7,1,0,20,20,6,Electric
62,130,1039,7,2,0,20,30,6,Electric
10,130,1039,7,3,1,15,20,7,Gasoline
36,130,1040,8,1,1,25,30,6,Hybrid
25,130,1040,8,2,0,15,30,8,Gasoline
76,130,1040,8,3,0,15,25,8,Electric
17,131,1041,1,1,1,20,30,7,Gasoline
56,131,1041,1,2,0,20,20,6,Electric
47,131,1041,1,3,0,20,20,8,Hybrid
8,131,1042,2,1,0,20,30,6,Gasoline
64,131,1042,2,2,0,15,20,7,Electric
73,131,1042,2,3,1,15,20,8,Electric
9,131,1043,3,1,0,25,30,6,Gasoline
36,131,1043,3,2,1,25,30,6,Hybrid
31,131,1043,3,3,0,15,25,6,Hybrid
11,131,1044,4,1,0,20,20,7,Gasoline
69,131,1044,4,2,0,25,25,7,Electric
37,131,1044,4,3,1,15,20,7,Hybrid
61,131,1045,5,1,1,15,30,6,Electric
32,131,1045,5,2,0,20,25,6,Hybrid
17,131,1045,5,3,0,20,30,7,Gasoline
62,131,1046,6,1,0,20,30,6,Electric
32,131,1046,6,2,0,20,25,6,Hybrid
30,131,1046,6,3,1,25,20,6,Hybrid
50,131,1047,7,1,0,20,25,8,Hybrid
44,131,1047,7,2,0,20,30,7,Hybrid
61,131,1047,7,3,1,15,30,6,Electric
7,131,1048,8,1,0,15,30,6,Gasoline
46,131,1048,8,2,1,15,20,8,Hybrid
72,131,1048,8,3,0,25,30,7,Electric
44,132,1049,1,1,0,20,30,7,Hybrid
77,132,1049,1,2,0,20,25,8,Electric
40,132,1049,1,3,1,15,25,7,Hybrid
81,132,1050,2,1,0,25,30,8,Electric
47,132,1050,2,2,0,20,20,8,Hybrid
13,132,1050,2,3,1,15,25,7,Gasoline
47,132,1051,3,1,0,20,20,8,Hybrid
19,132,1051,3,2,1,15,20,8,Gasoline
30,132,1051,3,3,0,25,20,6,Hybrid
16,132,1052,4,1,1,15,30,7,Gasoline
37,132,1052,4,2,0,15,20,7,Hybrid
79,132,1052,4,3,0,15,30,8,Electric
72,132,1053,5,1,0,25,30,7,Electric
25,132,1053,5,2,0,15,30,8,Gasoline
40,132,1053,5,3,1,15,25,7,Hybrid
21,132,1054,6,1,1,25,20,8,Gasoline
70,132,1054,6,2,0,15,30,7,Electric
51,132,1054,6,3,0,25,25,8,Hybrid
33,132,1055,7,1,1,25,25,6,Hybrid
64,132,1055,7,2,0,15,20,7,Electric
19,132,1055,7,3,0,15,20,8,Gasoline
32,132,1056,8,1,1,20,25,6,Hybrid
38,132,1056,8,2,0,20,20,7,Hybrid
39,132,1056,8,3,0,25,20,7,Hybrid
17,133,1057,1,1,1,20,30,7,Gasoline
78,133,1057,1,2,0,25,25,8,Electric
31,133,1057,1,3,0,15,25,6,Hybrid
16,133,1058,2,1,1,15,30,7,Gasoline
21,133,1058,2,2,0,25,20,8,Gasoline
20,133,1058,2,3,0,20,20,8,Gasoline
12,133,1059,3,1,0,25,20,7,Gasoline
59,133,1059,3,2,0,20,25,6,Electric
25,133,1059,3,3,1,15,30,8,Gasoline
34,133,1060,4,1,1,15,30,6,Hybrid
3,133,1060,4,2,0,25,20,6,Gasoline
35,133,1060,4,3,0,20,30,6,Hybrid
67,133,1061,5,1,1,15,25,7,Electric
35,133,1061,5,2,0,20,30,6,Hybrid
32,133,1061,5,3,0,20,25,6,Hybrid
27,133,1062,6,1,0,25,30,8,Gasoline
39,133,1062,6,2,0,25,20,7,Hybrid
28,133,1062,6,3,1,15,20,6,Hybrid
41,133,1063,7,1,0,20,25,7,Hybrid
37,133,1063,7,2,0,15,20,7,Hybrid
67,133,1063,7,3,1,15,25,7,Electric
1,133,1064,8,1,1,15,20,6,Gasoline
42,133,1064,8,2,0,25,25,7,Hybrid
39,133,1064,8,3,0,25,20,7,Hybrid
64,134,1065,1,1,1,15,20,7,Electric
66,134,1065,1,2,0,25,20,7,Electric
51,134,1065,1,3,0,25,25,8,Hybrid
68,134,1066,2,1,0,20,25,7,Electric
61,134,1066,2,2,1,15,30,6,Electric
2,134,1066,2,3,0,20,20,6,Gasoline
8,134,1067,3,1,0,20,30,6,Gasoline
56,134,1067,3,2,1,20,20,6,Electric
3,134,1067,3,3,0,25,20,6,Gasoline
61,134,1068,4,1,0,15,30,6,Electric
39,134,1068,4,2,1,25,20,7,Hybrid
52,134,1068,4,3,0,15,30,8,Hybrid
14,134,1069,5,1,0,20,25,7,Gasoline
52,134,1069,5,2,1,15,30,8,Hybrid
47,134,1069,5,3,0,20,20,8,Hybrid
35,134,1070,6,1,0,20,30,6,Hybrid
52,134,1070,6,2,1,15,30,8,Hybrid
62,134,1070,6,3,0,20,30,6,Electric
69,134,1071,7,1,0,25,25,7,Electric
51,134,1071,7,2,0,25,25,8,Hybrid
9,134,1071,7,3,1,25,30,6,Gasoline
64,134,1072,8,1,0,15,20,7,Electric
12,134,1072,8,2,0,25,20,7,Gasoline
67,134,1072,8,3,1,15,25,7,Electric
58,135,1073,1,1,0,15,25,6,Electric
78,135,1073,1,2,0,25,25,8,Electric
46,135,1073,1,3,1,15,20,8,Hybrid
32,135,1074,2,1,0,20,25,6,Hybrid
13,135,1074,2,2,0,15,25,7,Gasoline
4,135,1074,2,3,1,15,25,6,Gasoline
73,135,1075,3,1,0,15,20,8,Electric
29,135,1075,3,2,1,20,20,6,Hybrid
62,135,1075,3,3,0,20,30,6,Electric
27,135,1076,4,1,1,25,30,8,Gasoline
71,135,1076,4,2,0,20,30,7,Electric
5,135,1076,4,3,0,20,25,6,Gasoline
18,135,1077,5,1,0,25,30,7,Gasoline
37,135,1077,5,2,1,15,20,7,Hybrid
71,135,1077,5,3,0,20,30,7,Electric
51,135,1078,6,1,0,25,25,8,Hybrid
32,135,1078,6,2,0,20,25,6,Hybrid
66,135,1078,6,3,1,25,20,7,Electric
20,135,1079,7,1,1,20,20,8,Gasoline
53,135,1079,7,2,0,20,30,8,Hybrid
51,135,1079,7,3,0,25,25,8,Hybrid
56,135,1080,8,1,0,20,20,6,Electric
47,135,1080,8,2,1,20,20,8,Hybrid
54,135,1080,8,3,0,25,30,8,Hybrid
50,136,1081,1,1,0,20,25,8,Hybrid
66,136,1081,1,2,0,25,20,7,Electric
12,136,1081,1,3,1,25,20,7,Gasoline
32,136,1082,2,1,0,20,25,6,Hybrid
70,136,1082,2,2,0,15,30,7,Electric
19,136,1082,2,3,1,15,20,8,Gasoline
48,136,1083,3,1,0,25,20,8,Hybrid
9,136,1083,3,2,0,25,30,6,Gasoline
36,136,1083,3,3,1,25,30,6,Hybrid
36,136,1084,4,1,1,25,30,6,Hybrid
42,136,1084,4,2,0,25,25,7,Hybrid
2,136,1084,4,3,0,20,20,6,Gasoline
69,136,1085,5,1,0,25,25,7,Electric
76,136,1085,5,2,1,15,25,8,Electric
66,136,1085,5,3,0,25,20,7,Electric
37,136,1086,6,1,1,15,20,7,Hybrid
12,136,1086,6,2,0,25,20,7,Gasoline
48,136,1086,6,3,0,25,20,8,Hybrid
64,136,1087,7,1,0,15,20,7,Electric
39,136,1087,7,2,0,25,20,7,Hybrid
19,136,1087,7,3,1,15,20,8,Gasoline
64,136,1088,8,1,0,15,20,7,Electric
5,136,1088,8,2,1,20,25,6,Gasoline
12,136,1088,8,3,0,25,20,7,Gasoline
68,137,1089,1,1,0,20,25,7,Electric
22,137,1089,1,2,1,15,25,8,Gasoline
49,137,1089,1,3,0,15,25,8,Hybrid
9,137,1090,2,1,1,25,30,6,Gasoline
38,137,1090,2,2,0,20,20,7,Hybrid
63,137,1090,2,3,0,25,30,6,Electric
15,137,1091,3,1,0,25,25,7,Gasoline
21,137,1091,3,2,0,25,20,8,Gasoline
44,137,1091,3,3,1,20,30,7,Hybrid
25,137,1092,4,1,0,15,30,8,Gasoline
65,137,1092,4,2,0,20,20,7,Electric
39,137,1092,4,3,1,25,20,7,Hybrid
44,137,1093,5,1,1,20,30,7,Hybrid
70,137,1093,5,2,0,15,30,7,Electric
18,137,1093,5,3,0,25,30,7,Gasoline
7,137,1094,6,1,1,15,30,6,Gasoline
47,137,1094,6,2,0,20,20,8,Hybrid
80,137,1094,6,3,0,20,30,8,Electric
51,137,1095,7,1,0,25,25,8,Hybrid
16,137,1095,7,2,0,15,30,7,Gasoline
52,137,1095,7,3,1,15,30,8,Hybrid
11,137,1096,8,1,0,20,20,7,Gasoline
58,137,1096,8,2,0,15,25,6,Electric
13,137,1096,8,3,1,15,25,7,Gasoline
15,138,1097,1,1,1,25,25,7,Gasoline
79,138,1097,1,2,0,15,30,8,Electric
59,138,1097,1,3,0,20,25,6,Electric
63,138,1098,2,1,0,25,30,6,Electric
75,138,1098,2,2,0,25,20,8,Electric
73,138,1098,2,3,1,15,20,8,Electric
68,138,1099,3,1,0,20,25,7,Electric
41,138,1099,3,2,1,20,25,7,Hybrid
61,138,1099,3,3,0,15,30,6,Electric
66,138,1100,4,1,0,25,20,7,Electric
6,138,1100,4,2,1,25,25,6,Gasoline
12,138,1100,4,3,0,25,20,7,Gasoline
36,138,1101,5,1,0,25,30,6,Hybrid
8,138,1101,5,2,0,20,30,6,Gasoline
2,138,1101,5,3,1,20,20,6,Gasoline
37,138,1102,6,1,0,15,20,7,Hybrid
19,138,1102,6,2,0,15,20,8,Gasoline
13,138,1102,6,3,1,15,25,7,Gasoline
23,138,1103,7,1,0,20,25,8,Gasoline
61,138,1103,7,2,0,15,30,6,Electric
79,138,1103,7,3,1,15,30,8,Electric
31,138,1104,8,1,1,15,25,6,Hybrid
45,138,1104,8,2,0,25,30,7,Hybrid
16,138,1104,8,3,0,15,30,7,Gasoline
43,139,1105,1,1,1,15,30,7,Hybrid
28,139,1105,1,2,0,15,20,6,Hybrid
78,139,1105,1,3,0,25,25,8,Electric
31,139,1106,2,1,0,15,25,6,Hybrid
41,139,1106,2,2,0,20,25,7,Hybrid
2,139,1106,2,3,1,20,20,6,Gasoline
21,139,1107,3,1,0,25,20,8,Gasoline
59,139,1107,3,2,0,20,25,6,Electric
48,139,1107,3,3,1,25,20,8,Hybrid
43,139,1108,4,1,0,15,30,7,Hybrid
53,139,1108,4,2,0,20,30,8,Hybrid
70,139,1108,4,3,1,15,30,7,Electric
26,139,1109,5,1,0,20,30,8,Gasoline
61,139,1109,5,2,0,15,30,6,Electric
64,139,1109,5,3,1,15,20,7,Electric
29,139,1110,6,1,1,20,20,6,Hybrid
30,139,1110,6,2,0,25,20,6,Hybrid
77,139,1110,6,3,0,20,25,8,Electric
32,139,1111,7,1,0,20,25,6,Hybrid
76,139,1111,7,2,0,15,25,8,Electric
47,139,1111,7,3,1,20,20,8,Hybrid
13,139,1112,8,1,1,15,25,7,Gasoline
64,139,1112,8,2,0,15,20,7,Electric
21,139,1112,8,3,0,25,20,8,Gasoline
16,140,1113,1,1,1,15,30,7,Gasoline
42,140,1113,1,2,0,25,25,7,Hybrid
17,140,1113,1,3,0,20,30,7,Gasoline
44,140,1114,2,1,0,20,30,7,Hybrid
70,140,1114,2,2,1,15,30,7,Electric
59,140,1114,2,3,0,20,25,6,Electric
80,140,1115,3,1,0,20,30,8,Electric
81,140,1115,3,2,0,25,30,8,Electric
57,140,1115,3,3,1,25,20,6,Electric
38,140,1116,4,1,1,20,20,7,Hybrid
48,140,1116,4,2,0,25,20,8,Hybrid
62,140,1116,4,3,0,20,30,6,Electric
16,140,1117,5,1,1,15,30,7,Gasoline
65,140,1117,5,2,0,20,20,7,Electric
51,140,1117,5,3,0,25,25,8,Hybrid
12,140,1118,6,1,0,25,20,7,Gasoline
19,140,1118,6,2,0,15,20,8,Gasoline
70,140,1118,6,3,1,15,30,7,Electric
67,140,1119,7,1,0,15,25,7,Electric
81,140,1119,7,2,0,25,30,8,Electric
55,140,1119,7,3,1,15,20,6,Electric
37,140,1120,8,1,0,15,20,7,Hybrid
42,140,1120,8,2,0,25,25,7,Hybrid
13,140,1120,8,3,1,15,25,7,Gasoline
54,141,1121,1,1,1,25,30,8,Hybrid
81,141,1121,1,2,0,25,30,8,Electric
8,141,1121,1,3,0,20,30,6,Gasoline
18,141,1122,2,1,0,25,30,7,Gasoline
43,141,1122,2,2,1,15,30,7,Hybrid
4,141,1122,2,3,0,15,25,6,Gasoline
77,141,1123,3,1,0,20,25,8,Electric
51,141,1123,3,2,1,25,25,8,Hybrid
75,141,1123,3,3,0,25,20,8,Electric
72,141,1124,4,1,0,25,30,7,Electric
70,141,1124,4,2,0,15,30,7,Electric
53,141,1124,4,3,1,20,30,8,Hybrid
59,141,1125,5,1,0,20,25,6,Electric
11,141,1125,5,2,1,20,20,7,Gasoline
68,141,1125,5,3,0,20,25,7,Electric
64,141,1126,6,1,0,15,20,7,Electric
72,141,1126,6,2,0,25,30,7,Electric
46,141,1126,6,3,1,15,20,8,Hybrid
21,141,1127,7,1,1,25,20,8,Gasoline
76,141,1127,7,2,0,15,25,8,Electric
63,141,1127,7,3,0,25,30,6,Electric
6,141,1128,8,1,0,25,25,6,Gasoline
27,141,1128,8,2,0,25,30,8,Gasoline
64,141,1128,8,3,1,15,20,7,Electric
71,142,1129,1,1,1,20,30,7,Electric
35,142,1129,1,2,0,20,30,6,Hybrid
68,142,1129,1,3,0,20,25,7,Electric
43,142,1130,2,1,0,15,30,7,Hybrid
5,142,1130,2,2,1,20,25,6,Gasoline
16,142,1130,2,3,0,15,30,7,Gasoline
76,142,1131,3,1,0,15,25,8,Electric
75,142,1131,3,2,0,25,20,8,Electric
36,142,1131,3,3,1,25,30,6,Hybrid
20,142,1132,4,1,0,20,20,8,Gasoline
3,142,1132,4,2,0,25,20,6,Gasoline
33,142,1132,4,3,1,25,25,6,Hybrid
46,142,1133,5,1,1,15,20,8,Hybrid
40,142,1133,5,2,0,15,25,7,Hybrid
5,142,1133,5,3,0,20,25,6,Gasoline
38,142,1134,6,1,1,20,20,7,Hybrid
71,142,1134,6,2,0,20,30,7,Electric
81,142,1134,6,3,0,25,30,8,Electric
12,142,1135,7,1,1,25,20,7,Gasoline
32,142,1135,7,2,0,20,25,6,Hybrid
60,142,1135,7,3,0,25,25,6,Electric
1,142,1136,8,1,1,15,20,6,Gasoline
10,142,1136,8,2,0,15,20,7,Gasoline
8,142,1136,8,3,0,20,30,6,Gasoline
76,143,1137,1,1,0,15,25,8,Electric
54,143,1137,1,2,1,25,30,8,Hybrid
51,143,1137,1,3,0,25,25,8,Hybrid
2,143,1138,2,1,1,20,20,6,Gasoline
59,143,1138,2,2,0,20,25,6,Electric
81,143,1138,2,3,0,25,30,8,Electric
46,143,1139,3,1,0,15,20,8,Hybrid
40,143,1139,3,2,1,15,25,7,Hybrid
51,143,1139,3,3,0,25,25,8,Hybrid
42,143,1140,4,1,0,25,25,7,Hybrid
53,143,1140,4,2,0,20,30,8,Hybrid
33,143,1140,4,3,1,25,25,6,Hybrid
66,143,1141,5,1,0,25,20,7,Electric
58,143,1141,5,2,1,15,25,6,Electric
46,143,1141,5,3,0,15,20,8,Hybrid
18,143,1142,6,1,0,25,30,7,Gasoline
31,143,1142,6,2,1,15,25,6,Hybrid
56,143,1142,6,3,0,20,20,6,Electric
30,143,1143,7,1,0,25,20,6,Hybrid
13,143,1143,7,2,0,15,25,7,Gasoline
16,143,1143,7,3,1,15,30,7,Gasoline
79,143,1144,8,1,1,15,30,8,Electric
25,143,1144,8,2,0,15,30,8,Gasoline
73,143,1144,8,3,0,15,20,8,Electric
48,144,1145,1,1,0,25,20,8,Hybrid
66,144,1145,1,2,0,25,20,7,Electric
52,144,1145,1,3,1,15,30,8,Hybrid
62,144,1146,2,1,0,20,30,6,Electric
64,144,1146,2,2,1,15,20,7,Electric
42,144,1146,2,3,0,25,25,7,Hybrid
71,144,1147,3,1,0,20,30,7,Electric
41,144,1147,3,2,0,20,25,7,Hybrid
57,144,1147,3,3,1,25,20,6,Electric
20,144,1148,4,1,0,20,20,8,Gasoline
54,144,1148,4,2,1,25,30,8,Hybrid
7,144,1148,4,3,0,15,30,6,Gasoline
64,144,1149,5,1,0,15,20,7,Electric
32,144,1149,5,2,1,20,25,6,Hybrid
38,144,1149,5,3,0,20,20,7,Hybrid
26,144,1150,6,1,0,20,30,8,Gasoline
25,144,1150,6,2,1,15,30,8,Gasoline
11,144,1150,6,3,0,20,20,7,Gasoline
81,144,1151,7,1,0,25,30,8,Electric
30,144,1151,7,2,1,25,20,6,Hybrid
79,144,1151,7,3,0,15,30,8,Electric
70,144,1152,8,1,0,15,30,7,Electric
53,144,1152,8,2,0,20,30,8,Hybrid
17,144,1152,8,3,1,20,30,7,Gasoline
21,145,1153,1,1,0,25,20,8,Gasoline
75,145,1153,1,2,0,25,20,8,Electric
74,145,1153,1,3,1,20,20,8,Electric
76,145,1154,2,1,0,15,25,8,Electric
39,145,1154,2,2,0,25,20,7,Hybrid
38,145,1154,2,3,1,20,20,7,Hybrid
10,145,1155,3,1,1,15,20,7,Gasoline
6,145,1155,3,2,0,25,25,6,Gasoline
45,145,1155,3,3,0,25,30,7,Hybrid
23,145,1156,4,1,1,20,25,8,Gasoline
77,145,1156,4,2,0,20,25,8,Electric
16,145,1156,4,3,0,15,30,7,Gasoline
75,145,1157,5,1,0,25,20,8,Electric
5,145,1157,5,2,1,20,25,6,Gasoline
50,145,1157,5,3,0,20,25,8,Hybrid
17,145,1158,6,1,0,20,30,7,Gasoline
29,145,1158,6,2,1,20,20,6,Hybrid
8,145,1158,6,3,0,20,30,6,Gasoline
61,145,1159,7,1,1,15,30,6,Electric
69,145,1159,7,2,0,25,25,7,Electric
23,145,1159,7,3,0,20,25,8,Gasoline
63,145,1160,8,1,0,25,30,6,Electric
31,145,1160,8,2,1,15,25,6,Hybrid
79,145,1160,8,3,0,15,30,8,Electric
36,146,1161,1,1,0,25,30,6,Hybrid
7,146,1161,1,2,0,15,30,6,Gasoline
20,146,1161,1,3,1,20,20,8,Gasoline
31,146,1162,2,1,0,15,25,6,Hybrid
70,146,1162,2,2,0,15,30,7,Electric
5,146,1162,2,3,1,20,25,6,Gasoline
45,146,1163,3,1,0,25,30,7,Hybrid
71,146,1163,3,2,0,20,30,7,Electric
55,146,1163,3,3,1,15,20,6,Electric
56,146,1164,4,1,0,20,20,6,Electric
78,146,1164,4,2,1,25,25,8,Electric
57,146,1164,4,3,0,25,20,6,Electric
34,146,1165,5,1,1,15,30,6,Hybrid
68,146,1165,5,2,0,20,25,7,Electric
62,146,1165,5,3,0,20,30,6,Electric
70,146,1166,6,1,0,15,30,7,Electric
31,146,1166,6,2,0,15,25,6,Hybrid
44,146,1166,6,3,1,20,30,7,Hybrid
63,146,1167,7,1,1,25,30,6,Electric
42,146,1167,7,2,0,25,25,7,Hybrid
3,146,1167,7,3,0,25,20,6,Gasoline
21,146,1168,8,1,0,25,20,8,Gasoline
29,146,1168,8,2,0,20,20,6,Hybrid
59,146,1168,8,3,1,20,25,6,Electric
2,147,1169,1,1,0,20,20,6,Gasoline
38,147,1169,1,2,0,20,20,7,Hybrid
28,147,1169,1,3,1,15,20,6,Hybrid
55,147,1170,2,1,1,15,20,6,Electric
77,147,1170,2,2,0,20,25,8,Electric
57,147,1170,2,3,0,25,20,6,Electric
56,147,1171,3,1,0,20,20,6,Electric
3,147,1171,3,2,1,25,20,6,Gasoline
43,147,1171,3,3,0,15,30,7,Hybrid
20,147,1172,4,1,0,20,20,8,Gasoline
56,147,1172,4,2,0,20,20,6,Electric
47,147,1172,4,3,1,20,20,8,Hybrid
65,147,1173,5,1,0,20,20,7,Electric
79,147,1173,5,2,0,15,30,8,Electric
38,147,1173,5,3,1,20,20,7,Hybrid
9,147,1174,6,1,0,25,30,6,Gasoline
31,147,1174,6,2,0,15,25,6,Hybrid
7,147,1174,6,3,1,15,30,6,Gasoline
36,147,1175,7,1,0,25,30,6,Hybrid
42,147,1175,7,2,1,25,25,7,Hybrid
60,147,1175,7,3,0,25,25,6,Electric
38,147,1176,8,1,0,20,20,7,Hybrid
19,147,1176,8,2,1,15,20,8,Gasoline
9,147,1176,8,3,0,25,30,6,Gasoline
61,148,1177,1,1,0,15,30,6,Electric
3,148,1177,1,2,0,25,20,6,Gasoline
53,148,1177,1,3,1,20,30,8,Hybrid
15,148,1178,2,1,0,25,25,7,Gasoline
18,148,1178,2,2,0,25,30,7,Gasoline
34,148,1178,2,3,1,15,30,6,Hybrid
23,148,1179,3,1,0,20,25,8,Gasoline
33,148,1179,3,2,0,25,25,6,Hybrid
26,148,1179,3,3,1,20,30,8,Gasoline
13,148,1180,4,1,1,15,25,7,Gasoline
41,148,1180,4,2,0,20,25,7,Hybrid
59,148,1180,4,3,0,20,25,6,Electric
1,148,1181,5,1,1,15,20,6,Gasoline
6,148,1181,5,2,0,25,25,6,Gasoline
57,148,1181,5,3,0,25,20,6,Electric
7,148,1182,6,1,0,15,30,6,Gasoline
39,148,1182,6,2,0,25,20,7,Hybrid
38,148,1182,6,3,1,20,20,7,Hybrid
51,148,1183,7,1,0,25,25,8,Hybrid
19,148,1183,7,2,1,15,20,8,Gasoline
27,148,1183,7,3,0,25,30,8,Gasoline
1,148,1184,8,1,1,15,20,6,Gasoline
29,148,1184,8,2,0,20,20,6,Hybrid
57,148,1184,8,3,0,25,20,6,Electric
42,149,1185,1,1,0,25,25,7,Hybrid
25,149,1185,1,2,0,15,30,8,Gasoline
55,149,1185,1,3,1,15,20,6,Electric
1,149,1186,2,1,1,15,20,6,Gasoline
9,149,1186,2,2,0,25,30,6,Gasoline
59,149,1186,2,3,0,20,25,6,Electric
12,149,1187,3,1,0,25,20,7,Gasoline
34,149,1187,3,2,0,15,30,6,Hybrid
14,149,1187,3,3,1,20,25,7,Gasoline
16,149,1188,4,1,1,15,30,7,Gasoline
41,149,1188,4,2,0,20,25,7,Hybrid
9,149,1188,4,3,0,25,30,6,Gasoline
78,149,1189,5,1,0,25,25,8,Electric
67,149,1189,5,2,0,15,25,7,Electric
79,149,1189,5,3,1,15,30,8,Electric
23,149,1190,6,1,0,20,25,8,Gasoline
72,149,1190,6,2,0,25,30,7,Electric
65,149,1190,6,3,1,20,20,7,Electric
63,149,1191,7,1,0,25,30,6,Electric
29,149,1191,7,2,1,20,20,6,Hybrid
54,149,1191,7,3,0,25,30,8,Hybrid
58,149,1192,8,1,0,15,25,6,Electric
80,149,1192,8,2,0,20,30,8,Electric
41,149,1192,8,3,1,20,25,7,Hybrid
77,150,1193,1,1,0,20,25,8,Electric
69,150,1193,1,2,0,25,25,7,Electric
9,150,1193,1,3,1,25,30,6,Gasoline
38,150,1194,2,1,1,20,20,7,Hybrid
45,150,1194,2,2,0,25,30,7,Hybrid
63,150,1194,2,3,0,25,30,6,Electric
72,150,1195,3,1,0,25,30,7,Electric
75,150,1195,3,2,0,25,20,8,Electric
43,150,1195,3,3,1,15,30,7,Hybrid
57,150,1196,4,1,1,25,20,6,Electric
51,150,1196,4,2,0,25,25,8,Hybrid
68,150,1196,4,3,0,20,25,7,Electric
71,150,1197,5,1,1,20,30,7,Electric
51,150,1197,5,2,0,25,25,8,Hybrid
64,150,1197,5,3,0,15,20,7,Electric
18,150,1198,6,1,0,25,30,7,Gasoline
72,150,1198,6,2,1,25,30,7,Electric
42,150,1198,6,3,0,25,25,7,Hybrid
43,150,1199,7,1,1,15,30,7,Hybrid
55,150,1199,7,2,0,15,20,6,Electric
29,150,1199,7,3,0,20,20,6,Hybrid
17,150,1200,8,1,1,20,30,7,Gasoline
23,150,1200,8,2,0,20,25,8,Gasoline
43,150,1200,8,3,0,15,30,7,Hybrid
75,151,1201,1,1,0,25,20,8,Electric
68,151,1201,1,2,0,20,25,7,Electric
3,151,1201,1,3,1,25,20,6,Gasoline
17,151,1202,2,1,0,20,30,7,Gasoline
23,151,1202,2,2,0,20,25,8,Gasoline
22,151,1202,2,3,1,15,25,8,Gasoline
10,151,1203,3,1,1,15,20,7,Gasoline
15,151,1203,3,2,0,25,25,7,Gasoline
62,151,1203,3,3,0,20,30,6,Electric
19,151,1204,4,1,1,15,20,8,Gasoline
1,151,1204,4,2,0,15,20,6,Gasoline
12,151,1204,4,3,0,25,20,7,Gasoline
24,151,1205,5,1,0,25,25,8,Gasoline
40,151,1205,5,2,1,15,25,7,Hybrid
47,151,1205,5,3,0,20,20,8,Hybrid
72,151,1206,6,1,0,25,30,7,Electric
80,151,1206,6,2,0,20,30,8,Electric
27,151,1206,6,3,1,25,30,8,Gasoline
35,151,1207,7,1,1,20,30,6,Hybrid
27,151,1207,7,2,0,25,30,8,Gasoline
11,151,1207,7,3,0,20,20,7,Gasoline
80,151,1208,8,1,0,20,30,8,Electric
16,151,1208,8,2,1,15,30,7,Gasoline
6,151,1208,8,3,0,25,25,6,Gasoline
29,152,1209,1,1,1,20,20,6,Hybrid
6,152,1209,1,2,0,25,25,6,Gasoline
39,152,1209,1,3,0,25,20,7,Hybrid
69,152,1210,2,1,0,25,25,7,Electric
46,152,1210,2,2,1,15,20,8,Hybrid
50,152,1210,2,3,0,20,25,8,Hybrid
10,152,1211,3,1,0,15,20,7,Gasoline
60,152,1211,3,2,0,25,25,6,Electric
67,152,1211,3,3,1,15,25,7,Electric
45,152,1212,4,1,0,25,30,7,Hybrid
11,152,1212,4,2,0,20,20,7,Gasoline
40,152,1212,4,3,1,15,25,7,Hybrid
65,152,1213,5,1,0,20,20,7,Electric
54,152,1213,5,2,1,25,30,8,Hybrid
39,152,1213,5,3,0,25,20,7,Hybrid
68,152,1214,6,1,0,20,25,7,Electric
61,152,1214,6,2,0,15,30,6,Electric
55,152,1214,6,3,1,15,20,6,Electric
76,152,1215,7,1,0,15,25,8,Electric
67,152,1215,7,2,1,15,25,7,Electric
71,152,1215,7,3,0,20,30,7,Electric
55,152,1216,8,1,0,15,20,6,Electric
27,152,1216,8,2,1,25,30,8,Gasoline
69,152,1216,8,3,0,25,25,7,Electric
67,153,1217,1,1,1,15,25,7,Electric
77,153,1217,1,2,0,20,25,8,Electric
78,153,1217,1,3,0,25,25,8,Electric
15,153,1218,2,1,0,25,25,7,Gasoline
26,153,1218,2,2,1,20,30,8,Gasoline
59,153,1218,2,3,0,20,25,6,Electric
54,153,1219,3,1,1,25,30,8,Hybrid
19,153,1219,3,2,0,15,20,8,Gasoline
22,153,1219,3,3,0,15,25,8,Gasoline
16,153,1220,4,1,0,15,30,7,Gasoline
7,153,1220,4,2,0,15,30,6,Gasoline
71,153,1220,4,3,1,20,30,7,Electric
18,153,1221,5,1,1,25,30,7,Gasoline
9,153,1221,5,2,0,25,30,6,Gasoline
47,153,1221,5,3,0,20,20,8,Hybrid
66,153,1222,6,1,0,25,20,7,Electric
77,153,1222,6,2,0,20,25,8,Electric
39,153,1222,6,3,1,25,20,7,Hybrid
69,153,1223,7,1,0,25,25,7,Electric
48,153,1223,7,2,1,25,20,8,Hybrid
56,153,1223,7,3,0,20,20,6,Electric
67,153,1224,8,1,0,15,25,7,Electric
74,153,1224,8,2,1,20,20,8,Electric
38,153,1224,8,3,0,20,20,7,Hybrid
44,154,1225,1,1,0,20,30,7,Hybrid
41,154,1225,1,2,1,20,25,7,Hybrid
9,154,1225,1,3,0,25,30,6,Gasoline
31,154,1226,2,1,1,15,25,6,Hybrid
67,154,1226,2,2,0,15,25,7,Electric
50,154,1226,2,3,0,20,25,8,Hybrid
4,154,1227,3,1,0,15,25,6,Gasoline
11,154,1227,3,2,1,20,20,7,Gasoline
30,154,1227,3,3,0,25,20,6,Hybrid
25,154,1228,4,1,0,15,30,8,Gasoline
52,154,1228,4,2,1,15,30,8,Hybrid
80,154,1228,4,3,0,20,30,8,Electric
48,154,1229,5,1,0,25,20,8,Hybrid
28,154,1229,5,2,1,15,20,6,Hybrid
56,154,1229,5,3,0,20,20,6,Electric
21,154,1230,6,1,0,25,20,8,Gasoline
33,154,1230,6,2,0,25,25,6,Hybrid
61,154,1230,6,3,1,15,30,6,Electric
12,154,1231,7,1,0,25,20,7,Gasoline
46,154,1231,7,2,1,15,20,8,Hybrid
26,154,1231,7,3,0,20,30,8,Gasoline
68,154,1232,8,1,0,20,25,7,Electric
4,154,1232,8,2,1,15,25,6,Gasoline
54,154,1232,8,3,0,25,30,8,Hybrid
17,155,1233,1,1,0,20,30,7,Gasoline
23,155,1233,1,2,1,20,25,8,Gasoline
49,155,1233,1,3,0,15,25,8,Hybrid
49,155,1234,2,1,1,15,25,8,Hybrid
67,155,1234,2,2,0,15,25,7,Electric
50,155,1234,2,3,0,20,25,8,Hybrid
12,155,1235,3,1,1,25,20,7,Gasoline
45,155,1235,3,2,0,25,30,7,Hybrid
70,155,1235,3,3,0,15,30,7,Electric
54,155,1236,4,1,0,25,30,8,Hybrid
53,155,1236,4,2,1,20,30,8,Hybrid
75,155,1236,4,3,0,25,20,8,Electric
49,155,1237,5,1,1,15,25,8,Hybrid
63,155,1237,5,2,0,25,30,6,Electric
29,155,1237,5,3,0,20,20,6,Hybrid
53,155,1238,6,1,0,20,30,8,Hybrid
7,155,1238,6,2,1,15,30,6,Gasoline
41,155,1238,6,3,0,20,25,7,Hybrid
27,155,1239,7,1,0,25,30,8,Gasoline
15,155,1239,7,2,0,25,25,7,Gasoline
4,155,1239,7,3,1,15,25,6,Gasoline
25,155,1240,8,1,1,15,30,8,Gasoline
43,155,1240,8,2,0,15,30,7,Hybrid
32,155,1240,8,3,0,20,25,6,Hybrid
52,156,1241,1,1,0,15,30,8,Hybrid
7,156,1241,1,2,1,15,30,6,Gasoline
71,156,1241,1,3,0,20,30,7,Electric
81,156,1242,2,1,0,25,30,8,Electric
44,156,1242,2,2,1,20,30,7,Hybrid
56,156,1242,2,3,0,20,20,6,Electric
8,156,1243,3,1,0,20,30,6,Gasoline
64,156,1243,3,2,1,15,20,7,Electric
39,156,1243,3,3,0,25,20,7,Hybrid
47,156,1244,4,1,0,20,20,8,Hybrid
64,156,1244,4,2,1,15,20,7,Electric
18,156,1244,4,3,0,25,30,7,Gasoline
37,156,1245,5,1,1,15,20,7,Hybrid
19,156,1245,5,2,0,15,20,8,Gasoline
71,156,1245,5,3,0,20,30,7,Electric
51,156,1246,6,1,0,25,25,8,Hybrid
62,156,1246,6,2,1,20,30,6,Electric
63,156,1246,6,3,0,25,30,6,Electric
15,156,1247,7,1,0,25,25,7,Gasoline
18,156,1247,7,2,0,25,30,7,Gasoline
62,156,1247,7,3,1,20,30,6,Electric
50,156,1248,8,1,0,20,25,8,Hybrid
18,156,1248,8,2,0,25,30,7,Gasoline
44,156,1248,8,3,1,20,30,7,Hybrid
60,157,1249,1,1,0,25,25,6,Electric
31,157,1249,1,2,1,15,25,6,Hybrid
52,157,1249,1,3,0,15,30,8,Hybrid
9,157,1250,2,1,0,25,30,6,Gasoline
58,157,1250,2,2,0,15,25,6,Electric
53,157,1250,2,3,1,20,30,8,Hybrid
47,157,1251,3,1,0,20,20,8,Hybrid
72,157,1251,3,2,0,25,30,7,Electric
52,157,1251,3,3,1,15,30,8,Hybrid
43,157,1252,4,1,1,15,30,7,Hybrid
18,157,1252,4,2,0,25,30,7,Gasoline
16,157,1252,4,3,0,15,30,7,Gasoline
32,157,1253,5,1,1,20,25,6,Hybrid
45,157,1253,5,2,0,25,30,7,Hybrid
79,157,1253,5,3,0,15,30,8,Electric
60,157,1254,6,1,0,25,25,6,Electric
51,157,1254,6,2,1,25,25,8,Hybrid
74,157,1254,6,3,0,20,20,8,Electric
23,157,1255,7,1,0,20,25,8,Gasoline
46,157,1255,7,2,1,15,20,8,Hybrid
42,157,1255,7,3,0,25,25,7,Hybrid
51,157,1256,8,1,0,25,25,8,Hybrid
77,157,1256,8,2,1,20,25,8,Electric
80,157,1256,8,3,0,20,30,8,Electric
54,158,1257,1,1,0,25,30,8,Hybrid
27,158,1257,1,2,1,25,30,8,Gasoline
44,158,1257,1,3,0,20,30,7,Hybrid
55,158,1258,2,1,0,15,20,6,Electric
46,158,1258,2,2,1,15,20,8,Hybrid
2,158,1258,2,3,0,20,20,6,Gasoline
70,158,1259,3,1,1,15,30,7,Electric
9,158,1259,3,2,0,25,30,6,Gasoline
4,158,1259,3,3,0,15,25,6,Gasoline
55,158,1260,4,1,0,15,20,6,Electric
36,158,1260,4,2,1,25,30,6,Hybrid
27,158,1260,4,3,0,25,30,8,Gasoline
1,158,1261,5,1,1,15,20,6,Gasoline
54,158,1261,5,2,0,25,30,8,Hybrid
57,158,1261,5,3,0,25,20,6,Electric
19,158,1262,6,1,0,15,20,8,Gasoline
58,158,1262,6,2,0,15,25,6,Electric
6,158,1262,6,3,1,25,25,6,Gasoline
76,158,1263,7,1,1,15,25,8,Electric
26,158,1263,7,2,0,20,30,8,Gasoline
20,158,1263,7,3,0,20,20,8,Gasoline
78,158,1264,8,1,0,25,25,8,Electric
15,158,1264,8,2,0,25,25,7,Gasoline
10,158,1264,8,3,1,15,20,7,Gasoline
24,159,1265,1,1,0,25,25,8,Gasoline
25,159,1265,1,2,1,15,30,8,Gasoline
57,159,1265,1,3,0,25,20,6,Electric
15,159,1266,2,1,0,25,25,7,Gasoline
58,159,1266,2,2,1,15,25,6,Electric
75,159,1266,2,3,0,25,20,8,Electric
12,159,1267,3,1,0,25,20,7,Gasoline
21,159,1267,3,2,0,25,20,8,Gasoline
52,159,1267,3,3,1,15,30,8,Hybrid
23,159,1268,4,1,0,20,25,8,Gasoline
9,159,1268,4,2,1,25,30,6,Gasoline
26,159,1268,4,3,0,20,30,8,Gasoline
38,159,1269,5,1,0,20,20,7,Hybrid
5,159,1269,5,2,0,20,25,6,Gasoline
59,159,1269,5,3,1,20,25,6,Electric
11,159,1270,6,1,0,20,20,7,Gasoline
70,159,1270,6,2,1,15,30,7,Electric
24,159,1270,6,3,0,25,25,8,Gasoline
29,159,1271,7,1,1,20,20,6,Hybrid
23,159,1271,7,2,0,20,25,8,Gasoline
26,159,1271,7,3,0,20,30,8,Gasoline
58,159,1272,8,1,0,15,25,6,Electric
55,159,1272,8,2,1,15,20,6,Electric
15,159,1272,8,3,0,25,25,7,Gasoline
76,160,1273,1,1,0,15,25,8,Electric
6,160,1273,1,2,0,25,25,6,Gasoline
61,160,1273,1,3,1,15,30,6,Electric
60,160,1274,2,1,0,25,25,6,Electric
23,160,1274,2,2,1,20,25,8,Gasoline
42,160,1274,2,3,0,25,25,7,Hybrid
51,160,1275,3,1,0,25,25,8,Hybrid
13,160,1275,3,2,1,15,25,7,Gasoline
2,160,1275,3,3,0,20,20,6,Gasoline
70,160,1276,4,1,0,15,30,7,Electric
41,160,1276,4,2,0,20,25,7,Hybrid
12,160,1276,4,3,1,25,20,7,Gasoline
3,160,1277,5,1,0,25,20,6,Gasoline
1,160,1277,5,2,1,15,20,6,Gasoline
29,160,1277,5,3,0,20,20,6,Hybrid
79,160,1278,6,1,0,15,30,8,Electric
44,160,1278,6,2,1,20,30,7,Hybrid
9,160,1278,6,3,0,25,30,6,Gasoline
77,160,1279,7,1,0,20,25,8,Electric
60,160,1279,7,2,0,25,25,6,Electric
13,160,1279,7,3,1,15,25,7,Gasoline
64,160,1280,8,1,1,15,20,7,Electric
56,160,1280,8,2,0,20,20,6,Electric
71,160,1280,8,3,0,20,30,7,Electric
44,161,1281,1,1,0,20,30,7,Hybrid
31,161,1281,1,2,1,15,25,6,Hybrid
72,161,1281,1,3,0,25,30,7,Electric
77,161,1282,2,1,0,20,25,8,Electric
38,161,1282,2,2,1,20,20,7,Hybrid
18,161,1282,2,3,0,25,30,7,Gasoline
67,161,1283,3,1,1,15,25,7,Electric
65,161,1283,3,2,0,20,20,7,Electric
59,161,1283,3,3,0,20,25,6,Electric
76,161,1284,4,1,0,15,25,8,Electric
62,161,1284,4,2,0,20,30,6,Electric
48,161,1284,4,3,1,25,20,8,Hybrid
18,161,1285,5,1,1,25,30,7,Gasoline
29,161,1285,5,2,0,20,20,6,Hybrid
75,161,1285,5,3,0,25,20,8,Electric
37,161,1286,6,1,1,15,20,7,Hybrid
18,161,1286,6,2,0,25,30,7,Gasoline
7,161,1286,6,3,0,15,30,6,Gasoline
7,161,1287,7,1,0,15,30,6,Gasoline
22,161,1287,7,2,0,15,25,8,Gasoline
75,161,1287,7,3,1,25,20,8,Electric
78,161,1288,8,1,1,25,25,8,Electric
27,161,1288,8,2,0,25,30,8,Gasoline
23,161,1288,8,3,0,20,25,8,Gasoline
74,162,1289,1,1,0,20,20,8,Electric
20,162,1289,1,2,0,20,20,8,Gasoline
50,162,1289,1,3,1,20,25,8,Hybrid
56,162,1290,2,1,0,20,20,6,Electric
13,162,1290,2,2,0,15,25,7,Gasoline
16,162,1290,2,3,1,15,30,7,Gasoline
70,162,1291,3,1,0,15,30,7,Electric
57,162,1291,3,2,1,25,20,6,Electric
41,162,1291,3,3,0,20,25,7,Hybrid
5,162,1292,4,1,0,20,25,6,Gasoline
27,162,1292,4,2,0,25,30,8,Gasoline
64,162,1292,4,3,1,15,20,7,Electric
44,162,1293,5,1,0,20,30,7,Hybrid
28,162,1293,5,2,1,15,20,6,Hybrid
15,162,1293,5,3,0,25,25,7,Gasoline
77,162,1294,6,1,0,20,25,8,Electric
25,162,1294,6,2,0,15,30,8,Gasoline
13,162,1294,6,3,1,15,25,7,Gasoline
33,162,1295,7,1,0,25,25,6,Hybrid
8,162,1295,7,2,0,20,30,6,Gasoline
43,162,1295,7,3,1,15,30,7,Hybrid
69,162,1296,8,1,0,25,25,7,Electric
49,162,1296,8,2,1,15,25,8,Hybrid
30,162,1296,8,3,0,25,20,6,Hybrid
81,163,1297,1,1,0,25,30,8,Electric
75,163,1297,1,2,0,25,20,8,Electric
37,163,1297,1,3,1,15,20,7,Hybrid
77,163,1298,2,1,0,20,25,8,Electric
23,163,1298,2,2,0,20,25,8,Gasoline
20,163,1298,2,3,1,20,20,8,Gasoline
68,163,1299,3,1,0,20,25,7,Electric
62,163,1299,3,2,0,20,30,6,Electric
77,163,1299,3,3,1,20,25,8,Electric
80,163,1300,4,1,0,20,30,8,Electric
2,163,1300,4,2,1,20,20,6,Gasoline
78,163,1300,4,3,0,25,25,8,Electric
65,163,1301,5,1,0,20,20,7,Electric
12,163,1301,5,2,1,25,20,7,Gasoline
30,163,1301,5,3,0,25,20,6,Hybrid
27,163,1302,6,1,0,25,30,8,Gasoline
37,163,1302,6,2,1,15,20,7,Hybrid
7,163,1302,6,3,0,15,30,6,Gasoline
39,163,1303,7,1,0,25,20,7,Hybrid
73,163,1303,7,2,0,15,20,8,Electric
70,163,1303,7,3,1,15,30,7,Electric
77,163,1304,8,1,0,20,25,8,Electric
64,163,1304,8,2,1,15,20,7,Electric
52,163,1304,8,3,0,15,30,8,Hybrid
7,164,1305,1,1,1,15,30,6,Gasoline
12,164,1305,1,2,0,25,20,7,Gasoline
54,164,1305,1,3,0,25,30,8,Hybrid
6,164,1306,2,1,0,25,25,6,Gasoline
78,164,1306,2,2,1,25,25,8,Electric
69,164,1306,2,3,0,25,25,7,Electric
33,164,1307,3,1,1,25,25,6,Hybrid
48,164,1307,3,2,0,25,20,8,Hybrid
62,164,1307,3,3,0,20,30,6,Electric
1,164,1308,4,1,1,15,20,6,Gasoline
12,164,1308,4,2,0,25,20,7,Gasoline
61,164,1308,4,3,0,15,30,6,Electric
15,164,1309,5,1,0,25,25,7,Gasoline
17,164,1309,5,2,0,20,30,7,Gasoline
50,164,1309,5,3,1,20,25,8,Hybrid
28,164,1310,6,1,1,15,20,6,Hybrid
81,164,1310,6,2,0,25,30,8,Electric
8,164,1310,6,3,0,20,30,6,Gasoline
32,164,1311,7,1,0,20,25,6,Hybrid
11,164,1311,7,2,1,20,20,7,Gasoline
60,164,1311,7,3,0,25,25,6,Electric
72,164,1312,8,1,1,25,30,7,Electric
47,164,1312,8,2,0,20,20,8,Hybrid
76,164,1312,8,3,0,15,25,8,Electric
81,165,1313,1,1,0,25,30,8,Electric
33,165,1313,1,2,0,25,25,6,Hybrid
62,165,1313,1,3,1,20,30,6,Electric
50,165,1314,2,1,1,20,25,8,Hybrid
39,165,1314,2,2,0,25,20,7,Hybrid
27,165,1314,2,3,0,25,30,8,Gasoline
19,165,1315,3,1,0,15,20,8,Gasoline
10,165,1315,3,2,1,15,20,7,Gasoline
12,165,1315,3,3,0,25,20,7,Gasoline
16,165,1316,4,1,1,15,30,7,Gasoline
77,165,1316,4,2,0,20,25,8,Electric
57,165,1316,4,3,0,25,20,6,Electric
49,165,1317,5,1,1,15,25,8,Hybrid
44,165,1317,5,2,0,20,30,7,Hybrid
39,165,1317,5,3,0,25,20,7,Hybrid
68,165,1318,6,1,0,20,25,7,Electric
51,165,1318,6,2,0,25,25,8,Hybrid
52,165,1318,6,3,1,15,30,8,Hybrid
10,165,1319,7,1,0,15,20,7,Gasoline
64,165,1319,7,2,0,15,20,7,Electric
37,165,1319,7,3,1,15,20,7,Hybrid
40,165,1320,8,1,1,15,25,7,Hybrid
4,165,1320,8,2,0,15,25,6,Gasoline
11,165,1320,8,3,0,20,20,7,Gasoline
48,166,1321,1,1,1,25,20,8,Hybrid
4,166,1321,1,2,0,15,25,6,Gasoline
63,166,1321,1,3,0,25,30,6,Electric
2,166,1322,2,1,0,20,20,6,Gasoline
39,166,1322,2,2,0,25,20,7,Hybrid
29,166,1322,2,3,1,20,20,6,Hybrid
32,166,1323,3,1,0,20,25,6,Hybrid
6,166,1323,3,2,0,25,25,6,Gasoline
64,166,1323,3,3,1,15,20,7,Electric
54,166,1324,4,1,0,25,30,8,Hybrid
41,166,1324,4,2,0,20,25,7,Hybrid
61,166,1324,4,3,1,15,30,6,Electric
15,166,1325,5,1,0,25,25,7,Gasoline
61,166,1325,5,2,0,15,30,6,Electric
47,166,1325,5,3,1,20,20,8,Hybrid
22,166,1326,6,1,1,15,25,8,Gasoline
4,166,1326,6,2,0,15,25,6,Gasoline
47,166,1326,6,3,0,20,20,8,Hybrid
69,166,1327,7,1,0,25,25,7,Electric
7,166,1327,7,2,1,15,30,6,Gasoline
80,166,1327,7,3,0,20,30,8,Electric
12,166,1328,8,1,1,25,20,7,Gasoline
25,166,1328,8,2,0,15,30,8,Gasoline
42,166,1328,8,3,0,25,25,7,Hybrid
36,167,1329,1,1,0,25,30,6,Hybrid
2,167,1329,1,2,0,20,20,6,Gasoline
67,167,1329,1,3,1,15,25,7,Electric
17,167,1330,2,1,0,20,30,7,Gasoline
55,167,1330,2,2,1,15,20,6,Electric
15,167,1330,2,3,0,25,25,7,Gasoline
43,167,1331,3,1,1,15,30,7,Hybrid
1,167,1331,3,2,0,15,20,6,Gasoline
62,167,1331,3,3,0,20,30,6,Electric
33,167,1332,4,1,0,25,25,6,Hybrid
31,167,1332,4,2,1,15,25,6,Hybrid
69,167,1332,4,3,0,25,25,7,Electric
74,167,1333,5,1,0,20,20,8,Electric
39,167,1333,5,2,1,25,20,7,Hybrid
58,167,1333,5,3,0,15,25,6,Electric
71,167,1334,6,1,1,20,30,7,Electric
51,167,1334,6,2,0,25,25,8,Hybrid
81,167,1334,6,3,0,25,30,8,Electric
16,167,1335,7,1,1,15,30,7,Gasoline
35,167,1335,7,2,0,20,30,6,Hybrid
65,167,1335,7,3,0,20,20,7,Electric
45,167,1336,8,1,0,25,30,7,Hybrid
73,167,1336,8,2,0,15,20,8,Electric
57,167,1336,8,3,1,25,20,6,Electric
57,168,1337,1,1,0,25,20,6,Electric
27,168,1337,1,2,0,25,30,8,Gasoline
73,168,1337,1,3,1,15,20,8,Electric
49,168,1338,2,1,1,15,25,8,Hybrid
23,168,1338,2,2,0,20,25,8,Gasoline
34,168,1338,2,3,0,15,30,6,Hybrid
53,168,1339,3,1,1,20,30,8,Hybrid
21,168,1339,3,2,0,25,20,8,Gasoline
23,168,1339,3,3,0,20,25,8,Gasoline
2,168,1340,4,1,1,20,20,6,Gasoline
56,168,1340,4,2,0,20,20,6,Electric
54,168,1340,4,3,0,25,30,8,Hybrid
67,168,1341,5,1,1,15,25,7,Electric
13,168,1341,5,2,0,15,25,7,Gasoline
74,168,1341,5,3,0,20,20,8,Electric
15,168,1342,6,1,0,25,25,7,Gasoline
44,168,1342,6,2,1,20,30,7,Hybrid
50,168,1342,6,3,0,20,25,8,Hybrid
24,168,1343,7,1,0,25,25,8,Gasoline
41,168,1343,7,2,1,20,25,7,Hybrid
36,168,1343,7,3,0,25,30,6,Hybrid
3,168,1344,8,1,0,25,20,6,Gasoline
19,168,1344,8,2,1,15,20,8,Gasoline
27,168,1344,8,3,0,25,30,8,Gasoline
63,169,1345,1,1,1,25,30,6,Electric
5,169,1345,1,2,0,20,25,6,Gasoline
21,169,1345,1,3,0,25,20,8,Gasoline
1,169,1346,2,1,0,15,20,6,Gasoline
32,169,1346,2,2,1,20,25,6,Hybrid
2,169,1346,2,3,0,20,20,6,Gasoline
28,169,1347,3,1,1,15,20,6,Hybrid
75,169,1347,3,2,0,25,20,8,Electric
37,169,1347,3,3,0,15,20,7,Hybrid
68,169,1348,4,1,0,20,25,7,Electric
69,169,1348,4,2,0,25,25,7,Electric
46,169,1348,4,3,1,15,20,8,Hybrid
36,169,1349,5,1,0,25,30,6,Hybrid
28,169,1349,5,2,1,15,20,6,Hybrid
10,169,1349,5,3,0,15,20,7,Gasoline
55,169,1350,6,1,0,15,20,6,Electric
73,169,1350,6,2,0,15,20,8,Electric
41,169,1350,6,3,1,20,25,7,Hybrid
62,169,1351,7,1,0,20,30,6,Electric
57,169,1351,7,2,1,25,20,6,Electric
63,169,1351,7,3,0,25,30,6,Electric
70,169,1352,8,1,1,15,30,7,Electric
27,169,1352,8,2,0,25,30,8,Gasoline
22,169,1352,8,3,0,15,25,8,Gasoline
54,170,1353,1,1,0,25,30,8,Hybrid
35,170,1353,1,2,1,20,30,6,Hybrid
56,170,1353,1,3,0,20,20,6,Electric
26,170,1354,2,1,1,20,30,8,Gasoline
19,170,1354,2,2,0,15,20,8,Gasoline
46,170,1354,2,3,0,15,20,8,Hybrid
1,170,1355,3,1,1,15,20,6,Gasoline
49,170,1355,3,2,0,15,25,8,Hybrid
77,170,1355,3,3,0,20,25,8,Electric
12,170,1356,4,1,0,25,20,7,Gasoline
76,170,1356,4,2,1,15,25,8,Electric
31,170,1356,4,3,0,15,25,6,Hybrid
50,170,1357,5,1,0,20,25,8,Hybrid
49,170,1357,5,2,1,15,25,8,Hybrid
59,170,1357,5,3,0,20,25,6,Electric
30,170,1358,6,1,0,25,20,6,Hybrid
38,170,1358,6,2,1,20,20,7,Hybrid
56,170,1358,6,3,0,20,20,6,Electric
69,170,1359,7,1,0,25,25,7,Electric
37,170,1359,7,2,1,15,20,7,Hybrid
73,170,1359,7,3,0,15,20,8,Electric
64,170,1360,8,1,1,15,20,7,Electric
58,170,1360,8,2,0,15,25,6,Electric
62,170,1360,8,3,0,20,30,6,Electric
64,171,1361,1,1,1,15,20,7,Electric
4,171,1361,1,2,0,15,25,6,Gasoline
36,171,1361,1,3,0,25,30,6,Hybrid
13,171,1362,2,1,1,15,25,7,Gasoline
36,171,1362,2,2,0,25,30,6,Hybrid
29,171,1362,2,3,0,20,20,6,Hybrid
23,171,1363,3,1,1,20,25,8,Gasoline
75,171,1363,3,2,0,25,20,8,Electric
48,171,1363,3,3,0,25,20,8,Hybrid
7,171,1364,4,1,0,15,30,6,Gasoline
70,171,1364,4,2,1,15,30,7,Electric
48,171,1364,4,3,0,25,20,8,Hybrid
26,171,1365,5,1,1,20,30,8,Gasoline
60,171,1365,5,2,0,25,25,6,Electric
69,171,1365,5,3,0,25,25,7,Electric
27,171,1366,6,1,0,25,30,8,Gasoline
11,171,1366,6,2,0,20,20,7,Gasoline
13,171,1366,6,3,1,15,25,7,Gasoline
18,171,1367,7,1,0,25,30,7,Gasoline
58,171,1367,7,2,1,15,25,6,Electric
75,171,1367,7,3,0,25,20,8,Electric
76,171,1368,8,1,0,15,25,8,Electric
13,171,1368,8,2,1,15,25,7,Gasoline
60,171,1368,8,3,0,25,25,6,Electric
60,172,1369,1,1,0,25,25,6,Electric
20,172,1369,1,2,0,20,20,8,Gasoline
5,172,1369,1,3,1,20,25,6,Gasoline
74,172,1370,2,1,0,20,20,8,Electric
3,172,1370,2,2,0,25,20,6,Gasoline
16,172,1370,2,3,1,15,30,7,Gasoline
5,172,1371,3,1,1,20,25,6,Gasoline
42,172,1371,3,2,0,25,25,7,Hybrid
58,172,1371,3,3,0,15,25,6,Electric
70,172,1372,4,1,1,15,30,7,Electric
47,172,1372,4,2,0,20,20,8,Hybrid
8,172,1372,4,3,0,20,30,6,Gasoline
70,172,1373,5,1,1,15,30,7,Electric
51,172,1373,5,2,0,25,25,8,Hybrid
50,172,1373,5,3,0,20,25,8,Hybrid
5,172,1374,6,1,0,20,25,6,Gasoline
3,172,1374,6,2,0,25,20,6,Gasoline
29,172,1374,6,3,1,20,20,6,Hybrid
4,172,1375,7,1,1,15,25,6,Gasoline
52,172,1375,7,2,0,15,30,8,Hybrid
80,172,1375,7,3,0,20,30,8,Electric
23,172,1376,8,1,0,20,25,8,Gasoline
63,172,1376,8,2,0,25,30,6,Electric
37,172,1376,8,3,1,15,20,7,Hybrid
5,173,1377,1,1,0,20,25,6,Gasoline
36,173,1377,1,2,1,25,30,6,Hybrid
68,173,1377,1,3,0,20,25,7,Electric
50,173,1378,2,1,1,20,25,8,Hybrid
14,173,1378,2,2,0,20,25,7,Gasoline
5,173,1378,2,3,0,20,25,6,Gasoline
68,173,1379,3,1,0,20,25,7,Electric
25,173,1379,3,2,1,15,30,8,Gasoline
33,173,1379,3,3,0,25,25,6,Hybrid
34,173,1380,4,1,1,15,30,6,Hybrid
41,173,1380,4,2,0,20,25,7,Hybrid
21,173,1380,4,3,0,25,20,8,Gasoline
14,173,1381,5,1,0,20,25,7,Gasoline
58,173,1381,5,2,1,15,25,6,Electric
68,173,1381,5,3,0,20,25,7,Electric
80,173,1382,6,1,0,20,30,8,Electric
55,173,1382,6,2,0,15,20,6,Electric
49,173,1382,6,3,1,15,25,8,Hybrid
16,173,1383,7,1,0,15,30,7,Gasoline
39,173,1383,7,2,0,25,20,7,Hybrid
10,173,1383,7,3,1,15,20,7,Gasoline
72,173,1384,8,1,0,25,30,7,Electric
77,173,1384,8,2,0,20,25,8,Electric
17,173,1384,8,3,1,20,30,7,Gasoline
14,174,1385,1,1,0,20,25,7,Gasoline
45,174,1385,1,2,0,25,30,7,Hybrid
13,174,1385,1,3,1,15,25,7,Gasoline
78,174,1386,2,1,0,25,25,8,Electric
30,174,1386,2,2,0,25,20,6,Hybrid
53,174,1386,2,3,1,20,30,8,Hybrid
20,174,1387,3,1,1,20,20,8,Gasoline
69,174,1387,3,2,0,25,25,7,Electric
30,174,1387,3,3,0,25,20,6,Hybrid
41,174,1388,4,1,1,20,25,7,Hybrid
32,174,1388,4,2,0,20,25,6,Hybrid
40,174,1388,4,3,0,15,25,7,Hybrid
36,174,1389,5,1,0,25,30,6,Hybrid
58,174,1389,5,2,1,15,25,6,Electric
76,174,1389,5,3,0,15,25,8,Electric
55,174,1390,6,1,1,15,20,6,Electric
12,174,1390,6,2,0,25,20,7,Gasoline
65,174,1390,6,3,0,20,20,7,Electric
11,174,1391,7,1,1,20,20,7,Gasoline
44,174,1391,7,2,0,20,30,7,Hybrid
51,174,1391,7,3,0,25,25,8,Hybrid
8,174,1392,8,1,0,20,30,6,Gasoline
14,174,1392,8,2,0,20,25,7,Gasoline
34,174,1392,8,3,1,15,30,6,Hybrid
22,175,1393,1,1,1,15,25,8,Gasoline
29,175,1393,1,2,0,20,20,6,Hybrid
78,175,1393,1,3,0,25,25,8,Electric
49,175,1394,2,1,1,15,25,8,Hybrid
42,175,1394,2,2,0,25,25,7,Hybrid
21,175,1394,2,3,0,25,20,8,Gasoline
20,175,1395,3,1,0,20,20,8,Gasoline
7,175,1395,3,2,1,15,30,6,Gasoline
46,175,1395,3,3,0,15,20,8,Hybrid
77,175,1396,4,1,0,20,25,8,Electric
73,175,1396,4,2,0,15,20,8,Electric
59,175,1396,4,3,1,20,25,6,Electric
74,175,1397,5,1,1,20,20,8,Electric
76,175,1397,5,2,0,15,25,8,Electric
78,175,1397,5,3,0,25,25,8,Electric
23,175,1398,6,1,1,20,25,8,Gasoline
27,175,1398,6,2,0,25,30,8,Gasoline
69,175,1398,6,3,0,25,25,7,Electric
75,175,1399,7,1,1,25,20,8,Electric
6,175,1399,7,2,0,25,25,6,Gasoline
16,175,1399,7,3,0,15,30,7,Gasoline
5,175,1400,8,1,1,20,25,6,Gasoline
40,175,1400,8,2,0,15,25,7,Hybrid
78,175,1400,8,3,0,25,25,8,Electric
12,176,1401,1,1,0,25,20,7,Gasoline
78,176,1401,1,2,0,25,25,8,Electric
23,176,1401,1,3,1,20,25,8,Gasoline
45,176,1402,2,1,0,25,30,7,Hybrid
24,176,1402,2,2,0,25,25,8,Gasoline
32,176,1402,2,3,1,20,25,6,Hybrid
54,176,1403,3,1,0,25,30,8,Hybrid
44,176,1403,3,2,1,20,30,7,Hybrid
3,176,1403,3,3,0,25,20,6,Gasoline
49,176,1404,4,1,1,15,25,8,Hybrid
69,176,1404,4,2,0,25,25,7,Electric
67,176,1404,4,3,0,15,25,7,Electric
76,176,1405,5,1,1,15,25,8,Electric
48,176,1405,5,2,0,25,20,8,Hybrid
54,176,1405,5,3,0,25,30,8,Hybrid
71,176,1406,6,1,0,20,30,7,Electric
25,176,1406,6,2,1,15,30,8,Gasoline
76,176,1406,6,3,0,15,25,8,Electric
46,176,1407,7,1,1,15,20,8,Hybrid
16,176,1407,7,2,0,15,30,7,Gasoline
2,176,1407,7,3,0,20,20,6,Gasoline
1,176,1408,8,1,1,15,20,6,Gasoline
69,176,1408,8,2,0,25,25,7,Electric
56,176,1408,8,3,0,20,20,6,Electric
41,177,1409,1,1,1,20,25,7,Hybrid
60,177,1409,1,2,0,25,25,6,Electric
76,177,1409,1,3,0,15,25,8,Electric
26,177,1410,2,1,1,20,30,8,Gasoline
14,177,1410,2,2,0,20,25,7,Gasoline
81,177,1410,2,3,0,25,30,8,Electric
20,177,1411,3,1,0,20,20,8,Gasoline
34,177,1411,3,2,1,15,30,6,Hybrid
26,177,1411,3,3,0,20,30,8,Gasoline
17,177,1412,4,1,0,20,30,7,Gasoline
36,177,1412,4,2,0,25,30,6,Hybrid
35,177,1412,4,3,1,20,30,6,Hybrid
32,177,1413,5,1,0,20,25,6,Hybrid
64,177,1413,5,2,1,15,20,7,Electric
60,177,1413,5,3,0,25,25,6,Electric
53,177,1414,6,1,0,20,30,8,Hybrid
44,177,1414,6,2,1,20,30,7,Hybrid
54,177,1414,6,3,0,25,30,8,Hybrid
43,177,1415,7,1,0,15,30,7,Hybrid
49,177,1415,7,2,0,15,25,8,Hybrid
4,177,1415,7,3,1,15,25,6,Gasoline
20,177,1416,8,1,0,20,20,8,Gasoline
68,177,1416,8,2,1,20,25,7,Electric
36,177,1416,8,3,0,25,30,6,Hybrid
69,178,1417,1,1,0,25,25,7,Electric
75,178,1417,1,2,0,25,20,8,Electric
4,178,1417,1,3,1,15,25,6,Gasoline
16,178,1418,2,1,1,15,30,7,Gasoline
3,178,1418,2,2,0,25,20,6,Gasoline
10,178,1418,2,3,0,15,20,7,Gasoline
5,178,1419,3,1,0,20,25,6,Gasoline
25,178,1419,3,2,1,15,30,8,Gasoline
27,178,1419,3,3,0,25,30,8,Gasoline
3,178,1420,4,1,0,25,20,6,Gasoline
38,178,1420,4,2,1,20,20,7,Hybrid
65,178,1420,4,3,0,20,20,7,Electric
17,178,1421,5,1,0,20,30,7,Gasoline
26,178,1421,5,2,1,20,30,8,Gasoline
57,178,1421,5,3,0,25,20,6,Electric
74,178,1422,6,1,0,20,20,8,Electric
31,178,1422,6,2,1,15,25,6,Hybrid
70,178,1422,6,3,0,15,30,7,Electric
72,178,1423,7,1,0,25,30,7,Electric
78,178,1423,7,2,0,25,25,8,Electric
26,178,1423,7,3,1,20,30,8,Gasoline
73,178,1424,8,1,0,15,20,8,Electric
38,178,1424,8,2,1,20,20,7,Hybrid
56,178,1424,8,3,0,20,20,6,Electric
76,179,1425,1,1,0,15,25,8,Electric
3,179,1425,1,2,0,25,20,6,Gasoline
34,179,1425,1,3,1,15,30,6,Hybrid
40,179,1426,2,1,1,15,25,7,Hybrid
72,179,1426,2,2,0,25,30,7,Electric
60,179,1426,2,3,0,25,25,6,Electric
6,179,1427,3,1,0,25,25,6,Gasoline
48,179,1427,3,2,1,25,20,8,Hybrid
77,179,1427,3,3,0,20,25,8,Electric
54,179,1428,4,1,0,25,30,8,Hybrid
41,179,1428,4,2,0,20,25,7,Hybrid
50,179,1428,4,3,1,20,25,8,Hybrid
61,179,1429,5,1,0,15,30,6,Electric
53,179,1429,5,2,1,20,30,8,Hybrid
33,179,1429,5,3,0,25,25,6,Hybrid
63,179,1430,6,1,0,25,30,6,Electric
66,179,1430,6,2,0,25,20,7,Electric
8,179,1430,6,3,1,20,30,6,Gasoline
38,179,1431,7,1,1,20,20,7,Hybrid
35,179,1431,7,2,0,20,30,6,Hybrid
14,179,1431,7,3,0,20,25,7,Gasoline
53,179,1432,8,1,1,20,30,8,Hybrid
81,179,1432,8,2,0,25,30,8,Electric
33,179,1432,8,3,0,25,25,6,Hybrid
81,180,1433,1,1,0,25,30,8,Electric
65,180,1433,1,2,1,20,20,7,Electric
27,180,1433,1,3,0,25,30,8,Gasoline
44,180,1434,2,1,1,20,30,7,Hybrid
79,180,1434,2,2,0,15,30,8,Electric
66,180,1434,2,3,0,25,20,7,Electric
20,180,1435,3,1,0,20,20,8,Gasoline
1,180,1435,3,2,0,15,20,6,Gasoline
64,180,1435,3,3,1,15,20,7,Electric
3,180,1436,4,1,0,25,20,6,Gasoline
76,180,1436,4,2,1,15,25,8,Electric
44,180,1436,4,3,0,20,30,7,Hybrid
66,180,1437,5,1,0,25,20,7,Electric
65,180,1437,5,2,1,20,20,7,Electric
74,180,1437,5,3,0,20,20,8,Electric
52,180,1438,6,1,1,15,30,8,Hybrid
54,180,1438,6,2,0,25,30,8,Hybrid
29,180,1438,6,3,0,20,20,6,Hybrid
2,180,1439,7,1,0,20,20,6,Gasoline
47,180,1439,7,2,0,20,20,8,Hybrid
14,180,1439,7,3,1,20,25,7,Gasoline
60,180,1440,8,1,0,25,25,6,Electric
73,180,1440,8,2,0,15,20,8,Electric
18,180,1440,8,3,1,25,30,7,Gasoline
51,181,1441,1,1,0,25,25,8,Hybrid
67,181,1441,1,2,0,15,25,7,Electric
32,181,1441,1,3,1,20,25,6,Hybrid
65,181,1442,2,1,1,20,20,7,Electric
51,181,1442,2,2,0,25,25,8,Hybrid
45,181,1442,2,3,0,25,30,7,Hybrid
57,181,1443,3,1,1,25,20,6,Electric
71,181,1443,3,2,0,20,30,7,Electric
81,181,1443,3,3,0,25,30,8,Electric
58,181,1444,4,1,0,15,25,6,Electric
17,181,1444,4,2,1,20,30,7,Gasoline
57,181,1444,4,3,0,25,20,6,Electric
43,181,1445,5,1,1,15,30,7,Hybrid
36,181,1445,5,2,0,25,30,6,Hybrid
17,181,1445,5,3,0,20,30,7,Gasoline
41,181,1446,6,1,1,20,25,7,Hybrid
58,181,1446,6,2,0,15,25,6,Electric
43,181,1446,6,3,0,15,30,7,Hybrid
78,181,1447,7,1,0,25,25,8,Electric
44,181,1447,7,2,0,20,30,7,Hybrid
8,181,1447,7,3,1,20,30,6,Gasoline
11,181,1448,8,1,0,20,20,7,Gasoline
51,181,1448,8,2,1,25,25,8,Hybrid
47,181,1448,8,3,0,20,20,8,Hybrid
23,182,1449,1,1,1,20,25,8,Gasoline
14,182,1449,1,2,0,20,25,7,Gasoline
12,182,1449,1,3,0,25,20,7,Gasoline
62,182,1450,2,1,0,20,30,6,Electric
4,182,1450,2,2,1,15,25,6,Gasoline
11,182,1450,2,3,0,20,20,7,Gasoline
29,182,1451,3,1,0,20,20,6,Hybrid
3,182,1451,3,2,0,25,20,6,Gasoline
59,182,1451,3,3,1,20,25,6,Electric
39,182,1452,4,1,0,25,20,7,Hybrid
3,182,1452,4,2,0,25,20,6,Gasoline
22,182,1452,4,3,1,15,25,8,Gasoline
65,182,1453,5,1,0,20,20,7,Electric
46,182,1453,5,2,1,15,20,8,Hybrid
80,182,1453,5,3,0,20,30,8,Electric
37,182,1454,6,1,0,15,20,7,Hybrid
57,182,1454,6,2,0,25,20,6,Electric
34,182,1454,6,3,1,15,30,6,Hybrid
52,182,1455,7,1,1,15,30,8,Hybrid
3,182,1455,7,2,0,25,20,6,Gasoline
80,182,1455,7,3,0,20,30,8,Electric
31,182,1456,8,1,0,15,25,6,Hybrid
28,182,1456,8,2,1,15,20,6,Hybrid
18,182,1456,8,3,0,25,30,7,Gasoline
30,183,1457,1,1,0,25,20,6,Hybrid
78,183,1457,1,2,0,25,25,8,Electric
79,183,1457,1,3,1,15,30,8,Electric
22,183,1458,2,1,1,15,25,8,Gasoline
24,183,1458,2,2,0,25,25,8,Gasoline
51,183,1458,2,3,0,25,25,8,Hybrid
14,183,1459,3,1,0,20,25,7,Gasoline
27,183,1459,3,2,0,25,30,8,Gasoline
28,183,1459,3,3,1,15,20,6,Hybrid
16,183,1460,4,1,0,15,30,7,Gasoline
31,183,1460,4,2,1,15,25,6,Hybrid
59,183,1460,4,3,0,20,25,6,Electric
18,183,1461,5,1,0,25,30,7,Gasoline
23,183,1461,5,2,1,20,25,8,Gasoline
67,183,1461,5,3,0,15,25,7,Electric
76,183,1462,6,1,0,15,25,8,Electric
8,183,1462,6,2,0,20,30,6,Gasoline
4,183,1462,6,3,1,15,25,6,Gasoline
32,183,1463,7,1,0,20,25,6,Hybrid
18,183,1463,7,2,1,25,30,7,Gasoline
41,183,1463,7,3,0,20,25,7,Hybrid
54,183,1464,8,1,1,25,30,8,Hybrid
50,183,1464,8,2,0,20,25,8,Hybrid
12,183,1464,8,3,0,25,20,7,Gasoline
42,184,1465,1,1,0,25,25,7,Hybrid
19,184,1465,1,2,1,15,20,8,Gasoline
54,184,1465,1,3,0,25,30,8,Hybrid
15,184,1466,2,1,0,25,25,7,Gasoline
44,184,1466,2,2,1,20,30,7,Hybrid
57,184,1466,2,3,0,25,20,6,Electric
74,184,1467,3,1,0,20,20,8,Electric
79,184,1467,3,2,0,15,30,8,Electric
61,184,1467,3,3,1,15,30,6,Electric
25,184,1468,4,1,1,15,30,8,Gasoline
14,184,1468,4,2,0,20,25,7,Gasoline
42,184,1468,4,3,0,25,25,7,Hybrid
6,184,1469,5,1,1,25,25,6,Gasoline
70,184,1469,5,2,0,15,30,7,Electric
27,184,1469,5,3,0,25,30,8,Gasoline
28,184,1470,6,1,1,15,20,6,Hybrid
48,184,1470,6,2,0,25,20,8,Hybrid
57,184,1470,6,3,0,25,20,6,Electric
16,184,1471,7,1,1,15,30,7,Gasoline
45,184,1471,7,2,0,25,30,7,Hybrid
2,184,1471,7,3,0,20,20,6,Gasoline
77,184,1472,8,1,1,20,25,8,Electric
38,184,1472,8,2,0,20,20,7,Hybrid
57,184,1472,8,3,0,25,20,6,Electric
69,185,1473,1,1,0,25,25,7,Electric
39,185,1473,1,2,0,25,20,7,Hybrid
4,185,1473,1,3,1,15,25,6,Gasoline
36,185,1474,2,1,0,25,30,6,Hybrid
79,185,1474,2,2,1,15,30,8,Electric
72,185,1474,2,3,0,25,30,7,Electric
69,185,1475,3,1,0,25,25,7,Electric
45,185,1475,3,2,0,25,30,7,Hybrid
41,185,1475,3,3,1,20,25,7,Hybrid
29,185,1476,4,1,1,20,20,6,Hybrid
69,185,1476,4,2,0,25,25,7,Electric
74,185,1476,4,3,0,20,20,8,Electric
26,185,1477,5,1,1,20,30,8,Gasoline
75,185,1477,5,2,0,25,20,8,Electric
77,185,1477,5,3,0,20,25,8,Electric
20,185,1478,6,1,0,20,20,8,Gasoline
14,185,1478,6,2,0,20,25,7,Gasoline
22,185,1478,6,3,1,15,25,8,Gasoline
9,185,1479,7,1,0,25,30,6,Gasoline
20,185,1479,7,2,1,20,20,8,Gasoline
6,185,1479,7,3,0,25,25,6,Gasoline
79,185,1480,8,1,0,15,30,8,Electric
73,185,1480,8,2,0,15,20,8,Electric
21,185,1480,8,3,1,25,20,8,Gasoline
5,186,1481,1,1,1,20,25,6,Gasoline
77,186,1481,1,2,0,20,25,8,Electric
72,186,1481,1,3,0,25,30,7,Electric
35,186,1482,2,1,0,20,30,6,Hybrid
2,186,1482,2,2,1,20,20,6,Gasoline
61,186,1482,2,3,0,15,30,6,Electric
73,186,1483,3,1,1,15,20,8,Electric
69,186,1483,3,2,0,25,25,7,Electric
66,186,1483,3,3,0,25,20,7,Electric
40,186,1484,4,1,0,15,25,7,Hybrid
7,186,1484,4,2,1,15,30,6,Gasoline
48,186,1484,4,3,0,25,20,8,Hybrid
79,186,1485,5,1,0,15,30,8,Electric
65,186,1485,5,2,0,20,20,7,Electric
47,186,1485,5,3,1,20,20,8,Hybrid
48,186,1486,6,1,0,25,20,8,Hybrid
52,186,1486,6,2,1,15,30,8,Hybrid
28,186,1486,6,3,0,15,20,6,Hybrid
46,186,1487,7,1,0,15,20,8,Hybrid
18,186,1487,7,2,1,25,30,7,Gasoline
24,186,1487,7,3,0,25,25,8,Gasoline
7,186,1488,8,1,1,15,30,6,Gasoline
64,186,1488,8,2,0,15,20,7,Electric
44,186,1488,8,3,0,20,30,7,Hybrid
32,187,1489,1,1,0,20,25,6,Hybrid
20,187,1489,1,2,1,20,20,8,Gasoline
68,187,1489,1,3,0,20,25,7,Electric
38,187,1490,2,1,0,20,20,7,Hybrid
36,187,1490,2,2,0,25,30,6,Hybrid
40,187,1490,2,3,1,15,25,7,Hybrid
72,187,1491,3,1,0,25,30,7,Electric
55,187,1491,3,2,0,15,20,6,Electric
41,187,1491,3,3,1,20,25,7,Hybrid
74,187,1492,4,1,0,20,20,8,Electric
61,187,1492,4,2,1,15,30,6,Electric
10,187,1492,4,3,0,15,20,7,Gasoline
17,187,1493,5,1,0,20,30,7,Gasoline
31,187,1493,5,2,1,15,25,6,Hybrid
28,187,1493,5,3,0,15,20,6,Hybrid
38,187,1494,6,1,0,20,20,7,Hybrid
28,187,1494,6,2,1,15,20,6,Hybrid
2,187,1494,6,3,0,20,20,6,Gasoline
70,187,1495,7,1,1,15,30,7,Electric
75,187,1495,7,2,0,25,20,8,Electric
45,187,1495,7,3,0,25,30,7,Hybrid
10,187,1496,8,1,0,15,20,7,Gasoline
73,187,1496,8,2,0,15,20,8,Electric
17,187,1496,8,3,1,20,30,7,Gasoline
32,188,1497,1,1,1,20,25,6,Hybrid
64,188,1497,1,2,0,15,20,7,Electric
20,188,1497,1,3,0,20,20,8,Gasoline
43,188,1498,2,1,1,15,30,7,Hybrid
80,188,1498,2,2,0,20,30,8,Electric
12,188,1498,2,3,0,25,20,7,Gasoline
15,188,1499,3,1,0,25,25,7,Gasoline
42,188,1499,3,2,0,25,25,7,Hybrid
5,188,1499,3,3,1,20,25,6,Gasoline
47,188,1500,4,1,1,20,20,8,Hybrid
41,188,1500,4,2,0,20,25,7,Hybrid
42,188,1500,4,3,0,25,25,7,Hybrid
71,188,1501,5,1,0,20,30,7,Electric
40,188,1501,5,2,1,15,25,7,Hybrid
14,188,1501,5,3,0,20,25,7,Gasoline
33,188,1502,6,1,0,25,25,6,Hybrid
27,188,1502,6,2,1,25,30,8,Gasoline
66,188,1502,6,3,0,25,20,7,Electric
55,188,1503,7,1,0,15,20,6,Electric
13,188,1503,7,2,1,15,25,7,Gasoline
18,188,1503,7,3,0,25,30,7,Gasoline
8,188,1504,8,1,0,20,30,6,Gasoline
22,188,1504,8,2,0,15,25,8,Gasoline
47,188,1504,8,3,1,20,20,8,Hybrid
22,189,1505,1,1,0,15,25,8,Gasoline
64,189,1505,1,2,1,15,20,7,Electric
42,189,1505,1,3,0,25,25,7,Hybrid
69,189,1506,2,1,0,25,25,7,Electric
4,189,1506,2,2,1,15,25,6,Gasoline
42,189,1506,2,3,0,25,25,7,Hybrid
80,189,1507,3,1,0,20,30,8,Electric
21,189,1507,3,2,0,25,20,8,Gasoline
79,189,1507,3,3,1,15,30,8,Electric
39,189,1508,4,1,0,25,20,7,Hybrid
38,189,1508,4,2,0,20,20,7,Hybrid
54,189,1508,4,3,1,25,30,8,Hybrid
63,189,1509,5,1,0,25,30,6,Electric
26,189,1509,5,2,1,20,30,8,Gasoline
51,189,1509,5,3,0,25,25,8,Hybrid
62,189,1510,6,1,0,20,30,6,Electric
76,189,1510,6,2,0,15,25,8,Electric
5,189,1510,6,3,1,20,25,6,Gasoline
79,189,1511,7,1,0,15,30,8,Electric
53,189,1511,7,2,0,20,30,8,Hybrid
38,189,1511,7,3,1,20,20,7,Hybrid
52,189,1512,8,1,0,15,30,8,Hybrid
58,189,1512,8,2,1,15,25,6,Electric
40,189,1512,8,3,0,15,25,7,Hybrid
42,190,1513,1,1,0,25,25,7,Hybrid
81,190,1513,1,2,0,25,30,8,Electric
49,190,1513,1,3,1,15,25,8,Hybrid
47,190,1514,2,1,0,20,20,8,Hybrid
38,190,1514,2,2,0,20,20,7,Hybrid
16,190,1514,2,3,1,15,30,7,Gasoline
36,190,1515,3,1,1,25,30,6,Hybrid
46,190,1515,3,2,0,15,20,8,Hybrid
73,190,1515,3,3,0,15,20,8,Electric
13,190,1516,4,1,0,15,25,7,Gasoline
49,190,1516,4,2,0,15,25,8,Hybrid
38,190,1516,4,3,1,20,20,7,Hybrid
80,190,1517,5,1,0,20,30,8,Electric
15,190,1517,5,2,0,25,25,7,Gasoline
40,190,1517,5,3,1,15,25,7,Hybrid
25,190,1518,6,1,1,15,30,8,Gasoline
70,190,1518,6,2,0,15,30,7,Electric
17,190,1518,6,3,0,20,30,7,Gasoline
1,190,1519,7,1,1,15,20,6,Gasoline
68,190,1519,7,2,0,20,25,7,Electric
37,190,1519,7,3,0,15,20,7,Hybrid
19,190,1520,8,1,0,15,20,8,Gasoline
39,190,1520,8,2,0,25,20,7,Hybrid
60,190,1520,8,3,1,25,25,6,Electric
41,191,1521,1,1,1,20,25,7,Hybrid
57,191,1521,1,2,0,25,20,6,Electric
60,191,1521,1,3,0,25,25,6,Electric
55,191,1522,2,1,1,15,20,6,Electric
69,191,1522,2,2,0,25,25,7,Electric
24,191,1522,2,3,0,25,25,8,Gasoline
38,191,1523,3,1,0,20,20,7,Hybrid
29,191,1523,3,2,1,20,20,6,Hybrid
4,191,1523,3,3,0,15,25,6,Gasoline
70,191,1524,4,1,1,15,30,7,Electric
58,191,1524,4,2,0,15,25,6,Electric
23,191,1524,4,3,0,20,25,8,Gasoline
36,191,1525,5,1,0,25,30,6,Hybrid
38,191,1525,5,2,0,20,20,7,Hybrid
20,191,1525,5,3,1,20,20,8,Gasoline
73,191,1526,6,1,0,15,20,8,Electric
39,191,1526,6,2,0,25,20,7,Hybrid
1,191,1526,6,3,1,15,20,6,Gasoline
60,191,1527,7,1,0,25,25,6,Electric
70,191,1527,7,2,1,15,30,7,Electric
57,191,1527,7,3,0,25,20,6,Electric
81,191,1528,8,1,0,25,30,8,Electric
51,191,1528,8,2,0,25,25,8,Hybrid
29,191,1528,8,3,1,20,20,6,Hybrid
20,192,1529,1,1,1,20,20,8,Gasoline
57,192,1529,1,2,0,25,20,6,Electric
64,192,1529,1,3,0,15,20,7,Electric
2,192,1530,2,1,1,20,20,6,Gasoline
78,192,1530,2,2,0,25,25,8,Electric
80,192,1530,2,3,0,20,30,8,Electric
44,192,1531,3,1,0,20,30,7,Hybrid
62,192,1531,3,2,1,20,30,6,Electric
74,192,1531,3,3,0,20,20,8,Electric
75,192,1532,4,1,1,25,20,8,Electric
71,192,1532,4,2,0,20,30,7,Electric
3,192,1532,4,3,0,25,20,6,Gasoline
44,192,1533,5,1,1,20,30,7,Hybrid
57,192,1533,5,2,0,25,20,6,Electric
15,192,1533,5,3,0,25,25,7,Gasoline
53,192,1534,6,1,1,20,30,8,Hybrid
18,192,1534,6,2,0,25,30,7,Gasoline
77,192,1534,6,3,0,20,25,8,Electric
23,192,1535,7,1,1,20,25,8,Gasoline
44,192,1535,7,2,0,20,30,7,Hybrid
51,192,1535,7,3,0,25,25,8,Hybrid
39,192,1536,8,1,0,25,20,7,Hybrid
8,192,1536,8,2,1,20,30,6,Gasoline
57,192,1536,8,3,0,25,20,6,Electric
71,193,1537,1,1,1,20,30,7,Electric
37,193,1537,1,2,0,15,20,7,Hybrid
15,193,1537,1,3,0,25,25,7,Gasoline
36,193,1538,2,1,1,25,30,6,Hybrid
22,193,1538,2,2,0,15,25,8,Gasoline
58,193,1538,2,3,0,15,25,6,Electric
46,193,1539,3,1,1,15,20,8,Hybrid
50,193,1539,3,2,0,20,25,8,Hybrid
77,193,1539,3,3,0,20,25,8,Electric
8,193,1540,4,1,1,20,30,6,Gasoline
18,193,1540,4,2,0,25,30,7,Gasoline
75,193,1540,4,3,0,25,20,8,Electric
27,193,1541,5,1,1,25,30,8,Gasoline
10,193,1541,5,2,0,15,20,7,Gasoline
76,193,1541,5,3,0,15,25,8,Electric
53,193,1542,6,1,1,20,30,8,Hybrid
63,193,1542,6,2,0,25,30,6,Electric
49,193,1542,6,3,0,15,25,8,Hybrid
81,193,1543,7,1,0,25,30,8,Electric
42,193,1543,7,2,1,25,25,7,Hybrid
54,193,1543,7,3,0,25,30,8,Hybrid
44,193,1544,8,1,0,20,30,7,Hybrid
49,193,1544,8,2,1,15,25,8,Hybrid
58,193,1544,8,3,0,15,25,6,Electric
41,194,1545,1,1,1,20,25,7,Hybrid
29,194,1545,1,2,0,20,20,6,Hybrid
39,194,1545,1,3,0,25,20,7,Hybrid
16,194,1546,2,1,1,15,30,7,Gasoline
2,194,1546,2,2,0,20,20,6,Gasoline
64,194,1546,2,3,0,15,20,7,Electric
37,194,1547,3,1,1,15,20,7,Hybrid
9,194,1547,3,2,0,25,30,6,Gasoline
1,194,1547,3,3,0,15,20,6,Gasoline
42,194,1548,4,1,0,25,25,7,Hybrid
55,194,1548,4,2,0,15,20,6,Electric
4,194,1548,4,3,1,15,25,6,Gasoline
27,194,1549,5,1,0,25,30,8,Gasoline
40,194,1549,5,2,0,15,25,7,Hybrid
22,194,1549,5,3,1,15,25,8,Gasoline
64,194,1550,6,1,0,15,20,7,Electric
50,194,1550,6,2,1,20,25,8,Hybrid
12,194,1550,6,3,0,25,20,7,Gasoline
6,194,1551,7,1,0,25,25,6,Gasoline
41,194,1551,7,2,1,20,25,7,Hybrid
64,194,1551,7,3,0,15,20,7,Electric
70,194,1552,8,1,0,15,30,7,Electric
32,194,1552,8,2,1,20,25,6,Hybrid
9,194,1552,8,3,0,25,30,6,Gasoline
50,195,1553,1,1,0,20,25,8,Hybrid
25,195,1553,1,2,1,15,30,8,Gasoline
18,195,1553,1,3,0,25,30,7,Gasoline
46,195,1554,2,1,1,15,20,8,Hybrid
13,195,1554,2,2,0,15,25,7,Gasoline
38,195,1554,2,3,0,20,20,7,Hybrid
60,195,1555,3,1,0,25,25,6,Electric
68,195,1555,3,2,0,20,25,7,Electric
75,195,1555,3,3,1,25,20,8,Electric
23,195,1556,4,1,1,20,25,8,Gasoline
68,195,1556,4,2,0,20,25,7,Electric
7,195,1556,4,3,0,15,30,6,Gasoline
4,195,1557,5,1,1,15,25,6,Gasoline
12,195,1557,5,2,0,25,20,7,Gasoline
39,195,1557,5,3,0,25,20,7,Hybrid
80,195,1558,6,1,0,20,30,8,Electric
11,195,1558,6,2,1,20,20,7,Gasoline
69,195,1558,6,3,0,25,25,7,Electric
4,195,1559,7,1,1,15,25,6,Gasoline
80,195,1559,7,2,0,20,30,8,Electric
16,195,1559,7,3,0,15,30,7,Gasoline
4,195,1560,8,1,0,15,25,6,Gasoline
64,195,1560,8,2,0,15,20,7,Electric
34,195,1560,8,3,1,15,30,6,Hybrid
37,196,1561,1,1,1,15,20,7,Hybrid
35,196,1561,1,2,0,20,30,6,Hybrid
48,196,1561,1,3,0,25,20,8,Hybrid
34,196,1562,2,1,0,15,30,6,Hybrid
52,196,1562,2,2,1,15,30,8,Hybrid
73,196,1562,2,3,0,15,20,8,Electric
46,196,1563,3,1,1,15,20,8,Hybrid
69,196,1563,3,2,0,25,25,7,Electric
5,196,1563,3,3,0,20,25,6,Gasoline
55,196,1564,4,1,0,15,20,6,Electric
40,196,1564,4,2,1,15,25,7,Hybrid
67,196,1564,4,3,0,15,25,7,Electric
56,196,1565,5,1,0,20,20,6,Electric
15,196,1565,5,2,0,25,25,7,Gasoline
64,196,1565,5,3,1,15,20,7,Electric
63,196,1566,6,1,0,25,30,6,Electric
78,196,1566,6,2,0,25,25,8,Electric
76,196,1566,6,3,1,15,25,8,Electric
49,196,1567,7,1,0,15,25,8,Hybrid
33,196,1567,7,2,1,25,25,6,Hybrid
42,196,1567,7,3,0,25,25,7,Hybrid
23,196,1568,8,1,0,20,25,8,Gasoline
38,196,1568,8,2,1,20,20,7,Hybrid
6,196,1568,8,3,0,25,25,6,Gasoline
38,197,1569,1,1,0,20,20,7,Hybrid
51,197,1569,1,2,1,25,25,8,Hybrid
58,197,1569,1,3,0,15,25,6,Electric
17,197,1570,2,1,1,20,30,7,Gasoline
76,197,1570,2,2,0,15,25,8,Electric
55,197,1570,2,3,0,15,20,6,Electric
47,197,1571,3,1,0,20,20,8,Hybrid
25,197,1571,3,2,1,15,30,8,Gasoline
16,197,1571,3,3,0,15,30,7,Gasoline
58,197,1572,4,1,1,15,25,6,Electric
70,197,1572,4,2,0,15,30,7,Electric
61,197,1572,4,3,0,15,30,6,Electric
35,197,1573,5,1,1,20,30,6,Hybrid
23,197,1573,5,2,0,20,25,8,Gasoline
42,197,1573,5,3,0,25,25,7,Hybrid
6,197,1574,6,1,0,25,25,6,Gasoline
64,197,1574,6,2,0,15,20,7,Electric
9,197,1574,6,3,1,25,30,6,Gasoline
22,197,1575,7,1,1,15,25,8,Gasoline
67,197,1575,7,2,0,15,25,7,Electric
49,197,1575,7,3,0,15,25,8,Hybrid
71,197,1576,8,1,0,20,30,7,Electric
22,197,1576,8,2,1,15,25,8,Gasoline
5,197,1576,8,3,0,20,25,6,Gasoline
7,198,1577,1,1,1,15,30,6,Gasoline
67,198,1577,1,2,0,15,25,7,Electric
34,198,1577,1,3,0,15,30,6,Hybrid
51,198,1578,2,1,0,25,25,8,Hybrid
67,198,1578,2,2,1,15,25,7,Electric
3,198,1578,2,3,0,25,20,6,Gasoline
38,198,1579,3,1,0,20,20,7,Hybrid
16,198,1579,3,2,1,15,30,7,Gasoline
68,198,1579,3,3,0,20,25,7,Electric
27,198,1580,4,1,0,25,30,8,Gasoline
2,198,1580,4,2,1,20,20,6,Gasoline
68,198,1580,4,3,0,20,25,7,Electric
57,198,1581,5,1,0,25,20,6,Electric
19,198,1581,5,2,0,15,20,8,Gasoline
38,198,1581,5,3,1,20,20,7,Hybrid
74,198,1582,6,1,0,20,20,8,Electric
11,198,1582,6,2,0,20,20,7,Gasoline
53,198,1582,6,3,1,20,30,8,Hybrid
56,198,1583,7,1,0,20,20,6,Electric
49,198,1583,7,2,1,15,25,8,Hybrid
53,198,1583,7,3,0,20,30,8,Hybrid
3,198,1584,8,1,0,25,20,6,Gasoline
15,198,1584,8,2,0,25,25,7,Gasoline
40,198,1584,8,3,1,15,25,7,Hybrid
3,199,1585,1,1,0,25,20,6,Gasoline
56,199,1585,1,2,1,20,20,6,Electric
42,199,1585,1,3,0,25,25,7,Hybrid
77,199,1586,2,1,0,20,25,8,Electric
29,199,1586,2,2,0,20,20,6,Hybrid
13,199,1586,2,3,1,15,25,7,Gasoline
59,199,1587,3,1,0,20,25,6,Electric
26,199,1587,3,2,0,20,30,8,Gasoline
35,199,1587,3,3,1,20,30,6,Hybrid
34,199,1588,4,1,1,15,30,6,Hybrid
3,199,1588,4,2,0,25,20,6,Gasoline
17,199,1588,4,3,0,20,30,7,Gasoline
37,199,1589,5,1,1,15,20,7,Hybrid
12,199,1589,5,2,0,25,20,7,Gasoline
30,199,1589,5,3,0,25,20,6,Hybrid
74,199,1590,6,1,1,20,20,8,Electric
59,199,1590,6,2,0,20,25,6,Electric
45,199,1590,6,3,0,25,30,7,Hybrid
34,199,1591,7,1,1,15,30,6,Hybrid
66,199,1591,7,2,0,25,20,7,Electric
2,199,1591,7,3,0,20,20,6,Gasoline
23,199,1592,8,1,1,20,25,8,Gasoline
9,199,1592,8,2,0,25,30,6,Gasoline
56,199,1592,8,3,0,20,20,6,Electric
35,200,1593,1,1,0,20,30,6,Hybrid
1,200,1593,1,2,1,15,20,6,Gasoline
21,200,1593,1,3,0,25,20,8,Gasoline
36,200,1594,2,1,0,25,30,6,Hybrid
6,200,1594,2,2,0,25,25,6,Gasoline
26,200,1594,2,3,1,20,30,8,Gasoline
44,200,1595,3,1,1,20,30,7,Hybrid
21,200,1595,3,2,0,25,20,8,Gasoline
19,200,1595,3,3,0,15,20,8,Gasoline
72,200,1596,4,1,0,25,30,7,Electric
14,200,1596,4,2,0,20,25,7,Gasoline
24,200,1596,4,3,1,25,25,8,Gasoline
41,200,1597,5,1,1,20,25,7,Hybrid
68,200,1597,5,2,0,20,25,7,Electric
7,200,1597,5,3,0,15,30,6,Gasoline
28,200,1598,6,1,1,15,20,6,Hybrid
59,200,1598,6,2,0,20,25,6,Electric
64,200,1598,6,3,0,15,20,7,Electric
72,200,1599,7,1,0,25,30,7,Electric
49,200,1599,7,2,1,15,25,8,Hybrid
66,200,1599,7,3,0,25,20,7,Electric
55,200,1600,8,1,1,15,20,6,Electric
74,200,1600,8,2,0,20,20,8,Electric
58,200,1600,8,3,0,15,25,6,Electric
35,201,1601,1,1,0,20,30,6,Hybrid
29,201,1601,1,2,1,20,20,6,Hybrid
73,201,1601,1,3,0,15,20,8,Electric
75,201,1602,2,1,0,25,20,8,Electric
30,201,1602,2,2,1,25,20,6,Hybrid
59,201,1602,2,3,0,20,25,6,Electric
21,201,1603,3,1,0,25,20,8,Gasoline
20,201,1603,3,2,1,20,20,8,Gasoline
6,201,1603,3,3,0,25,25,6,Gasoline
7,201,1604,4,1,0,15,30,6,Gasoline
67,201,1604,4,2,0,15,25,7,Electric
37,201,1604,4,3,1,15,20,7,Hybrid
64,201,1605,5,1,0,15,20,7,Electric
36,201,1605,5,2,1,25,30,6,Hybrid
17,201,1605,5,3,0,20,30,7,Gasoline
56,201,1606,6,1,0,20,20,6,Electric
41,201,1606,6,2,1,20,25,7,Hybrid
72,201,1606,6,3,0,25,30,7,Electric
56,201,1607,7,1,0,20,20,6,Electric
71,201,1607,7,2,0,20,30,7,Electric
9,201,1607,7,3,1,25,30,6,Gasoline
1,201,1608,8,1,0,15,20,6,Gasoline
36,201,1608,8,2,1,25,30,6,Hybrid
14,201,1608,8,3,0,20,25,7,Gasoline
72,202,1609,1,1,0,25,30,7,Electric
77,202,1609,1,2,0,20,25,8,Electric
58,202,1609,1,3,1,15,25,6,Electric
20,202,1610,2,1,0,20,20,8,Gasoline
17,202,1610,2,2,0,20,30,7,Gasoline
19,202,1610,2,3,1,15,20,8,Gasoline
6,202,1611,3,1,0,25,25,6,Gasoline
44,202,1611,3,2,1,20,30,7,Hybrid
9,202,1611,3,3,0,25,30,6,Gasoline
47,202,1612,4,1,0,20,20,8,Hybrid
74,202,1612,4,2,1,20,20,8,Electric
60,202,1612,4,3,0,25,25,6,Electric
1,202,1613,5,1,1,15,20,6,Gasoline
50,202,1613,5,2,0,20,25,8,Hybrid
22,202,1613,5,3,0,15,25,8,Gasoline
7,202,1614,6,1,1,15,30,6,Gasoline
9,202,1614,6,2,0,25,30,6,Gasoline
79,202,1614,6,3,0,15,30,8,Electric
27,202,1615,7,1,0,25,30,8,Gasoline
46,202,1615,7,2,1,15,20,8,Hybrid
72,202,1615,7,3,0,25,30,7,Electric
43,202,1616,8,1,1,15,30,7,Hybrid
51,202,1616,8,2,0,25,25,8,Hybrid
28,202,1616,8,3,0,15,20,6,Hybrid
56,203,1617,1,1,1,20,20,6,Electric
74,203,1617,1,2,0,20,20,8,Electric
77,203,1617,1,3,0,20,25,8,Electric
79,203,1618,2,1,0,15,30,8,Electric
17,203,1618,2,2,0,20,30,7,Gasoline
31,203,1618,2,3,1,15,25,6,Hybrid
49,203,1619,3,1,1,15,25,8,Hybrid
62,203,1619,3,2,0,20,30,6,Electric
8,203,1619,3,3,0,20,30,6,Gasoline
73,203,1620,4,1,1,15,20,8,Electric
63,203,1620,4,2,0,25,30,6,Electric
56,203,1620,4,3,0,20,20,6,Electric
21,203,1621,5,1,0,25,20,8,Gasoline
71,203,1621,5,2,0,20,30,7,Electric
29,203,1621,5,3,1,20,20,6,Hybrid
64,203,1622,6,1,1,15,20,7,Electric
4,203,1622,6,2,0,15,25,6,Gasoline
66,203,1622,6,3,0,25,20,7,Electric
67,203,1623,7,1,1,15,25,7,Electric
11,203,1623,7,2,0,20,20,7,Gasoline
52,203,1623,7,3,0,15,30,8,Hybrid
9,203,1624,8,1,1,25,30,6,Gasoline
55,203,1624,8,2,0,15,20,6,Electric
12,203,1624,8,3,0,25,20,7,Gasoline
12,204,1625,1,1,0,25,20,7,Gasoline
4,204,1625,1,2,1,15,25,6,Gasoline
27,204,1625,1,3,0,25,30,8,Gasoline
6,204,1626,2,1,0,25,25,6,Gasoline
74,204,1626,2,2,1,20,20,8,Electric
55,204,1626,2,3,0,15,20,6,Electric
51,204,1627,3,1,0,25,25,8,Hybrid
26,204,1627,3,2,1,20,30,8,Gasoline
63,204,1627,3,3,0,25,30,6,Electric
49,204,1628,4,1,0,15,25,8,Hybrid
70,204,1628,4,2,1,15,30,7,Electric
3,204,1628,4,3,0,25,20,6,Gasoline
57,204,1629,5,1,0,25,20,6,Electric
41,204,1629,5,2,0,20,25,7,Hybrid
81,204,1629,5,3,1,25,30,8,Electric
74,204,1630,6,1,1,20,20,8,Electric
62,204,1630,6,2,0,20,30,6,Electric
69,204,1630,6,3,0,25,25,7,Electric
25,204,1631,7,1,0,15,30,8,Gasoline
28,204,1631,7,2,1,15,20,6,Hybrid
44,204,1631,7,3,0,20,30,7,Hybrid
11,204,1632,8,1,0,20,20,7,Gasoline
8,204,1632,8,2,1,20,30,6,Gasoline
60,204,1632,8,3,0,25,25,6,Electric
19,205,1633,1,1,1,15,20,8,Gasoline
9,205,1633,1,2,0,25,30,6,Gasoline
81,205,1633,1,3,0,25,30,8,Electric
6,205,1634,2,1,0,25,25,6,Gasoline
57,205,1634,2,2,0,25,20,6,Electric
52,205,1634,2,3,1,15,30,8,Hybrid
48,205,1635,3,1,1,25,20,8,Hybrid
30,205,1635,3,2,0,25,20,6,Hybrid
56,205,1635,3,3,0,20,20,6,Electric
21,205,1636,4,1,0,25,20,8,Gasoline
40,205,1636,4,2,1,15,25,7,Hybrid
18,205,1636,4,3,0,25,30,7,Gasoline
47,205,1637,5,1,0,20,20,8,Hybrid
1,205,1637,5,2,1,15,20,6,Gasoline
61,205,1637,5,3,0,15,30,6,Electric
62,205,1638,6,1,0,20,30,6,Electric
55,205,1638,6,2,1,15,20,6,Electric
81,205,1638,6,3,0,25,30,8,Electric
58,205,1639,7,1,0,15,25,6,Electric
70,205,1639,7,2,1,15,30,7,Electric
18,205,1639,7,3,0,25,30,7,Gasoline
69,205,1640,8,1,0,25,25,7,Electric
11,205,1640,8,2,1,20,20,7,Gasoline
23,205,1640,8,3,0,20,25,8,Gasoline
78,206,1641,1,1,0,25,25,8,Electric
22,206,1641,1,2,1,15,25,8,Gasoline
8,206,1641,1,3,0,20,30,6,Gasoline
20,206,1642,2,1,0,20,20,8,Gasoline
58,206,1642,2,2,1,15,25,6,Electric
50,206,1642,2,3,0,20,25,8,Hybrid
74,206,1643,3,1,0,20,20,8,Electric
13,206,1643,3,2,0,15,25,7,Gasoline
22,206,1643,3,3,1,15,25,8,Gasoline
41,206,1644,4,1,0,20,25,7,Hybrid
62,206,1644,4,2,1,20,30,6,Electric
68,206,1644,4,3,0,20,25,7,Electric
78,206,1645,5,1,1,25,25,8,Electric
75,206,1645,5,2,0,25,20,8,Electric
81,206,1645,5,3,0,25,30,8,Electric
29,206,1646,6,1,0,20,20,6,Hybrid
4,206,1646,6,2,0,15,25,6,Gasoline
51,206,1646,6,3,1,25,25,8,Hybrid
40,206,1647,7,1,0,15,25,7,Hybrid
79,206,1647,7,2,1,15,30,8,Electric
80,206,1647,7,3,0,20,30,8,Electric
50,206,1648,8,1,0,20,25,8,Hybrid
7,206,1648,8,2,1,15,30,6,Gasoline
43,206,1648,8,3,0,15,30,7,Hybrid
67,207,1649,1,1,0,15,25,7,Electric
6,207,1649,1,2,0,25,25,6,Gasoline
47,207,1649,1,3,1,20,20,8,Hybrid
11,207,1650,2,1,1,20,20,7,Gasoline
42,207,1650,2,2,0,25,25,7,Hybrid
73,207,1650,2,3,0,15,20,8,Electric
80,207,1651,3,1,0,20,30,8,Electric
36,207,1651,3,2,1,25,30,6,Hybrid
69,207,1651,3,3,0,25,25,7,Electric
62,207,1652,4,1,0,20,30,6,Electric
34,207,1652,4,2,1,15,30,6,Hybrid
9,207,1652,4,3,0,25,30,6,Gasoline
43,207,1653,5,1,1,15,30,7,Hybrid
37,207,1653,5,2,0,15,20,7,Hybrid
30,207,1653,5,3,0,25,20,6,Hybrid
8,207,1654,6,1,0,20,30,6,Gasoline
52,207,1654,6,2,1,15,30,8,Hybrid
78,207,1654,6,3,0,25,25,8,Electric
63,207,1655,7,1,0,25,30,6,Electric
17,207,1655,7,2,1,20,30,7,Gasoline
59,207,1655,7,3,0,20,25,6,Electric
51,207,1656,8,1,0,25,25,8,Hybrid
1,207,1656,8,2,0,15,20,6,Gasoline
71,207,1656,8,3,1,20,30,7,Electric
26,208,1657,1,1,0,20,30,8,Gasoline
28,208,1657,1,2,1,15,20,6,Hybrid
14,208,1657,1,3,0,20,25,7,Gasoline
40,208,1658,2,1,0,15,25,7,Hybrid
8,208,1658,2,2,1,20,30,6,Gasoline
29,208,1658,2,3,0,20,20,6,Hybrid
55,208,1659,3,1,0,15,20,6,Electric
51,208,1659,3,2,0,25,25,8,Hybrid
37,208,1659,3,3,1,15,20,7,Hybrid
39,208,1660,4,1,1,25,20,7,Hybrid
72,208,1660,4,2,0,25,30,7,Electric
42,208,1660,4,3,0,25,25,7,Hybrid
41,208,1661,5,1,0,20,25,7,Hybrid
25,208,1661,5,2,1,15,30,8,Gasoline
70,208,1661,5,3,0,15,30,7,Electric
2,208,1662,6,1,1,20,20,6,Gasoline
69,208,1662,6,2,0,25,25,7,Electric
62,208,1662,6,3,0,20,30,6,Electric
23,208,1663,7,1,0,20,25,8,Gasoline
68,208,1663,7,2,0,20,25,7,Electric
33,208,1663,7,3,1,25,25,6,Hybrid
61,208,1664,8,1,0,15,30,6,Electric
78,208,1664,8,2,0,25,25,8,Electric
7,208,1664,8,3,1,15,30,6,Gasoline
53,209,1665,1,1,0,20,30,8,Hybrid
73,209,1665,1,2,0,15,20,8,Electric
67,209,1665,1,3,1,15,25,7,Electric
25,209,1666,2,1,0,15,30,8,Gasoline
68,209,1666,2,2,0,20,25,7,Electric
37,209,1666,2,3,1,15,20,7,Hybrid
39,209,1667,3,1,0,25,20,7,Hybrid
20,209,1667,3,2,0,20,20,8,Gasoline
9,209,1667,3,3,1,25,30,6,Gasoline
64,209,1668,4,1,1,15,20,7,Electric
52,209,1668,4,2,0,15,30,8,Hybrid
72,209,1668,4,3,0,25,30,7,Electric
19,209,1669,5,1,1,15,20,8,Gasoline
72,209,1669,5,2,0,25,30,7,Electric
40,209,1669,5,3,0,15,25,7,Hybrid
22,209,1670,6,1,1,15,25,8,Gasoline
3,209,1670,6,2,0,25,20,6,Gasoline
13,209,1670,6,3,0,15,25,7,Gasoline
24,209,1671,7,1,0,25,25,8,Gasoline
22,209,1671,7,2,1,15,25,8,Gasoline
1,209,1671,7,3,0,15,20,6,Gasoline
12,209,1672,8,1,0,25,20,7,Gasoline
79,209,1672,8,2,1,15,30,8,Electric
45,209,1672,8,3,0,25,30,7,Hybrid
16,210,1673,1,1,1,15,30,7,Gasoline
39,210,1673,1,2,0,25,20,7,Hybrid
12,210,1673,1,3,0,25,20,7,Gasoline
79,210,1674,2,1,0,15,30,8,Electric
81,210,1674,2,2,0,25,30,8,Electric
31,210,1674,2,3,1,15,25,6,Hybrid
37,210,1675,3,1,1,15,20,7,Hybrid
38,210,1675,3,2,0,20,20,7,Hybrid
23,210,1675,3,3,0,20,25,8,Gasoline
67,210,1676,4,1,0,15,25,7,Electric
40,210,1676,4,2,1,15,25,7,Hybrid
66,210,1676,4,3,0,25,20,7,Electric
64,210,1677,5,1,1,15,20,7,Electric
6,210,1677,5,2,0,25,25,6,Gasoline
54,210,1677,5,3,0,25,30,8,Hybrid
10,210,1678,6,1,1,15,20,7,Gasoline
44,210,1678,6,2,0,20,30,7,Hybrid
54,210,1678,6,3,0,25,30,8,Hybrid
6,210,1679,7,1,0,25,25,6,Gasoline
45,210,1679,7,2,1,25,30,7,Hybrid
80,210,1679,7,3,0,20,30,8,Electric
37,210,1680,8,1,0,15,20,7,Hybrid
72,210,1680,8,2,0,25,30,7,Electric
7,210,1680,8,3,1,15,30,6,Gasoline
40,211,1681,1,1,0,15,25,7,Hybrid
81,211,1681,1,2,1,25,30,8,Electric
28,211,1681,1,3,0,15,20,6,Hybrid
69,211,1682,2,1,0,25,25,7,Electric
27,211,1682,2,2,0,25,30,8,Gasoline
29,211,1682,2,3,1,20,20,6,Hybrid
77,211,1683,3,1,0,20,25,8,Electric
79,211,1683,3,2,1,15,30,8,Electric
27,211,1683,3,3,0,25,30,8,Gasoline
70,211,1684,4,1,0,15,30,7,Electric
62,211,1684,4,2,0,20,30,6,Electric
5,211,1684,4,3,1,20,25,6,Gasoline
3,211,1685,5,1,0,25,20,6,Gasoline
66,211,1685,5,2,0,25,20,7,Electric
40,211,1685,5,3,1,15,25,7,Hybrid
52,211,1686,6,1,0,15,30,8,Hybrid
15,211,1686,6,2,0,25,25,7,Gasoline
35,211,1686,6,3,1,20,30,6,Hybrid
46,211,1687,7,1,1,15,20,8,Hybrid
3,211,1687,7,2,0,25,20,6,Gasoline
79,211,1687,7,3,0,15,30,8,Electric
23,211,1688,8,1,0,20,25,8,Gasoline
39,211,1688,8,2,0,25,20,7,Hybrid
55,211,1688,8,3,1,15,20,6,Electric
53,212,1689,1,1,1,20,30,8,Hybrid
11,212,1689,1,2,0,20,20,7,Gasoline
5,212,1689,1,3,0,20,25,6,Gasoline
31,212,1690,2,1,0,15,25,6,Hybrid
29,212,1690,2,2,0,20,20,6,Hybrid
1,212,1690,2,3,1,15,20,6,Gasoline
51,212,1691,3,1,0,25,25,8,Hybrid
60,212,1691,3,2,1,25,25,6,Electric
72,212,1691,3,3,0,25,30,7,Electric
10,212,1692,4,1,1,15,20,7,Gasoline
15,212,1692,4,2,0,25,25,7,Gasoline
20,212,1692,4,3,0,20,20,8,Gasoline
59,212,1693,5,1,1,20,25,6,Electric
35,212,1693,5,2,0,20,30,6,Hybrid
12,212,1693,5,3,0,25,20,7,Gasoline
48,212,1694,6,1,0,25,20,8,Hybrid
37,212,1694,6,2,1,15,20,7,Hybrid
64,212,1694,6,3,0,15,20,7,Electric
73,212,1695,7,1,0,15,20,8,Electric
67,212,1695,7,2,0,15,25,7,Electric
20,212,1695,7,3,1,20,20,8,Gasoline
11,212,1696,8,1,1,20,20,7,Gasoline
41,212,1696,8,2,0,20,25,7,Hybrid
22,212,1696,8,3,0,15,25,8,Gasoline
43,213,1697,1,1,0,15,30,7,Hybrid
52,213,1697,1,2,0,15,30,8,Hybrid
37,213,1697,1,3,1,15,20,7,Hybrid
44,213,1698,2,1,0,20,30,7,Hybrid
54,213,1698,2,2,0,25,30,8,Hybrid
77,213,1698,2,3,1,20,25,8,Electric
57,213,1699,3,1,0,25,20,6,Electric
58,213,1699,3,2,1,15,25,6,Electric
36,213,1699,3,3,0,25,30,6,Hybrid
55,213,1700,4,1,0,15,20,6,Electric
33,213,1700,4,2,0,25,25,6,Hybrid
28,213,1700,4,3,1,15,20,6,Hybrid
57,213,1701,5,1,0,25,20,6,Electric
55,213,1701,5,2,1,15,20,6,Electric
68,213,1701,5,3,0,20,25,7,Electric
4,213,1702,6,1,1,15,25,6,Gasoline
50,213,1702,6,2,0,20,25,8,Hybrid
19,213,1702,6,3,0,15,20,8,Gasoline
59,213,1703,7,1,0,20,25,6,Electric
17,213,1703,7,2,0,20,30,7,Gasoline
7,213,1703,7,3,1,15,30,6,Gasoline
30,213,1704,8,1,0,25,20,6,Hybrid
75,213,1704,8,2,0,25,20,8,Electric
41,213,1704,8,3,1,20,25,7,Hybrid
20,214,1705,1,1,0,20,20,8,Gasoline
63,214,1705,1,2,0,25,30,6,Electric
52,214,1705,1,3,1,15,30,8,Hybrid
79,214,1706,2,1,0,15,30,8,Electric
24,214,1706,2,2,0,25,25,8,Gasoline
28,214,1706,2,3,1,15,20,6,Hybrid
7,214,1707,3,1,0,15,30,6,Gasoline
53,214,1707,3,2,1,20,30,8,Hybrid
45,214,1707,3,3,0,25,30,7,Hybrid
40,214,1708,4,1,1,15,25,7,Hybrid
78,214,1708,4,2,0,25,25,8,Electric
67,214,1708,4,3,0,15,25,7,Electric
65,214,1709,5,1,0,20,20,7,Electric
54,214,1709,5,2,1,25,30,8,Hybrid
3,214,1709,5,3,0,25,20,6,Gasoline
12,214,1710,6,1,0,25,20,7,Gasoline
14,214,1710,6,2,0,20,25,7,Gasoline
76,214,1710,6,3,1,15,25,8,Electric
54,214,1711,7,1,0,25,30,8,Hybrid
3,214,1711,7,2,0,25,20,6,Gasoline
4,214,1711,7,3,1,15,25,6,Gasoline
19,214,1712,8,1,1,15,20,8,Gasoline
25,214,1712,8,2,0,15,30,8,Gasoline
34,214,1712,8,3,0,15,30,6,Hybrid
15,215,1713,1,1,0,25,25,7,Gasoline
18,215,1713,1,2,0,25,30,7,Gasoline
37,215,1713,1,3,1,15,20,7,Hybrid
14,215,1714,2,1,0,20,25,7,Gasoline
16,215,1714,2,2,1,15,30,7,Gasoline
73,215,1714,2,3,0,15,20,8,Electric
45,215,1715,3,1,0,25,30,7,Hybrid
15,215,1715,3,2,0,25,25,7,Gasoline
20,215,1715,3,3,1,20,20,8,Gasoline
67,215,1716,4,1,0,15,25,7,Electric
12,215,1716,4,2,0,25,20,7,Gasoline
49,215,1716,4,3,1,15,25,8,Hybrid
66,215,1717,5,1,0,25,20,7,Electric
76,215,1717,5,2,0,15,25,8,Electric
13,215,1717,5,3,1,15,25,7,Gasoline
16,215,1718,6,1,1,15,30,7,Gasoline
34,215,1718,6,2,0,15,30,6,Hybrid
17,215,1718,6,3,0,20,30,7,Gasoline
18,215,1719,7,1,1,25,30,7,Gasoline
45,215,1719,7,2,0,25,30,7,Hybrid
15,215,1719,7,3,0,25,25,7,Gasoline
4,215,1720,8,1,1,15,25,6,Gasoline
15,215,1720,8,2,0,25,25,7,Gasoline
33,215,1720,8,3,0,25,25,6,Hybrid
70,216,1721,1,1,0,15,30,7,Electric
53,216,1721,1,2,0,20,30,8,Hybrid
50,216,1721,1,3,1,20,25,8,Hybrid
62,216,1722,2,1,0,20,30,6,Electric
37,216,1722,2,2,1,15,20,7,Hybrid
63,216,1722,2,3,0,25,30,6,Electric
67,216,1723,3,1,0,15,25,7,Electric
26,216,1723,3,2,0,20,30,8,Gasoline
37,216,1723,3,3,1,15,20,7,Hybrid
5,216,1724,4,1,0,20,25,6,Gasoline
1,216,1724,4,2,1,15,20,6,Gasoline
12,216,1724,4,3,0,25,20,7,Gasoline
43,216,1725,5,1,1,15,30,7,Hybrid
61,216,1725,5,2,0,15,30,6,Electric
5,216,1725,5,3,0,20,25,6,Gasoline
46,216,1726,6,1,0,15,20,8,Hybrid
4,216,1726,6,2,1,15,25,6,Gasoline
14,216,1726,6,3,0,20,25,7,Gasoline
77,216,1727,7,1,0,20,25,8,Electric
72,216,1727,7,2,1,25,30,7,Electric
78,216,1727,7,3,0,25,25,8,Electric
1,216,1728,8,1,0,15,20,6,Gasoline
25,216,1728,8,2,1,15,30,8,Gasoline
2,216,1728,8,3,0,20,20,6,Gasoline
43,217,1729,1,1,0,15,30,7,Hybrid
77,217,1729,1,2,1,20,25,8,Electric
45,217,1729,1,3,0,25,30,7,Hybrid
43,217,1730,2,1,0,15,30,7,Hybrid
65,217,1730,2,2,0,20,20,7,Electric
3,217,1730,2,3,1,25,20,6,Gasoline
18,217,1731,3,1,0,25,30,7,Gasoline
22,217,1731,3,2,0,15,25,8,Gasoline
65,217,1731,3,3,1,20,20,7,Electric
66,217,1732,4,1,0,25,20,7,Electric
23,217,1732,4,2,1,20,25,8,Gasoline
2,217,1732,4,3,0,20,20,6,Gasoline
56,217,1733,5,1,0,20,20,6,Electric
47,217,1733,5,2,1,20,20,8,Hybrid
77,217,1733,5,3,0,20,25,8,Electric
21,217,1734,6,1,0,25,20,8,Gasoline
25,217,1734,6,2,1,15,30,8,Gasoline
57,217,1734,6,3,0,25,20,6,Electric
66,217,1735,7,1,0,25,20,7,Electric
76,217,1735,7,2,1,15,25,8,Electric
60,217,1735,7,3,0,25,25,6,Electric
58,217,1736,8,1,0,15,25,6,Electric
54,217,1736,8,2,0,25,30,8,Hybrid
10,217,1736,8,3,1,15,20,7,Gasoline
55,218,1737,1,1,0,15,20,6,Electric
20,218,1737,1,2,1,20,20,8,Gasoline
48,218,1737,1,3,0,25,20,8,Hybrid
32,218,1738,2,1,0,20,25,6,Hybrid
78,218,1738,2,2,0,25,25,8,Electric
56,218,1738,2,3,1,20,20,6,Electric
81,218,1739,3,1,0,25,30,8,Electric
64,218,1739,3,2,1,15,20,7,Electric
65,218,1739,3,3,0,20,20,7,Electric
12,218,1740,4,1,0,25,20,7,Gasoline
32,218,1740,4,2,0,20,25,6,Hybrid
47,218,1740,4,3,1,20,20,8,Hybrid
67,218,1741,5,1,0,15,25,7,Electric
48,218,1741,5,2,1,25,20,8,Hybrid
15,218,1741,5,3,0,25,25,7,Gasoline
63,218,1742,6,1,0,25,30,6,Electric
16,218,1742,6,2,0,15,30,7,Gasoline
7,218,1742,6,3,1,15,30,6,Gasoline
13,218,1743,7,1,1,15,25,7,Gasoline
20,218,1743,7,2,0,20,20,8,Gasoline
77,218,1743,7,3,0,20,25,8,Electric
39,218,1744,8,1,0,25,20,7,Hybrid
64,218,1744,8,2,1,15,20,7,Electric
45,218,1744,8,3,0,25,30,7,Hybrid
60,219,1745,1,1,0,25,25,6,Electric
54,219,1745,1,2,0,25,30,8,Hybrid
55,219,1745,1,3,1,15,20,6,Electric
41,219,1746,2,1,1,20,25,7,Hybrid
11,219,1746,2,2,0,20,20,7,Gasoline
55,219,1746,2,3,0,15,20,6,Electric
36,219,1747,3,1,0,25,30,6,Hybrid
38,219,1747,3,2,1,20,20,7,Hybrid
32,219,1747,3,3,0,20,25,6,Hybrid
34,219,1748,4,1,1,15,30,6,Hybrid
12,219,1748,4,2,0,25,20,7,Gasoline
41,219,1748,4,3,0,20,25,7,Hybrid
50,219,1749,5,1,1,20,25,8,Hybrid
8,219,1749,5,2,0,20,30,6,Gasoline
63,219,1749,5,3,0,25,30,6,Electric
26,219,1750,6,1,0,20,30,8,Gasoline
25,219,1750,6,2,0,15,30,8,Gasoline
57,219,1750,6,3,1,25,20,6,Electric
77,219,1751,7,1,0,20,25,8,Electric
20,219,1751,7,2,1,20,20,8,Gasoline
54,219,1751,7,3,0,25,30,8,Hybrid
28,219,1752,8,1,0,15,20,6,Hybrid
75,219,1752,8,2,0,25,20,8,Electric
61,219,1752,8,3,1,15,30,6,Electric
12,220,1753,1,1,0,25,20,7,Gasoline
76,220,1753,1,2,1,15,25,8,Electric
56,220,1753,1,3,0,20,20,6,Electric
24,220,1754,2,1,1,25,25,8,Gasoline
58,220,1754,2,2,0,15,25,6,Electric
29,220,1754,2,3,0,20,20,6,Hybrid
47,220,1755,3,1,0,20,20,8,Hybrid
8,220,1755,3,2,0,20,30,6,Gasoline
7,220,1755,3,3,1,15,30,6,Gasoline
9,220,1756,4,1,0,25,30,6,Gasoline
60,220,1756,4,2,0,25,25,6,Electric
5,220,1756,4,3,1,20,25,6,Gasoline
2,220,1757,5,1,1,20,20,6,Gasoline
74,220,1757,5,2,0,20,20,8,Electric
54,220,1757,5,3,0,25,30,8,Hybrid
43,220,1758,6,1,1,15,30,7,Hybrid
30,220,1758,6,2,0,25,20,6,Hybrid
66,220,1758,6,3,0,25,20,7,Electric
43,220,1759,7,1,0,15,30,7,Hybrid
3,220,1759,7,2,1,25,20,6,Gasoline
9,220,1759,7,3,0,25,30,6,Gasoline
39,220,1760,8,1,0,25,20,7,Hybrid
43,220,1760,8,2,0,15,30,7,Hybrid
41,220,1760,8,3,1,20,25,7,Hybrid
59,221,1761,1,1,0,20,25,6,Electric
22,221,1761,1,2,1,15,25,8,Gasoline
35,221,1761,1,3,0,20,30,6,Hybrid
81,221,1762,2,1,0,25,30,8,Electric
63,221,1762,2,2,0,25,30,6,Electric
65,221,1762,2,3,1,20,20,7,Electric
79,221,1763,3,1,0,15,30,8,Electric
76,221,1763,3,2,1,15,25,8,Electric
18,221,1763,3,3,0,25,30,7,Gasoline
38,221,1764,4,1,0,20,20,7,Hybrid
61,221,1764,4,2,1,15,30,6,Electric
13,221,1764,4,3,0,15,25,7,Gasoline
16,221,1765,5,1,0,15,30,7,Gasoline
48,221,1765,5,2,1,25,20,8,Hybrid
12,221,1765,5,3,0,25,20,7,Gasoline
28,221,1766,6,1,0,15,20,6,Hybrid
46,221,1766,6,2,1,15,20,8,Hybrid
47,221,1766,6,3,0,20,20,8,Hybrid
50,221,1767,7,1,0,20,25,8,Hybrid
49,221,1767,7,2,1,15,25,8,Hybrid
17,221,1767,7,3,0,20,30,7,Gasoline
32,221,1768,8,1,0,20,25,6,Hybrid
3,221,1768,8,2,0,25,20,6,Gasoline
36,221,1768,8,3,1,25,30,6,Hybrid
69,222,1769,1,1,0,25,25,7,Electric
31,222,1769,1,2,1,15,25,6,Hybrid
51,222,1769,1,3,0,25,25,8,Hybrid
68,222,1770,2,1,0,20,25,7,Electric
29,222,1770,2,2,0,20,20,6,Hybrid
58,222,1770,2,3,1,15,25,6,Electric
71,222,1771,3,1,0,20,30,7,Electric
37,222,1771,3,2,0,15,20,7,Hybrid
16,222,1771,3,3,1,15,30,7,Gasoline
80,222,1772,4,1,0,20,30,8,Electric
6,222,1772,4,2,0,25,25,6,Gasoline
16,222,1772,4,3,1,15,30,7,Gasoline
64,222,1773,5,1,0,15,20,7,Electric
43,222,1773,5,2,1,15,30,7,Hybrid
79,222,1773,5,3,0,15,30,8,Electric
48,222,1774,6,1,0,25,20,8,Hybrid
8,222,1774,6,2,0,20,30,6,Gasoline
13,222,1774,6,3,1,15,25,7,Gasoline
9,222,1775,7,1,1,25,30,6,Gasoline
69,222,1775,7,2,0,25,25,7,Electric
3,222,1775,7,3,0,25,20,6,Gasoline
11,222,1776,8,1,0,20,20,7,Gasoline
17,222,1776,8,2,0,20,30,7,Gasoline
46,222,1776,8,3,1,15,20,8,Hybrid
4,223,1777,1,1,0,15,25,6,Gasoline
20,223,1777,1,2,0,20,20,8,Gasoline
19,223,1777,1,3,1,15,20,8,Gasoline
33,223,1778,2,1,1,25,25,6,Hybrid
30,223,1778,2,2,0,25,20,6,Hybrid
11,223,1778,2,3,0,20,20,7,Gasoline
63,223,1779,3,1,0,25,30,6,Electric
42,223,1779,3,2,0,25,25,7,Hybrid
13,223,1779,3,3,1,15,25,7,Gasoline
37,223,1780,4,1,1,15,20,7,Hybrid
78,223,1780,4,2,0,25,25,8,Electric
68,223,1780,4,3,0,20,25,7,Electric
21,223,1781,5,1,0,25,20,8,Gasoline
37,223,1781,5,2,1,15,20,7,Hybrid
22,223,1781,5,3,0,15,25,8,Gasoline
18,223,1782,6,1,1,25,30,7,Gasoline
51,223,1782,6,2,0,25,25,8,Hybrid
6,223,1782,6,3,0,25,25,6,Gasoline
48,223,1783,7,1,0,25,20,8,Hybrid
9,223,1783,7,2,0,25,30,6,Gasoline
19,223,1783,7,3,1,15,20,8,Gasoline
33,223,1784,8,1,0,25,25,6,Hybrid
23,223,1784,8,2,0,20,25,8,Gasoline
61,223,1784,8,3,1,15,30,6,Electric
33,224,1785,1,1,0,25,25,6,Hybrid
64,224,1785,1,2,0,15,20,7,Electric
40,224,1785,1,3,1,15,25,7,Hybrid
26,224,1786,2,1,0,20,30,8,Gasoline
31,224,1786,2,2,1,15,25,6,Hybrid
40,224,1786,2,3,0,15,25,7,Hybrid
31,224,1787,3,1,1,15,25,6,Hybrid
58,224,1787,3,2,0,15,25,6,Electric
69,224,1787,3,3,0,25,25,7,Electric
70,224,1788,4,1,1,15,30,7,Electric
33,224,1788,4,2,0,25,25,6,Hybrid
12,224,1788,4,3,0,25,20,7,Gasoline
65,224,1789,5,1,0,20,20,7,Electric
62,224,1789,5,2,0,20,30,6,Electric
46,224,1789,5,3,1,15,20,8,Hybrid
5,224,1790,6,1,1,20,25,6,Gasoline
69,224,1790,6,2,0,25,25,7,Electric
80,224,1790,6,3,0,20,30,8,Electric
62,224,1791,7,1,0,20,30,6,Electric
26,224,1791,7,2,1,20,30,8,Gasoline
17,224,1791,7,3,0,20,30,7,Gasoline
71,224,1792,8,1,0,20,30,7,Electric
74,224,1792,8,2,0,20,20,8,Electric
34,224,1792,8,3,1,15,30,6,Hybrid
35,225,1793,1,1,1,20,30,6,Hybrid
40,225,1793,1,2,0,15,25,7,Hybrid
14,225,1793,1,3,0,20,25,7,Gasoline
21,225,1794,2,1,1,25,20,8,Gasoline
50,225,1794,2,2,0,20,25,8,Hybrid
54,225,1794,2,3,0,25,30,8,Hybrid
21,225,1795,3,1,0,25,20,8,Gasoline
30,225,1795,3,2,0,25,20,6,Hybrid
15,225,1795,3,3,1,25,25,7,Gasoline
45,225,1796,4,1,0,25,30,7,Hybrid
57,225,1796,4,2,0,25,20,6,Electric
79,225,1796,4,3,1,15,30,8,Electric
4,225,1797,5,1,1,15,25,6,Gasoline
75,225,1797,5,2,0,25,20,8,Electric
1,225,1797,5,3,0,15,20,6,Gasoline
63,225,1798,6,1,0,25,30,6,Electric
36,225,1798,6,2,0,25,30,6,Hybrid
30,225,1798,6,3,1,25,20,6,Hybrid
22,225,1799,7,1,1,15,25,8,Gasoline
55,225,1799,7,2,0,15,20,6,Electric
41,225,1799,7,3,0,20,25,7,Hybrid
81,225,1800,8,1,0,25,30,8,Electric
67,225,1800,8,2,1,15,25,7,Electric
52,225,1800,8,3,0,15,30,8,Hybrid
24,226,1801,1,1,0,25,25,8,Gasoline
72,226,1801,1,2,1,25,30,7,Electric
20,226,1801,1,3,0,20,20,8,Gasoline
20,226,1802,2,1,0,20,20,8,Gasoline
56,226,1802,2,2,1,20,20,6,Electric
74,226,1802,2,3,0,20,20,8,Electric
45,226,1803,3,1,0,25,30,7,Hybrid
20,226,1803,3,2,0,20,20,8,Gasoline
26,226,1803,3,3,1,20,30,8,Gasoline
19,226,1804,4,1,0,15,20,8,Gasoline
17,226,1804,4,2,1,20,30,7,Gasoline
40,226,1804,4,3,0,15,25,7,Hybrid
53,226,1805,5,1,0,20,30,8,Hybrid
1,226,1805,5,2,1,15,20,6,Gasoline
25,226,1805,5,3,0,15,30,8,Gasoline
60,226,1806,6,1,0,25,25,6,Electric
53,226,1806,6,2,0,20,30,8,Hybrid
57,226,1806,6,3,1,25,20,6,Electric
27,226,1807,7,1,0,25,30,8,Gasoline
30,226,1807,7,2,0,25,20,6,Hybrid
24,226,1807,7,3,1,25,25,8,Gasoline
40,226,1808,8,1,1,15,25,7,Hybrid
72,226,1808,8,2,0,25,30,7,Electric
76,226,1808,8,3,0,15,25,8,Electric
8,227,1809,1,1,0,20,30,6,Gasoline
37,227,1809,1,2,1,15,20,7,Hybrid
75,227,1809,1,3,0,25,20,8,Electric
1,227,1810,2,1,1,15,20,6,Gasoline
74,227,1810,2,2,0,20,20,8,Electric
42,227,1810,2,3,0,25,25,7,Hybrid
3,227,1811,3,1,1,25,20,6,Gasoline
78,227,1811,3,2,0,25,25,8,Electric
54,227,1811,3,3,0,25,30,8,Hybrid
39,227,1812,4,1,0,25,20,7,Hybrid
76,227,1812,4,2,1,15,25,8,Electric
9,227,1812,4,3,0,25,30,6,Gasoline
31,227,1813,5,1,1,15,25,6,Hybrid
70,227,1813,5,2,0,15,30,7,Electric
51,227,1813,5,3,0,25,25,8,Hybrid
72,227,1814,6,1,0,25,30,7,Electric
32,227,1814,6,2,0,20,25,6,Hybrid
38,227,1814,6,3,1,20,20,7,Hybrid
9,227,1815,7,1,0,25,30,6,Gasoline
53,227,1815,7,2,0,20,30,8,Hybrid
68,227,1815,7,3,1,20,25,7,Electric
64,227,1816,8,1,0,15,20,7,Electric
44,227,1816,8,2,1,20,30,7,Hybrid
21,227,1816,8,3,0,25,20,8,Gasoline
67,228,1817,1,1,1,15,25,7,Electric
23,228,1817,1,2,0,20,25,8,Gasoline
66,228,1817,1,3,0,25,20,7,Electric
43,228,1818,2,1,1,15,30,7,Hybrid
79,228,1818,2,2,0,15,30,8,Electric
57,228,1818,2,3,0,25,20,6,Electric
21,228,1819,3,1,0,25,20,8,Gasoline
71,228,1819,3,2,1,20,30,7,Electric
73,228,1819,3,3,0,15,20,8,Electric
33,228,1820,4,1,0,25,25,6,Hybrid
76,228,1820,4,2,0,15,25,8,Electric
44,228,1820,4,3,1,20,30,7,Hybrid
11,228,1821,5,1,1,20,20,7,Gasoline
8,228,1821,5,2,0,20,30,6,Gasoline
65,228,1821,5,3,0,20,20,7,Electric
32,228,1822,6,1,0,20,25,6,Hybrid
28,228,1822,6,2,0,15,20,6,Hybrid
81,228,1822,6,3,1,25,30,8,Electric
53,228,1823,7,1,1,20,30,8,Hybrid
54,228,1823,7,2,0,25,30,8,Hybrid
20,228,1823,7,3,0,20,20,8,Gasoline
52,228,1824,8,1,1,15,30,8,Hybrid
59,228,1824,8,2,0,20,25,6,Electric
48,228,1824,8,3,0,25,20,8,Hybrid
63,229,1825,1,1,1,25,30,6,Electric
32,229,1825,1,2,0,20,25,6,Hybrid
29,229,1825,1,3,0,20,20,6,Hybrid
10,229,1826,2,1,1,15,20,7,Gasoline
42,229,1826,2,2,0,25,25,7,Hybrid
59,229,1826,2,3,0,20,25,6,Electric
16,229,1827,3,1,1,15,30,7,Gasoline
58,229,1827,3,2,0,15,25,6,Electric
5,229,1827,3,3,0,20,25,6,Gasoline
37,229,1828,4,1,0,15,20,7,Hybrid
19,229,1828,4,2,1,15,20,8,Gasoline
72,229,1828,4,3,0,25,30,7,Electric
28,229,1829,5,1,1,15,20,6,Hybrid
9,229,1829,5,2,0,25,30,6,Gasoline
62,229,1829,5,3,0,20,30,6,Electric
16,229,1830,6,1,1,15,30,7,Gasoline
8,229,1830,6,2,0,20,30,6,Gasoline
48,229,1830,6,3,0,25,20,8,Hybrid
67,229,1831,7,1,1,15,25,7,Electric
79,229,1831,7,2,0,15,30,8,Electric
68,229,1831,7,3,0,20,25,7,Electric
69,229,1832,8,1,0,25,25,7,Electric
62,229,1832,8,2,0,20,30,6,Electric
28,229,1832,8,3,1,15,20,6,Hybrid
58,230,1833,1,1,0,15,25,6,Electric
48,230,1833,1,2,0,25,20,8,Hybrid
79,230,1833,1,3,1,15,30,8,Electric
53,230,1834,2,1,0,20,30,8,Hybrid
34,230,1834,2,2,1,15,30,6,Hybrid
78,230,1834,2,3,0,25,25,8,Electric
32,230,1835,3,1,0,20,25,6,Hybrid
22,230,1835,3,2,0,15,25,8,Gasoline
8,230,1835,3,3,1,20,30,6,Gasoline
78,230,1836,4,1,1,25,25,8,Electric
63,230,1836,4,2,0,25,30,6,Electric
71,230,1836,4,3,0,20,30,7,Electric
73,230,1837,5,1,0,15,20,8,Electric
50,230,1837,5,2,1,20,25,8,Hybrid
67,230,1837,5,3,0,15,25,7,Electric
77,230,1838,6,1,0,20,25,8,Electric
73,230,1838,6,2,1,15,20,8,Electric
81,230,1838,6,3,0,25,30,8,Electric
14,230,1839,7,1,0,20,25,7,Gasoline
7,230,1839,7,2,1,15,30,6,Gasoline
10,230,1839,7,3,0,15,20,7,Gasoline
52,230,1840,8,1,1,15,30,8,Hybrid
47,230,1840,8,2,0,20,20,8,Hybrid
32,230,1840,8,3,0,20,25,6,Hybrid
69,231,1841,1,1,0,25,25,7,Electric
19,231,1841,1,2,0,15,20,8,Gasoline
22,231,1841,1,3,1,15,25,8,Gasoline
42,231,1842,2,1,0,25,25,7,Hybrid
20,231,1842,2,2,0,20,20,8,Gasoline
37,231,1842,2,3,1,15,20,7,Hybrid
9,231,1843,3,1,0,25,30,6,Gasoline
34,231,1843,3,2,1,15,30,6,Hybrid
30,231,1843,3,3,0,25,20,6,Hybrid
31,231,1844,4,1,0,15,25,6,Hybrid
20,231,1844,4,2,0,20,20,8,Gasoline
76,231,1844,4,3,1,15,25,8,Electric
22,231,1845,5,1,1,15,25,8,Gasoline
48,231,1845,5,2,0,25,20,8,Hybrid
62,231,1845,5,3,0,20,30,6,Electric
29,231,1846,6,1,0,20,20,6,Hybrid
77,231,1846,6,2,0,20,25,8,Electric
7,231,1846,6,3,1,15,30,6,Gasoline
42,231,1847,7,1,1,25,25,7,Hybrid
26,231,1847,7,2,0,20,30,8,Gasoline
62,231,1847,7,3,0,20,30,6,Electric
39,231,1848,8,1,0,25,20,7,Hybrid
8,231,1848,8,2,1,20,30,6,Gasoline
43,231,1848,8,3,0,15,30,7,Hybrid
10,232,1849,1,1,1,15,20,7,Gasoline
30,232,1849,1,2,0,25,20,6,Hybrid
38,232,1849,1,3,0,20,20,7,Hybrid
15,232,1850,2,1,0,25,25,7,Gasoline
73,232,1850,2,2,0,15,20,8,Electric
30,232,1850,2,3,1,25,20,6,Hybrid
30,232,1851,3,1,0,25,20,6,Hybrid
3,232,1851,3,2,0,25,20,6,Gasoline
34,232,1851,3,3,1,15,30,6,Hybrid
53,232,1852,4,1,1,20,30,8,Hybrid
66,232,1852,4,2,0,25,20,7,Electric
74,232,1852,4,3,0,20,20,8,Electric
48,232,1853,5,1,0,25,20,8,Hybrid
47,232,1853,5,2,1,20,20,8,Hybrid
12,232,1853,5,3,0,25,20,7,Gasoline
27,232,1854,6,1,0,25,30,8,Gasoline
74,232,1854,6,2,0,20,20,8,Electric
46,232,1854,6,3,1,15,20,8,Hybrid
5,232,1855,7,1,1,20,25,6,Gasoline
45,232,1855,7,2,0,25,30,7,Hybrid
14,232,1855,7,3,0,20,25,7,Gasoline
69,232,1856,8,1,0,25,25,7,Electric
55,232,1856,8,2,0,15,20,6,Electric
32,232,1856,8,3,1,20,25,6,Hybrid
70,233,1857,1,1,1,15,30,7,Electric
67,233,1857,1,2,0,15,25,7,Electric
59,233,1857,1,3,0,20,25,6,Electric
17,233,1858,2,1,0,20,30,7,Gasoline
73,233,1858,2,2,1,15,20,8,Electric
3,233,1858,2,3,0,25,20,6,Gasoline
68,233,1859,3,1,0,20,25,7,Electric
3,233,1859,3,2,1,25,20,6,Gasoline
61,233,1859,3,3,0,15,30,6,Electric
57,233,1860,4,1,0,25,20,6,Electric
49,233,1860,4,2,0,15,25,8,Hybrid
4,233,1860,4,3,1,15,25,6,Gasoline
33,233,1861,5,1,0,25,25,6,Hybrid
42,233,1861,5,2,1,25,25,7,Hybrid
59,233,1861,5,3,0,20,25,6,Electric
44,233,1862,6,1,1,20,30,7,Hybrid
5,233,1862,6,2,0,20,25,6,Gasoline
14,233,1862,6,3,0,20,25,7,Gasoline
64,233,1863,7,1,0,15,20,7,Electric
39,233,1863,7,2,0,25,20,7,Hybrid
62,233,1863,7,3,1,20,30,6,Electric
7,233,1864,8,1,1,15,30,6,Gasoline
81,233,1864,8,2,0,25,30,8,Electric
48,233,1864,8,3,0,25,20,8,Hybrid
2,234,1865,1,1,0,20,20,6,Gasoline
34,234,1865,1,2,0,15,30,6,Hybrid
13,234,1865,1,3,1,15,25,7,Gasoline
38,234,1866,2,1,0,20,20,7,Hybrid
15,234,1866,2,2,1,25,25,7,Gasoline
54,234,1866,2,3,0,25,30,8,Hybrid
16,234,1867,3,1,1,15,30,7,Gasoline
72,234,1867,3,2,0,25,30,7,Electric
55,234,1867,3,3,0,15,20,6,Electric
3,234,1868,4,1,0,25,20,6,Gasoline
79,234,1868,4,2,1,15,30,8,Electric
63,234,1868,4,3,0,25,30,6,Electric
53,234,1869,5,1,1,20,30,8,Hybrid
65,234,1869,5,2,0,20,20,7,Electric
24,234,1869,5,3,0,25,25,8,Gasoline
40,234,1870,6,1,1,15,25,7,Hybrid
52,234,1870,6,2,0,15,30,8,Hybrid
67,234,1870,6,3,0,15,25,7,Electric
5,234,1871,7,1,0,20,25,6,Gasoline
10,234,1871,7,2,1,15,20,7,Gasoline
55,234,1871,7,3,0,15,20,6,Electric
1,234,1872,8,1,0,15,20,6,Gasoline
4,234,1872,8,2,1,15,25,6,Gasoline
60,234,1872,8,3,0,25,25,6,Electric
15,235,1873,1,1,0,25,25,7,Gasoline
14,235,1873,1,2,0,20,25,7,Gasoline
10,235,1873,1,3,1,15,20,7,Gasoline
1,235,1874,2,1,0,15,20,6,Gasoline
34,235,1874,2,2,1,15,30,6,Hybrid
76,235,1874,2,3,0,15,25,8,Electric
38,235,1875,3,1,0,20,20,7,Hybrid
43,235,1875,3,2,1,15,30,7,Hybrid
40,235,1875,3,3,0,15,25,7,Hybrid
31,235,1876,4,1,1,15,25,6,Hybrid
57,235,1876,4,2,0,25,20,6,Electric
63,235,1876,4,3,0,25,30,6,Electric
43,235,1877,5,1,1,15,30,7,Hybrid
32,235,1877,5,2,0,20,25,6,Hybrid
77,235,1877,5,3,0,20,25,8,Electric
15,235,1878,6,1,1,25,25,7,Gasoline
62,235,1878,6,2,0,20,30,6,Electric
78,235,1878,6,3,0,25,25,8,Electric
72,235,1879,7,1,0,25,30,7,Electric
31,235,1879,7,2,1,15,25,6,Hybrid
36,235,1879,7,3,0,25,30,6,Hybrid
73,235,1880,8,1,0,15,20,8,Electric
67,235,1880,8,2,1,15,25,7,Electric
5,235,1880,8,3,0,20,25,6,Gasoline
9,236,1881,1,1,1,25,30,6,Gasoline
10,236,1881,1,2,0,15,20,7,Gasoline
78,236,1881,1,3,0,25,25,8,Electric
14,236,1882,2,1,1,20,25,7,Gasoline
9,236,1882,2,2,0,25,30,6,Gasoline
69,236,1882,2,3,0,25,25,7,Electric
28,236,1883,3,1,1,15,20,6,Hybrid
31,236,1883,3,2,0,15,25,6,Hybrid
58,236,1883,3,3,0,15,25,6,Electric
72,236,1884,4,1,1,25,30,7,Electric
57,236,1884,4,2,0,25,20,6,Electric
75,236,1884,4,3,0,25,20,8,Electric
27,236,1885,5,1,0,25,30,8,Gasoline
33,236,1885,5,2,0,25,25,6,Hybrid
11,236,1885,5,3,1,20,20,7,Gasoline
63,236,1886,6,1,0,25,30,6,Electric
30,236,1886,6,2,0,25,20,6,Hybrid
1,236,1886,6,3,1,15,20,6,Gasoline
64,236,1887,7,1,1,15,20,7,Electric
66,236,1887,7,2,0,25,20,7,Electric
74,236,1887,7,3,0,20,20,8,Electric
52,236,1888,8,1,0,15,30,8,Hybrid
46,236,1888,8,2,1,15,20,8,Hybrid
17,236,1888,8,3,0,20,30,7,Gasoline
33,237,1889,1,1,0,25,25,6,Hybrid
48,237,1889,1,2,1,25,20,8,Hybrid
27,237,1889,1,3,0,25,30,8,Gasoline
50,237,1890,2,1,0,20,25,8,Hybrid
6,237,1890,2,2,0,25,25,6,Gasoline
34,237,1890,2,3,1,15,30,6,Hybrid
20,237,1891,3,1,1,20,20,8,Gasoline
62,237,1891,3,2,0,20,30,6,Electric
40,237,1891,3,3,0,15,25,7,Hybrid
11,237,1892,4,1,0,20,20,7,Gasoline
20,237,1892,4,2,1,20,20,8,Gasoline
42,237,1892,4,3,0,25,25,7,Hybrid
58,237,1893,5,1,1,15,25,6,Electric
48,237,1893,5,2,0,25,20,8,Hybrid
70,237,1893,5,3,0,15,30,7,Electric
43,237,1894,6,1,1,15,30,7,Hybrid
57,237,1894,6,2,0,25,20,6,Electric
61,237,1894,6,3,0,15,30,6,Electric
22,237,1895,7,1,1,15,25,8,Gasoline
17,237,1895,7,2,0,20,30,7,Gasoline
79,237,1895,7,3,0,15,30,8,Electric
13,237,1896,8,1,1,15,25,7,Gasoline
80,237,1896,8,2,0,20,30,8,Electric
19,237,1896,8,3,0,15,20,8,Gasoline
68,238,1897,1,1,1,20,25,7,Electric
36,238,1897,1,2,0,25,30,6,Hybrid
42,238,1897,1,3,0,25,25,7,Hybrid
8,238,1898,2,1,0,20,30,6,Gasoline
27,238,1898,2,2,1,25,30,8,Gasoline
26,238,1898,2,3,0,20,30,8,Gasoline
24,238,1899,3,1,0,25,25,8,Gasoline
18,238,1899,3,2,0,25,30,7,Gasoline
49,238,1899,3,3,1,15,25,8,Hybrid
16,238,1900,4,1,0,15,30,7,Gasoline
34,238,1900,4,2,1,15,30,6,Hybrid
69,238,1900,4,3,0,25,25,7,Electric
33,238,1901,5,1,1,25,25,6,Hybrid
50,238,1901,5,2,0,20,25,8,Hybrid
48,238,1901,5,3,0,25,20,8,Hybrid
45,238,1902,6,1,1,25,30,7,Hybrid
5,238,1902,6,2,0,20,25,6,Gasoline
56,238,1902,6,3,0,20,20,6,Electric
40,238,1903,7,1,1,15,25,7,Hybrid
7,238,1903,7,2,0,15,30,6,Gasoline
51,238,1903,7,3,0,25,25,8,Hybrid
1,238,1904,8,1,0,15,20,6,Gasoline
53,238,1904,8,2,1,20,30,8,Hybrid
65,238,1904,8,3,0,20,20,7,Electric
22,239,1905,1,1,1,15,25,8,Gasoline
21,239,1905,1,2,0,25,20,8,Gasoline
48,239,1905,1,3,0,25,20,8,Hybrid
71,239,1906,2,1,0,20,30,7,Electric
20,239,1906,2,2,1,20,20,8,Gasoline
29,239,1906,2,3,0,20,20,6,Hybrid
4,239,1907,3,1,1,15,25,6,Gasoline
59,239,1907,3,2,0,20,25,6,Electric
8,239,1907,3,3,0,20,30,6,Gasoline
33,239,1908,4,1,0,25,25,6,Hybrid
24,239,1908,4,2,0,25,25,8,Gasoline
26,239,1908,4,3,1,20,30,8,Gasoline
69,239,1909,5,1,0,25,25,7,Electric
62,239,1909,5,2,0,20,30,6,Electric
57,239,1909,5,3,1,25,20,6,Electric
69,239,1910,6,1,0,25,25,7,Electric
8,239,1910,6,2,1,20,30,6,Gasoline
51,239,1910,6,3,0,25,25,8,Hybrid
12,239,1911,7,1,0,25,20,7,Gasoline
13,239,1911,7,2,1,15,25,7,Gasoline
50,239,1911,7,3,0,20,25,8,Hybrid
33,239,1912,8,1,0,25,25,6,Hybrid
57,239,1912,8,2,0,25,20,6,Electric
29,239,1912,8,3,1,20,20,6,Hybrid
18,240,1913,1,1,0,25,30,7,Gasoline
48,240,1913,1,2,0,25,20,8,Hybrid
2,240,1913,1,3,1,20,20,6,Gasoline
38,240,1914,2,1,0,20,20,7,Hybrid
51,240,1914,2,2,0,25,25,8,Hybrid
22,240,1914,2,3,1,15,25,8,Gasoline
8,240,1915,3,1,0,20,30,6,Gasoline
7,240,1915,3,2,0,15,30,6,Gasoline
14,240,1915,3,3,1,20,25,7,Gasoline
36,240,1916,4,1,0,25,30,6,Hybrid
45,240,1916,4,2,0,25,30,7,Hybrid
7,240,1916,4,3,1,15,30,6,Gasoline
16,240,1917,5,1,0,15,30,7,Gasoline
52,240,1917,5,2,0,15,30,8,Hybrid
19,240,1917,5,3,1,15,20,8,Gasoline
43,240,1918,6,1,1,15,30,7,Hybrid
9,240,1918,6,2,0,25,30,6,Gasoline
74,240,1918,6,3,0,20,20,8,Electric
34,240,1919,7,1,0,15,30,6,Hybrid
39,240,1919,7,2,1,25,20,7,Hybrid
56,240,1919,7,3,0,20,20,6,Electric
43,240,1920,8,1,1,15,30,7,Hybrid
8,240,1920,8,2,0,20,30,6,Gasoline
78,240,1920,8,3,0,25,25,8,Electric
21,241,1921,1,1,0,25,20,8,Gasoline
18,241,1921,1,2,1,25,30,7,Gasoline
77,241,1921,1,3,0,20,25,8,Electric
10,241,1922,2,1,1,15,20,7,Gasoline
30,241,1922,2,2,0,25,20,6,Hybrid
35,241,1922,2,3,0,20,30,6,Hybrid
75,241,1923,3,1,0,25,20,8,Electric
47,241,1923,3,2,0,20,20,8,Hybrid
1,241,1923,3,3,1,15,20,6,Gasoline
68,241,1924,4,1,0,20,25,7,Electric
14,241,1924,4,2,0,20,25,7,Gasoline
11,241,1924,4,3,1,20,20,7,Gasoline
70,241,1925,5,1,1,15,30,7,Electric
73,241,1925,5,2,0,15,20,8,Electric
8,241,1925,5,3,0,20,30,6,Gasoline
20,241,1926,6,1,0,20,20,8,Gasoline
34,241,1926,6,2,1,15,30,6,Hybrid
57,241,1926,6,3,0,25,20,6,Electric
46,241,1927,7,1,1,15,20,8,Hybrid
7,241,1927,7,2,0,15,30,6,Gasoline
17,241,1927,7,3,0,20,30,7,Gasoline
70,241,1928,8,1,0,15,30,7,Electric
73,241,1928,8,2,1,15,20,8,Electric
54,241,1928,8,3,0,25,30,8,Hybrid
1,242,1929,1,1,1,15,20,6,Gasoline
16,242,1929,1,2,0,15,30,7,Gasoline
5,242,1929,1,3,0,20,25,6,Gasoline
16,242,1930,2,1,1,15,30,7,Gasoline
68,242,1930,2,2,0,20,25,7,Electric
32,242,1930,2,3,0,20,25,6,Hybrid
72,242,1931,3,1,0,25,30,7,Electric
73,242,1931,3,2,0,15,20,8,Electric
70,242,1931,3,3,1,15,30,7,Electric
34,242,1932,4,1,1,15,30,6,Hybrid
13,242,1932,4,2,0,15,25,7,Gasoline
81,242,1932,4,3,0,25,30,8,Electric
25,242,1933,5,1,1,15,30,8,Gasoline
80,242,1933,5,2,0,20,30,8,Electric
40,242,1933,5,3,0,15,25,7,Hybrid
60,242,1934,6,1,0,25,25,6,Electric
56,242,1934,6,2,1,20,20,6,Electric
22,242,1934,6,3,0,15,25,8,Gasoline
68,242,1935,7,1,1,20,25,7,Electric
39,242,1935,7,2,0,25,20,7,Hybrid
42,242,1935,7,3,0,25,25,7,Hybrid
65,242,1936,8,1,1,20,20,7,Electric
56,242,1936,8,2,0,20,20,6,Electric
17,242,1936,8,3,0,20,30,7,Gasoline
40,243,1937,1,1,0,15,25,7,Hybrid
1,243,1937,1,2,1,15,20,6,Gasoline
67,243,1937,1,3,0,15,25,7,Electric
20,243,1938,2,1,0,20,20,8,Gasoline
52,243,1938,2,2,1,15,30,8,Hybrid
53,243,1938,2,3,0,20,30,8,Hybrid
80,243,1939,3,1,0,20,30,8,Electric
68,243,1939,3,2,0,20,25,7,Electric
73,243,1939,3,3,1,15,20,8,Electric
17,243,1940,4,1,1,20,30,7,Gasoline
60,243,1940,4,2,0,25,25,6,Electric
49,243,1940,4,3,0,15,25,8,Hybrid
34,243,1941,5,1,0,15,30,6,Hybrid
41,243,1941,5,2,0,20,25,7,Hybrid
13,243,1941,5,3,1,15,25,7,Gasoline
41,243,1942,6,1,0,20,25,7,Hybrid
69,243,1942,6,2,0,25,25,7,Electric
16,243,1942,6,3,1,15,30,7,Gasoline
41,243,1943,7,1,0,20,25,7,Hybrid
33,243,1943,7,2,0,25,25,6,Hybrid
40,243,1943,7,3,1,15,25,7,Hybrid
43,243,1944,8,1,1,15,30,7,Hybrid
1,243,1944,8,2,0,15,20,6,Gasoline
39,243,1944,8,3,0,25,20,7,Hybrid
5,244,1945,1,1,1,20,25,6,Gasoline
50,244,1945,1,2,0,20,25,8,Hybrid
9,244,1945,1,3,0,25,30,6,Gasoline
28,244,1946,2,1,0,15,20,6,Hybrid
25,244,1946,2,2,1,15,30,8,Gasoline
9,244,1946,2,3,0,25,30,6,Gasoline
75,244,1947,3,1,0,25,20,8,Electric
62,244,1947,3,2,0,20,30,6,Electric
47,244,1947,3,3,1,20,20,8,Hybrid
11,244,1948,4,1,0,20,20,7,Gasoline
70,244,1948,4,2,1,15,30,7,Electric
56,244,1948,4,3,0,20,20,6,Electric
29,244,1949,5,1,0,20,20,6,Hybrid
45,244,1949,5,2,0,25,30,7,Hybrid
68,244,1949,5,3,1,20,25,7,Electric
76,244,1950,6,1,1,15,25,8,Electric
56,244,1950,6,2,0,20,20,6,Electric
10,244,1950,6,3,0,15,20,7,Gasoline
11,244,1951,7,1,0,20,20,7,Gasoline
57,244,1951,7,2,0,25,20,6,Electric
22,244,1951,7,3,1,15,25,8,Gasoline
14,244,1952,8,1,0,20,25,7,Gasoline
53,244,1952,8,2,0,20,30,8,Hybrid
11,244,1952,8,3,1,20,20,7,Gasoline
40,245,1953,1,1,1,15,25,7,Hybrid
50,245,1953,1,2,0,20,25,8,Hybrid
13,245,1953,1,3,0,15,25,7,Gasoline
46,245,1954,2,1,1,15,20,8,Hybrid
25,245,1954,2,2,0,15,30,8,Gasoline
44,245,1954,2,3,0,20,30,7,Hybrid
73,245,1955,3,1,1,15,20,8,Electric
70,245,1955,3,2,0,15,30,7,Electric
41,245,1955,3,3,0,20,25,7,Hybrid
69,245,1956,4,1,0,25,25,7,Electric
12,245,1956,4,2,0,25,20,7,Gasoline
1,245,1956,4,3,1,15,20,6,Gasoline
49,245,1957,5,1,1,15,25,8,Hybrid
68,245,1957,5,2,0,20,25,7,Electric
35,245,1957,5,3,0,20,30,6,Hybrid
72,245,1958,6,1,0,25,30,7,Electric
74,245,1958,6,2,0,20,20,8,Electric
23,245,1958,6,3,1,20,25,8,Gasoline
55,245,1959,7,1,0,15,20,6,Electric
33,245,1959,7,2,1,25,25,6,Hybrid
39,245,1959,7,3,0,25,20,7,Hybrid
72,245,1960,8,1,0,25,30,7,Electric
40,245,1960,8,2,0,15,25,7,Hybrid
8,245,1960,8,3,1,20,30,6,Gasoline
27,246,1961,1,1,0,25,30,8,Gasoline
81,246,1961,1,2,0,25,30,8,Electric
74,246,1961,1,3,1,20,20,8,Electric
2,246,1962,2,1,1,20,20,6,Gasoline
58,246,1962,2,2,0,15,25,6,Electric
75,246,1962,2,3,0,25,20,8,Electric
2,246,1963,3,1,1,20,20,6,Gasoline
6,246,1963,3,2,0,25,25,6,Gasoline
61,246,1963,3,3,0,15,30,6,Electric
59,246,1964,4,1,1,20,25,6,Electric
42,246,1964,4,2,0,25,25,7,Hybrid
76,246,1964,4,3,0,15,25,8,Electric
53,246,1965,5,1,0,20,30,8,Hybrid
42,246,1965,5,2,0,25,25,7,Hybrid
41,246,1965,5,3,1,20,25,7,Hybrid
1,246,1966,6,1,1,15,20,6,Gasoline
4,246,1966,6,2,0,15,25,6,Gasoline
41,246,1966,6,3,0,20,25,7,Hybrid
77,246,1967,7,1,0,20,25,8,Electric
15,246,1967,7,2,0,25,25,7,Gasoline
47,246,1967,7,3,1,20,20,8,Hybrid
76,246,1968,8,1,0,15,25,8,Electric
4,246,1968,8,2,1,15,25,6,Gasoline
72,246,1968,8,3,0,25,30,7,Electric
45,247,1969,1,1,1,25,30,7,Hybrid
65,247,1969,1,2,0,20,20,7,Electric
73,247,1969,1,3,0,15,20,8,Electric
38,247,1970,2,1,1,20,20,7,Hybrid
71,247,1970,2,2,0,20,30,7,Electric
12,247,1970,2,3,0,25,20,7,Gasoline
43,247,1971,3,1,1,15,30,7,Hybrid
20,247,1971,3,2,0,20,20,8,Gasoline
12,247,1971,3,3,0,25,20,7,Gasoline
34,247,1972,4,1,1,15,30,6,Hybrid
45,247,1972,4,2,0,25,30,7,Hybrid
15,247,1972,4,3,0,25,25,7,Gasoline
34,247,1973,5,1,1,15,30,6,Hybrid
68,247,1973,5,2,0,20,25,7,Electric
7,247,1973,5,3,0,15,30,6,Gasoline
37,247,1974,6,1,0,15,20,7,Hybrid
33,247,1974,6,2,1,25,25,6,Hybrid
22,247,1974,6,3,0,15,25,8,Gasoline
6,247,1975,7,1,0,25,25,6,Gasoline
74,247,1975,7,2,0,20,20,8,Electric
80,247,1975,7,3,1,20,30,8,Electric
61,247,1976,8,1,0,15,30,6,Electric
3,247,1976,8,2,1,25,20,6,Gasoline
6,247,1976,8,3,0,25,25,6,Gasoline
80,248,1977,1,1,0,20,30,8,Electric
16,248,1977,1,2,1,15,30,7,Gasoline
77,248,1977,1,3,0,20,25,8,Electric
61,248,1978,2,1,0,15,30,6,Electric
80,248,1978,2,2,0,20,30,8,Electric
40,248,1978,2,3,1,15,25,7,Hybrid
22,248,1979,3,1,1,15,25,8,Gasoline
6,248,1979,3,2,0,25,25,6,Gasoline
13,248,1979,3,3,0,15,25,7,Gasoline
71,248,1980,4,1,1,20,30,7,Electric
19,248,1980,4,2,0,15,20,8,Gasoline
33,248,1980,4,3,0,25,25,6,Hybrid
76,248,1981,5,1,1,15,25,8,Electric
44,248,1981,5,2,0,20,30,7,Hybrid
24,248,1981,5,3,0,25,25,8,Gasoline
24,248,1982,6,1,0,25,25,8,Gasoline
5,248,1982,6,2,1,20,25,6,Gasoline
51,248,1982,6,3,0,25,25,8,Hybrid
2,248,1983,7,1,0,20,20,6,Gasoline
76,248,1983,7,2,1,15,25,8,Electric
33,248,1983,7,3,0,25,25,6,Hybrid
10,248,1984,8,1,0,15,20,7,Gasoline
48,248,1984,8,2,0,25,20,8,Hybrid
19,248,1984,8,3,1,15,20,8,Gasoline
53,249,1985,1,1,0,20,30,8,Hybrid
29,249,1985,1,2,0,20,20,6,Hybrid
8,249,1985,1,3,1,20,30,6,Gasoline
63,249,1986,2,1,0,25,30,6,Electric
71,249,1986,2,2,1,20,30,7,Electric
41,249,1986,2,3,0,20,25,7,Hybrid
56,249,1987,3,1,0,20,20,6,Electric
64,249,1987,3,2,0,15,20,7,Electric
2,249,1987,3,3,1,20,20,6,Gasoline
59,249,1988,4,1,0,20,25,6,Electric
20,249,1988,4,2,1,20,20,8,Gasoline
23,249,1988,4,3,0,20,25,8,Gasoline
79,249,1989,5,1,0,15,30,8,Electric
45,249,1989,5,2,0,25,30,7,Hybrid
75,249,1989,5,3,1,25,20,8,Electric
12,249,1990,6,1,1,25,20,7,Gasoline
78,249,1990,6,2,0,25,25,8,Electric
70,249,1990,6,3,0,15,30,7,Electric
58,249,1991,7,1,0,15,25,6,Electric
10,249,1991,7,2,1,15,20,7,Gasoline
43,249,1991,7,3,0,15,30,7,Hybrid
49,249,1992,8,1,1,15,25,8,Hybrid
68,249,1992,8,2,0,20,25,7,Electric
80,249,1992,8,3,0,20,30,8,Electric
4,250,1993,1,1,1,15,25,6,Gasoline
30,250,1993,1,2,0,25,20,6,Hybrid
66,250,1993,1,3,0,25,20,7,Electric
9,250,1994,2,1,0,25,30,6,Gasoline
17,250,1994,2,2,0,20,30,7,Gasoline
16,250,1994,2,3,1,15,30,7,Gasoline
31,250,1995,3,1,0,15,25,6,Hybrid
25,250,1995,3,2,0,15,30,8,Gasoline
44,250,1995,3,3,1,20,30,7,Hybrid
12,250,1996,4,1,1,25,20,7,Gasoline
76,250,1996,4,2,0,15,25,8,Electric
65,250,1996,4,3,0,20,20,7,Electric
53,250,1997,5,1,1,20,30,8,Hybrid
15,250,1997,5,2,0,25,25,7,Gasoline
48,250,1997,5,3,0,25,20,8,Hybrid
27,250,1998,6,1,0,25,30,8,Gasoline
53,250,1998,6,2,0,20,30,8,Hybrid
14,250,1998,6,3,1,20,25,7,Gasoline
27,250,1999,7,1,1,25,30,8,Gasoline
29,250,1999,7,2,0,20,20,6,Hybrid
41,250,1999,7,3,0,20,25,7,Hybrid
78,250,2000,8,1,1,25,25,8,Electric
2,250,2000,8,2,0,20,20,6,Gasoline
65,250,2000,8,3,0,20,20,7,Electric
12,251,2001,1,1,0,25,20,7,Gasoline
9,251,2001,1,2,1,25,30,6,Gasoline
62,251,2001,1,3,0,20,30,6,Electric
42,251,2002,2,1,0,25,25,7,Hybrid
6,251,2002,2,2,0,25,25,6,Gasoline
7,251,2002,2,3,1,15,30,6,Gasoline
31,251,2003,3,1,1,15,25,6,Hybrid
2,251,2003,3,2,0,20,20,6,Gasoline
62,251,2003,3,3,0,20,30,6,Electric
20,251,2004,4,1,0,20,20,8,Gasoline
41,251,2004,4,2,1,20,25,7,Hybrid
52,251,2004,4,3,0,15,30,8,Hybrid
66,251,2005,5,1,0,25,20,7,Electric
77,251,2005,5,2,1,20,25,8,Electric
29,251,2005,5,3,0,20,20,6,Hybrid
16,251,2006,6,1,1,15,30,7,Gasoline
65,251,2006,6,2,0,20,20,7,Electric
57,251,2006,6,3,0,25,20,6,Electric
29,251,2007,7,1,1,20,20,6,Hybrid
40,251,2007,7,2,0,15,25,7,Hybrid
51,251,2007,7,3,0,25,25,8,Hybrid
9,251,2008,8,1,0,25,30,6,Gasoline
41,251,2008,8,2,0,20,25,7,Hybrid
39,251,2008,8,3,1,25,20,7,Hybrid
60,252,2009,1,1,0,25,25,6,Electric
40,252,2009,1,2,0,15,25,7,Hybrid
56,252,2009,1,3,1,20,20,6,Electric
2,252,2010,2,1,0,20,20,6,Gasoline
27,252,2010,2,2,0,25,30,8,Gasoline
5,252,2010,2,3,1,20,25,6,Gasoline
35,252,2011,3,1,1,20,30,6,Hybrid
77,252,2011,3,2,0,20,25,8,Electric
69,252,2011,3,3,0,25,25,7,Electric
26,252,2012,4,1,0,20,30,8,Gasoline
32,252,2012,4,2,0,20,25,6,Hybrid
21,252,2012,4,3,1,25,20,8,Gasoline
5,252,2013,5,1,0,20,25,6,Gasoline
8,252,2013,5,2,0,20,30,6,Gasoline
53,252,2013,5,3,1,20,30,8,Hybrid
18,252,2014,6,1,1,25,30,7,Gasoline
63,252,2014,6,2,0,25,30,6,Electric
75,252,2014,6,3,0,25,20,8,Electric
68,252,2015,7,1,0,20,25,7,Electric
78,252,2015,7,2,0,25,25,8,Electric
25,252,2015,7,3,1,15,30,8,Gasoline
43,252,2016,8,1,1,15,30,7,Hybrid
71,252,2016,8,2,0,20,30,7,Electric
6,252,2016,8,3,0,25,25,6,Gasoline
25,253,2017,1,1,0,15,30,8,Gasoline
52,253,2017,1,2,0,15,30,8,Hybrid
38,253,2017,1,3,1,20,20,7,Hybrid
55,253,2018,2,1,0,15,20,6,Electric
39,253,2018,2,2,1,25,20,7,Hybrid
56,253,2018,2,3,0,20,20,6,Electric
27,253,2019,3,1,0,25,30,8,Gasoline
18,253,2019,3,2,0,25,30,7,Gasoline
57,253,2019,3,3,1,25,20,6,Electric
61,253,2020,4,1,0,15,30,6,Electric
32,253,2020,4,2,1,20,25,6,Hybrid
51,253,2020,4,3,0,25,25,8,Hybrid
70,253,2021,5,1,1,15,30,7,Electric
77,253,2021,5,2,0,20,25,8,Electric
28,253,2021,5,3,0,15,20,6,Hybrid
41,253,2022,6,1,0,20,25,7,Hybrid
39,253,2022,6,2,0,25,20,7,Hybrid
54,253,2022,6,3,1,25,30,8,Hybrid
10,253,2023,7,1,0,15,20,7,Gasoline
55,253,2023,7,2,0,15,20,6,Electric
14,253,2023,7,3,1,20,25,7,Gasoline
68,253,2024,8,1,0,20,25,7,Electric
63,253,2024,8,2,0,25,30,6,Electric
7,253,2024,8,3,1,15,30,6,Gasoline
45,254,2025,1,1,0,25,30,7,Hybrid
79,254,2025,1,2,0,15,30,8,Electric
5,254,2025,1,3,1,20,25,6,Gasoline
26,254,2026,2,1,0,20,30,8,Gasoline
41,254,2026,2,2,1,20,25,7,Hybrid
50,254,2026,2,3,0,20,25,8,Hybrid
46,254,2027,3,1,0,15,20,8,Hybrid
49,254,2027,3,2,1,15,25,8,Hybrid
74,254,2027,3,3,0,20,20,8,Electric
37,254,2028,4,1,0,15,20,7,Hybrid
49,254,2028,4,2,1,15,25,8,Hybrid
5,254,2028,4,3,0,20,25,6,Gasoline
66,254,2029,5,1,0,25,20,7,Electric
65,254,2029,5,2,1,20,20,7,Electric
6,254,2029,5,3,0,25,25,6,Gasoline
9,254,2030,6,1,0,25,30,6,Gasoline
3,254,2030,6,2,1,25,20,6,Gasoline
56,254,2030,6,3,0,20,20,6,Electric
8,254,2031,7,1,1,20,30,6,Gasoline
5,254,2031,7,2,0,20,25,6,Gasoline
32,254,2031,7,3,0,20,25,6,Hybrid
4,254,2032,8,1,1,15,25,6,Gasoline
51,254,2032,8,2,0,25,25,8,Hybrid
56,254,2032,8,3,0,20,20,6,Electric
65,255,2033,1,1,1,20,20,7,Electric
56,255,2033,1,2,0,20,20,6,Electric
60,255,2033,1,3,0,25,25,6,Electric
75,255,2034,2,1,0,25,20,8,Electric
33,255,2034,2,2,0,25,25,6,Hybrid
20,255,2034,2,3,1,20,20,8,Gasoline
52,255,2035,3,1,1,15,30,8,Hybrid
45,255,2035,3,2,0,25,30,7,Hybrid
2,255,2035,3,3,0,20,20,6,Gasoline
15,255,2036,4,1,0,25,25,7,Gasoline
6,255,2036,4,2,0,25,25,6,Gasoline
57,255,2036,4,3,1,25,20,6,Electric
20,255,2037,5,1,0,20,20,8,Gasoline
49,255,2037,5,2,1,15,25,8,Hybrid
70,255,2037,5,3,0,15,30,7,Electric
52,255,2038,6,1,1,15,30,8,Hybrid
15,255,2038,6,2,0,25,25,7,Gasoline
1,255,2038,6,3,0,15,20,6,Gasoline
58,255,2039,7,1,0,15,25,6,Electric
9,255,2039,7,2,0,25,30,6,Gasoline
76,255,2039,7,3,1,15,25,8,Electric
11,255,2040,8,1,0,20,20,7,Gasoline
34,255,2040,8,2,1,15,30,6,Hybrid
73,255,2040,8,3,0,15,20,8,Electric
16,256,2041,1,1,0,15,30,7,Gasoline
13,256,2041,1,2,1,15,25,7,Gasoline
57,256,2041,1,3,0,25,20,6,Electric
81,256,2042,2,1,0,25,30,8,Electric
39,256,2042,2,2,0,25,20,7,Hybrid
12,256,2042,2,3,1,25,20,7,Gasoline
55,256,2043,3,1,0,15,20,6,Electric
7,256,2043,3,2,1,15,30,6,Gasoline
35,256,2043,3,3,0,20,30,6,Hybrid
75,256,2044,4,1,0,25,20,8,Electric
66,256,2044,4,2,0,25,20,7,Electric
50,256,2044,4,3,1,20,25,8,Hybrid
80,256,2045,5,1,0,20,30,8,Electric
7,256,2045,5,2,1,15,30,6,Gasoline
63,256,2045,5,3,0,25,30,6,Electric
34,256,2046,6,1,1,15,30,6,Hybrid
41,256,2046,6,2,0,20,25,7,Hybrid
6,256,2046,6,3,0,25,25,6,Gasoline
62,256,2047,7,1,1,20,30,6,Electric
39,256,2047,7,2,0,25,20,7,Hybrid
44,256,2047,7,3,0,20,30,7,Hybrid
3,256,2048,8,1,0,25,20,6,Gasoline
44,256,2048,8,2,0,20,30,7,Hybrid
2,256,2048,8,3,1,20,20,6,Gasoline
57,257,2049,1,1,0,25,20,6,Electric
13,257,2049,1,2,1,15,25,7,Gasoline
11,257,2049,1,3,0,20,20,7,Gasoline
21,257,2050,2,1,0,25,20,8,Gasoline
61,257,2050,2,2,0,15,30,6,Electric
35,257,2050,2,3,1,20,30,6,Hybrid
35,257,2051,3,1,0,20,30,6,Hybrid
40,257,2051,3,2,1,15,25,7,Hybrid
25,257,2051,3,3,0,15,30,8,Gasoline
15,257,2052,4,1,0,25,25,7,Gasoline
64,257,2052,4,2,0,15,20,7,Electric
5,257,2052,4,3,1,20,25,6,Gasoline
42,257,2053,5,1,0,25,25,7,Hybrid
79,257,2053,5,2,1,15,30,8,Electric
59,257,2053,5,3,0,20,25,6,Electric
19,257,2054,6,1,0,15,20,8,Gasoline
78,257,2054,6,2,0,25,25,8,Electric
16,257,2054,6,3,1,15,30,7,Gasoline
72,257,2055,7,1,0,25,30,7,Electric
12,257,2055,7,2,0,25,20,7,Gasoline
21,257,2055,7,3,1,25,20,8,Gasoline
38,257,2056,8,1,1,20,20,7,Hybrid
11,257,2056,8,2,0,20,20,7,Gasoline
73,257,2056,8,3,0,15,20,8,Electric
50,258,2057,1,1,1,20,25,8,Hybrid
75,258,2057,1,2,0,25,20,8,Electric
15,258,2057,1,3,0,25,25,7,Gasoline
50,258,2058,2,1,0,20,25,8,Hybrid
71,258,2058,2,2,1,20,30,7,Electric
56,258,2058,2,3,0,20,20,6,Electric
32,258,2059,3,1,0,20,25,6,Hybrid
28,258,2059,3,2,1,15,20,6,Hybrid
49,258,2059,3,3,0,15,25,8,Hybrid
33,258,2060,4,1,0,25,25,6,Hybrid
74,258,2060,4,2,1,20,20,8,Electric
79,258,2060,4,3,0,15,30,8,Electric
46,258,2061,5,1,1,15,20,8,Hybrid
61,258,2061,5,2,0,15,30,6,Electric
36,258,2061,5,3,0,25,30,6,Hybrid
44,258,2062,6,1,0,20,30,7,Hybrid
59,258,2062,6,2,1,20,25,6,Electric
42,258,2062,6,3,0,25,25,7,Hybrid
34,258,2063,7,1,0,15,30,6,Hybrid
24,258,2063,7,2,0,25,25,8,Gasoline
22,258,2063,7,3,1,15,25,8,Gasoline
57,258,2064,8,1,0,25,20,6,Electric
76,258,2064,8,2,1,15,25,8,Electric
29,258,2064,8,3,0,20,20,6,Hybrid
23,259,2065,1,1,0,20,25,8,Gasoline
24,259,2065,1,2,0,25,25,8,Gasoline
59,259,2065,1,3,1,20,25,6,Electric
55,259,2066,2,1,0,15,20,6,Electric
12,259,2066,2,2,0,25,20,7,Gasoline
2,259,2066,2,3,1,20,20,6,Gasoline
71,259,2067,3,1,1,20,30,7,Electric
24,259,2067,3,2,0,25,25,8,Gasoline
50,259,2067,3,3,0,20,25,8,Hybrid
52,259,2068,4,1,1,15,30,8,Hybrid
15,259,2068,4,2,0,25,25,7,Gasoline
21,259,2068,4,3,0,25,20,8,Gasoline
58,259,2069,5,1,0,15,25,6,Electric
48,259,2069,5,2,0,25,20,8,Hybrid
46,259,2069,5,3,1,15,20,8,Hybrid
31,259,2070,6,1,1,15,25,6,Hybrid
13,259,2070,6,2,0,15,25,7,Gasoline
61,259,2070,6,3,0,15,30,6,Electric
36,259,2071,7,1,0,25,30,6,Hybrid
20,259,2071,7,2,1,20,20,8,Gasoline
37,259,2071,7,3,0,15,20,7,Hybrid
9,259,2072,8,1,0,25,30,6,Gasoline
35,259,2072,8,2,1,20,30,6,Hybrid
5,259,2072,8,3,0,20,25,6,Gasoline
6,260,2073,1,1,0,25,25,6,Gasoline
78,260,2073,1,2,1,25,25,8,Electric
75,260,2073,1,3,0,25,20,8,Electric
1,260,2074,2,1,1,15,20,6,Gasoline
38,260,2074,2,2,0,20,20,7,Hybrid
14,260,2074,2,3,0,20,25,7,Gasoline
19,260,2075,3,1,0,15,20,8,Gasoline
25,260,2075,3,2,1,15,30,8,Gasoline
44,260,2075,3,3,0,20,30,7,Hybrid
73,260,2076,4,1,0,15,20,8,Electric
26,260,2076,4,2,0,20,30,8,Gasoline
64,260,2076,4,3,1,15,20,7,Electric
43,260,2077,5,1,0,15,30,7,Hybrid
22,260,2077,5,2,1,15,25,8,Gasoline
25,260,2077,5,3,0,15,30,8,Gasoline
21,260,2078,6,1,0,25,20,8,Gasoline
9,260,2078,6,2,0,25,30,6,Gasoline
40,260,2078,6,3,1,15,25,7,Hybrid
1,260,2079,7,1,1,15,20,6,Gasoline
67,260,2079,7,2,0,15,25,7,Electric
31,260,2079,7,3,0,15,25,6,Hybrid
43,260,2080,8,1,0,15,30,7,Hybrid
1,260,2080,8,2,1,15,20,6,Gasoline
14,260,2080,8,3,0,20,25,7,Gasoline
5,261,2081,1,1,1,20,25,6,Gasoline
65,261,2081,1,2,0,20,20,7,Electric
55,261,2081,1,3,0,15,20,6,Electric
25,261,2082,2,1,0,15,30,8,Gasoline
73,261,2082,2,2,1,15,20,8,Electric
22,261,2082,2,3,0,15,25,8,Gasoline
53,261,2083,3,1,0,20,30,8,Hybrid
4,261,2083,3,2,1,15,25,6,Gasoline
75,261,2083,3,3,0,25,20,8,Electric
78,261,2084,4,1,0,25,25,8,Electric
74,261,2084,4,2,0,20,20,8,Electric
37,261,2084,4,3,1,15,20,7,Hybrid
40,261,2085,5,1,0,15,25,7,Hybrid
16,261,2085,5,2,1,15,30,7,Gasoline
56,261,2085,5,3,0,20,20,6,Electric
58,261,2086,6,1,1,15,25,6,Electric
15,261,2086,6,2,0,25,25,7,Gasoline
75,261,2086,6,3,0,25,20,8,Electric
57,261,2087,7,1,0,25,20,6,Electric
71,261,2087,7,2,0,20,30,7,Electric
80,261,2087,7,3,1,20,30,8,Electric
66,261,2088,8,1,0,25,20,7,Electric
34,261,2088,8,2,1,15,30,6,Hybrid
26,261,2088,8,3,0,20,30,8,Gasoline
59,262,2089,1,1,0,20,25,6,Electric
5,262,2089,1,2,0,20,25,6,Gasoline
64,262,2089,1,3,1,15,20,7,Electric
55,262,2090,2,1,1,15,20,6,Electric
51,262,2090,2,2,0,25,25,8,Hybrid
76,262,2090,2,3,0,15,25,8,Electric
81,262,2091,3,1,0,25,30,8,Electric
33,262,2091,3,2,0,25,25,6,Hybrid
10,262,2091,3,3,1,15,20,7,Gasoline
43,262,2092,4,1,1,15,30,7,Hybrid
2,262,2092,4,2,0,20,20,6,Gasoline
19,262,2092,4,3,0,15,20,8,Gasoline
54,262,2093,5,1,1,25,30,8,Hybrid
30,262,2093,5,2,0,25,20,6,Hybrid
78,262,2093,5,3,0,25,25,8,Electric
34,262,2094,6,1,1,15,30,6,Hybrid
3,262,2094,6,2,0,25,20,6,Gasoline
41,262,2094,6,3,0,20,25,7,Hybrid
80,262,2095,7,1,0,20,30,8,Electric
48,262,2095,7,2,0,25,20,8,Hybrid
50,262,2095,7,3,1,20,25,8,Hybrid
27,262,2096,8,1,0,25,30,8,Gasoline
36,262,2096,8,2,0,25,30,6,Hybrid
34,262,2096,8,3,1,15,30,6,Hybrid
46,263,2097,1,1,0,15,20,8,Hybrid
6,263,2097,1,2,0,25,25,6,Gasoline
13,263,2097,1,3,1,15,25,7,Gasoline
4,263,2098,2,1,1,15,25,6,Gasoline
38,263,2098,2,2,0,20,20,7,Hybrid
39,263,2098,2,3,0,25,20,7,Hybrid
12,263,2099,3,1,1,25,20,7,Gasoline
6,263,2099,3,2,0,25,25,6,Gasoline
3,263,2099,3,3,0,25,20,6,Gasoline
18,263,2100,4,1,1,25,30,7,Gasoline
47,263,2100,4,2,0,20,20,8,Hybrid
81,263,2100,4,3,0,25,30,8,Electric
16,263,2101,5,1,1,15,30,7,Gasoline
39,263,2101,5,2,0,25,20,7,Hybrid
15,263,2101,5,3,0,25,25,7,Gasoline
18,263,2102,6,1,0,25,30,7,Gasoline
2,263,2102,6,2,1,20,20,6,Gasoline
57,263,2102,6,3,0,25,20,6,Electric
29,263,2103,7,1,0,20,20,6,Hybrid
55,263,2103,7,2,0,15,20,6,Electric
10,263,2103,7,3,1,15,20,7,Gasoline
22,263,2104,8,1,0,15,25,8,Gasoline
58,263,2104,8,2,1,15,25,6,Electric
80,263,2104,8,3,0,20,30,8,Electric
44,264,2105,1,1,0,20,30,7,Hybrid
4,264,2105,1,2,1,15,25,6,Gasoline
6,264,2105,1,3,0,25,25,6,Gasoline
23,264,2106,2,1,0,20,25,8,Gasoline
57,264,2106,2,2,1,25,20,6,Electric
63,264,2106,2,3,0,25,30,6,Electric
31,264,2107,3,1,1,15,25,6,Hybrid
3,264,2107,3,2,0,25,20,6,Gasoline
59,264,2107,3,3,0,20,25,6,Electric
3,264,2108,4,1,0,25,20,6,Gasoline
77,264,2108,4,2,0,20,25,8,Electric
70,264,2108,4,3,1,15,30,7,Electric
53,264,2109,5,1,1,20,30,8,Hybrid
18,264,2109,5,2,0,25,30,7,Gasoline
71,264,2109,5,3,0,20,30,7,Electric
77,264,2110,6,1,0,20,25,8,Electric
40,264,2110,6,2,1,15,25,7,Hybrid
55,264,2110,6,3,0,15,20,6,Electric
21,264,2111,7,1,0,25,20,8,Gasoline
61,264,2111,7,2,1,15,30,6,Electric
62,264,2111,7,3,0,20,30,6,Electric
75,264,2112,8,1,0,25,20,8,Electric
11,264,2112,8,2,0,20,20,7,Gasoline
31,264,2112,8,3,1,15,25,6,Hybrid
75,265,2113,1,1,0,25,20,8,Electric
24,265,2113,1,2,1,25,25,8,Gasoline
64,265,2113,1,3,0,15,20,7,Electric
73,265,2114,2,1,0,15,20,8,Electric
13,265,2114,2,2,1,15,25,7,Gasoline
40,265,2114,2,3,0,15,25,7,Hybrid
13,265,2115,3,1,0,15,25,7,Gasoline
43,265,2115,3,2,1,15,30,7,Hybrid
80,265,2115,3,3,0,20,30,8,Electric
25,265,2116,4,1,1,15,30,8,Gasoline
40,265,2116,4,2,0,15,25,7,Hybrid
14,265,2116,4,3,0,20,25,7,Gasoline
30,265,2117,5,1,0,25,20,6,Hybrid
8,265,2117,5,2,1,20,30,6,Gasoline
2,265,2117,5,3,0,20,20,6,Gasoline
1,265,2118,6,1,1,15,20,6,Gasoline
26,265,2118,6,2,0,20,30,8,Gasoline
24,265,2118,6,3,0,25,25,8,Gasoline
2,265,2119,7,1,1,20,20,6,Gasoline
61,265,2119,7,2,0,15,30,6,Electric
36,265,2119,7,3,0,25,30,6,Hybrid
4,265,2120,8,1,1,15,25,6,Gasoline
63,265,2120,8,2,0,25,30,6,Electric
18,265,2120,8,3,0,25,30,7,Gasoline
78,266,2121,1,1,0,25,25,8,Electric
14,266,2121,1,2,0,20,25,7,Gasoline
25,266,2121,1,3,1,15,30,8,Gasoline
51,266,2122,2,1,0,25,25,8,Hybrid
9,266,2122,2,2,1,25,30,6,Gasoline
54,266,2122,2,3,0,25,30,8,Hybrid
32,266,2123,3,1,1,20,25,6,Hybrid
26,266,2123,3,2,0,20,30,8,Gasoline
27,266,2123,3,3,0,25,30,8,Gasoline
79,266,2124,4,1,0,15,30,8,Electric
9,266,2124,4,2,0,25,30,6,Gasoline
49,266,2124,4,3,1,15,25,8,Hybrid
77,266,2125,5,1,0,20,25,8,Electric
72,266,2125,5,2,0,25,30,7,Electric
37,266,2125,5,3,1,15,20,7,Hybrid
13,266,2126,6,1,0,15,25,7,Gasoline
44,266,2126,6,2,0,20,30,7,Hybrid
61,266,2126,6,3,1,15,30,6,Electric
10,266,2127,7,1,0,15,20,7,Gasoline
67,266,2127,7,2,1,15,25,7,Electric
3,266,2127,7,3,0,25,20,6,Gasoline
11,266,2128,8,1,0,20,20,7,Gasoline
21,266,2128,8,2,0,25,20,8,Gasoline
9,266,2128,8,3,1,25,30,6,Gasoline
27,267,2129,1,1,0,25,30,8,Gasoline
40,267,2129,1,2,1,15,25,7,Hybrid
52,267,2129,1,3,0,15,30,8,Hybrid
27,267,2130,2,1,0,25,30,8,Gasoline
68,267,2130,2,2,1,20,25,7,Electric
18,267,2130,2,3,0,25,30,7,Gasoline
24,267,2131,3,1,1,25,25,8,Gasoline
29,267,2131,3,2,0,20,20,6,Hybrid
48,267,2131,3,3,0,25,20,8,Hybrid
6,267,2132,4,1,0,25,25,6,Gasoline
18,267,2132,4,2,1,25,30,7,Gasoline
77,267,2132,4,3,0,20,25,8,Electric
76,267,2133,5,1,0,15,25,8,Electric
45,267,2133,5,2,0,25,30,7,Hybrid
28,267,2133,5,3,1,15,20,6,Hybrid
56,267,2134,6,1,0,20,20,6,Electric
34,267,2134,6,2,1,15,30,6,Hybrid
58,267,2134,6,3,0,15,25,6,Electric
20,267,2135,7,1,1,20,20,8,Gasoline
12,267,2135,7,2,0,25,20,7,Gasoline
59,267,2135,7,3,0,20,25,6,Electric
8,267,2136,8,1,1,20,30,6,Gasoline
53,267,2136,8,2,0,20,30,8,Hybrid
69,267,2136,8,3,0,25,25,7,Electric
32,268,2137,1,1,1,20,25,6,Hybrid
17,268,2137,1,2,0,20,30,7,Gasoline
26,268,2137,1,3,0,20,30,8,Gasoline
28,268,2138,2,1,1,15,20,6,Hybrid
63,268,2138,2,2,0,25,30,6,Electric
40,268,2138,2,3,0,15,25,7,Hybrid
80,268,2139,3,1,0,20,30,8,Electric
57,268,2139,3,2,0,25,20,6,Electric
52,268,2139,3,3,1,15,30,8,Hybrid
79,268,2140,4,1,0,15,30,8,Electric
69,268,2140,4,2,0,25,25,7,Electric
62,268,2140,4,3,1,20,30,6,Electric
70,268,2141,5,1,1,15,30,7,Electric
56,268,2141,5,2,0,20,20,6,Electric
33,268,2141,5,3,0,25,25,6,Hybrid
9,268,2142,6,1,1,25,30,6,Gasoline
29,268,2142,6,2,0,20,20,6,Hybrid
59,268,2142,6,3,0,20,25,6,Electric
30,268,2143,7,1,1,25,20,6,Hybrid
36,268,2143,7,2,0,25,30,6,Hybrid
58,268,2143,7,3,0,15,25,6,Electric
65,268,2144,8,1,0,20,20,7,Electric
53,268,2144,8,2,1,20,30,8,Hybrid
73,268,2144,8,3,0,15,20,8,Electric
69,269,2145,1,1,0,25,25,7,Electric
2,269,2145,1,2,0,20,20,6,Gasoline
17,269,2145,1,3,1,20,30,7,Gasoline
78,269,2146,2,1,0,25,25,8,Electric
72,269,2146,2,2,0,25,30,7,Electric
46,269,2146,2,3,1,15,20,8,Hybrid
13,269,2147,3,1,0,15,25,7,Gasoline
40,269,2147,3,2,0,15,25,7,Hybrid
79,269,2147,3,3,1,15,30,8,Electric
11,269,2148,4,1,0,20,20,7,Gasoline
26,269,2148,4,2,1,20,30,8,Gasoline
72,269,2148,4,3,0,25,30,7,Electric
68,269,2149,5,1,0,20,25,7,Electric
66,269,2149,5,2,0,25,20,7,Electric
49,269,2149,5,3,1,15,25,8,Hybrid
67,269,2150,6,1,0,15,25,7,Electric
32,269,2150,6,2,0,20,25,6,Hybrid
28,269,2150,6,3,1,15,20,6,Hybrid
6,269,2151,7,1,0,25,25,6,Gasoline
24,269,2151,7,2,0,25,25,8,Gasoline
10,269,2151,7,3,1,15,20,7,Gasoline
66,269,2152,8,1,0,25,20,7,Electric
26,269,2152,8,2,1,20,30,8,Gasoline
81,269,2152,8,3,0,25,30,8,Electric
25,270,2153,1,1,1,15,30,8,Gasoline
80,270,2153,1,2,0,20,30,8,Electric
26,270,2153,1,3,0,20,30,8,Gasoline
23,270,2154,2,1,0,20,25,8,Gasoline
7,270,2154,2,2,0,15,30,6,Gasoline
22,270,2154,2,3,1,15,25,8,Gasoline
8,270,2155,3,1,0,20,30,6,Gasoline
38,270,2155,3,2,1,20,20,7,Hybrid
23,270,2155,3,3,0,20,25,8,Gasoline
18,270,2156,4,1,1,25,30,7,Gasoline
51,270,2156,4,2,0,25,25,8,Hybrid
64,270,2156,4,3,0,15,20,7,Electric
76,270,2157,5,1,1,15,25,8,Electric
33,270,2157,5,2,0,25,25,6,Hybrid
10,270,2157,5,3,0,15,20,7,Gasoline
63,270,2158,6,1,0,25,30,6,Electric
61,270,2158,6,2,0,15,30,6,Electric
29,270,2158,6,3,1,20,20,6,Hybrid
25,270,2159,7,1,1,15,30,8,Gasoline
79,270,2159,7,2,0,15,30,8,Electric
66,270,2159,7,3,0,25,20,7,Electric
35,270,2160,8,1,1,20,30,6,Hybrid
3,270,2160,8,2,0,25,20,6,Gasoline
31,270,2160,8,3,0,15,25,6,Hybrid
32,271,2161,1,1,1,20,25,6,Hybrid
72,271,2161,1,2,0,25,30,7,Electric
50,271,2161,1,3,0,20,25,8,Hybrid
33,271,2162,2,1,0,25,25,6,Hybrid
12,271,2162,2,2,0,25,20,7,Gasoline
31,271,2162,2,3,1,15,25,6,Hybrid
15,271,2163,3,1,0,25,25,7,Gasoline
23,271,2163,3,2,1,20,25,8,Gasoline
3,271,2163,3,3,0,25,20,6,Gasoline
21,271,2164,4,1,0,25,20,8,Gasoline
14,271,2164,4,2,0,20,25,7,Gasoline
52,271,2164,4,3,1,15,30,8,Hybrid
8,271,2165,5,1,0,20,30,6,Gasoline
61,271,2165,5,2,1,15,30,6,Electric
3,271,2165,5,3,0,25,20,6,Gasoline
54,271,2166,6,1,1,25,30,8,Hybrid
65,271,2166,6,2,0,20,20,7,Electric
70,271,2166,6,3,0,15,30,7,Electric
59,271,2167,7,1,0,20,25,6,Electric
7,271,2167,7,2,1,15,30,6,Gasoline
1,271,2167,7,3,0,15,20,6,Gasoline
8,271,2168,8,1,1,20,30,6,Gasoline
20,271,2168,8,2,0,20,20,8,Gasoline
75,271,2168,8,3,0,25,20,8,Electric
42,272,2169,1,1,0,25,25,7,Hybrid
80,272,2169,1,2,0,20,30,8,Electric
43,272,2169,1,3,1,15,30,7,Hybrid
3,272,2170,2,1,0,25,20,6,Gasoline
40,272,2170,2,2,1,15,25,7,Hybrid
29,272,2170,2,3,0,20,20,6,Hybrid
25,272,2171,3,1,1,15,30,8,Gasoline
13,272,2171,3,2,0,15,25,7,Gasoline
18,272,2171,3,3,0,25,30,7,Gasoline
22,272,2172,4,1,0,15,25,8,Gasoline
49,272,2172,4,2,0,15,25,8,Hybrid
25,272,2172,4,3,1,15,30,8,Gasoline
33,272,2173,5,1,0,25,25,6,Hybrid
66,272,2173,5,2,1,25,20,7,Electric
78,272,2173,5,3,0,25,25,8,Electric
26,272,2174,6,1,0,20,30,8,Gasoline
41,272,2174,6,2,0,20,25,7,Hybrid
55,272,2174,6,3,1,15,20,6,Electric
54,272,2175,7,1,1,25,30,8,Hybrid
30,272,2175,7,2,0,25,20,6,Hybrid
51,272,2175,7,3,0,25,25,8,Hybrid
23,272,2176,8,1,0,20,25,8,Gasoline
64,272,2176,8,2,0,15,20,7,Electric
28,272,2176,8,3,1,15,20,6,Hybrid
22,273,2177,1,1,1,15,25,8,Gasoline
48,273,2177,1,2,0,25,20,8,Hybrid
74,273,2177,1,3,0,20,20,8,Electric
18,273,2178,2,1,1,25,30,7,Gasoline
79,273,2178,2,2,0,15,30,8,Electric
65,273,2178,2,3,0,20,20,7,Electric
43,273,2179,3,1,1,15,30,7,Hybrid
58,273,2179,3,2,0,15,25,6,Electric
8,273,2179,3,3,0,20,30,6,Gasoline
3,273,2180,4,1,0,25,20,6,Gasoline
58,273,2180,4,2,1,15,25,6,Electric
62,273,2180,4,3,0,20,30,6,Electric
22,273,2181,5,1,1,15,25,8,Gasoline
74,273,2181,5,2,0,20,20,8,Electric
56,273,2181,5,3,0,20,20,6,Electric
39,273,2182,6,1,0,25,20,7,Hybrid
13,273,2182,6,2,1,15,25,7,Gasoline
79,273,2182,6,3,0,15,30,8,Electric
12,273,2183,7,1,1,25,20,7,Gasoline
41,273,2183,7,2,0,20,25,7,Hybrid
60,273,2183,7,3,0,25,25,6,Electric
56,273,2184,8,1,0,20,20,6,Electric
40,273,2184,8,2,1,15,25,7,Hybrid
44,273,2184,8,3,0,20,30,7,Hybrid
11,274,2185,1,1,0,20,20,7,Gasoline
19,274,2185,1,2,1,15,20,8,Gasoline
65,274,2185,1,3,0,20,20,7,Electric
22,274,2186,2,1,0,15,25,8,Gasoline
31,274,2186,2,2,0,15,25,6,Hybrid
38,274,2186,2,3,1,20,20,7,Hybrid
26,274,2187,3,1,0,20,30,8,Gasoline
5,274,2187,3,2,0,20,25,6,Gasoline
32,274,2187,3,3,1,20,25,6,Hybrid
46,274,2188,4,1,1,15,20,8,Hybrid
68,274,2188,4,2,0,20,25,7,Electric
54,274,2188,4,3,0,25,30,8,Hybrid
44,274,2189,5,1,0,20,30,7,Hybrid
2,274,2189,5,2,0,20,20,6,Gasoline
62,274,2189,5,3,1,20,30,6,Electric
38,274,2190,6,1,0,20,20,7,Hybrid
13,274,2190,6,2,0,15,25,7,Gasoline
37,274,2190,6,3,1,15,20,7,Hybrid
52,274,2191,7,1,0,15,30,8,Hybrid
42,274,2191,7,2,0,25,25,7,Hybrid
1,274,2191,7,3,1,15,20,6,Gasoline
62,274,2192,8,1,0,20,30,6,Electric
25,274,2192,8,2,1,15,30,8,Gasoline
61,274,2192,8,3,0,15,30,6,Electric
33,275,2193,1,1,0,25,25,6,Hybrid
25,275,2193,1,2,1,15,30,8,Gasoline
67,275,2193,1,3,0,15,25,7,Electric
68,275,2194,2,1,0,20,25,7,Electric
28,275,2194,2,2,1,15,20,6,Hybrid
56,275,2194,2,3,0,20,20,6,Electric
58,275,2195,3,1,0,15,25,6,Electric
29,275,2195,3,2,1,20,20,6,Hybrid
76,275,2195,3,3,0,15,25,8,Electric
77,275,2196,4,1,0,20,25,8,Electric
39,275,2196,4,2,1,25,20,7,Hybrid
55,275,2196,4,3,0,15,20,6,Electric
15,275,2197,5,1,0,25,25,7,Gasoline
28,275,2197,5,2,0,15,20,6,Hybrid
4,275,2197,5,3,1,15,25,6,Gasoline
36,275,2198,6,1,1,25,30,6,Hybrid
29,275,2198,6,2,0,20,20,6,Hybrid
48,275,2198,6,3,0,25,20,8,Hybrid
79,275,2199,7,1,1,15,30,8,Electric
65,275,2199,7,2,0,20,20,7,Electric
40,275,2199,7,3,0,15,25,7,Hybrid
67,275,2200,8,1,0,15,25,7,Electric
28,275,2200,8,2,1,15,20,6,Hybrid
57,275,2200,8,3,0,25,20,6,Electric
42,276,2201,1,1,0,25,25,7,Hybrid
25,276,2201,1,2,0,15,30,8,Gasoline
16,276,2201,1,3,1,15,30,7,Gasoline
70,276,2202,2,1,0,15,30,7,Electric
36,276,2202,2,2,0,25,30,6,Hybrid
20,276,2202,2,3,1,20,20,8,Gasoline
31,276,2203,3,1,1,15,25,6,Hybrid
63,276,2203,3,2,0,25,30,6,Electric
14,276,2203,3,3,0,20,25,7,Gasoline
46,276,2204,4,1,0,15,20,8,Hybrid
43,276,2204,4,2,1,15,30,7,Hybrid
8,276,2204,4,3,0,20,30,6,Gasoline
47,276,2205,5,1,0,20,20,8,Hybrid
19,276,2205,5,2,1,15,20,8,Gasoline
68,276,2205,5,3,0,20,25,7,Electric
59,276,2206,6,1,0,20,25,6,Electric
17,276,2206,6,2,1,20,30,7,Gasoline
57,276,2206,6,3,0,25,20,6,Electric
1,276,2207,7,1,0,15,20,6,Gasoline
64,276,2207,7,2,1,15,20,7,Electric
74,276,2207,7,3,0,20,20,8,Electric
23,276,2208,8,1,0,20,25,8,Gasoline
68,276,2208,8,2,0,20,25,7,Electric
46,276,2208,8,3,1,15,20,8,Hybrid
51,277,2209,1,1,0,25,25,8,Hybrid
6,277,2209,1,2,1,25,25,6,Gasoline
9,277,2209,1,3,0,25,30,6,Gasoline
15,277,2210,2,1,0,25,25,7,Gasoline
79,277,2210,2,2,0,15,30,8,Electric
19,277,2210,2,3,1,15,20,8,Gasoline
61,277,2211,3,1,1,15,30,6,Electric
22,277,2211,3,2,0,15,25,8,Gasoline
74,277,2211,3,3,0,20,20,8,Electric
80,277,2212,4,1,0,20,30,8,Electric
71,277,2212,4,2,1,20,30,7,Electric
57,277,2212,4,3,0,25,20,6,Electric
27,277,2213,5,1,0,25,30,8,Gasoline
47,277,2213,5,2,1,20,20,8,Hybrid
36,277,2213,5,3,0,25,30,6,Hybrid
75,277,2214,6,1,0,25,20,8,Electric
25,277,2214,6,2,0,15,30,8,Gasoline
20,277,2214,6,3,1,20,20,8,Gasoline
68,277,2215,7,1,1,20,25,7,Electric
37,277,2215,7,2,0,15,20,7,Hybrid
4,277,2215,7,3,0,15,25,6,Gasoline
34,277,2216,8,1,1,15,30,6,Hybrid
76,277,2216,8,2,0,15,25,8,Electric
28,277,2216,8,3,0,15,20,6,Hybrid
27,278,2217,1,1,0,25,30,8,Gasoline
29,278,2217,1,2,0,20,20,6,Hybrid
10,278,2217,1,3,1,15,20,7,Gasoline
44,278,2218,2,1,0,20,30,7,Hybrid
25,278,2218,2,2,1,15,30,8,Gasoline
48,278,2218,2,3,0,25,20,8,Hybrid
27,278,2219,3,1,1,25,30,8,Gasoline
74,278,2219,3,2,0,20,20,8,Electric
10,278,2219,3,3,0,15,20,7,Gasoline
1,278,2220,4,1,0,15,20,6,Gasoline
25,278,2220,4,2,1,15,30,8,Gasoline
68,278,2220,4,3,0,20,25,7,Electric
50,278,2221,5,1,0,20,25,8,Hybrid
66,278,2221,5,2,0,25,20,7,Electric
38,278,2221,5,3,1,20,20,7,Hybrid
8,278,2222,6,1,0,20,30,6,Gasoline
48,278,2222,6,2,1,25,20,8,Hybrid
14,278,2222,6,3,0,20,25,7,Gasoline
3,278,2223,7,1,0,25,20,6,Gasoline
4,278,2223,7,2,1,15,25,6,Gasoline
42,278,2223,7,3,0,25,25,7,Hybrid
67,278,2224,8,1,1,15,25,7,Electric
16,278,2224,8,2,0,15,30,7,Gasoline
46,278,2224,8,3,0,15,20,8,Hybrid
55,279,2225,1,1,0,15,20,6,Electric
48,279,2225,1,2,0,25,20,8,Hybrid
52,279,2225,1,3,1,15,30,8,Hybrid
23,279,2226,2,1,0,20,25,8,Gasoline
48,279,2226,2,2,1,25,20,8,Hybrid
5,279,2226,2,3,0,20,25,6,Gasoline
68,279,2227,3,1,0,20,25,7,Electric
66,279,2227,3,2,0,25,20,7,Electric
56,279,2227,3,3,1,20,20,6,Electric
23,279,2228,4,1,0,20,25,8,Gasoline
68,279,2228,4,2,1,20,25,7,Electric
30,279,2228,4,3,0,25,20,6,Hybrid
20,279,2229,5,1,0,20,20,8,Gasoline
46,279,2229,5,2,1,15,20,8,Hybrid
44,279,2229,5,3,0,20,30,7,Hybrid
48,279,2230,6,1,0,25,20,8,Hybrid
44,279,2230,6,2,1,20,30,7,Hybrid
10,279,2230,6,3,0,15,20,7,Gasoline
50,279,2231,7,1,0,20,25,8,Hybrid
67,279,2231,7,2,1,15,25,7,Electric
47,279,2231,7,3,0,20,20,8,Hybrid
67,279,2232,8,1,0,15,25,7,Electric
18,279,2232,8,2,0,25,30,7,Gasoline
47,279,2232,8,3,1,20,20,8,Hybrid
28,280,2233,1,1,1,15,20,6,Hybrid
64,280,2233,1,2,0,15,20,7,Electric
10,280,2233,1,3,0,15,20,7,Gasoline
72,280,2234,2,1,0,25,30,7,Electric
66,280,2234,2,2,0,25,20,7,Electric
25,280,2234,2,3,1,15,30,8,Gasoline
30,280,2235,3,1,1,25,20,6,Hybrid
16,280,2235,3,2,0,15,30,7,Gasoline
60,280,2235,3,3,0,25,25,6,Electric
67,280,2236,4,1,0,15,25,7,Electric
32,280,2236,4,2,1,20,25,6,Hybrid
80,280,2236,4,3,0,20,30,8,Electric
30,280,2237,5,1,0,25,20,6,Hybrid
42,280,2237,5,2,0,25,25,7,Hybrid
3,280,2237,5,3,1,25,20,6,Gasoline
47,280,2238,6,1,1,20,20,8,Hybrid
33,280,2238,6,2,0,25,25,6,Hybrid
69,280,2238,6,3,0,25,25,7,Electric
11,280,2239,7,1,0,20,20,7,Gasoline
54,280,2239,7,2,0,25,30,8,Hybrid
5,280,2239,7,3,1,20,25,6,Gasoline
17,280,2240,8,1,0,20,30,7,Gasoline
30,280,2240,8,2,0,25,20,6,Hybrid
10,280,2240,8,3,1,15,20,7,Gasoline
77,281,2241,1,1,0,20,25,8,Electric
51,281,2241,1,2,0,25,25,8,Hybrid
16,281,2241,1,3,1,15,30,7,Gasoline
49,281,2242,2,1,0,15,25,8,Hybrid
44,281,2242,2,2,1,20,30,7,Hybrid
6,281,2242,2,3,0,25,25,6,Gasoline
7,281,2243,3,1,1,15,30,6,Gasoline
55,281,2243,3,2,0,15,20,6,Electric
51,281,2243,3,3,0,25,25,8,Hybrid
48,281,2244,4,1,0,25,20,8,Hybrid
26,281,2244,4,2,1,20,30,8,Gasoline
67,281,2244,4,3,0,15,25,7,Electric
62,281,2245,5,1,0,20,30,6,Electric
13,281,2245,5,2,1,15,25,7,Gasoline
63,281,2245,5,3,0,25,30,6,Electric
12,281,2246,6,1,0,25,20,7,Gasoline
3,281,2246,6,2,0,25,20,6,Gasoline
16,281,2246,6,3,1,15,30,7,Gasoline
24,281,2247,7,1,0,25,25,8,Gasoline
48,281,2247,7,2,0,25,20,8,Hybrid
23,281,2247,7,3,1,20,25,8,Gasoline
34,281,2248,8,1,0,15,30,6,Hybrid
18,281,2248,8,2,0,25,30,7,Gasoline
19,281,2248,8,3,1,15,20,8,Gasoline
74,282,2249,1,1,0,20,20,8,Electric
1,282,2249,1,2,1,15,20,6,Gasoline
65,282,2249,1,3,0,20,20,7,Electric
32,282,2250,2,1,0,20,25,6,Hybrid
7,282,2250,2,2,1,15,30,6,Gasoline
27,282,2250,2,3,0,25,30,8,Gasoline
78,282,2251,3,1,0,25,25,8,Electric
49,282,2251,3,2,1,15,25,8,Hybrid
19,282,2251,3,3,0,15,20,8,Gasoline
44,282,2252,4,1,0,20,30,7,Hybrid
67,282,2252,4,2,0,15,25,7,Electric
49,282,2252,4,3,1,15,25,8,Hybrid
80,282,2253,5,1,0,20,30,8,Electric
44,282,2253,5,2,1,20,30,7,Hybrid
53,282,2253,5,3,0,20,30,8,Hybrid
2,282,2254,6,1,1,20,20,6,Gasoline
58,282,2254,6,2,0,15,25,6,Electric
71,282,2254,6,3,0,20,30,7,Electric
47,282,2255,7,1,0,20,20,8,Hybrid
76,282,2255,7,2,0,15,25,8,Electric
32,282,2255,7,3,1,20,25,6,Hybrid
35,282,2256,8,1,1,20,30,6,Hybrid
18,282,2256,8,2,0,25,30,7,Gasoline
24,282,2256,8,3,0,25,25,8,Gasoline
14,283,2257,1,1,1,20,25,7,Gasoline
73,283,2257,1,2,0,15,20,8,Electric
57,283,2257,1,3,0,25,20,6,Electric
64,283,2258,2,1,0,15,20,7,Electric
57,283,2258,2,2,0,25,20,6,Electric
35,283,2258,2,3,1,20,30,6,Hybrid
22,283,2259,3,1,0,15,25,8,Gasoline
28,283,2259,3,2,1,15,20,6,Hybrid
48,283,2259,3,3,0,25,20,8,Hybrid
13,283,2260,4,1,0,15,25,7,Gasoline
17,283,2260,4,2,1,20,30,7,Gasoline
8,283,2260,4,3,0,20,30,6,Gasoline
25,283,2261,5,1,0,15,30,8,Gasoline
13,283,2261,5,2,0,15,25,7,Gasoline
12,283,2261,5,3,1,25,20,7,Gasoline
58,283,2262,6,1,0,15,25,6,Electric
30,283,2262,6,2,0,25,20,6,Hybrid
25,283,2262,6,3,1,15,30,8,Gasoline
51,283,2263,7,1,0,25,25,8,Hybrid
7,283,2263,7,2,0,15,30,6,Gasoline
41,283,2263,7,3,1,20,25,7,Hybrid
26,283,2264,8,1,0,20,30,8,Gasoline
41,283,2264,8,2,0,20,25,7,Hybrid
34,283,2264,8,3,1,15,30,6,Hybrid
58,284,2265,1,1,0,15,25,6,Electric
14,284,2265,1,2,0,20,25,7,Gasoline
29,284,2265,1,3,1,20,20,6,Hybrid
71,284,2266,2,1,0,20,30,7,Electric
18,284,2266,2,2,0,25,30,7,Gasoline
25,284,2266,2,3,1,15,30,8,Gasoline
69,284,2267,3,1,0,25,25,7,Electric
73,284,2267,3,2,0,15,20,8,Electric
5,284,2267,3,3,1,20,25,6,Gasoline
59,284,2268,4,1,0,20,25,6,Electric
17,284,2268,4,2,0,20,30,7,Gasoline
28,284,2268,4,3,1,15,20,6,Hybrid
48,284,2269,5,1,0,25,20,8,Hybrid
55,284,2269,5,2,1,15,20,6,Electric
57,284,2269,5,3,0,25,20,6,Electric
70,284,2270,6,1,1,15,30,7,Electric
1,284,2270,6,2,0,15,20,6,Gasoline
3,284,2270,6,3,0,25,20,6,Gasoline
33,284,2271,7,1,0,25,25,6,Hybrid
11,284,2271,7,2,0,20,20,7,Gasoline
23,284,2271,7,3,1,20,25,8,Gasoline
41,284,2272,8,1,0,20,25,7,Hybrid
46,284,2272,8,2,0,15,20,8,Hybrid
13,284,2272,8,3,1,15,25,7,Gasoline
6,285,2273,1,1,0,25,25,6,Gasoline
55,285,2273,1,2,0,15,20,6,Electric
28,285,2273,1,3,1,15,20,6,Hybrid
27,285,2274,2,1,0,25,30,8,Gasoline
71,285,2274,2,2,0,20,30,7,Electric
48,285,2274,2,3,1,25,20,8,Hybrid
1,285,2275,3,1,0,15,20,6,Gasoline
25,285,2275,3,2,1,15,30,8,Gasoline
22,285,2275,3,3,0,15,25,8,Gasoline
43,285,2276,4,1,1,15,30,7,Hybrid
12,285,2276,4,2,0,25,20,7,Gasoline
11,285,2276,4,3,0,20,20,7,Gasoline
8,285,2277,5,1,1,20,30,6,Gasoline
65,285,2277,5,2,0,20,20,7,Electric
70,285,2277,5,3,0,15,30,7,Electric
26,285,2278,6,1,1,20,30,8,Gasoline
57,285,2278,6,2,0,25,20,6,Electric
42,285,2278,6,3,0,25,25,7,Hybrid
10,285,2279,7,1,1,15,20,7,Gasoline
5,285,2279,7,2,0,20,25,6,Gasoline
66,285,2279,7,3,0,25,20,7,Electric
53,285,2280,8,1,0,20,30,8,Hybrid
31,285,2280,8,2,1,15,25,6,Hybrid
74,285,2280,8,3,0,20,20,8,Electric
20,286,2281,1,1,0,20,20,8,Gasoline
34,286,2281,1,2,1,15,30,6,Hybrid
35,286,2281,1,3,0,20,30,6,Hybrid
15,286,2282,2,1,0,25,25,7,Gasoline
7,286,2282,2,2,1,15,30,6,Gasoline
2,286,2282,2,3,0,20,20,6,Gasoline
33,286,2283,3,1,0,25,25,6,Hybrid
23,286,2283,3,2,0,20,25,8,Gasoline
20,286,2283,3,3,1,20,20,8,Gasoline
48,286,2284,4,1,1,25,20,8,Hybrid
24,286,2284,4,2,0,25,25,8,Gasoline
50,286,2284,4,3,0,20,25,8,Hybrid
71,286,2285,5,1,0,20,30,7,Electric
32,286,2285,5,2,0,20,25,6,Hybrid
31,286,2285,5,3,1,15,25,6,Hybrid
62,286,2286,6,1,1,20,30,6,Electric
20,286,2286,6,2,0,20,20,8,Gasoline
66,286,2286,6,3,0,25,20,7,Electric
4,286,2287,7,1,1,15,25,6,Gasoline
27,286,2287,7,2,0,25,30,8,Gasoline
7,286,2287,7,3,0,15,30,6,Gasoline
69,286,2288,8,1,0,25,25,7,Electric
80,286,2288,8,2,0,20,30,8,Electric
45,286,2288,8,3,1,25,30,7,Hybrid
73,287,2289,1,1,1,15,20,8,Electric
30,287,2289,1,2,0,25,20,6,Hybrid
43,287,2289,1,3,0,15,30,7,Hybrid
45,287,2290,2,1,0,25,30,7,Hybrid
26,287,2290,2,2,1,20,30,8,Gasoline
29,287,2290,2,3,0,20,20,6,Hybrid
76,287,2291,3,1,1,15,25,8,Electric
77,287,2291,3,2,0,20,25,8,Electric
14,287,2291,3,3,0,20,25,7,Gasoline
80,287,2292,4,1,0,20,30,8,Electric
33,287,2292,4,2,0,25,25,6,Hybrid
25,287,2292,4,3,1,15,30,8,Gasoline
28,287,2293,5,1,0,15,20,6,Hybrid
66,287,2293,5,2,0,25,20,7,Electric
13,287,2293,5,3,1,15,25,7,Gasoline
15,287,2294,6,1,0,25,25,7,Gasoline
24,287,2294,6,2,0,25,25,8,Gasoline
77,287,2294,6,3,1,20,25,8,Electric
77,287,2295,7,1,0,20,25,8,Electric
81,287,2295,7,2,1,25,30,8,Electric
19,287,2295,7,3,0,15,20,8,Gasoline
12,287,2296,8,1,0,25,20,7,Gasoline
46,287,2296,8,2,0,15,20,8,Hybrid
77,287,2296,8,3,1,20,25,8,Electric
3,288,2297,1,1,0,25,20,6,Gasoline
43,288,2297,1,2,0,15,30,7,Hybrid
65,288,2297,1,3,1,20,20,7,Electric
27,288,2298,2,1,0,25,30,8,Gasoline
69,288,2298,2,2,0,25,25,7,Electric
74,288,2298,2,3,1,20,20,8,Electric
59,288,2299,3,1,0,20,25,6,Electric
17,288,2299,3,2,0,20,30,7,Gasoline
68,288,2299,3,3,1,20,25,7,Electric
4,288,2300,4,1,0,15,25,6,Gasoline
61,288,2300,4,2,1,15,30,6,Electric
36,288,2300,4,3,0,25,30,6,Hybrid
64,288,2301,5,1,0,15,20,7,Electric
63,288,2301,5,2,0,25,30,6,Electric
25,288,2301,5,3,1,15,30,8,Gasoline
40,288,2302,6,1,0,15,25,7,Hybrid
74,288,2302,6,2,0,20,20,8,Electric
10,288,2302,6,3,1,15,20,7,Gasoline
74,288,2303,7,1,1,20,20,8,Electric
34,288,2303,7,2,0,15,30,6,Hybrid
60,288,2303,7,3,0,25,25,6,Electric
55,288,2304,8,1,1,15,20,6,Electric
12,288,2304,8,2,0,25,20,7,Gasoline
16,288,2304,8,3,0,15,30,7,Gasoline
61,289,2305,1,1,1,15,30,6,Electric
69,289,2305,1,2,0,25,25,7,Electric
32,289,2305,1,3,0,20,25,6,Hybrid
58,289,2306,2,1,1,15,25,6,Electric
78,289,2306,2,2,0,25,25,8,Electric
5,289,2306,2,3,0,20,25,6,Gasoline
73,289,2307,3,1,1,15,20,8,Electric
53,289,2307,3,2,0,20,30,8,Hybrid
8,289,2307,3,3,0,20,30,6,Gasoline
69,289,2308,4,1,0,25,25,7,Electric
17,289,2308,4,2,0,20,30,7,Gasoline
41,289,2308,4,3,1,20,25,7,Hybrid
36,289,2309,5,1,0,25,30,6,Hybrid
54,289,2309,5,2,1,25,30,8,Hybrid
19,289,2309,5,3,0,15,20,8,Gasoline
14,289,2310,6,1,1,20,25,7,Gasoline
51,289,2310,6,2,0,25,25,8,Hybrid
75,289,2310,6,3,0,25,20,8,Electric
70,289,2311,7,1,0,15,30,7,Electric
23,289,2311,7,2,0,20,25,8,Gasoline
2,289,2311,7,3,1,20,20,6,Gasoline
34,289,2312,8,1,0,15,30,6,Hybrid
70,289,2312,8,2,1,15,30,7,Electric
55,289,2312,8,3,0,15,20,6,Electric
49,290,2313,1,1,1,15,25,8,Hybrid
30,290,2313,1,2,0,25,20,6,Hybrid
48,290,2313,1,3,0,25,20,8,Hybrid
30,290,2314,2,1,0,25,20,6,Hybrid
16,290,2314,2,2,1,15,30,7,Gasoline
70,290,2314,2,3,0,15,30,7,Electric
46,290,2315,3,1,1,15,20,8,Hybrid
20,290,2315,3,2,0,20,20,8,Gasoline
55,290,2315,3,3,0,15,20,6,Electric
57,290,2316,4,1,0,25,20,6,Electric
37,290,2316,4,2,1,15,20,7,Hybrid
55,290,2316,4,3,0,15,20,6,Electric
6,290,2317,5,1,1,25,25,6,Gasoline
68,290,2317,5,2,0,20,25,7,Electric
48,290,2317,5,3,0,25,20,8,Hybrid
11,290,2318,6,1,1,20,20,7,Gasoline
43,290,2318,6,2,0,15,30,7,Hybrid
81,290,2318,6,3,0,25,30,8,Electric
23,290,2319,7,1,0,20,25,8,Gasoline
3,290,2319,7,2,0,25,20,6,Gasoline
26,290,2319,7,3,1,20,30,8,Gasoline
65,290,2320,8,1,0,20,20,7,Electric
59,290,2320,8,2,0,20,25,6,Electric
64,290,2320,8,3,1,15,20,7,Electric
41,291,2321,1,1,1,20,25,7,Hybrid
29,291,2321,1,2,0,20,20,6,Hybrid
26,291,2321,1,3,0,20,30,8,Gasoline
53,291,2322,2,1,1,20,30,8,Hybrid
20,291,2322,2,2,0,20,20,8,Gasoline
24,291,2322,2,3,0,25,25,8,Gasoline
40,291,2323,3,1,1,15,25,7,Hybrid
48,291,2323,3,2,0,25,20,8,Hybrid
28,291,2323,3,3,0,15,20,6,Hybrid
32,291,2324,4,1,0,20,25,6,Hybrid
40,291,2324,4,2,0,15,25,7,Hybrid
74,291,2324,4,3,1,20,20,8,Electric
24,291,2325,5,1,0,25,25,8,Gasoline
31,291,2325,5,2,1,15,25,6,Hybrid
68,291,2325,5,3,0,20,25,7,Electric
53,291,2326,6,1,0,20,30,8,Hybrid
24,291,2326,6,2,0,25,25,8,Gasoline
15,291,2326,6,3,1,25,25,7,Gasoline
26,291,2327,7,1,0,20,30,8,Gasoline
18,291,2327,7,2,0,25,30,7,Gasoline
47,291,2327,7,3,1,20,20,8,Hybrid
81,291,2328,8,1,0,25,30,8,Electric
36,291,2328,8,2,0,25,30,6,Hybrid
54,291,2328,8,3,1,25,30,8,Hybrid
77,292,2329,1,1,1,20,25,8,Electric
34,292,2329,1,2,0,15,30,6,Hybrid
21,292,2329,1,3,0,25,20,8,Gasoline
6,292,2330,2,1,1,25,25,6,Gasoline
57,292,2330,2,2,0,25,20,6,Electric
62,292,2330,2,3,0,20,30,6,Electric
3,292,2331,3,1,0,25,20,6,Gasoline
65,292,2331,3,2,0,20,20,7,Electric
48,292,2331,3,3,1,25,20,8,Hybrid
31,292,2332,4,1,1,15,25,6,Hybrid
53,292,2332,4,2,0,20,30,8,Hybrid
39,292,2332,4,3,0,25,20,7,Hybrid
81,292,2333,5,1,0,25,30,8,Electric
22,292,2333,5,2,1,15,25,8,Gasoline
58,292,2333,5,3,0,15,25,6,Electric
69,292,2334,6,1,0,25,25,7,Electric
52,292,2334,6,2,1,15,30,8,Hybrid
80,292,2334,6,3,0,20,30,8,Electric
48,292,2335,7,1,0,25,20,8,Hybrid
6,292,2335,7,2,0,25,25,6,Gasoline
37,292,2335,7,3,1,15,20,7,Hybrid
65,292,2336,8,1,1,20,20,7,Electric
57,292,2336,8,2,0,25,20,6,Electric
6,292,2336,8,3,0,25,25,6,Gasoline
72,293,2337,1,1,0,25,30,7,Electric
63,293,2337,1,2,0,25,30,6,Electric
64,293,2337,1,3,1,15,20,7,Electric
54,293,2338,2,1,1,25,30,8,Hybrid
58,293,2338,2,2,0,15,25,6,Electric
59,293,2338,2,3,0,20,25,6,Electric
43,293,2339,3,1,1,15,30,7,Hybrid
29,293,2339,3,2,0,20,20,6,Hybrid
34,293,2339,3,3,0,15,30,6,Hybrid
60,293,2340,4,1,0,25,25,6,Electric
34,293,2340,4,2,0,15,30,6,Hybrid
2,293,2340,4,3,1,20,20,6,Gasoline
59,293,2341,5,1,0,20,25,6,Electric
42,293,2341,5,2,0,25,25,7,Hybrid
49,293,2341,5,3,1,15,25,8,Hybrid
20,293,2342,6,1,0,20,20,8,Gasoline
71,293,2342,6,2,1,20,30,7,Electric
77,293,2342,6,3,0,20,25,8,Electric
75,293,2343,7,1,0,25,20,8,Electric
33,293,2343,7,2,0,25,25,6,Hybrid
13,293,2343,7,3,1,15,25,7,Gasoline
8,293,2344,8,1,1,20,30,6,Gasoline
28,293,2344,8,2,0,15,20,6,Hybrid
61,293,2344,8,3,0,15,30,6,Electric
34,294,2345,1,1,1,15,30,6,Hybrid
69,294,2345,1,2,0,25,25,7,Electric
63,294,2345,1,3,0,25,30,6,Electric
8,294,2346,2,1,0,20,30,6,Gasoline
2,294,2346,2,2,1,20,20,6,Gasoline
13,294,2346,2,3,0,15,25,7,Gasoline
48,294,2347,3,1,0,25,20,8,Hybrid
54,294,2347,3,2,1,25,30,8,Hybrid
61,294,2347,3,3,0,15,30,6,Electric
50,294,2348,4,1,1,20,25,8,Hybrid
62,294,2348,4,2,0,20,30,6,Electric
73,294,2348,4,3,0,15,20,8,Electric
77,294,2349,5,1,0,20,25,8,Electric
66,294,2349,5,2,0,25,20,7,Electric
7,294,2349,5,3,1,15,30,6,Gasoline
25,294,2350,6,1,0,15,30,8,Gasoline
4,294,2350,6,2,0,15,25,6,Gasoline
40,294,2350,6,3,1,15,25,7,Hybrid
70,294,2351,7,1,1,15,30,7,Electric
33,294,2351,7,2,0,25,25,6,Hybrid
11,294,2351,7,3,0,20,20,7,Gasoline
57,294,2352,8,1,0,25,20,6,Electric
39,294,2352,8,2,0,25,20,7,Hybrid
7,294,2352,8,3,1,15,30,6,Gasoline
55,295,2353,1,1,1,15,20,6,Electric
49,295,2353,1,2,0,15,25,8,Hybrid
80,295,2353,1,3,0,20,30,8,Electric
24,295,2354,2,1,0,25,25,8,Gasoline
13,295,2354,2,2,1,15,25,7,Gasoline
15,295,2354,2,3,0,25,25,7,Gasoline
80,295,2355,3,1,0,20,30,8,Electric
12,295,2355,3,2,0,25,20,7,Gasoline
71,295,2355,3,3,1,20,30,7,Electric
60,295,2356,4,1,0,25,25,6,Electric
32,295,2356,4,2,0,20,25,6,Hybrid
25,295,2356,4,3,1,15,30,8,Gasoline
9,295,2357,5,1,0,25,30,6,Gasoline
2,295,2357,5,2,0,20,20,6,Gasoline
81,295,2357,5,3,1,25,30,8,Electric
71,295,2358,6,1,1,20,30,7,Electric
72,295,2358,6,2,0,25,30,7,Electric
61,295,2358,6,3,0,15,30,6,Electric
73,295,2359,7,1,0,15,20,8,Electric
31,295,2359,7,2,1,15,25,6,Hybrid
20,295,2359,7,3,0,20,20,8,Gasoline
72,295,2360,8,1,0,25,30,7,Electric
42,295,2360,8,2,0,25,25,7,Hybrid
61,295,2360,8,3,1,15,30,6,Electric
4,296,2361,1,1,1,15,25,6,Gasoline
81,296,2361,1,2,0,25,30,8,Electric
29,296,2361,1,3,0,20,20,6,Hybrid
9,296,2362,2,1,0,25,30,6,Gasoline
77,296,2362,2,2,0,20,25,8,Electric
45,296,2362,2,3,1,25,30,7,Hybrid
70,296,2363,3,1,1,15,30,7,Electric
81,296,2363,3,2,0,25,30,8,Electric
53,296,2363,3,3,0,20,30,8,Hybrid
25,296,2364,4,1,1,15,30,8,Gasoline
81,296,2364,4,2,0,25,30,8,Electric
29,296,2364,4,3,0,20,20,6,Hybrid
24,296,2365,5,1,0,25,25,8,Gasoline
39,296,2365,5,2,0,25,20,7,Hybrid
20,296,2365,5,3,1,20,20,8,Gasoline
32,296,2366,6,1,0,20,25,6,Hybrid
37,296,2366,6,2,1,15,20,7,Hybrid
12,296,2366,6,3,0,25,20,7,Gasoline
68,296,2367,7,1,0,20,25,7,Electric
9,296,2367,7,2,1,25,30,6,Gasoline
24,296,2367,7,3,0,25,25,8,Gasoline
33,296,2368,8,1,0,25,25,6,Hybrid
20,296,2368,8,2,0,20,20,8,Gasoline
5,296,2368,8,3,1,20,25,6,Gasoline
33,297,2369,1,1,1,25,25,6,Hybrid
68,297,2369,1,2,0,20,25,7,Electric
21,297,2369,1,3,0,25,20,8,Gasoline
78,297,2370,2,1,0,25,25,8,Electric
37,297,2370,2,2,1,15,20,7,Hybrid
81,297,2370,2,3,0,25,30,8,Electric
22,297,2371,3,1,0,15,25,8,Gasoline
13,297,2371,3,2,0,15,25,7,Gasoline
28,297,2371,3,3,1,15,20,6,Hybrid
25,297,2372,4,1,1,15,30,8,Gasoline
56,297,2372,4,2,0,20,20,6,Electric
42,297,2372,4,3,0,25,25,7,Hybrid
4,297,2373,5,1,1,15,25,6,Gasoline
33,297,2373,5,2,0,25,25,6,Hybrid
43,297,2373,5,3,0,15,30,7,Hybrid
4,297,2374,6,1,0,15,25,6,Gasoline
2,297,2374,6,2,1,20,20,6,Gasoline
40,297,2374,6,3,0,15,25,7,Hybrid
72,297,2375,7,1,0,25,30,7,Electric
50,297,2375,7,2,1,20,25,8,Hybrid
60,297,2375,7,3,0,25,25,6,Electric
78,297,2376,8,1,0,25,25,8,Electric
4,297,2376,8,2,0,15,25,6,Gasoline
20,297,2376,8,3,1,20,20,8,Gasoline
15,298,2377,1,1,0,25,25,7,Gasoline
52,298,2377,1,2,1,15,30,8,Hybrid
12,298,2377,1,3,0,25,20,7,Gasoline
16,298,2378,2,1,1,15,30,7,Gasoline
65,298,2378,2,2,0,20,20,7,Electric
39,298,2378,2,3,0,25,20,7,Hybrid
6,298,2379,3,1,0,25,25,6,Gasoline
4,298,2379,3,2,1,15,25,6,Gasoline
79,298,2379,3,3,0,15,30,8,Electric
35,298,2380,4,1,1,20,30,6,Hybrid
69,298,2380,4,2,0,25,25,7,Electric
61,298,2380,4,3,0,15,30,6,Electric
76,298,2381,5,1,0,15,25,8,Electric
40,298,2381,5,2,1,15,25,7,Hybrid
38,298,2381,5,3,0,20,20,7,Hybrid
10,298,2382,6,1,1,15,20,7,Gasoline
64,298,2382,6,2,0,15,20,7,Electric
20,298,2382,6,3,0,20,20,8,Gasoline
57,298,2383,7,1,0,25,20,6,Electric
25,298,2383,7,2,1,15,30,8,Gasoline
12,298,2383,7,3,0,25,20,7,Gasoline
35,298,2384,8,1,0,20,30,6,Hybrid
68,298,2384,8,2,0,20,25,7,Electric
33,298,2384,8,3,1,25,25,6,Hybrid
3,299,2385,1,1,0,25,20,6,Gasoline
1,299,2385,1,2,1,15,20,6,Gasoline
66,299,2385,1,3,0,25,20,7,Electric
75,299,2386,2,1,0,25,20,8,Electric
3,299,2386,2,2,0,25,20,6,Gasoline
67,299,2386,2,3,1,15,25,7,Electric
53,299,2387,3,1,0,20,30,8,Hybrid
66,299,2387,3,2,0,25,20,7,Electric
16,299,2387,3,3,1,15,30,7,Gasoline
29,299,2388,4,1,1,20,20,6,Hybrid
24,299,2388,4,2,0,25,25,8,Gasoline
7,299,2388,4,3,0,15,30,6,Gasoline
14,299,2389,5,1,0,20,25,7,Gasoline
70,299,2389,5,2,0,15,30,7,Electric
52,299,2389,5,3,1,15,30,8,Hybrid
46,299,2390,6,1,0,15,20,8,Hybrid
61,299,2390,6,2,1,15,30,6,Electric
28,299,2390,6,3,0,15,20,6,Hybrid
81,299,2391,7,1,1,25,30,8,Electric
3,299,2391,7,2,0,25,20,6,Gasoline
14,299,2391,7,3,0,20,25,7,Gasoline
53,299,2392,8,1,0,20,30,8,Hybrid
64,299,2392,8,2,0,15,20,7,Electric
25,299,2392,8,3,1,15,30,8,Gasoline
1,300,2393,1,1,1,15,20,6,Gasoline
15,300,2393,1,2,0,25,25,7,Gasoline
70,300,2393,1,3,0,15,30,7,Electric
78,300,2394,2,1,0,25,25,8,Electric
2,300,2394,2,2,0,20,20,6,Gasoline
42,300,2394,2,3,1,25,25,7,Hybrid
3,300,2395,3,1,0,25,20,6,Gasoline
59,300,2395,3,2,1,20,25,6,Electric
77,300,2395,3,3,0,20,25,8,Electric
23,300,2396,4,1,1,20,25,8,Gasoline
18,300,2396,4,2,0,25,30,7,Gasoline
76,300,2396,4,3,0,15,25,8,Electric
77,300,2397,5,1,0,20,25,8,Electric
28,300,2397,5,2,1,15,20,6,Hybrid
70,300,2397,5,3,0,15,30,7,Electric
48,300,2398,6,1,0,25,20,8,Hybrid
67,300,2398,6,2,1,15,25,7,Electric
80,300,2398,6,3,0,20,30,8,Electric
57,300,2399,7,1,0,25,20,6,Electric
31,300,2399,7,2,1,15,25,6,Hybrid
60,300,2399,7,3,0,25,25,6,Electric
63,300,2400,8,1,0,25,30,6,Electric
4,300,2400,8,2,0,15,25,6,Gasoline
40,300,2400,8,3,1,15,25,7,Hybrid
41,301,2401,1,1,0,20,25,7,Hybrid
79,301,2401,1,2,1,15,30,8,Electric
78,301,2401,1,3,0,25,25,8,Electric
30,301,2402,2,1,0,25,20,6,Hybrid
41,301,2402,2,2,0,20,25,7,Hybrid
22,301,2402,2,3,1,15,25,8,Gasoline
31,301,2403,3,1,1,15,25,6,Hybrid
22,301,2403,3,2,0,15,25,8,Gasoline
69,301,2403,3,3,0,25,25,7,Electric
41,301,2404,4,1,1,20,25,7,Hybrid
32,301,2404,4,2,0,20,25,6,Hybrid
3,301,2404,4,3,0,25,20,6,Gasoline
48,301,2405,5,1,0,25,20,8,Hybrid
52,301,2405,5,2,1,15,30,8,Hybrid
3,301,2405,5,3,0,25,20,6,Gasoline
32,301,2406,6,1,0,20,25,6,Hybrid
49,301,2406,6,2,1,15,25,8,Hybrid
5,301,2406,6,3,0,20,25,6,Gasoline
42,301,2407,7,1,0,25,25,7,Hybrid
75,301,2407,7,2,0,25,20,8,Electric
55,301,2407,7,3,1,15,20,6,Electric
81,301,2408,8,1,0,25,30,8,Electric
60,301,2408,8,2,0,25,25,6,Electric
38,301,2408,8,3,1,20,20,7,Hybrid
22,302,2409,1,1,0,15,25,8,Gasoline
13,302,2409,1,2,0,15,25,7,Gasoline
1,302,2409,1,3,1,15,20,6,Gasoline
69,302,2410,2,1,0,25,25,7,Electric
62,302,2410,2,2,0,20,30,6,Electric
4,302,2410,2,3,1,15,25,6,Gasoline
33,302,2411,3,1,1,25,25,6,Hybrid
56,302,2411,3,2,0,20,20,6,Electric
42,302,2411,3,3,0,25,25,7,Hybrid
78,302,2412,4,1,0,25,25,8,Electric
2,302,2412,4,2,0,20,20,6,Gasoline
76,302,2412,4,3,1,15,25,8,Electric
57,302,2413,5,1,0,25,20,6,Electric
43,302,2413,5,2,1,15,30,7,Hybrid
37,302,2413,5,3,0,15,20,7,Hybrid
19,302,2414,6,1,1,15,20,8,Gasoline
48,302,2414,6,2,0,25,20,8,Hybrid
75,302,2414,6,3,0,25,20,8,Electric
11,302,2415,7,1,1,20,20,7,Gasoline
81,302,2415,7,2,0,25,30,8,Electric
45,302,2415,7,3,0,25,30,7,Hybrid
53,302,2416,8,1,1,20,30,8,Hybrid
67,302,2416,8,2,0,15,25,7,Electric
33,302,2416,8,3,0,25,25,6,Hybrid
36,303,2417,1,1,0,25,30,6,Hybrid
60,303,2417,1,2,0,25,25,6,Electric
45,303,2417,1,3,1,25,30,7,Hybrid
6,303,2418,2,1,0,25,25,6,Gasoline
60,303,2418,2,2,0,25,25,6,Electric
73,303,2418,2,3,1,15,20,8,Electric
53,303,2419,3,1,1,20,30,8,Hybrid
72,303,2419,3,2,0,25,30,7,Electric
36,303,2419,3,3,0,25,30,6,Hybrid
68,303,2420,4,1,0,20,25,7,Electric
3,303,2420,4,2,0,25,20,6,Gasoline
58,303,2420,4,3,1,15,25,6,Electric
39,303,2421,5,1,0,25,20,7,Hybrid
66,303,2421,5,2,0,25,20,7,Electric
31,303,2421,5,3,1,15,25,6,Hybrid
54,303,2422,6,1,0,25,30,8,Hybrid
79,303,2422,6,2,1,15,30,8,Electric
36,303,2422,6,3,0,25,30,6,Hybrid
39,303,2423,7,1,0,25,20,7,Hybrid
59,303,2423,7,2,1,20,25,6,Electric
45,303,2423,7,3,0,25,30,7,Hybrid
76,303,2424,8,1,1,15,25,8,Electric
10,303,2424,8,2,0,15,20,7,Gasoline
36,303,2424,8,3,0,25,30,6,Hybrid
32,304,2425,1,1,0,20,25,6,Hybrid
13,304,2425,1,2,0,15,25,7,Gasoline
10,304,2425,1,3,1,15,20,7,Gasoline
66,304,2426,2,1,0,25,20,7,Electric
12,304,2426,2,2,0,25,20,7,Gasoline
10,304,2426,2,3,1,15,20,7,Gasoline
4,304,2427,3,1,0,15,25,6,Gasoline
57,304,2427,3,2,0,25,20,6,Electric
11,304,2427,3,3,1,20,20,7,Gasoline
4,304,2428,4,1,1,15,25,6,Gasoline
73,304,2428,4,2,0,15,20,8,Electric
27,304,2428,4,3,0,25,30,8,Gasoline
33,304,2429,5,1,0,25,25,6,Hybrid
73,304,2429,5,2,0,15,20,8,Electric
37,304,2429,5,3,1,15,20,7,Hybrid
54,304,2430,6,1,0,25,30,8,Hybrid
23,304,2430,6,2,1,20,25,8,Gasoline
15,304,2430,6,3,0,25,25,7,Gasoline
39,304,2431,7,1,0,25,20,7,Hybrid
15,304,2431,7,2,0,25,25,7,Gasoline
11,304,2431,7,3,1,20,20,7,Gasoline
1,304,2432,8,1,1,15,20,6,Gasoline
12,304,2432,8,2,0,25,20,7,Gasoline
73,304,2432,8,3,0,15,20,8,Electric
13,305,2433,1,1,0,15,25,7,Gasoline
46,305,2433,1,2,1,15,20,8,Hybrid
11,305,2433,1,3,0,20,20,7,Gasoline
18,305,2434,2,1,0,25,30,7,Gasoline
50,305,2434,2,2,1,20,25,8,Hybrid
17,305,2434,2,3,0,20,30,7,Gasoline
18,305,2435,3,1,0,25,30,7,Gasoline
12,305,2435,3,2,1,25,20,7,Gasoline
44,305,2435,3,3,0,20,30,7,Hybrid
36,305,2436,4,1,0,25,30,6,Hybrid
68,305,2436,4,2,0,20,25,7,Electric
13,305,2436,4,3,1,15,25,7,Gasoline
10,305,2437,5,1,1,15,20,7,Gasoline
11,305,2437,5,2,0,20,20,7,Gasoline
41,305,2437,5,3,0,20,25,7,Hybrid
75,305,2438,6,1,0,25,20,8,Electric
6,305,2438,6,2,0,25,25,6,Gasoline
1,305,2438,6,3,1,15,20,6,Gasoline
67,305,2439,7,1,1,15,25,7,Electric
76,305,2439,7,2,0,15,25,8,Electric
78,305,2439,7,3,0,25,25,8,Electric
8,305,2440,8,1,0,20,30,6,Gasoline
73,305,2440,8,2,1,15,20,8,Electric
65,305,2440,8,3,0,20,20,7,Electric
5,306,2441,1,1,1,20,25,6,Gasoline
23,306,2441,1,2,0,20,25,8,Gasoline
20,306,2441,1,3,0,20,20,8,Gasoline
56,306,2442,2,1,0,20,20,6,Electric
35,306,2442,2,2,0,20,30,6,Hybrid
21,306,2442,2,3,1,25,20,8,Gasoline
25,306,2443,3,1,1,15,30,8,Gasoline
22,306,2443,3,2,0,15,25,8,Gasoline
72,306,2443,3,3,0,25,30,7,Electric
51,306,2444,4,1,1,25,25,8,Hybrid
45,306,2444,4,2,0,25,30,7,Hybrid
70,306,2444,4,3,0,15,30,7,Electric
3,306,2445,5,1,0,25,20,6,Gasoline
74,306,2445,5,2,1,20,20,8,Electric
31,306,2445,5,3,0,15,25,6,Hybrid
12,306,2446,6,1,0,25,20,7,Gasoline
37,306,2446,6,2,1,15,20,7,Hybrid
55,306,2446,6,3,0,15,20,6,Electric
70,306,2447,7,1,0,15,30,7,Electric
26,306,2447,7,2,1,20,30,8,Gasoline
45,306,2447,7,3,0,25,30,7,Hybrid
36,306,2448,8,1,0,25,30,6,Hybrid
20,306,2448,8,2,1,20,20,8,Gasoline
44,306,2448,8,3,0,20,30,7,Hybrid
44,307,2449,1,1,0,20,30,7,Hybrid
11,307,2449,1,2,0,20,20,7,Gasoline
4,307,2449,1,3,1,15,25,6,Gasoline
19,307,2450,2,1,0,15,20,8,Gasoline
3,307,2450,2,2,0,25,20,6,Gasoline
32,307,2450,2,3,1,20,25,6,Hybrid
33,307,2451,3,1,0,25,25,6,Hybrid
69,307,2451,3,2,0,25,25,7,Electric
58,307,2451,3,3,1,15,25,6,Electric
63,307,2452,4,1,0,25,30,6,Electric
46,307,2452,4,2,1,15,20,8,Hybrid
26,307,2452,4,3,0,20,30,8,Gasoline
81,307,2453,5,1,0,25,30,8,Electric
30,307,2453,5,2,0,25,20,6,Hybrid
74,307,2453,5,3,1,20,20,8,Electric
66,307,2454,6,1,0,25,20,7,Electric
65,307,2454,6,2,1,20,20,7,Electric
64,307,2454,6,3,0,15,20,7,Electric
8,307,2455,7,1,0,20,30,6,Gasoline
59,307,2455,7,2,1,20,25,6,Electric
13,307,2455,7,3,0,15,25,7,Gasoline
75,307,2456,8,1,1,25,20,8,Electric
18,307,2456,8,2,0,25,30,7,Gasoline
76,307,2456,8,3,0,15,25,8,Electric
42,308,2457,1,1,1,25,25,7,Hybrid
54,308,2457,1,2,0,25,30,8,Hybrid
18,308,2457,1,3,0,25,30,7,Gasoline
60,308,2458,2,1,0,25,25,6,Electric
38,308,2458,2,2,1,20,20,7,Hybrid
12,308,2458,2,3,0,25,20,7,Gasoline
35,308,2459,3,1,0,20,30,6,Hybrid
1,308,2459,3,2,1,15,20,6,Gasoline
18,308,2459,3,3,0,25,30,7,Gasoline
60,308,2460,4,1,0,25,25,6,Electric
48,308,2460,4,2,1,25,20,8,Hybrid
66,308,2460,4,3,0,25,20,7,Electric
13,308,2461,5,1,0,15,25,7,Gasoline
6,308,2461,5,2,0,25,25,6,Gasoline
73,308,2461,5,3,1,15,20,8,Electric
44,308,2462,6,1,1,20,30,7,Hybrid
68,308,2462,6,2,0,20,25,7,Electric
21,308,2462,6,3,0,25,20,8,Gasoline
17,308,2463,7,1,0,20,30,7,Gasoline
6,308,2463,7,2,0,25,25,6,Gasoline
52,308,2463,7,3,1,15,30,8,Hybrid
11,308,2464,8,1,0,20,20,7,Gasoline
49,308,2464,8,2,1,15,25,8,Hybrid
1,308,2464,8,3,0,15,20,6,Gasoline
11,309,2465,1,1,0,20,20,7,Gasoline
27,309,2465,1,2,1,25,30,8,Gasoline
38,309,2465,1,3,0,20,20,7,Hybrid
60,309,2466,2,1,0,25,25,6,Electric
37,309,2466,2,2,1,15,20,7,Hybrid
25,309,2466,2,3,0,15,30,8,Gasoline
18,309,2467,3,1,0,25,30,7,Gasoline
71,309,2467,3,2,1,20,30,7,Electric
2,309,2467,3,3,0,20,20,6,Gasoline
72,309,2468,4,1,0,25,30,7,Electric
18,309,2468,4,2,0,25,30,7,Gasoline
1,309,2468,4,3,1,15,20,6,Gasoline
70,309,2469,5,1,1,15,30,7,Electric
38,309,2469,5,2,0,20,20,7,Hybrid
53,309,2469,5,3,0,20,30,8,Hybrid
36,309,2470,6,1,0,25,30,6,Hybrid
40,309,2470,6,2,1,15,25,7,Hybrid
27,309,2470,6,3,0,25,30,8,Gasoline
31,309,2471,7,1,1,15,25,6,Hybrid
15,309,2471,7,2,0,25,25,7,Gasoline
7,309,2471,7,3,0,15,30,6,Gasoline
52,309,2472,8,1,0,15,30,8,Hybrid
80,309,2472,8,2,0,20,30,8,Electric
37,309,2472,8,3,1,15,20,7,Hybrid
43,310,2473,1,1,1,15,30,7,Hybrid
41,310,2473,1,2,0,20,25,7,Hybrid
48,310,2473,1,3,0,25,20,8,Hybrid
65,310,2474,2,1,0,20,20,7,Electric
11,310,2474,2,2,0,20,20,7,Gasoline
53,310,2474,2,3,1,20,30,8,Hybrid
4,310,2475,3,1,1,15,25,6,Gasoline
22,310,2475,3,2,0,15,25,8,Gasoline
52,310,2475,3,3,0,15,30,8,Hybrid
47,310,2476,4,1,0,20,20,8,Hybrid
48,310,2476,4,2,0,25,20,8,Hybrid
19,310,2476,4,3,1,15,20,8,Gasoline
78,310,2477,5,1,0,25,25,8,Electric
33,310,2477,5,2,0,25,25,6,Hybrid
18,310,2477,5,3,1,25,30,7,Gasoline
65,310,2478,6,1,0,20,20,7,Electric
35,310,2478,6,2,0,20,30,6,Hybrid
40,310,2478,6,3,1,15,25,7,Hybrid
61,310,2479,7,1,1,15,30,6,Electric
36,310,2479,7,2,0,25,30,6,Hybrid
11,310,2479,7,3,0,20,20,7,Gasoline
19,310,2480,8,1,1,15,20,8,Gasoline
15,310,2480,8,2,0,25,25,7,Gasoline
1,310,2480,8,3,0,15,20,6,Gasoline
35,311,2481,1,1,1,20,30,6,Hybrid
59,311,2481,1,2,0,20,25,6,Electric
55,311,2481,1,3,0,15,20,6,Electric
59,311,2482,2,1,0,20,25,6,Electric
30,311,2482,2,2,1,25,20,6,Hybrid
74,311,2482,2,3,0,20,20,8,Electric
27,311,2483,3,1,0,25,30,8,Gasoline
24,311,2483,3,2,0,25,25,8,Gasoline
53,311,2483,3,3,1,20,30,8,Hybrid
60,311,2484,4,1,0,25,25,6,Electric
25,311,2484,4,2,1,15,30,8,Gasoline
62,311,2484,4,3,0,20,30,6,Electric
21,311,2485,5,1,0,25,20,8,Gasoline
24,311,2485,5,2,0,25,25,8,Gasoline
4,311,2485,5,3,1,15,25,6,Gasoline
33,311,2486,6,1,0,25,25,6,Hybrid
43,311,2486,6,2,1,15,30,7,Hybrid
55,311,2486,6,3,0,15,20,6,Electric
60,311,2487,7,1,0,25,25,6,Electric
67,311,2487,7,2,0,15,25,7,Electric
32,311,2487,7,3,1,20,25,6,Hybrid
29,311,2488,8,1,0,20,20,6,Hybrid
8,311,2488,8,2,0,20,30,6,Gasoline
10,311,2488,8,3,1,15,20,7,Gasoline
15,312,2489,1,1,0,25,25,7,Gasoline
41,312,2489,1,2,0,20,25,7,Hybrid
50,312,2489,1,3,1,20,25,8,Hybrid
80,312,2490,2,1,0,20,30,8,Electric
75,312,2490,2,2,0,25,20,8,Electric
54,312,2490,2,3,1,25,30,8,Hybrid
62,312,2491,3,1,0,20,30,6,Electric
71,312,2491,3,2,0,20,30,7,Electric
41,312,2491,3,3,1,20,25,7,Hybrid
63,312,2492,4,1,0,25,30,6,Electric
7,312,2492,4,2,0,15,30,6,Gasoline
47,312,2492,4,3,1,20,20,8,Hybrid
4,312,2493,5,1,1,15,25,6,Gasoline
24,312,2493,5,2,0,25,25,8,Gasoline
38,312,2493,5,3,0,20,20,7,Hybrid
39,312,2494,6,1,0,25,20,7,Hybrid
73,312,2494,6,2,0,15,20,8,Electric
18,312,2494,6,3,1,25,30,7,Gasoline
40,312,2495,7,1,0,15,25,7,Hybrid
37,312,2495,7,2,1,15,20,7,Hybrid
32,312,2495,7,3,0,20,25,6,Hybrid
38,312,2496,8,1,1,20,20,7,Hybrid
51,312,2496,8,2,0,25,25,8,Hybrid
36,312,2496,8,3,0,25,30,6,Hybrid
57,313,2497,1,1,0,25,20,6,Electric
77,313,2497,1,2,0,20,25,8,Electric
54,313,2497,1,3,1,25,30,8,Hybrid
46,313,2498,2,1,1,15,20,8,Hybrid
42,313,2498,2,2,0,25,25,7,Hybrid
28,313,2498,2,3,0,15,20,6,Hybrid
73,313,2499,3,1,1,15,20,8,Electric
54,313,2499,3,2,0,25,30,8,Hybrid
42,313,2499,3,3,0,25,25,7,Hybrid
26,313,2500,4,1,0,20,30,8,Gasoline
47,313,2500,4,2,1,20,20,8,Hybrid
28,313,2500,4,3,0,15,20,6,Hybrid
42,313,2501,5,1,0,25,25,7,Hybrid
43,313,2501,5,2,0,15,30,7,Hybrid
34,313,2501,5,3,1,15,30,6,Hybrid
64,313,2502,6,1,0,15,20,7,Electric
73,313,2502,6,2,1,15,20,8,Electric
42,313,2502,6,3,0,25,25,7,Hybrid
17,313,2503,7,1,1,20,30,7,Gasoline
75,313,2503,7,2,0,25,20,8,Electric
74,313,2503,7,3,0,20,20,8,Electric
22,313,2504,8,1,1,15,25,8,Gasoline
9,313,2504,8,2,0,25,30,6,Gasoline
19,313,2504,8,3,0,15,20,8,Gasoline
72,314,2505,1,1,0,25,30,7,Electric
62,314,2505,1,2,0,20,30,6,Electric
74,314,2505,1,3,1,20,20,8,Electric
70,314,2506,2,1,1,15,30,7,Electric
65,314,2506,2,2,0,20,20,7,Electric
77,314,2506,2,3,0,20,25,8,Electric
53,314,2507,3,1,0,20,30,8,Hybrid
8,314,2507,3,2,0,20,30,6,Gasoline
58,314,2507,3,3,1,15,25,6,Electric
31,314,2508,4,1,1,15,25,6,Hybrid
35,314,2508,4,2,0,20,30,6,Hybrid
33,314,2508,4,3,0,25,25,6,Hybrid
7,314,2509,5,1,1,15,30,6,Gasoline
41,314,2509,5,2,0,20,25,7,Hybrid
30,314,2509,5,3,0,25,20,6,Hybrid
48,314,2510,6,1,0,25,20,8,Hybrid
20,314,2510,6,2,1,20,20,8,Gasoline
70,314,2510,6,3,0,15,30,7,Electric
13,314,2511,7,1,1,15,25,7,Gasoline
35,314,2511,7,2,0,20,30,6,Hybrid
80,314,2511,7,3,0,20,30,8,Electric
78,314,2512,8,1,0,25,25,8,Electric
23,314,2512,8,2,1,20,25,8,Gasoline
7,314,2512,8,3,0,15,30,6,Gasoline
62,315,2513,1,1,1,20,30,6,Electric
14,315,2513,1,2,0,20,25,7,Gasoline
4,315,2513,1,3,0,15,25,6,Gasoline
45,315,2514,2,1,0,25,30,7,Hybrid
16,315,2514,2,2,0,15,30,7,Gasoline
52,315,2514,2,3,1,15,30,8,Hybrid
46,315,2515,3,1,1,15,20,8,Hybrid
31,315,2515,3,2,0,15,25,6,Hybrid
65,315,2515,3,3,0,20,20,7,Electric
45,315,2516,4,1,0,25,30,7,Hybrid
52,315,2516,4,2,0,15,30,8,Hybrid
24,315,2516,4,3,1,25,25,8,Gasoline
61,315,2517,5,1,0,15,30,6,Electric
10,315,2517,5,2,0,15,20,7,Gasoline
37,315,2517,5,3,1,15,20,7,Hybrid
24,315,2518,6,1,0,25,25,8,Gasoline
2,315,2518,6,2,0,20,20,6,Gasoline
4,315,2518,6,3,1,15,25,6,Gasoline
15,315,2519,7,1,0,25,25,7,Gasoline
70,315,2519,7,2,0,15,30,7,Electric
25,315,2519,7,3,1,15,30,8,Gasoline
57,315,2520,8,1,0,25,20,6,Electric
1,315,2520,8,2,0,15,20,6,Gasoline
46,315,2520,8,3,1,15,20,8,Hybrid
57,316,2521,1,1,1,25,20,6,Electric
15,316,2521,1,2,0,25,25,7,Gasoline
70,316,2521,1,3,0,15,30,7,Electric
70,316,2522,2,1,1,15,30,7,Electric
77,316,2522,2,2,0,20,25,8,Electric
21,316,2522,2,3,0,25,20,8,Gasoline
3,316,2523,3,1,0,25,20,6,Gasoline
56,316,2523,3,2,1,20,20,6,Electric
32,316,2523,3,3,0,20,25,6,Hybrid
34,316,2524,4,1,1,15,30,6,Hybrid
45,316,2524,4,2,0,25,30,7,Hybrid
28,316,2524,4,3,0,15,20,6,Hybrid
77,316,2525,5,1,0,20,25,8,Electric
65,316,2525,5,2,0,20,20,7,Electric
79,316,2525,5,3,1,15,30,8,Electric
40,316,2526,6,1,1,15,25,7,Hybrid
24,316,2526,6,2,0,25,25,8,Gasoline
32,316,2526,6,3,0,20,25,6,Hybrid
8,316,2527,7,1,0,20,30,6,Gasoline
56,316,2527,7,2,1,20,20,6,Electric
41,316,2527,7,3,0,20,25,7,Hybrid
59,316,2528,8,1,0,20,25,6,Electric
43,316,2528,8,2,1,15,30,7,Hybrid
69,316,2528,8,3,0,25,25,7,Electric
49,317,2529,1,1,1,15,25,8,Hybrid
22,317,2529,1,2,0,15,25,8,Gasoline
28,317,2529,1,3,0,15,20,6,Hybrid
23,317,2530,2,1,1,20,25,8,Gasoline
79,317,2530,2,2,0,15,30,8,Electric
60,317,2530,2,3,0,25,25,6,Electric
65,317,2531,3,1,0,20,20,7,Electric
33,317,2531,3,2,0,25,25,6,Hybrid
31,317,2531,3,3,1,15,25,6,Hybrid
39,317,2532,4,1,0,25,20,7,Hybrid
48,317,2532,4,2,0,25,20,8,Hybrid
15,317,2532,4,3,1,25,25,7,Gasoline
13,317,2533,5,1,1,15,25,7,Gasoline
23,317,2533,5,2,0,20,25,8,Gasoline
4,317,2533,5,3,0,15,25,6,Gasoline
31,317,2534,6,1,0,15,25,6,Hybrid
79,317,2534,6,2,0,15,30,8,Electric
40,317,2534,6,3,1,15,25,7,Hybrid
74,317,2535,7,1,0,20,20,8,Electric
30,317,2535,7,2,1,25,20,6,Hybrid
18,317,2535,7,3,0,25,30,7,Gasoline
71,317,2536,8,1,0,20,30,7,Electric
28,317,2536,8,2,1,15,20,6,Hybrid
45,317,2536,8,3,0,25,30,7,Hybrid
71,318,2537,1,1,0,20,30,7,Electric
45,318,2537,1,2,1,25,30,7,Hybrid
81,318,2537,1,3,0,25,30,8,Electric
33,318,2538,2,1,1,25,25,6,Hybrid
81,318,2538,2,2,0,25,30,8,Electric
60,318,2538,2,3,0,25,25,6,Electric
39,318,2539,3,1,0,25,20,7,Hybrid
41,318,2539,3,2,0,20,25,7,Hybrid
51,318,2539,3,3,1,25,25,8,Hybrid
2,318,2540,4,1,0,20,20,6,Gasoline
46,318,2540,4,2,1,15,20,8,Hybrid
4,318,2540,4,3,0,15,25,6,Gasoline
7,318,2541,5,1,1,15,30,6,Gasoline
38,318,2541,5,2,0,20,20,7,Hybrid
58,318,2541,5,3,0,15,25,6,Electric
43,318,2542,6,1,0,15,30,7,Hybrid
11,318,2542,6,2,0,20,20,7,Gasoline
22,318,2542,6,3,1,15,25,8,Gasoline
75,318,2543,7,1,0,25,20,8,Electric
13,318,2543,7,2,1,15,25,7,Gasoline
7,318,2543,7,3,0,15,30,6,Gasoline
77,318,2544,8,1,0,20,25,8,Electric
35,318,2544,8,2,1,20,30,6,Hybrid
59,318,2544,8,3,0,20,25,6,Electric
52,319,2545,1,1,0,15,30,8,Hybrid
35,319,2545,1,2,0,20,30,6,Hybrid
20,319,2545,1,3,1,20,20,8,Gasoline
62,319,2546,2,1,0,20,30,6,Electric
79,319,2546,2,2,0,15,30,8,Electric
44,319,2546,2,3,1,20,30,7,Hybrid
72,319,2547,3,1,0,25,30,7,Electric
45,319,2547,3,2,0,25,30,7,Hybrid
62,319,2547,3,3,1,20,30,6,Electric
77,319,2548,4,1,0,20,25,8,Electric
73,319,2548,4,2,0,15,20,8,Electric
49,319,2548,4,3,1,15,25,8,Hybrid
53,319,2549,5,1,0,20,30,8,Hybrid
29,319,2549,5,2,1,20,20,6,Hybrid
52,319,2549,5,3,0,15,30,8,Hybrid
40,319,2550,6,1,1,15,25,7,Hybrid
58,319,2550,6,2,0,15,25,6,Electric
34,319,2550,6,3,0,15,30,6,Hybrid
4,319,2551,7,1,1,15,25,6,Gasoline
16,319,2551,7,2,0,15,30,7,Gasoline
79,319,2551,7,3,0,15,30,8,Electric
80,319,2552,8,1,1,20,30,8,Electric
33,319,2552,8,2,0,25,25,6,Hybrid
78,319,2552,8,3,0,25,25,8,Electric
35,320,2553,1,1,0,20,30,6,Hybrid
59,320,2553,1,2,0,20,25,6,Electric
30,320,2553,1,3,1,25,20,6,Hybrid
78,320,2554,2,1,0,25,25,8,Electric
5,320,2554,2,2,1,20,25,6,Gasoline
53,320,2554,2,3,0,20,30,8,Hybrid
26,320,2555,3,1,0,20,30,8,Gasoline
70,320,2555,3,2,0,15,30,7,Electric
44,320,2555,3,3,1,20,30,7,Hybrid
24,320,2556,4,1,0,25,25,8,Gasoline
30,320,2556,4,2,1,25,20,6,Hybrid
33,320,2556,4,3,0,25,25,6,Hybrid
14,320,2557,5,1,1,20,25,7,Gasoline
69,320,2557,5,2,0,25,25,7,Electric
19,320,2557,5,3,0,15,20,8,Gasoline
81,320,2558,6,1,0,25,30,8,Electric
37,320,2558,6,2,0,15,20,7,Hybrid
41,320,2558,6,3,1,20,25,7,Hybrid
61,320,2559,7,1,1,15,30,6,Electric
69,320,2559,7,2,0,25,25,7,Electric
11,320,2559,7,3,0,20,20,7,Gasoline
35,320,2560,8,1,0,20,30,6,Hybrid
22,320,2560,8,2,1,15,25,8,Gasoline
9,320,2560,8,3,0,25,30,6,Gasoline
35,321,2561,1,1,0,20,30,6,Hybrid
40,321,2561,1,2,1,15,25,7,Hybrid
38,321,2561,1,3,0,20,20,7,Hybrid
44,321,2562,2,1,0,20,30,7,Hybrid
40,321,2562,2,2,1,15,25,7,Hybrid
3,321,2562,2,3,0,25,20,6,Gasoline
79,321,2563,3,1,1,15,30,8,Electric
38,321,2563,3,2,0,20,20,7,Hybrid
9,321,2563,3,3,0,25,30,6,Gasoline
2,321,2564,4,1,0,20,20,6,Gasoline
38,321,2564,4,2,1,20,20,7,Hybrid
58,321,2564,4,3,0,15,25,6,Electric
27,321,2565,5,1,0,25,30,8,Gasoline
9,321,2565,5,2,0,25,30,6,Gasoline
72,321,2565,5,3,1,25,30,7,Electric
43,321,2566,6,1,1,15,30,7,Hybrid
68,321,2566,6,2,0,20,25,7,Electric
14,321,2566,6,3,0,20,25,7,Gasoline
19,321,2567,7,1,0,15,20,8,Gasoline
10,321,2567,7,2,1,15,20,7,Gasoline
39,321,2567,7,3,0,25,20,7,Hybrid
50,321,2568,8,1,1,20,25,8,Hybrid
20,321,2568,8,2,0,20,20,8,Gasoline
6,321,2568,8,3,0,25,25,6,Gasoline
38,322,2569,1,1,0,20,20,7,Hybrid
72,322,2569,1,2,0,25,30,7,Electric
2,322,2569,1,3,1,20,20,6,Gasoline
57,322,2570,2,1,0,25,20,6,Electric
1,322,2570,2,2,1,15,20,6,Gasoline
23,322,2570,2,3,0,20,25,8,Gasoline
4,322,2571,3,1,1,15,25,6,Gasoline
66,322,2571,3,2,0,25,20,7,Electric
26,322,2571,3,3,0,20,30,8,Gasoline
65,322,2572,4,1,0,20,20,7,Electric
79,322,2572,4,2,1,15,30,8,Electric
75,322,2572,4,3,0,25,20,8,Electric
79,322,2573,5,1,0,15,30,8,Electric
25,322,2573,5,2,1,15,30,8,Gasoline
62,322,2573,5,3,0,20,30,6,Electric
38,322,2574,6,1,1,20,20,7,Hybrid
24,322,2574,6,2,0,25,25,8,Gasoline
71,322,2574,6,3,0,20,30,7,Electric
33,322,2575,7,1,0,25,25,6,Hybrid
5,322,2575,7,2,1,20,25,6,Gasoline
61,322,2575,7,3,0,15,30,6,Electric
25,322,2576,8,1,0,15,30,8,Gasoline
30,322,2576,8,2,1,25,20,6,Hybrid
15,322,2576,8,3,0,25,25,7,Gasoline
63,323,2577,1,1,0,25,30,6,Electric
16,323,2577,1,2,1,15,30,7,Gasoline
57,323,2577,1,3,0,25,20,6,Electric
15,323,2578,2,1,0,25,25,7,Gasoline
47,323,2578,2,2,1,20,20,8,Hybrid
48,323,2578,2,3,0,25,20,8,Hybrid
6,323,2579,3,1,0,25,25,6,Gasoline
26,323,2579,3,2,1,20,30,8,Gasoline
50,323,2579,3,3,0,20,25,8,Hybrid
16,323,2580,4,1,1,15,30,7,Gasoline
21,323,2580,4,2,0,25,20,8,Gasoline
37,323,2580,4,3,0,15,20,7,Hybrid
76,323,2581,5,1,0,15,25,8,Electric
28,323,2581,5,2,1,15,20,6,Hybrid
10,323,2581,5,3,0,15,20,7,Gasoline
68,323,2582,6,1,0,20,25,7,Electric
44,323,2582,6,2,1,20,30,7,Hybrid
20,323,2582,6,3,0,20,20,8,Gasoline
51,323,2583,7,1,0,25,25,8,Hybrid
13,323,2583,7,2,1,15,25,7,Gasoline
60,323,2583,7,3,0,25,25,6,Electric
25,323,2584,8,1,0,15,30,8,Gasoline
19,323,2584,8,2,1,15,20,8,Gasoline
72,323,2584,8,3,0,25,30,7,Electric
8,324,2585,1,1,1,20,30,6,Gasoline
74,324,2585,1,2,0,20,20,8,Electric
6,324,2585,1,3,0,25,25,6,Gasoline
44,324,2586,2,1,0,20,30,7,Hybrid
63,324,2586,2,2,0,25,30,6,Electric
52,324,2586,2,3,1,15,30,8,Hybrid
11,324,2587,3,1,0,20,20,7,Gasoline
54,324,2587,3,2,1,25,30,8,Hybrid
68,324,2587,3,3,0,20,25,7,Electric
36,324,2588,4,1,0,25,30,6,Hybrid
15,324,2588,4,2,1,25,25,7,Gasoline
55,324,2588,4,3,0,15,20,6,Electric
22,324,2589,5,1,1,15,25,8,Gasoline
76,324,2589,5,2,0,15,25,8,Electric
9,324,2589,5,3,0,25,30,6,Gasoline
77,324,2590,6,1,0,20,25,8,Electric
44,324,2590,6,2,1,20,30,7,Hybrid
20,324,2590,6,3,0,20,20,8,Gasoline
28,324,2591,7,1,1,15,20,6,Hybrid
39,324,2591,7,2,0,25,20,7,Hybrid
2,324,2591,7,3,0,20,20,6,Gasoline
24,324,2592,8,1,0,25,25,8,Gasoline
34,324,2592,8,2,1,15,30,6,Hybrid
81,324,2592,8,3,0,25,30,8,Electric
12,325,2593,1,1,0,25,20,7,Gasoline
31,325,2593,1,2,1,15,25,6,Hybrid
76,325,2593,1,3,0,15,25,8,Electric
4,325,2594,2,1,1,15,25,6,Gasoline
18,325,2594,2,2,0,25,30,7,Gasoline
36,325,2594,2,3,0,25,30,6,Hybrid
13,325,2595,3,1,1,15,25,7,Gasoline
75,325,2595,3,2,0,25,20,8,Electric
80,325,2595,3,3,0,20,30,8,Electric
7,325,2596,4,1,1,15,30,6,Gasoline
61,325,2596,4,2,0,15,30,6,Electric
81,325,2596,4,3,0,25,30,8,Electric
55,325,2597,5,1,1,15,20,6,Electric
75,325,2597,5,2,0,25,20,8,Electric
36,325,2597,5,3,0,25,30,6,Hybrid
19,325,2598,6,1,0,15,20,8,Gasoline
55,325,2598,6,2,1,15,20,6,Electric
62,325,2598,6,3,0,20,30,6,Electric
10,325,2599,7,1,0,15,20,7,Gasoline
76,325,2599,7,2,0,15,25,8,Electric
6,325,2599,7,3,1,25,25,6,Gasoline
64,325,2600,8,1,1,15,20,7,Electric
51,325,2600,8,2,0,25,25,8,Hybrid
69,325,2600,8,3,0,25,25,7,Electric
78,326,2601,1,1,0,25,25,8,Electric
22,326,2601,1,2,1,15,25,8,Gasoline
77,326,2601,1,3,0,20,25,8,Electric
39,326,2602,2,1,0,25,20,7,Hybrid
55,326,2602,2,2,0,15,20,6,Electric
20,326,2602,2,3,1,20,20,8,Gasoline
61,326,2603,3,1,0,15,30,6,Electric
5,326,2603,3,2,0,20,25,6,Gasoline
7,326,2603,3,3,1,15,30,6,Gasoline
63,326,2604,4,1,0,25,30,6,Electric
6,326,2604,4,2,0,25,25,6,Gasoline
74,326,2604,4,3,1,20,20,8,Electric
65,326,2605,5,1,1,20,20,7,Electric
54,326,2605,5,2,0,25,30,8,Hybrid
25,326,2605,5,3,0,15,30,8,Gasoline
51,326,2606,6,1,1,25,25,8,Hybrid
63,326,2606,6,2,0,25,30,6,Electric
78,326,2606,6,3,0,25,25,8,Electric
74,326,2607,7,1,0,20,20,8,Electric
18,326,2607,7,2,0,25,30,7,Gasoline
58,326,2607,7,3,1,15,25,6,Electric
20,326,2608,8,1,0,20,20,8,Gasoline
41,326,2608,8,2,1,20,25,7,Hybrid
74,326,2608,8,3,0,20,20,8,Electric
75,327,2609,1,1,0,25,20,8,Electric
16,327,2609,1,2,1,15,30,7,Gasoline
6,327,2609,1,3,0,25,25,6,Gasoline
28,327,2610,2,1,1,15,20,6,Hybrid
39,327,2610,2,2,0,25,20,7,Hybrid
10,327,2610,2,3,0,15,20,7,Gasoline
49,327,2611,3,1,1,15,25,8,Hybrid
45,327,2611,3,2,0,25,30,7,Hybrid
24,327,2611,3,3,0,25,25,8,Gasoline
48,327,2612,4,1,1,25,20,8,Hybrid
52,327,2612,4,2,0,15,30,8,Hybrid
78,327,2612,4,3,0,25,25,8,Electric
58,327,2613,5,1,0,15,25,6,Electric
1,327,2613,5,2,1,15,20,6,Gasoline
65,327,2613,5,3,0,20,20,7,Electric
10,327,2614,6,1,0,15,20,7,Gasoline
16,327,2614,6,2,1,15,30,7,Gasoline
9,327,2614,6,3,0,25,30,6,Gasoline
31,327,2615,7,1,0,15,25,6,Hybrid
76,327,2615,7,2,0,15,25,8,Electric
4,327,2615,7,3,1,15,25,6,Gasoline
5,327,2616,8,1,1,20,25,6,Gasoline
59,327,2616,8,2,0,20,25,6,Electric
45,327,2616,8,3,0,25,30,7,Hybrid
75,328,2617,1,1,0,25,20,8,Electric
8,328,2617,1,2,1,20,30,6,Gasoline
14,328,2617,1,3,0,20,25,7,Gasoline
18,328,2618,2,1,0,25,30,7,Gasoline
46,328,2618,2,2,1,15,20,8,Hybrid
51,328,2618,2,3,0,25,25,8,Hybrid
78,328,2619,3,1,0,25,25,8,Electric
51,328,2619,3,2,0,25,25,8,Hybrid
21,328,2619,3,3,1,25,20,8,Gasoline
1,328,2620,4,1,1,15,20,6,Gasoline
34,328,2620,4,2,0,15,30,6,Hybrid
60,328,2620,4,3,0,25,25,6,Electric
60,328,2621,5,1,0,25,25,6,Electric
17,328,2621,5,2,0,20,30,7,Gasoline
34,328,2621,5,3,1,15,30,6,Hybrid
71,328,2622,6,1,0,20,30,7,Electric
12,328,2622,6,2,1,25,20,7,Gasoline
27,328,2622,6,3,0,25,30,8,Gasoline
31,328,2623,7,1,1,15,25,6,Hybrid
53,328,2623,7,2,0,20,30,8,Hybrid
18,328,2623,7,3,0,25,30,7,Gasoline
28,328,2624,8,1,1,15,20,6,Hybrid
54,328,2624,8,2,0,25,30,8,Hybrid
71,328,2624,8,3,0,20,30,7,Electric
80,329,2625,1,1,0,20,30,8,Electric
52,329,2625,1,2,1,15,30,8,Hybrid
74,329,2625,1,3,0,20,20,8,Electric
14,329,2626,2,1,1,20,25,7,Gasoline
68,329,2626,2,2,0,20,25,7,Electric
71,329,2626,2,3,0,20,30,7,Electric
44,329,2627,3,1,0,20,30,7,Hybrid
46,329,2627,3,2,1,15,20,8,Hybrid
18,329,2627,3,3,0,25,30,7,Gasoline
56,329,2628,4,1,1,20,20,6,Electric
23,329,2628,4,2,0,20,25,8,Gasoline
76,329,2628,4,3,0,15,25,8,Electric
25,329,2629,5,1,1,15,30,8,Gasoline
81,329,2629,5,2,0,25,30,8,Electric
8,329,2629,5,3,0,20,30,6,Gasoline
17,329,2630,6,1,0,20,30,7,Gasoline
24,329,2630,6,2,0,25,25,8,Gasoline
76,329,2630,6,3,1,15,25,8,Electric
39,329,2631,7,1,1,25,20,7,Hybrid
24,329,2631,7,2,0,25,25,8,Gasoline
67,329,2631,7,3,0,15,25,7,Electric
47,329,2632,8,1,1,20,20,8,Hybrid
3,329,2632,8,2,0,25,20,6,Gasoline
80,329,2632,8,3,0,20,30,8,Electric
45,330,2633,1,1,1,25,30,7,Hybrid
75,330,2633,1,2,0,25,20,8,Electric
76,330,2633,1,3,0,15,25,8,Electric
48,330,2634,2,1,1,25,20,8,Hybrid
56,330,2634,2,2,0,20,20,6,Electric
80,330,2634,2,3,0,20,30,8,Electric
49,330,2635,3,1,1,15,25,8,Hybrid
5,330,2635,3,2,0,20,25,6,Gasoline
72,330,2635,3,3,0,25,30,7,Electric
72,330,2636,4,1,0,25,30,7,Electric
40,330,2636,4,2,0,15,25,7,Hybrid
22,330,2636,4,3,1,15,25,8,Gasoline
78,330,2637,5,1,0,25,25,8,Electric
26,330,2637,5,2,1,20,30,8,Gasoline
66,330,2637,5,3,0,25,20,7,Electric
78,330,2638,6,1,0,25,25,8,Electric
15,330,2638,6,2,1,25,25,7,Gasoline
62,330,2638,6,3,0,20,30,6,Electric
79,330,2639,7,1,0,15,30,8,Electric
72,330,2639,7,2,0,25,30,7,Electric
10,330,2639,7,3,1,15,20,7,Gasoline
12,330,2640,8,1,0,25,20,7,Gasoline
43,330,2640,8,2,1,15,30,7,Hybrid
46,330,2640,8,3,0,15,20,8,Hybrid
73,331,2641,1,1,1,15,20,8,Electric
14,331,2641,1,2,0,20,25,7,Gasoline
32,331,2641,1,3,0,20,25,6,Hybrid
2,331,2642,2,1,0,20,20,6,Gasoline
19,331,2642,2,2,1,15,20,8,Gasoline
5,331,2642,2,3,0,20,25,6,Gasoline
65,331,2643,3,1,0,20,20,7,Electric
36,331,2643,3,2,1,25,30,6,Hybrid
79,331,2643,3,3,0,15,30,8,Electric
16,331,2644,4,1,0,15,30,7,Gasoline
78,331,2644,4,2,0,25,25,8,Electric
39,331,2644,4,3,1,25,20,7,Hybrid
50,331,2645,5,1,0,20,25,8,Hybrid
64,331,2645,5,2,1,15,20,7,Electric
14,331,2645,5,3,0,20,25,7,Gasoline
80,331,2646,6,1,0,20,30,8,Electric
17,331,2646,6,2,0,20,30,7,Gasoline
25,331,2646,6,3,1,15,30,8,Gasoline
78,331,2647,7,1,0,25,25,8,Electric
2,331,2647,7,2,1,20,20,6,Gasoline
14,331,2647,7,3,0,20,25,7,Gasoline
77,331,2648,8,1,0,20,25,8,Electric
37,331,2648,8,2,0,15,20,7,Hybrid
71,331,2648,8,3,1,20,30,7,Electric
15,332,2649,1,1,0,25,25,7,Gasoline
54,332,2649,1,2,1,25,30,8,Hybrid
72,332,2649,1,3,0,25,30,7,Electric
41,332,2650,2,1,0,20,25,7,Hybrid
37,332,2650,2,2,1,15,20,7,Hybrid
68,332,2650,2,3,0,20,25,7,Electric
46,332,2651,3,1,1,15,20,8,Hybrid
9,332,2651,3,2,0,25,30,6,Gasoline
35,332,2651,3,3,0,20,30,6,Hybrid
72,332,2652,4,1,0,25,30,7,Electric
78,332,2652,4,2,0,25,25,8,Electric
63,332,2652,4,3,1,25,30,6,Electric
41,332,2653,5,1,0,20,25,7,Hybrid
35,332,2653,5,2,0,20,30,6,Hybrid
43,332,2653,5,3,1,15,30,7,Hybrid
18,332,2654,6,1,1,25,30,7,Gasoline
21,332,2654,6,2,0,25,20,8,Gasoline
64,332,2654,6,3,0,15,20,7,Electric
31,332,2655,7,1,0,15,25,6,Hybrid
59,332,2655,7,2,0,20,25,6,Electric
64,332,2655,7,3,1,15,20,7,Electric
54,332,2656,8,1,1,25,30,8,Hybrid
70,332,2656,8,2,0,15,30,7,Electric
74,332,2656,8,3,0,20,20,8,Electric
3,333,2657,1,1,0,25,20,6,Gasoline
67,333,2657,1,2,0,15,25,7,Electric
74,333,2657,1,3,1,20,20,8,Electric
39,333,2658,2,1,0,25,20,7,Hybrid
52,333,2658,2,2,0,15,30,8,Hybrid
26,333,2658,2,3,1,20,30,8,Gasoline
65,333,2659,3,1,1,20,20,7,Electric
53,333,2659,3,2,0,20,30,8,Hybrid
43,333,2659,3,3,0,15,30,7,Hybrid
6,333,2660,4,1,0,25,25,6,Gasoline
43,333,2660,4,2,1,15,30,7,Hybrid
16,333,2660,4,3,0,15,30,7,Gasoline
38,333,2661,5,1,0,20,20,7,Hybrid
29,333,2661,5,2,0,20,20,6,Hybrid
37,333,2661,5,3,1,15,20,7,Hybrid
26,333,2662,6,1,0,20,30,8,Gasoline
32,333,2662,6,2,1,20,25,6,Hybrid
74,333,2662,6,3,0,20,20,8,Electric
56,333,2663,7,1,1,20,20,6,Electric
71,333,2663,7,2,0,20,30,7,Electric
59,333,2663,7,3,0,20,25,6,Electric
28,333,2664,8,1,0,15,20,6,Hybrid
43,333,2664,8,2,1,15,30,7,Hybrid
18,333,2664,8,3,0,25,30,7,Gasoline
45,334,2665,1,1,0,25,30,7,Hybrid
40,334,2665,1,2,0,15,25,7,Hybrid
64,334,2665,1,3,1,15,20,7,Electric
70,334,2666,2,1,1,15,30,7,Electric
10,334,2666,2,2,0,15,20,7,Gasoline
18,334,2666,2,3,0,25,30,7,Gasoline
64,334,2667,3,1,1,15,20,7,Electric
44,334,2667,3,2,0,20,30,7,Hybrid
24,334,2667,3,3,0,25,25,8,Gasoline
4,334,2668,4,1,1,15,25,6,Gasoline
69,334,2668,4,2,0,25,25,7,Electric
57,334,2668,4,3,0,25,20,6,Electric
43,334,2669,5,1,0,15,30,7,Hybrid
23,334,2669,5,2,0,20,25,8,Gasoline
55,334,2669,5,3,1,15,20,6,Electric
57,334,2670,6,1,1,25,20,6,Electric
52,334,2670,6,2,0,15,30,8,Hybrid
63,334,2670,6,3,0,25,30,6,Electric
78,334,2671,7,1,0,25,25,8,Electric
68,334,2671,7,2,0,20,25,7,Electric
20,334,2671,7,3,1,20,20,8,Gasoline
42,334,2672,8,1,0,25,25,7,Hybrid
35,334,2672,8,2,1,20,30,6,Hybrid
11,334,2672,8,3,0,20,20,7,Gasoline
31,335,2673,1,1,1,15,25,6,Hybrid
67,335,2673,1,2,0,15,25,7,Electric
43,335,2673,1,3,0,15,30,7,Hybrid
63,335,2674,2,1,0,25,30,6,Electric
14,335,2674,2,2,1,20,25,7,Gasoline
2,335,2674,2,3,0,20,20,6,Gasoline
24,335,2675,3,1,0,25,25,8,Gasoline
65,335,2675,3,2,0,20,20,7,Electric
49,335,2675,3,3,1,15,25,8,Hybrid
81,335,2676,4,1,1,25,30,8,Electric
48,335,2676,4,2,0,25,20,8,Hybrid
68,335,2676,4,3,0,20,25,7,Electric
52,335,2677,5,1,0,15,30,8,Hybrid
16,335,2677,5,2,0,15,30,7,Gasoline
23,335,2677,5,3,1,20,25,8,Gasoline
3,335,2678,6,1,1,25,20,6,Gasoline
7,335,2678,6,2,0,15,30,6,Gasoline
25,335,2678,6,3,0,15,30,8,Gasoline
14,335,2679,7,1,0,20,25,7,Gasoline
37,335,2679,7,2,1,15,20,7,Hybrid
19,335,2679,7,3,0,15,20,8,Gasoline
69,335,2680,8,1,0,25,25,7,Electric
43,335,2680,8,2,1,15,30,7,Hybrid
24,335,2680,8,3,0,25,25,8,Gasoline
76,336,2681,1,1,1,15,25,8,Electric
26,336,2681,1,2,0,20,30,8,Gasoline
39,336,2681,1,3,0,25,20,7,Hybrid
57,336,2682,2,1,0,25,20,6,Electric
18,336,2682,2,2,1,25,30,7,Gasoline
30,336,2682,2,3,0,25,20,6,Hybrid
20,336,2683,3,1,0,20,20,8,Gasoline
42,336,2683,3,2,0,25,25,7,Hybrid
25,336,2683,3,3,1,15,30,8,Gasoline
19,336,2684,4,1,0,15,20,8,Gasoline
78,336,2684,4,2,0,25,25,8,Electric
9,336,2684,4,3,1,25,30,6,Gasoline
73,336,2685,5,1,1,15,20,8,Electric
59,336,2685,5,2,0,20,25,6,Electric
45,336,2685,5,3,0,25,30,7,Hybrid
9,336,2686,6,1,1,25,30,6,Gasoline
59,336,2686,6,2,0,20,25,6,Electric
56,336,2686,6,3,0,20,20,6,Electric
45,336,2687,7,1,0,25,30,7,Hybrid
10,336,2687,7,2,0,15,20,7,Gasoline
36,336,2687,7,3,1,25,30,6,Hybrid
78,336,2688,8,1,0,25,25,8,Electric
57,336,2688,8,2,0,25,20,6,Electric
35,336,2688,8,3,1,20,30,6,Hybrid
13,337,2689,1,1,1,15,25,7,Gasoline
5,337,2689,1,2,0,20,25,6,Gasoline
75,337,2689,1,3,0,25,20,8,Electric
80,337,2690,2,1,0,20,30,8,Electric
46,337,2690,2,2,1,15,20,8,Hybrid
4,337,2690,2,3,0,15,25,6,Gasoline
29,337,2691,3,1,1,20,20,6,Hybrid
15,337,2691,3,2,0,25,25,7,Gasoline
16,337,2691,3,3,0,15,30,7,Gasoline
54,337,2692,4,1,0,25,30,8,Hybrid
34,337,2692,4,2,1,15,30,6,Hybrid
73,337,2692,4,3,0,15,20,8,Electric
10,337,2693,5,1,0,15,20,7,Gasoline
31,337,2693,5,2,0,15,25,6,Hybrid
52,337,2693,5,3,1,15,30,8,Hybrid
71,337,2694,6,1,0,20,30,7,Electric
72,337,2694,6,2,0,25,30,7,Electric
29,337,2694,6,3,1,20,20,6,Hybrid
65,337,2695,7,1,0,20,20,7,Electric
68,337,2695,7,2,1,20,25,7,Electric
42,337,2695,7,3,0,25,25,7,Hybrid
30,337,2696,8,1,0,25,20,6,Hybrid
68,337,2696,8,2,0,20,25,7,Electric
65,337,2696,8,3,1,20,20,7,Electric
16,338,2697,1,1,1,15,30,7,Gasoline
74,338,2697,1,2,0,20,20,8,Electric
35,338,2697,1,3,0,20,30,6,Hybrid
39,338,2698,2,1,0,25,20,7,Hybrid
43,338,2698,2,2,1,15,30,7,Hybrid
48,338,2698,2,3,0,25,20,8,Hybrid
49,338,2699,3,1,0,15,25,8,Hybrid
52,338,2699,3,2,0,15,30,8,Hybrid
73,338,2699,3,3,1,15,20,8,Electric
36,338,2700,4,1,1,25,30,6,Hybrid
21,338,2700,4,2,0,25,20,8,Gasoline
66,338,2700,4,3,0,25,20,7,Electric
28,338,2701,5,1,1,15,20,6,Hybrid
34,338,2701,5,2,0,15,30,6,Hybrid
67,338,2701,5,3,0,15,25,7,Electric
61,338,2702,6,1,0,15,30,6,Electric
45,338,2702,6,2,0,25,30,7,Hybrid
40,338,2702,6,3,1,15,25,7,Hybrid
11,338,2703,7,1,0,20,20,7,Gasoline
79,338,2703,7,2,1,15,30,8,Electric
46,338,2703,7,3,0,15,20,8,Hybrid
19,338,2704,8,1,0,15,20,8,Gasoline
35,338,2704,8,2,0,20,30,6,Hybrid
16,338,2704,8,3,1,15,30,7,Gasoline
28,339,2705,1,1,0,15,20,6,Hybrid
8,339,2705,1,2,1,20,30,6,Gasoline
19,339,2705,1,3,0,15,20,8,Gasoline
39,339,2706,2,1,0,25,20,7,Hybrid
42,339,2706,2,2,0,25,25,7,Hybrid
54,339,2706,2,3,1,25,30,8,Hybrid
35,339,2707,3,1,0,20,30,6,Hybrid
24,339,2707,3,2,0,25,25,8,Gasoline
56,339,2707,3,3,1,20,20,6,Electric
1,339,2708,4,1,1,15,20,6,Gasoline
6,339,2708,4,2,0,25,25,6,Gasoline
80,339,2708,4,3,0,20,30,8,Electric
75,339,2709,5,1,0,25,20,8,Electric
7,339,2709,5,2,0,15,30,6,Gasoline
14,339,2709,5,3,1,20,25,7,Gasoline
2,339,2710,6,1,0,20,20,6,Gasoline
3,339,2710,6,2,0,25,20,6,Gasoline
9,339,2710,6,3,1,25,30,6,Gasoline
44,339,2711,7,1,0,20,30,7,Hybrid
28,339,2711,7,2,1,15,20,6,Hybrid
3,339,2711,7,3,0,25,20,6,Gasoline
12,339,2712,8,1,0,25,20,7,Gasoline
62,339,2712,8,2,0,20,30,6,Electric
68,339,2712,8,3,1,20,25,7,Electric
54,340,2713,1,1,0,25,30,8,Hybrid
22,340,2713,1,2,0,15,25,8,Gasoline
1,340,2713,1,3,1,15,20,6,Gasoline
67,340,2714,2,1,0,15,25,7,Electric
62,340,2714,2,2,0,20,30,6,Electric
8,340,2714,2,3,1,20,30,6,Gasoline
30,340,2715,3,1,0,25,20,6,Hybrid
80,340,2715,3,2,0,20,30,8,Electric
22,340,2715,3,3,1,15,25,8,Gasoline
64,340,2716,4,1,1,15,20,7,Electric
78,340,2716,4,2,0,25,25,8,Electric
39,340,2716,4,3,0,25,20,7,Hybrid
46,340,2717,5,1,1,15,20,8,Hybrid
31,340,2717,5,2,0,15,25,6,Hybrid
81,340,2717,5,3,0,25,30,8,Electric
81,340,2718,6,1,0,25,30,8,Electric
45,340,2718,6,2,1,25,30,7,Hybrid
68,340,2718,6,3,0,20,25,7,Electric
72,340,2719,7,1,0,25,30,7,Electric
1,340,2719,7,2,0,15,20,6,Gasoline
40,340,2719,7,3,1,15,25,7,Hybrid
61,340,2720,8,1,0,15,30,6,Electric
47,340,2720,8,2,1,20,20,8,Hybrid
23,340,2720,8,3,0,20,25,8,Gasoline
58,341,2721,1,1,1,15,25,6,Electric
14,341,2721,1,2,0,20,25,7,Gasoline
49,341,2721,1,3,0,15,25,8,Hybrid
73,341,2722,2,1,0,15,20,8,Electric
20,341,2722,2,2,0,20,20,8,Gasoline
55,341,2722,2,3,1,15,20,6,Electric
9,341,2723,3,1,0,25,30,6,Gasoline
58,341,2723,3,2,1,15,25,6,Electric
37,341,2723,3,3,0,15,20,7,Hybrid
32,341,2724,4,1,0,20,25,6,Hybrid
6,341,2724,4,2,0,25,25,6,Gasoline
39,341,2724,4,3,1,25,20,7,Hybrid
39,341,2725,5,1,1,25,20,7,Hybrid
30,341,2725,5,2,0,25,20,6,Hybrid
59,341,2725,5,3,0,20,25,6,Electric
31,341,2726,6,1,1,15,25,6,Hybrid
49,341,2726,6,2,0,15,25,8,Hybrid
67,341,2726,6,3,0,15,25,7,Electric
60,341,2727,7,1,0,25,25,6,Electric
62,341,2727,7,2,0,20,30,6,Electric
40,341,2727,7,3,1,15,25,7,Hybrid
59,341,2728,8,1,0,20,25,6,Electric
58,341,2728,8,2,0,15,25,6,Electric
10,341,2728,8,3,1,15,20,7,Gasoline
33,342,2729,1,1,0,25,25,6,Hybrid
20,342,2729,1,2,1,20,20,8,Gasoline
72,342,2729,1,3,0,25,30,7,Electric
49,342,2730,2,1,0,15,25,8,Hybrid
41,342,2730,2,2,1,20,25,7,Hybrid
79,342,2730,2,3,0,15,30,8,Electric
55,342,2731,3,1,0,15,20,6,Electric
60,342,2731,3,2,0,25,25,6,Electric
50,342,2731,3,3,1,20,25,8,Hybrid
81,342,2732,4,1,0,25,30,8,Electric
28,342,2732,4,2,1,15,20,6,Hybrid
15,342,2732,4,3,0,25,25,7,Gasoline
37,342,2733,5,1,1,15,20,7,Hybrid
44,342,2733,5,2,0,20,30,7,Hybrid
38,342,2733,5,3,0,20,20,7,Hybrid
54,342,2734,6,1,0,25,30,8,Hybrid
8,342,2734,6,2,0,20,30,6,Gasoline
20,342,2734,6,3,1,20,20,8,Gasoline
76,342,2735,7,1,0,15,25,8,Electric
16,342,2735,7,2,1,15,30,7,Gasoline
71,342,2735,7,3,0,20,30,7,Electric
43,342,2736,8,1,1,15,30,7,Hybrid
13,342,2736,8,2,0,15,25,7,Gasoline
30,342,2736,8,3,0,25,20,6,Hybrid
57,343,2737,1,1,1,25,20,6,Electric
33,343,2737,1,2,0,25,25,6,Hybrid
26,343,2737,1,3,0,20,30,8,Gasoline
6,343,2738,2,1,0,25,25,6,Gasoline
69,343,2738,2,2,0,25,25,7,Electric
28,343,2738,2,3,1,15,20,6,Hybrid
14,343,2739,3,1,0,20,25,7,Gasoline
22,343,2739,3,2,1,15,25,8,Gasoline
56,343,2739,3,3,0,20,20,6,Electric
26,343,2740,4,1,0,20,30,8,Gasoline
73,343,2740,4,2,1,15,20,8,Electric
22,343,2740,4,3,0,15,25,8,Gasoline
26,343,2741,5,1,0,20,30,8,Gasoline
72,343,2741,5,2,0,25,30,7,Electric
4,343,2741,5,3,1,15,25,6,Gasoline
17,343,2742,6,1,1,20,30,7,Gasoline
15,343,2742,6,2,0,25,25,7,Gasoline
25,343,2742,6,3,0,15,30,8,Gasoline
68,343,2743,7,1,0,20,25,7,Electric
47,343,2743,7,2,1,20,20,8,Hybrid
58,343,2743,7,3,0,15,25,6,Electric
26,343,2744,8,1,0,20,30,8,Gasoline
54,343,2744,8,2,0,25,30,8,Hybrid
61,343,2744,8,3,1,15,30,6,Electric
29,344,2745,1,1,0,20,20,6,Hybrid
11,344,2745,1,2,0,20,20,7,Gasoline
59,344,2745,1,3,1,20,25,6,Electric
39,344,2746,2,1,0,25,20,7,Hybrid
41,344,2746,2,2,0,20,25,7,Hybrid
31,344,2746,2,3,1,15,25,6,Hybrid
39,344,2747,3,1,0,25,20,7,Hybrid
32,344,2747,3,2,0,20,25,6,Hybrid
1,344,2747,3,3,1,15,20,6,Gasoline
59,344,2748,4,1,0,20,25,6,Electric
63,344,2748,4,2,0,25,30,6,Electric
28,344,2748,4,3,1,15,20,6,Hybrid
37,344,2749,5,1,0,15,20,7,Hybrid
5,344,2749,5,2,0,20,25,6,Gasoline
77,344,2749,5,3,1,20,25,8,Electric
69,344,2750,6,1,0,25,25,7,Electric
29,344,2750,6,2,0,20,20,6,Hybrid
16,344,2750,6,3,1,15,30,7,Gasoline
67,344,2751,7,1,1,15,25,7,Electric
71,344,2751,7,2,0,20,30,7,Electric
24,344,2751,7,3,0,25,25,8,Gasoline
13,344,2752,8,1,0,15,25,7,Gasoline
27,344,2752,8,2,1,25,30,8,Gasoline
41,344,2752,8,3,0,20,25,7,Hybrid
63,345,2753,1,1,1,25,30,6,Electric
65,345,2753,1,2,0,20,20,7,Electric
30,345,2753,1,3,0,25,20,6,Hybrid
3,345,2754,2,1,0,25,20,6,Gasoline
4,345,2754,2,2,1,15,25,6,Gasoline
29,345,2754,2,3,0,20,20,6,Hybrid
31,345,2755,3,1,0,15,25,6,Hybrid
78,345,2755,3,2,0,25,25,8,Electric
22,345,2755,3,3,1,15,25,8,Gasoline
52,345,2756,4,1,0,15,30,8,Hybrid
34,345,2756,4,2,0,15,30,6,Hybrid
74,345,2756,4,3,1,20,20,8,Electric
67,345,2757,5,1,0,15,25,7,Electric
10,345,2757,5,2,1,15,20,7,Gasoline
33,345,2757,5,3,0,25,25,6,Hybrid
81,345,2758,6,1,0,25,30,8,Electric
79,345,2758,6,2,0,15,30,8,Electric
37,345,2758,6,3,1,15,20,7,Hybrid
65,345,2759,7,1,1,20,20,7,Electric
14,345,2759,7,2,0,20,25,7,Gasoline
57,345,2759,7,3,0,25,20,6,Electric
31,345,2760,8,1,0,15,25,6,Hybrid
13,345,2760,8,2,1,15,25,7,Gasoline
59,345,2760,8,3,0,20,25,6,Electric
41,346,2761,1,1,0,20,25,7,Hybrid
27,346,2761,1,2,0,25,30,8,Gasoline
25,346,2761,1,3,1,15,30,8,Gasoline
70,346,2762,2,1,0,15,30,7,Electric
63,346,2762,2,2,0,25,30,6,Electric
43,346,2762,2,3,1,15,30,7,Hybrid
61,346,2763,3,1,0,15,30,6,Electric
42,346,2763,3,2,0,25,25,7,Hybrid
22,346,2763,3,3,1,15,25,8,Gasoline
2,346,2764,4,1,0,20,20,6,Gasoline
54,346,2764,4,2,0,25,30,8,Hybrid
19,346,2764,4,3,1,15,20,8,Gasoline
34,346,2765,5,1,0,15,30,6,Hybrid
65,346,2765,5,2,0,20,20,7,Electric
10,346,2765,5,3,1,15,20,7,Gasoline
5,346,2766,6,1,1,20,25,6,Gasoline
18,346,2766,6,2,0,25,30,7,Gasoline
14,346,2766,6,3,0,20,25,7,Gasoline
74,346,2767,7,1,0,20,20,8,Electric
21,346,2767,7,2,0,25,20,8,Gasoline
54,346,2767,7,3,1,25,30,8,Hybrid
39,346,2768,8,1,0,25,20,7,Hybrid
56,346,2768,8,2,1,20,20,6,Electric
63,346,2768,8,3,0,25,30,6,Electric
34,347,2769,1,1,0,15,30,6,Hybrid
71,347,2769,1,2,0,20,30,7,Electric
55,347,2769,1,3,1,15,20,6,Electric
37,347,2770,2,1,1,15,20,7,Hybrid
50,347,2770,2,2,0,20,25,8,Hybrid
60,347,2770,2,3,0,25,25,6,Electric
71,347,2771,3,1,0,20,30,7,Electric
35,347,2771,3,2,1,20,30,6,Hybrid
22,347,2771,3,3,0,15,25,8,Gasoline
38,347,2772,4,1,0,20,20,7,Hybrid
61,347,2772,4,2,1,15,30,6,Electric
47,347,2772,4,3,0,20,20,8,Hybrid
69,347,2773,5,1,0,25,25,7,Electric
28,347,2773,5,2,1,15,20,6,Hybrid
9,347,2773,5,3,0,25,30,6,Gasoline
63,347,2774,6,1,0,25,30,6,Electric
29,347,2774,6,2,0,20,20,6,Hybrid
81,347,2774,6,3,1,25,30,8,Electric
69,347,2775,7,1,0,25,25,7,Electric
54,347,2775,7,2,1,25,30,8,Hybrid
64,347,2775,7,3,0,15,20,7,Electric
52,347,2776,8,1,1,15,30,8,Hybrid
49,347,2776,8,2,0,15,25,8,Hybrid
34,347,2776,8,3,0,15,30,6,Hybrid
52,348,2777,1,1,1,15,30,8,Hybrid
27,348,2777,1,2,0,25,30,8,Gasoline
55,348,2777,1,3,0,15,20,6,Electric
1,348,2778,2,1,0,15,20,6,Gasoline
74,348,2778,2,2,0,20,20,8,Electric
25,348,2778,2,3,1,15,30,8,Gasoline
37,348,2779,3,1,1,15,20,7,Hybrid
23,348,2779,3,2,0,20,25,8,Gasoline
66,348,2779,3,3,0,25,20,7,Electric
13,348,2780,4,1,0,15,25,7,Gasoline
3,348,2780,4,2,0,25,20,6,Gasoline
71,348,2780,4,3,1,20,30,7,Electric
34,348,2781,5,1,1,15,30,6,Hybrid
74,348,2781,5,2,0,20,20,8,Electric
33,348,2781,5,3,0,25,25,6,Hybrid
25,348,2782,6,1,1,15,30,8,Gasoline
33,348,2782,6,2,0,25,25,6,Hybrid
78,348,2782,6,3,0,25,25,8,Electric
42,348,2783,7,1,1,25,25,7,Hybrid
48,348,2783,7,2,0,25,20,8,Hybrid
60,348,2783,7,3,0,25,25,6,Electric
75,348,2784,8,1,0,25,20,8,Electric
53,348,2784,8,2,1,20,30,8,Hybrid
38,348,2784,8,3,0,20,20,7,Hybrid
68,349,2785,1,1,0,20,25,7,Electric
19,349,2785,1,2,1,15,20,8,Gasoline
17,349,2785,1,3,0,20,30,7,Gasoline
22,349,2786,2,1,0,15,25,8,Gasoline
49,349,2786,2,2,1,15,25,8,Hybrid
55,349,2786,2,3,0,15,20,6,Electric
78,349,2787,3,1,0,25,25,8,Electric
11,349,2787,3,2,1,20,20,7,Gasoline
6,349,2787,3,3,0,25,25,6,Gasoline
56,349,2788,4,1,0,20,20,6,Electric
44,349,2788,4,2,0,20,30,7,Hybrid
46,349,2788,4,3,1,15,20,8,Hybrid
78,349,2789,5,1,0,25,25,8,Electric
16,349,2789,5,2,1,15,30,7,Gasoline
55,349,2789,5,3,0,15,20,6,Electric
27,349,2790,6,1,0,25,30,8,Gasoline
6,349,2790,6,2,0,25,25,6,Gasoline
47,349,2790,6,3,1,20,20,8,Hybrid
46,349,2791,7,1,1,15,20,8,Hybrid
53,349,2791,7,2,0,20,30,8,Hybrid
43,349,2791,7,3,0,15,30,7,Hybrid
31,349,2792,8,1,1,15,25,6,Hybrid
41,349,2792,8,2,0,20,25,7,Hybrid
48,349,2792,8,3,0,25,20,8,Hybrid
14,350,2793,1,1,0,20,25,7,Gasoline
67,350,2793,1,2,1,15,25,7,Electric
64,350,2793,1,3,0,15,20,7,Electric
14,350,2794,2,1,0,20,25,7,Gasoline
21,350,2794,2,2,1,25,20,8,Gasoline
30,350,2794,2,3,0,25,20,6,Hybrid
70,350,2795,3,1,1,15,30,7,Electric
6,350,2795,3,2,0,25,25,6,Gasoline
22,350,2795,3,3,0,15,25,8,Gasoline
65,350,2796,4,1,0,20,20,7,Electric
56,350,2796,4,2,1,20,20,6,Electric
74,350,2796,4,3,0,20,20,8,Electric
64,350,2797,5,1,0,15,20,7,Electric
77,350,2797,5,2,0,20,25,8,Electric
1,350,2797,5,3,1,15,20,6,Gasoline
81,350,2798,6,1,0,25,30,8,Electric
58,350,2798,6,2,0,15,25,6,Electric
40,350,2798,6,3,1,15,25,7,Hybrid
35,350,2799,7,1,1,20,30,6,Hybrid
22,350,2799,7,2,0,15,25,8,Gasoline
27,350,2799,7,3,0,25,30,8,Gasoline
40,350,2800,8,1,0,15,25,7,Hybrid
29,350,2800,8,2,0,20,20,6,Hybrid
16,350,2800,8,3,1,15,30,7,Gasoline
20,351,2801,1,1,1,20,20,8,Gasoline
36,351,2801,1,2,0,25,30,6,Hybrid
71,351,2801,1,3,0,20,30,7,Electric
6,351,2802,2,1,0,25,25,6,Gasoline
53,351,2802,2,2,0,20,30,8,Hybrid
13,351,2802,2,3,1,15,25,7,Gasoline
8,351,2803,3,1,1,20,30,6,Gasoline
49,351,2803,3,2,0,15,25,8,Hybrid
55,351,2803,3,3,0,15,20,6,Electric
71,351,2804,4,1,0,20,30,7,Electric
36,351,2804,4,2,0,25,30,6,Hybrid
13,351,2804,4,3,1,15,25,7,Gasoline
70,351,2805,5,1,1,15,30,7,Electric
29,351,2805,5,2,0,20,20,6,Hybrid
76,351,2805,5,3,0,15,25,8,Electric
23,351,2806,6,1,0,20,25,8,Gasoline
38,351,2806,6,2,1,20,20,7,Hybrid
36,351,2806,6,3,0,25,30,6,Hybrid
53,351,2807,7,1,0,20,30,8,Hybrid
66,351,2807,7,2,1,25,20,7,Electric
18,351,2807,7,3,0,25,30,7,Gasoline
21,351,2808,8,1,0,25,20,8,Gasoline
20,351,2808,8,2,1,20,20,8,Gasoline
38,351,2808,8,3,0,20,20,7,Hybrid
49,352,2809,1,1,0,15,25,8,Hybrid
70,352,2809,1,2,1,15,30,7,Electric
81,352,2809,1,3,0,25,30,8,Electric
38,352,2810,2,1,0,20,20,7,Hybrid
46,352,2810,2,2,0,15,20,8,Hybrid
26,352,2810,2,3,1,20,30,8,Gasoline
19,352,2811,3,1,1,15,20,8,Gasoline
58,352,2811,3,2,0,15,25,6,Electric
51,352,2811,3,3,0,25,25,8,Hybrid
15,352,2812,4,1,0,25,25,7,Gasoline
34,352,2812,4,2,1,15,30,6,Hybrid
24,352,2812,4,3,0,25,25,8,Gasoline
11,352,2813,5,1,1,20,20,7,Gasoline
61,352,2813,5,2,0,15,30,6,Electric
74,352,2813,5,3,0,20,20,8,Electric
44,352,2814,6,1,1,20,30,7,Hybrid
65,352,2814,6,2,0,20,20,7,Electric
61,352,2814,6,3,0,15,30,6,Electric
15,352,2815,7,1,0,25,25,7,Gasoline
58,352,2815,7,2,1,15,25,6,Electric
25,352,2815,7,3,0,15,30,8,Gasoline
78,352,2816,8,1,0,25,25,8,Electric
21,352,2816,8,2,1,25,20,8,Gasoline
54,352,2816,8,3,0,25,30,8,Hybrid
75,353,2817,1,1,0,25,20,8,Electric
14,353,2817,1,2,0,20,25,7,Gasoline
73,353,2817,1,3,1,15,20,8,Electric
23,353,2818,2,1,0,20,25,8,Gasoline
41,353,2818,2,2,0,20,25,7,Hybrid
22,353,2818,2,3,1,15,25,8,Gasoline
65,353,2819,3,1,0,20,20,7,Electric
29,353,2819,3,2,0,20,20,6,Hybrid
4,353,2819,3,3,1,15,25,6,Gasoline
45,353,2820,4,1,0,25,30,7,Hybrid
63,353,2820,4,2,0,25,30,6,Electric
24,353,2820,4,3,1,25,25,8,Gasoline
9,353,2821,5,1,0,25,30,6,Gasoline
11,353,2821,5,2,1,20,20,7,Gasoline
74,353,2821,5,3,0,20,20,8,Electric
81,353,2822,6,1,1,25,30,8,Electric
29,353,2822,6,2,0,20,20,6,Hybrid
56,353,2822,6,3,0,20,20,6,Electric
70,353,2823,7,1,0,15,30,7,Electric
17,353,2823,7,2,1,20,30,7,Gasoline
27,353,2823,7,3,0,25,30,8,Gasoline
46,353,2824,8,1,1,15,20,8,Hybrid
60,353,2824,8,2,0,25,25,6,Electric
50,353,2824,8,3,0,20,25,8,Hybrid
67,354,2825,1,1,0,15,25,7,Electric
57,354,2825,1,2,0,25,20,6,Electric
3,354,2825,1,3,1,25,20,6,Gasoline
8,354,2826,2,1,0,20,30,6,Gasoline
12,354,2826,2,2,0,25,20,7,Gasoline
4,354,2826,2,3,1,15,25,6,Gasoline
34,354,2827,3,1,0,15,30,6,Hybrid
18,354,2827,3,2,0,25,30,7,Gasoline
33,354,2827,3,3,1,25,25,6,Hybrid
26,354,2828,4,1,0,20,30,8,Gasoline
1,354,2828,4,2,0,15,20,6,Gasoline
49,354,2828,4,3,1,15,25,8,Hybrid
67,354,2829,5,1,1,15,25,7,Electric
64,354,2829,5,2,0,15,20,7,Electric
74,354,2829,5,3,0,20,20,8,Electric
45,354,2830,6,1,0,25,30,7,Hybrid
22,354,2830,6,2,1,15,25,8,Gasoline
57,354,2830,6,3,0,25,20,6,Electric
47,354,2831,7,1,0,20,20,8,Hybrid
23,354,2831,7,2,0,20,25,8,Gasoline
17,354,2831,7,3,1,20,30,7,Gasoline
70,354,2832,8,1,0,15,30,7,Electric
46,354,2832,8,2,1,15,20,8,Hybrid
22,354,2832,8,3,0,15,25,8,Gasoline
57,355,2833,1,1,0,25,20,6,Electric
26,355,2833,1,2,1,20,30,8,Gasoline
47,355,2833,1,3,0,20,20,8,Hybrid
44,355,2834,2,1,1,20,30,7,Hybrid
22,355,2834,2,2,0,15,25,8,Gasoline
33,355,2834,2,3,0,25,25,6,Hybrid
4,355,2835,3,1,1,15,25,6,Gasoline
63,355,2835,3,2,0,25,30,6,Electric
44,355,2835,3,3,0,20,30,7,Hybrid
79,355,2836,4,1,0,15,30,8,Electric
18,355,2836,4,2,0,25,30,7,Gasoline
35,355,2836,4,3,1,20,30,6,Hybrid
23,355,2837,5,1,0,20,25,8,Gasoline
32,355,2837,5,2,1,20,25,6,Hybrid
54,355,2837,5,3,0,25,30,8,Hybrid
51,355,2838,6,1,0,25,25,8,Hybrid
16,355,2838,6,2,1,15,30,7,Gasoline
17,355,2838,6,3,0,20,30,7,Gasoline
24,355,2839,7,1,1,25,25,8,Gasoline
70,355,2839,7,2,0,15,30,7,Electric
35,355,2839,7,3,0,20,30,6,Hybrid
80,355,2840,8,1,0,20,30,8,Electric
13,355,2840,8,2,0,15,25,7,Gasoline
45,355,2840,8,3,1,25,30,7,Hybrid
30,356,2841,1,1,0,25,20,6,Hybrid
73,356,2841,1,2,0,15,20,8,Electric
36,356,2841,1,3,1,25,30,6,Hybrid
18,356,2842,2,1,0,25,30,7,Gasoline
19,356,2842,2,2,0,15,20,8,Gasoline
10,356,2842,2,3,1,15,20,7,Gasoline
32,356,2843,3,1,0,20,25,6,Hybrid
40,356,2843,3,2,1,15,25,7,Hybrid
2,356,2843,3,3,0,20,20,6,Gasoline
31,356,2844,4,1,1,15,25,6,Hybrid
69,356,2844,4,2,0,25,25,7,Electric
15,356,2844,4,3,0,25,25,7,Gasoline
37,356,2845,5,1,1,15,20,7,Hybrid
27,356,2845,5,2,0,25,30,8,Gasoline
69,356,2845,5,3,0,25,25,7,Electric
44,356,2846,6,1,0,20,30,7,Hybrid
81,356,2846,6,2,0,25,30,8,Electric
14,356,2846,6,3,1,20,25,7,Gasoline
13,356,2847,7,1,1,15,25,7,Gasoline
67,356,2847,7,2,0,15,25,7,Electric
39,356,2847,7,3,0,25,20,7,Hybrid
10,356,2848,8,1,1,15,20,7,Gasoline
21,356,2848,8,2,0,25,20,8,Gasoline
2,356,2848,8,3,0,20,20,6,Gasoline
67,357,2849,1,1,0,15,25,7,Electric
41,357,2849,1,2,0,20,25,7,Hybrid
54,357,2849,1,3,1,25,30,8,Hybrid
48,357,2850,2,1,0,25,20,8,Hybrid
32,357,2850,2,2,0,20,25,6,Hybrid
1,357,2850,2,3,1,15,20,6,Gasoline
40,357,2851,3,1,1,15,25,7,Hybrid
49,357,2851,3,2,0,15,25,8,Hybrid
12,357,2851,3,3,0,25,20,7,Gasoline
17,357,2852,4,1,0,20,30,7,Gasoline
46,357,2852,4,2,1,15,20,8,Hybrid
27,357,2852,4,3,0,25,30,8,Gasoline
18,357,2853,5,1,0,25,30,7,Gasoline
20,357,2853,5,2,0,20,20,8,Gasoline
68,357,2853,5,3,1,20,25,7,Electric
80,357,2854,6,1,0,20,30,8,Electric
31,357,2854,6,2,1,15,25,6,Hybrid
69,357,2854,6,3,0,25,25,7,Electric
16,357,2855,7,1,0,15,30,7,Gasoline
41,357,2855,7,2,1,20,25,7,Hybrid
35,357,2855,7,3,0,20,30,6,Hybrid
44,357,2856,8,1,0,20,30,7,Hybrid
59,357,2856,8,2,0,20,25,6,Electric
7,357,2856,8,3,1,15,30,6,Gasoline
53,358,2857,1,1,1,20,30,8,Hybrid
63,358,2857,1,2,0,25,30,6,Electric
6,358,2857,1,3,0,25,25,6,Gasoline
8,358,2858,2,1,1,20,30,6,Gasoline
52,358,2858,2,2,0,15,30,8,Hybrid
32,358,2858,2,3,0,20,25,6,Hybrid
59,358,2859,3,1,0,20,25,6,Electric
26,358,2859,3,2,1,20,30,8,Gasoline
61,358,2859,3,3,0,15,30,6,Electric
58,358,2860,4,1,0,15,25,6,Electric
28,358,2860,4,2,1,15,20,6,Hybrid
42,358,2860,4,3,0,25,25,7,Hybrid
51,358,2861,5,1,1,25,25,8,Hybrid
81,358,2861,5,2,0,25,30,8,Electric
26,358,2861,5,3,0,20,30,8,Gasoline
22,358,2862,6,1,0,15,25,8,Gasoline
64,358,2862,6,2,0,15,20,7,Electric
44,358,2862,6,3,1,20,30,7,Hybrid
24,358,2863,7,1,0,25,25,8,Gasoline
75,358,2863,7,2,0,25,20,8,Electric
46,358,2863,7,3,1,15,20,8,Hybrid
43,358,2864,8,1,1,15,30,7,Hybrid
46,358,2864,8,2,0,15,20,8,Hybrid
47,358,2864,8,3,0,20,20,8,Hybrid
2,359,2865,1,1,0,20,20,6,Gasoline
50,359,2865,1,2,0,20,25,8,Hybrid
32,359,2865,1,3,1,20,25,6,Hybrid
55,359,2866,2,1,0,15,20,6,Electric
45,359,2866,2,2,1,25,30,7,Hybrid
60,359,2866,2,3,0,25,25,6,Electric
26,359,2867,3,1,0,20,30,8,Gasoline
15,359,2867,3,2,0,25,25,7,Gasoline
20,359,2867,3,3,1,20,20,8,Gasoline
75,359,2868,4,1,0,25,20,8,Electric
14,359,2868,4,2,1,20,25,7,Gasoline
73,359,2868,4,3,0,15,20,8,Electric
78,359,2869,5,1,0,25,25,8,Electric
81,359,2869,5,2,0,25,30,8,Electric
24,359,2869,5,3,1,25,25,8,Gasoline
65,359,2870,6,1,0,20,20,7,Electric
51,359,2870,6,2,0,25,25,8,Hybrid
23,359,2870,6,3,1,20,25,8,Gasoline
6,359,2871,7,1,0,25,25,6,Gasoline
22,359,2871,7,2,1,15,25,8,Gasoline
63,359,2871,7,3,0,25,30,6,Electric
45,359,2872,8,1,0,25,30,7,Hybrid
74,359,2872,8,2,1,20,20,8,Electric
9,359,2872,8,3,0,25,30,6,Gasoline
25,360,2873,1,1,0,15,30,8,Gasoline
67,360,2873,1,2,0,15,25,7,Electric
8,360,2873,1,3,1,20,30,6,Gasoline
29,360,2874,2,1,1,20,20,6,Hybrid
43,360,2874,2,2,0,15,30,7,Hybrid
75,360,2874,2,3,0,25,20,8,Electric
42,360,2875,3,1,0,25,25,7,Hybrid
32,360,2875,3,2,0,20,25,6,Hybrid
27,360,2875,3,3,1,25,30,8,Gasoline
19,360,2876,4,1,0,15,20,8,Gasoline
10,360,2876,4,2,0,15,20,7,Gasoline
62,360,2876,4,3,1,20,30,6,Electric
48,360,2877,5,1,0,25,20,8,Hybrid
31,360,2877,5,2,1,15,25,6,Hybrid
49,360,2877,5,3,0,15,25,8,Hybrid
13,360,2878,6,1,0,15,25,7,Gasoline
36,360,2878,6,2,0,25,30,6,Hybrid
52,360,2878,6,3,1,15,30,8,Hybrid
46,360,2879,7,1,0,15,20,8,Hybrid
15,360,2879,7,2,0,25,25,7,Gasoline
43,360,2879,7,3,1,15,30,7,Hybrid
24,360,2880,8,1,0,25,25,8,Gasoline
39,360,2880,8,2,0,25,20,7,Hybrid
73,360,2880,8,3,1,15,20,8,Electric
57,361,2881,1,1,0,25,20,6,Electric
15,361,2881,1,2,0,25,25,7,Gasoline
17,361,2881,1,3,1,20,30,7,Gasoline
3,361,2882,2,1,0,25,20,6,Gasoline
23,361,2882,2,2,0,20,25,8,Gasoline
50,361,2882,2,3,1,20,25,8,Hybrid
74,361,2883,3,1,0,20,20,8,Electric
1,361,2883,3,2,1,15,20,6,Gasoline
32,361,2883,3,3,0,20,25,6,Hybrid
77,361,2884,4,1,0,20,25,8,Electric
48,361,2884,4,2,0,25,20,8,Hybrid
40,361,2884,4,3,1,15,25,7,Hybrid
58,361,2885,5,1,1,15,25,6,Electric
73,361,2885,5,2,0,15,20,8,Electric
66,361,2885,5,3,0,25,20,7,Electric
24,361,2886,6,1,0,25,25,8,Gasoline
15,361,2886,6,2,0,25,25,7,Gasoline
44,361,2886,6,3,1,20,30,7,Hybrid
53,361,2887,7,1,0,20,30,8,Hybrid
39,361,2887,7,2,0,25,20,7,Hybrid
68,361,2887,7,3,1,20,25,7,Electric
14,361,2888,8,1,0,20,25,7,Gasoline
69,361,2888,8,2,0,25,25,7,Electric
35,361,2888,8,3,1,20,30,6,Hybrid
54,362,2889,1,1,1,25,30,8,Hybrid
74,362,2889,1,2,0,20,20,8,Electric
20,362,2889,1,3,0,20,20,8,Gasoline
75,362,2890,2,1,1,25,20,8,Electric
35,362,2890,2,2,0,20,30,6,Hybrid
59,362,2890,2,3,0,20,25,6,Electric
42,362,2891,3,1,1,25,25,7,Hybrid
71,362,2891,3,2,0,20,30,7,Electric
48,362,2891,3,3,0,25,20,8,Hybrid
40,362,2892,4,1,1,15,25,7,Hybrid
47,362,2892,4,2,0,20,20,8,Hybrid
79,362,2892,4,3,0,15,30,8,Electric
37,362,2893,5,1,0,15,20,7,Hybrid
60,362,2893,5,2,1,25,25,6,Electric
27,362,2893,5,3,0,25,30,8,Gasoline
61,362,2894,6,1,0,15,30,6,Electric
33,362,2894,6,2,0,25,25,6,Hybrid
41,362,2894,6,3,1,20,25,7,Hybrid
40,362,2895,7,1,1,15,25,7,Hybrid
55,362,2895,7,2,0,15,20,6,Electric
42,362,2895,7,3,0,25,25,7,Hybrid
51,362,2896,8,1,0,25,25,8,Hybrid
32,362,2896,8,2,0,20,25,6,Hybrid
5,362,2896,8,3,1,20,25,6,Gasoline
19,363,2897,1,1,1,15,20,8,Gasoline
35,363,2897,1,2,0,20,30,6,Hybrid
25,363,2897,1,3,0,15,30,8,Gasoline
61,363,2898,2,1,1,15,30,6,Electric
37,363,2898,2,2,0,15,20,7,Hybrid
36,363,2898,2,3,0,25,30,6,Hybrid
14,363,2899,3,1,0,20,25,7,Gasoline
43,363,2899,3,2,0,15,30,7,Hybrid
2,363,2899,3,3,1,20,20,6,Gasoline
73,363,2900,4,1,0,15,20,8,Electric
35,363,2900,4,2,1,20,30,6,Hybrid
51,363,2900,4,3,0,25,25,8,Hybrid
26,363,2901,5,1,0,20,30,8,Gasoline
72,363,2901,5,2,1,25,30,7,Electric
11,363,2901,5,3,0,20,20,7,Gasoline
17,363,2902,6,1,0,20,30,7,Gasoline
18,363,2902,6,2,0,25,30,7,Gasoline
11,363,2902,6,3,1,20,20,7,Gasoline
67,363,2903,7,1,0,15,25,7,Electric
55,363,2903,7,2,0,15,20,6,Electric
20,363,2903,7,3,1,20,20,8,Gasoline
31,363,2904,8,1,1,15,25,6,Hybrid
28,363,2904,8,2,0,15,20,6,Hybrid
68,363,2904,8,3,0,20,25,7,Electric
38,364,2905,1,1,0,20,20,7,Hybrid
23,364,2905,1,2,1,20,25,8,Gasoline
19,364,2905,1,3,0,15,20,8,Gasoline
14,364,2906,2,1,0,20,25,7,Gasoline
31,364,2906,2,2,1,15,25,6,Hybrid
22,364,2906,2,3,0,15,25,8,Gasoline
60,364,2907,3,1,0,25,25,6,Electric
54,364,2907,3,2,1,25,30,8,Hybrid
62,364,2907,3,3,0,20,30,6,Electric
38,364,2908,4,1,0,20,20,7,Hybrid
16,364,2908,4,2,1,15,30,7,Gasoline
60,364,2908,4,3,0,25,25,6,Electric
9,364,2909,5,1,0,25,30,6,Gasoline
37,364,2909,5,2,1,15,20,7,Hybrid
73,364,2909,5,3,0,15,20,8,Electric
64,364,2910,6,1,0,15,20,7,Electric
73,364,2910,6,2,0,15,20,8,Electric
72,364,2910,6,3,1,25,30,7,Electric
23,364,2911,7,1,1,20,25,8,Gasoline
81,364,2911,7,2,0,25,30,8,Electric
42,364,2911,7,3,0,25,25,7,Hybrid
66,364,2912,8,1,0,25,20,7,Electric
32,364,2912,8,2,1,20,25,6,Hybrid
41,364,2912,8,3,0,20,25,7,Hybrid
58,365,2913,1,1,0,15,25,6,Electric
70,365,2913,1,2,1,15,30,7,Electric
60,365,2913,1,3,0,25,25,6,Electric
11,365,2914,2,1,0,20,20,7,Gasoline
17,365,2914,2,2,1,20,30,7,Gasoline
48,365,2914,2,3,0,25,20,8,Hybrid
81,365,2915,3,1,0,25,30,8,Electric
6,365,2915,3,2,1,25,25,6,Gasoline
66,365,2915,3,3,0,25,20,7,Electric
45,365,2916,4,1,1,25,30,7,Hybrid
73,365,2916,4,2,0,15,20,8,Electric
80,365,2916,4,3,0,20,30,8,Electric
61,365,2917,5,1,0,15,30,6,Electric
29,365,2917,5,2,1,20,20,6,Hybrid
59,365,2917,5,3,0,20,25,6,Electric
72,365,2918,6,1,0,25,30,7,Electric
36,365,2918,6,2,0,25,30,6,Hybrid
46,365,2918,6,3,1,15,20,8,Hybrid
48,365,2919,7,1,1,25,20,8,Hybrid
45,365,2919,7,2,0,25,30,7,Hybrid
78,365,2919,7,3,0,25,25,8,Electric
76,365,2920,8,1,0,15,25,8,Electric
11,365,2920,8,2,1,20,20,7,Gasoline
16,365,2920,8,3,0,15,30,7,Gasoline
40,366,2921,1,1,0,15,25,7,Hybrid
46,366,2921,1,2,1,15,20,8,Hybrid
58,366,2921,1,3,0,15,25,6,Electric
5,366,2922,2,1,0,20,25,6,Gasoline
46,366,2922,2,2,0,15,20,8,Hybrid
27,366,2922,2,3,1,25,30,8,Gasoline
43,366,2923,3,1,1,15,30,7,Hybrid
33,366,2923,3,2,0,25,25,6,Hybrid
5,366,2923,3,3,0,20,25,6,Gasoline
38,366,2924,4,1,1,20,20,7,Hybrid
76,366,2924,4,2,0,15,25,8,Electric
41,366,2924,4,3,0,20,25,7,Hybrid
11,366,2925,5,1,1,20,20,7,Gasoline
32,366,2925,5,2,0,20,25,6,Hybrid
72,366,2925,5,3,0,25,30,7,Electric
4,366,2926,6,1,1,15,25,6,Gasoline
64,366,2926,6,2,0,15,20,7,Electric
39,366,2926,6,3,0,25,20,7,Hybrid
5,366,2927,7,1,0,20,25,6,Gasoline
15,366,2927,7,2,0,25,25,7,Gasoline
10,366,2927,7,3,1,15,20,7,Gasoline
78,366,2928,8,1,0,25,25,8,Electric
66,366,2928,8,2,0,25,20,7,Electric
26,366,2928,8,3,1,20,30,8,Gasoline
54,367,2929,1,1,0,25,30,8,Hybrid
81,367,2929,1,2,0,25,30,8,Electric
31,367,2929,1,3,1,15,25,6,Hybrid
77,367,2930,2,1,0,20,25,8,Electric
66,367,2930,2,2,0,25,20,7,Electric
27,367,2930,2,3,1,25,30,8,Gasoline
12,367,2931,3,1,0,25,20,7,Gasoline
53,367,2931,3,2,0,20,30,8,Hybrid
17,367,2931,3,3,1,20,30,7,Gasoline
79,367,2932,4,1,1,15,30,8,Electric
8,367,2932,4,2,0,20,30,6,Gasoline
48,367,2932,4,3,0,25,20,8,Hybrid
64,367,2933,5,1,1,15,20,7,Electric
76,367,2933,5,2,0,15,25,8,Electric
72,367,2933,5,3,0,25,30,7,Electric
3,367,2934,6,1,1,25,20,6,Gasoline
45,367,2934,6,2,0,25,30,7,Hybrid
44,367,2934,6,3,0,20,30,7,Hybrid
81,367,2935,7,1,0,25,30,8,Electric
8,367,2935,7,2,0,20,30,6,Gasoline
39,367,2935,7,3,1,25,20,7,Hybrid
74,367,2936,8,1,1,20,20,8,Electric
35,367,2936,8,2,0,20,30,6,Hybrid
12,367,2936,8,3,0,25,20,7,Gasoline
19,368,2937,1,1,0,15,20,8,Gasoline
68,368,2937,1,2,1,20,25,7,Electric
37,368,2937,1,3,0,15,20,7,Hybrid
68,368,2938,2,1,0,20,25,7,Electric
35,368,2938,2,2,0,20,30,6,Hybrid
2,368,2938,2,3,1,20,20,6,Gasoline
48,368,2939,3,1,0,25,20,8,Hybrid
69,368,2939,3,2,1,25,25,7,Electric
2,368,2939,3,3,0,20,20,6,Gasoline
39,368,2940,4,1,0,25,20,7,Hybrid
67,368,2940,4,2,0,15,25,7,Electric
28,368,2940,4,3,1,15,20,6,Hybrid
28,368,2941,5,1,0,15,20,6,Hybrid
45,368,2941,5,2,0,25,30,7,Hybrid
80,368,2941,5,3,1,20,30,8,Electric
14,368,2942,6,1,0,20,25,7,Gasoline
69,368,2942,6,2,0,25,25,7,Electric
22,368,2942,6,3,1,15,25,8,Gasoline
51,368,2943,7,1,0,25,25,8,Hybrid
57,368,2943,7,2,1,25,20,6,Electric
81,368,2943,7,3,0,25,30,8,Electric
37,368,2944,8,1,0,15,20,7,Hybrid
73,368,2944,8,2,0,15,20,8,Electric
18,368,2944,8,3,1,25,30,7,Gasoline
62,369,2945,1,1,0,20,30,6,Electric
46,369,2945,1,2,1,15,20,8,Hybrid
20,369,2945,1,3,0,20,20,8,Gasoline
41,369,2946,2,1,0,20,25,7,Hybrid
14,369,2946,2,2,1,20,25,7,Gasoline
74,369,2946,2,3,0,20,20,8,Electric
10,369,2947,3,1,1,15,20,7,Gasoline
60,369,2947,3,2,0,25,25,6,Electric
21,369,2947,3,3,0,25,20,8,Gasoline
42,369,2948,4,1,0,25,25,7,Hybrid
22,369,2948,4,2,0,15,25,8,Gasoline
67,369,2948,4,3,1,15,25,7,Electric
3,369,2949,5,1,1,25,20,6,Gasoline
64,369,2949,5,2,0,15,20,7,Electric
6,369,2949,5,3,0,25,25,6,Gasoline
27,369,2950,6,1,1,25,30,8,Gasoline
18,369,2950,6,2,0,25,30,7,Gasoline
9,369,2950,6,3,0,25,30,6,Gasoline
43,369,2951,7,1,0,15,30,7,Hybrid
2,369,2951,7,2,1,20,20,6,Gasoline
48,369,2951,7,3,0,25,20,8,Hybrid
48,369,2952,8,1,0,25,20,8,Hybrid
26,369,2952,8,2,1,20,30,8,Gasoline
71,369,2952,8,3,0,20,30,7,Electric
77,370,2953,1,1,1,20,25,8,Electric
71,370,2953,1,2,0,20,30,7,Electric
61,370,2953,1,3,0,15,30,6,Electric
67,370,2954,2,1,0,15,25,7,Electric
17,370,2954,2,2,1,20,30,7,Gasoline
65,370,2954,2,3,0,20,20,7,Electric
68,370,2955,3,1,0,20,25,7,Electric
47,370,2955,3,2,0,20,20,8,Hybrid
11,370,2955,3,3,1,20,20,7,Gasoline
75,370,2956,4,1,0,25,20,8,Electric
35,370,2956,4,2,1,20,30,6,Hybrid
6,370,2956,4,3,0,25,25,6,Gasoline
56,370,2957,5,1,0,20,20,6,Electric
10,370,2957,5,2,1,15,20,7,Gasoline
53,370,2957,5,3,0,20,30,8,Hybrid
22,370,2958,6,1,0,15,25,8,Gasoline
41,370,2958,6,2,0,20,25,7,Hybrid
19,370,2958,6,3,1,15,20,8,Gasoline
27,370,2959,7,1,0,25,30,8,Gasoline
44,370,2959,7,2,1,20,30,7,Hybrid
32,370,2959,7,3,0,20,25,6,Hybrid
55,370,2960,8,1,1,15,20,6,Electric
52,370,2960,8,2,0,15,30,8,Hybrid
53,370,2960,8,3,0,20,30,8,Hybrid
38,371,2961,1,1,0,20,20,7,Hybrid
37,371,2961,1,2,1,15,20,7,Hybrid
52,371,2961,1,3,0,15,30,8,Hybrid
44,371,2962,2,1,1,20,30,7,Hybrid
26,371,2962,2,2,0,20,30,8,Gasoline
38,371,2962,2,3,0,20,20,7,Hybrid
42,371,2963,3,1,0,25,25,7,Hybrid
23,371,2963,3,2,0,20,25,8,Gasoline
35,371,2963,3,3,1,20,30,6,Hybrid
33,371,2964,4,1,1,25,25,6,Hybrid
12,371,2964,4,2,0,25,20,7,Gasoline
67,371,2964,4,3,0,15,25,7,Electric
48,371,2965,5,1,0,25,20,8,Hybrid
40,371,2965,5,2,1,15,25,7,Hybrid
29,371,2965,5,3,0,20,20,6,Hybrid
62,371,2966,6,1,0,20,30,6,Electric
77,371,2966,6,2,0,20,25,8,Electric
25,371,2966,6,3,1,15,30,8,Gasoline
35,371,2967,7,1,0,20,30,6,Hybrid
59,371,2967,7,2,1,20,25,6,Electric
16,371,2967,7,3,0,15,30,7,Gasoline
76,371,2968,8,1,0,15,25,8,Electric
30,371,2968,8,2,1,25,20,6,Hybrid
16,371,2968,8,3,0,15,30,7,Gasoline
43,372,2969,1,1,0,15,30,7,Hybrid
7,372,2969,1,2,1,15,30,6,Gasoline
23,372,2969,1,3,0,20,25,8,Gasoline
28,372,2970,2,1,1,15,20,6,Hybrid
56,372,2970,2,2,0,20,20,6,Electric
59,372,2970,2,3,0,20,25,6,Electric
10,372,2971,3,1,0,15,20,7,Gasoline
22,372,2971,3,2,1,15,25,8,Gasoline
56,372,2971,3,3,0,20,20,6,Electric
20,372,2972,4,1,0,20,20,8,Gasoline
73,372,2972,4,2,1,15,20,8,Electric
76,372,2972,4,3,0,15,25,8,Electric
70,372,2973,5,1,0,15,30,7,Electric
15,372,2973,5,2,0,25,25,7,Gasoline
61,372,2973,5,3,1,15,30,6,Electric
67,372,2974,6,1,1,15,25,7,Electric
23,372,2974,6,2,0,20,25,8,Gasoline
65,372,2974,6,3,0,20,20,7,Electric
23,372,2975,7,1,1,20,25,8,Gasoline
17,372,2975,7,2,0,20,30,7,Gasoline
35,372,2975,7,3,0,20,30,6,Hybrid
16,372,2976,8,1,1,15,30,7,Gasoline
63,372,2976,8,2,0,25,30,6,Electric
55,372,2976,8,3,0,15,20,6,Electric
26,373,2977,1,1,0,20,30,8,Gasoline
52,373,2977,1,2,1,15,30,8,Hybrid
81,373,2977,1,3,0,25,30,8,Electric
73,373,2978,2,1,0,15,20,8,Electric
47,373,2978,2,2,0,20,20,8,Hybrid
20,373,2978,2,3,1,20,20,8,Gasoline
4,373,2979,3,1,0,15,25,6,Gasoline
65,373,2979,3,2,0,20,20,7,Electric
54,373,2979,3,3,1,25,30,8,Hybrid
47,373,2980,4,1,1,20,20,8,Hybrid
44,373,2980,4,2,0,20,30,7,Hybrid
40,373,2980,4,3,0,15,25,7,Hybrid
50,373,2981,5,1,0,20,25,8,Hybrid
33,373,2981,5,2,1,25,25,6,Hybrid
27,373,2981,5,3,0,25,30,8,Gasoline
18,373,2982,6,1,1,25,30,7,Gasoline
60,373,2982,6,2,0,25,25,6,Electric
56,373,2982,6,3,0,20,20,6,Electric
58,373,2983,7,1,0,15,25,6,Electric
79,373,2983,7,2,1,15,30,8,Electric
40,373,2983,7,3,0,15,25,7,Hybrid
60,373,2984,8,1,0,25,25,6,Electric
13,373,2984,8,2,1,15,25,7,Gasoline
28,373,2984,8,3,0,15,20,6,Hybrid
60,374,2985,1,1,1,25,25,6,Electric
2,374,2985,1,2,0,20,20,6,Gasoline
39,374,2985,1,3,0,25,20,7,Hybrid
78,374,2986,2,1,0,25,25,8,Electric
18,374,2986,2,2,1,25,30,7,Gasoline
81,374,2986,2,3,0,25,30,8,Electric
71,374,2987,3,1,0,20,30,7,Electric
54,374,2987,3,2,0,25,30,8,Hybrid
31,374,2987,3,3,1,15,25,6,Hybrid
20,374,2988,4,1,0,20,20,8,Gasoline
39,374,2988,4,2,0,25,20,7,Hybrid
22,374,2988,4,3,1,15,25,8,Gasoline
59,374,2989,5,1,0,20,25,6,Electric
10,374,2989,5,2,1,15,20,7,Gasoline
15,374,2989,5,3,0,25,25,7,Gasoline
6,374,2990,6,1,0,25,25,6,Gasoline
2,374,2990,6,2,0,20,20,6,Gasoline
79,374,2990,6,3,1,15,30,8,Electric
17,374,2991,7,1,0,20,30,7,Gasoline
41,374,2991,7,2,0,20,25,7,Hybrid
43,374,2991,7,3,1,15,30,7,Hybrid
65,374,2992,8,1,1,20,20,7,Electric
69,374,2992,8,2,0,25,25,7,Electric
8,374,2992,8,3,0,20,30,6,Gasoline
17,375,2993,1,1,1,20,30,7,Gasoline
5,375,2993,1,2,0,20,25,6,Gasoline
34,375,2993,1,3,0,15,30,6,Hybrid
47,375,2994,2,1,0,20,20,8,Hybrid
39,375,2994,2,2,0,25,20,7,Hybrid
14,375,2994,2,3,1,20,25,7,Gasoline
4,375,2995,3,1,1,15,25,6,Gasoline
36,375,2995,3,2,0,25,30,6,Hybrid
67,375,2995,3,3,0,15,25,7,Electric
29,375,2996,4,1,1,20,20,6,Hybrid
41,375,2996,4,2,0,20,25,7,Hybrid
64,375,2996,4,3,0,15,20,7,Electric
50,375,2997,5,1,0,20,25,8,Hybrid
16,375,2997,5,2,1,15,30,7,Gasoline
41,375,2997,5,3,0,20,25,7,Hybrid
28,375,2998,6,1,0,15,20,6,Hybrid
31,375,2998,6,2,1,15,25,6,Hybrid
78,375,2998,6,3,0,25,25,8,Electric
21,375,2999,7,1,1,25,20,8,Gasoline
58,375,2999,7,2,0,15,25,6,Electric
17,375,2999,7,3,0,20,30,7,Gasoline
6,375,3000,8,1,0,25,25,6,Gasoline
46,375,3000,8,2,1,15,20,8,Hybrid
52,375,3000,8,3,0,15,30,8,Hybrid
67,376,3001,1,1,1,15,25,7,Electric
30,376,3001,1,2,0,25,20,6,Hybrid
35,376,3001,1,3,0,20,30,6,Hybrid
64,376,3002,2,1,1,15,20,7,Electric
38,376,3002,2,2,0,20,20,7,Hybrid
35,376,3002,2,3,0,20,30,6,Hybrid
22,376,3003,3,1,0,15,25,8,Gasoline
46,376,3003,3,2,1,15,20,8,Hybrid
52,376,3003,3,3,0,15,30,8,Hybrid
59,376,3004,4,1,0,20,25,6,Electric
56,376,3004,4,2,0,20,20,6,Electric
5,376,3004,4,3,1,20,25,6,Gasoline
44,376,3005,5,1,0,20,30,7,Hybrid
47,376,3005,5,2,1,20,20,8,Hybrid
69,376,3005,5,3,0,25,25,7,Electric
38,376,3006,6,1,0,20,20,7,Hybrid
31,376,3006,6,2,1,15,25,6,Hybrid
39,376,3006,6,3,0,25,20,7,Hybrid
59,376,3007,7,1,0,20,25,6,Electric
68,376,3007,7,2,0,20,25,7,Electric
71,376,3007,7,3,1,20,30,7,Electric
44,376,3008,8,1,0,20,30,7,Hybrid
52,376,3008,8,2,0,15,30,8,Hybrid
17,376,3008,8,3,1,20,30,7,Gasoline
60,377,3009,1,1,0,25,25,6,Electric
4,377,3009,1,2,0,15,25,6,Gasoline
46,377,3009,1,3,1,15,20,8,Hybrid
10,377,3010,2,1,0,15,20,7,Gasoline
11,377,3010,2,2,0,20,20,7,Gasoline
44,377,3010,2,3,1,20,30,7,Hybrid
17,377,3011,3,1,0,20,30,7,Gasoline
5,377,3011,3,2,1,20,25,6,Gasoline
60,377,3011,3,3,0,25,25,6,Electric
63,377,3012,4,1,0,25,30,6,Electric
67,377,3012,4,2,1,15,25,7,Electric
8,377,3012,4,3,0,20,30,6,Gasoline
23,377,3013,5,1,0,20,25,8,Gasoline
40,377,3013,5,2,1,15,25,7,Hybrid
49,377,3013,5,3,0,15,25,8,Hybrid
17,377,3014,6,1,1,20,30,7,Gasoline
67,377,3014,6,2,0,15,25,7,Electric
61,377,3014,6,3,0,15,30,6,Electric
13,377,3015,7,1,1,15,25,7,Gasoline
41,377,3015,7,2,0,20,25,7,Hybrid
33,377,3015,7,3,0,25,25,6,Hybrid
17,377,3016,8,1,1,20,30,7,Gasoline
24,377,3016,8,2,0,25,25,8,Gasoline
75,377,3016,8,3,0,25,20,8,Electric
9,378,3017,1,1,0,25,30,6,Gasoline
43,378,3017,1,2,1,15,30,7,Hybrid
3,378,3017,1,3,0,25,20,6,Gasoline
26,378,3018,2,1,0,20,30,8,Gasoline
2,378,3018,2,2,0,20,20,6,Gasoline
20,378,3018,2,3,1,20,20,8,Gasoline
55,378,3019,3,1,1,15,20,6,Electric
60,378,3019,3,2,0,25,25,6,Electric
36,378,3019,3,3,0,25,30,6,Hybrid
80,378,3020,4,1,0,20,30,8,Electric
20,378,3020,4,2,1,20,20,8,Gasoline
65,378,3020,4,3,0,20,20,7,Electric
22,378,3021,5,1,1,15,25,8,Gasoline
27,378,3021,5,2,0,25,30,8,Gasoline
62,378,3021,5,3,0,20,30,6,Electric
9,378,3022,6,1,0,25,30,6,Gasoline
51,378,3022,6,2,0,25,25,8,Hybrid
22,378,3022,6,3,1,15,25,8,Gasoline
53,378,3023,7,1,0,20,30,8,Hybrid
48,378,3023,7,2,1,25,20,8,Hybrid
55,378,3023,7,3,0,15,20,6,Electric
60,378,3024,8,1,0,25,25,6,Electric
6,378,3024,8,2,0,25,25,6,Gasoline
4,378,3024,8,3,1,15,25,6,Gasoline
11,379,3025,1,1,1,20,20,7,Gasoline
31,379,3025,1,2,0,15,25,6,Hybrid
33,379,3025,1,3,0,25,25,6,Hybrid
1,379,3026,2,1,1,15,20,6,Gasoline
54,379,3026,2,2,0,25,30,8,Hybrid
80,379,3026,2,3,0,20,30,8,Electric
29,379,3027,3,1,0,20,20,6,Hybrid
3,379,3027,3,2,0,25,20,6,Gasoline
56,379,3027,3,3,1,20,20,6,Electric
42,379,3028,4,1,0,25,25,7,Hybrid
41,379,3028,4,2,0,20,25,7,Hybrid
53,379,3028,4,3,1,20,30,8,Hybrid
81,379,3029,5,1,0,25,30,8,Electric
40,379,3029,5,2,0,15,25,7,Hybrid
28,379,3029,5,3,1,15,20,6,Hybrid
66,379,3030,6,1,0,25,20,7,Electric
37,379,3030,6,2,1,15,20,7,Hybrid
42,379,3030,6,3,0,25,25,7,Hybrid
43,379,3031,7,1,1,15,30,7,Hybrid
51,379,3031,7,2,0,25,25,8,Hybrid
76,379,3031,7,3,0,15,25,8,Electric
65,379,3032,8,1,0,20,20,7,Electric
51,379,3032,8,2,0,25,25,8,Hybrid
24,379,3032,8,3,1,25,25,8,Gasoline
78,380,3033,1,1,0,25,25,8,Electric
53,380,3033,1,2,1,20,30,8,Hybrid
54,380,3033,1,3,0,25,30,8,Hybrid
42,380,3034,2,1,0,25,25,7,Hybrid
46,380,3034,2,2,1,15,20,8,Hybrid
62,380,3034,2,3,0,20,30,6,Electric
10,380,3035,3,1,0,15,20,7,Gasoline
32,380,3035,3,2,1,20,25,6,Hybrid
69,380,3035,3,3,0,25,25,7,Electric
76,380,3036,4,1,0,15,25,8,Electric
59,380,3036,4,2,0,20,25,6,Electric
2,380,3036,4,3,1,20,20,6,Gasoline
53,380,3037,5,1,1,20,30,8,Hybrid
81,380,3037,5,2,0,25,30,8,Electric
69,380,3037,5,3,0,25,25,7,Electric
26,380,3038,6,1,1,20,30,8,Gasoline
77,380,3038,6,2,0,20,25,8,Electric
24,380,3038,6,3,0,25,25,8,Gasoline
1,380,3039,7,1,1,15,20,6,Gasoline
15,380,3039,7,2,0,25,25,7,Gasoline
63,380,3039,7,3,0,25,30,6,Electric
29,380,3040,8,1,0,20,20,6,Hybrid
73,380,3040,8,2,1,15,20,8,Electric
68,380,3040,8,3,0,20,25,7,Electric
16,381,3041,1,1,0,15,30,7,Gasoline
55,381,3041,1,2,0,15,20,6,Electric
49,381,3041,1,3,1,15,25,8,Hybrid
32,381,3042,2,1,0,20,25,6,Hybrid
22,381,3042,2,2,1,15,25,8,Gasoline
42,381,3042,2,3,0,25,25,7,Hybrid
25,381,3043,3,1,1,15,30,8,Gasoline
63,381,3043,3,2,0,25,30,6,Electric
64,381,3043,3,3,0,15,20,7,Electric
18,381,3044,4,1,0,25,30,7,Gasoline
25,381,3044,4,2,1,15,30,8,Gasoline
71,381,3044,4,3,0,20,30,7,Electric
61,381,3045,5,1,1,15,30,6,Electric
63,381,3045,5,2,0,25,30,6,Electric
14,381,3045,5,3,0,20,25,7,Gasoline
68,381,3046,6,1,0,20,25,7,Electric
20,381,3046,6,2,0,20,20,8,Gasoline
45,381,3046,6,3,1,25,30,7,Hybrid
32,381,3047,7,1,1,20,25,6,Hybrid
69,381,3047,7,2,0,25,25,7,Electric
8,381,3047,7,3,0,20,30,6,Gasoline
30,381,3048,8,1,0,25,20,6,Hybrid
42,381,3048,8,2,0,25,25,7,Hybrid
54,381,3048,8,3,1,25,30,8,Hybrid
18,382,3049,1,1,1,25,30,7,Gasoline
59,382,3049,1,2,0,20,25,6,Electric
17,382,3049,1,3,0,20,30,7,Gasoline
31,382,3050,2,1,0,15,25,6,Hybrid
55,382,3050,2,2,1,15,20,6,Electric
13,382,3050,2,3,0,15,25,7,Gasoline
29,382,3051,3,1,1,20,20,6,Hybrid
50,382,3051,3,2,0,20,25,8,Hybrid
70,382,3051,3,3,0,15,30,7,Electric
81,382,3052,4,1,0,25,30,8,Electric
65,382,3052,4,2,0,20,20,7,Electric
34,382,3052,4,3,1,15,30,6,Hybrid
30,382,3053,5,1,1,25,20,6,Hybrid
24,382,3053,5,2,0,25,25,8,Gasoline
49,382,3053,5,3,0,15,25,8,Hybrid
33,382,3054,6,1,0,25,25,6,Hybrid
3,382,3054,6,2,0,25,20,6,Gasoline
19,382,3054,6,3,1,15,20,8,Gasoline
59,382,3055,7,1,0,20,25,6,Electric
49,382,3055,7,2,1,15,25,8,Hybrid
42,382,3055,7,3,0,25,25,7,Hybrid
35,382,3056,8,1,1,20,30,6,Hybrid
56,382,3056,8,2,0,20,20,6,Electric
57,382,3056,8,3,0,25,20,6,Electric
13,383,3057,1,1,0,15,25,7,Gasoline
42,383,3057,1,2,0,25,25,7,Hybrid
37,383,3057,1,3,1,15,20,7,Hybrid
50,383,3058,2,1,1,20,25,8,Hybrid
60,383,3058,2,2,0,25,25,6,Electric
9,383,3058,2,3,0,25,30,6,Gasoline
57,383,3059,3,1,0,25,20,6,Electric
67,383,3059,3,2,0,15,25,7,Electric
8,383,3059,3,3,1,20,30,6,Gasoline
26,383,3060,4,1,0,20,30,8,Gasoline
75,383,3060,4,2,0,25,20,8,Electric
2,383,3060,4,3,1,20,20,6,Gasoline
17,383,3061,5,1,0,20,30,7,Gasoline
35,383,3061,5,2,1,20,30,6,Hybrid
44,383,3061,5,3,0,20,30,7,Hybrid
53,383,3062,6,1,0,20,30,8,Hybrid
7,383,3062,6,2,1,15,30,6,Gasoline
15,383,3062,6,3,0,25,25,7,Gasoline
16,383,3063,7,1,0,15,30,7,Gasoline
47,383,3063,7,2,1,20,20,8,Hybrid
20,383,3063,7,3,0,20,20,8,Gasoline
51,383,3064,8,1,0,25,25,8,Hybrid
22,383,3064,8,2,1,15,25,8,Gasoline
60,383,3064,8,3,0,25,25,6,Electric
57,384,3065,1,1,0,25,20,6,Electric
16,384,3065,1,2,1,15,30,7,Gasoline
15,384,3065,1,3,0,25,25,7,Gasoline
3,384,3066,2,1,0,25,20,6,Gasoline
51,384,3066,2,2,0,25,25,8,Hybrid
18,384,3066,2,3,1,25,30,7,Gasoline
29,384,3067,3,1,0,20,20,6,Hybrid
62,384,3067,3,2,0,20,30,6,Electric
61,384,3067,3,3,1,15,30,6,Electric
15,384,3068,4,1,0,25,25,7,Gasoline
2,384,3068,4,2,0,20,20,6,Gasoline
37,384,3068,4,3,1,15,20,7,Hybrid
20,384,3069,5,1,0,20,20,8,Gasoline
41,384,3069,5,2,0,20,25,7,Hybrid
4,384,3069,5,3,1,15,25,6,Gasoline
2,384,3070,6,1,0,20,20,6,Gasoline
25,384,3070,6,2,1,15,30,8,Gasoline
64,384,3070,6,3,0,15,20,7,Electric
66,384,3071,7,1,0,25,20,7,Electric
28,384,3071,7,2,0,15,20,6,Hybrid
4,384,3071,7,3,1,15,25,6,Gasoline
73,384,3072,8,1,0,15,20,8,Electric
62,384,3072,8,2,1,20,30,6,Electric
37,384,3072,8,3,0,15,20,7,Hybrid
44,385,3073,1,1,0,20,30,7,Hybrid
59,385,3073,1,2,1,20,25,6,Electric
47,385,3073,1,3,0,20,20,8,Hybrid
53,385,3074,2,1,1,20,30,8,Hybrid
19,385,3074,2,2,0,15,20,8,Gasoline
51,385,3074,2,3,0,25,25,8,Hybrid
28,385,3075,3,1,0,15,20,6,Hybrid
46,385,3075,3,2,0,15,20,8,Hybrid
37,385,3075,3,3,1,15,20,7,Hybrid
20,385,3076,4,1,0,20,20,8,Gasoline
10,385,3076,4,2,0,15,20,7,Gasoline
54,385,3076,4,3,1,25,30,8,Hybrid
58,385,3077,5,1,0,15,25,6,Electric
57,385,3077,5,2,0,25,20,6,Electric
18,385,3077,5,3,1,25,30,7,Gasoline
7,385,3078,6,1,1,15,30,6,Gasoline
49,385,3078,6,2,0,15,25,8,Hybrid
23,385,3078,6,3,0,20,25,8,Gasoline
58,385,3079,7,1,1,15,25,6,Electric
69,385,3079,7,2,0,25,25,7,Electric
81,385,3079,7,3,0,25,30,8,Electric
61,385,3080,8,1,0,15,30,6,Electric
1,385,3080,8,2,1,15,20,6,Gasoline
12,385,3080,8,3,0,25,20,7,Gasoline
10,386,3081,1,1,0,15,20,7,Gasoline
19,386,3081,1,2,1,15,20,8,Gasoline
1,386,3081,1,3,0,15,20,6,Gasoline
19,386,3082,2,1,0,15,20,8,Gasoline
30,386,3082,2,2,0,25,20,6,Hybrid
45,386,3082,2,3,1,25,30,7,Hybrid
56,386,3083,3,1,0,20,20,6,Electric
27,386,3083,3,2,0,25,30,8,Gasoline
37,386,3083,3,3,1,15,20,7,Hybrid
51,386,3084,4,1,0,25,25,8,Hybrid
43,386,3084,4,2,1,15,30,7,Hybrid
29,386,3084,4,3,0,20,20,6,Hybrid
49,386,3085,5,1,1,15,25,8,Hybrid
42,386,3085,5,2,0,25,25,7,Hybrid
44,386,3085,5,3,0,20,30,7,Hybrid
61,386,3086,6,1,0,15,30,6,Electric
34,386,3086,6,2,0,15,30,6,Hybrid
40,386,3086,6,3,1,15,25,7,Hybrid
40,386,3087,7,1,0,15,25,7,Hybrid
54,386,3087,7,2,1,25,30,8,Hybrid
60,386,3087,7,3,0,25,25,6,Electric
68,386,3088,8,1,0,20,25,7,Electric
55,386,3088,8,2,1,15,20,6,Electric
71,386,3088,8,3,0,20,30,7,Electric
6,387,3089,1,1,0,25,25,6,Gasoline
45,387,3089,1,2,0,25,30,7,Hybrid
58,387,3089,1,3,1,15,25,6,Electric
20,387,3090,2,1,0,20,20,8,Gasoline
45,387,3090,2,2,0,25,30,7,Hybrid
25,387,3090,2,3,1,15,30,8,Gasoline
73,387,3091,3,1,1,15,20,8,Electric
11,387,3091,3,2,0,20,20,7,Gasoline
6,387,3091,3,3,0,25,25,6,Gasoline
46,387,3092,4,1,1,15,20,8,Hybrid
33,387,3092,4,2,0,25,25,6,Hybrid
56,387,3092,4,3,0,20,20,6,Electric
36,387,3093,5,1,0,25,30,6,Hybrid
56,387,3093,5,2,0,20,20,6,Electric
64,387,3093,5,3,1,15,20,7,Electric
4,387,3094,6,1,0,15,25,6,Gasoline
68,387,3094,6,2,0,20,25,7,Electric
51,387,3094,6,3,1,25,25,8,Hybrid
77,387,3095,7,1,1,20,25,8,Electric
38,387,3095,7,2,0,20,20,7,Hybrid
27,387,3095,7,3,0,25,30,8,Gasoline
61,387,3096,8,1,0,15,30,6,Electric
64,387,3096,8,2,1,15,20,7,Electric
62,387,3096,8,3,0,20,30,6,Electric
27,388,3097,1,1,0,25,30,8,Gasoline
38,388,3097,1,2,0,20,20,7,Hybrid
70,388,3097,1,3,1,15,30,7,Electric
48,388,3098,2,1,0,25,20,8,Hybrid
23,388,3098,2,2,1,20,25,8,Gasoline
60,388,3098,2,3,0,25,25,6,Electric
14,388,3099,3,1,0,20,25,7,Gasoline
6,388,3099,3,2,0,25,25,6,Gasoline
18,388,3099,3,3,1,25,30,7,Gasoline
56,388,3100,4,1,0,20,20,6,Electric
55,388,3100,4,2,0,15,20,6,Electric
50,388,3100,4,3,1,20,25,8,Hybrid
41,388,3101,5,1,0,20,25,7,Hybrid
22,388,3101,5,2,0,15,25,8,Gasoline
47,388,3101,5,3,1,20,20,8,Hybrid
26,388,3102,6,1,1,20,30,8,Gasoline
78,388,3102,6,2,0,25,25,8,Electric
60,388,3102,6,3,0,25,25,6,Electric
15,388,3103,7,1,0,25,25,7,Gasoline
80,388,3103,7,2,0,20,30,8,Electric
64,388,3103,7,3,1,15,20,7,Electric
20,388,3104,8,1,0,20,20,8,Gasoline
35,388,3104,8,2,1,20,30,6,Hybrid
33,388,3104,8,3,0,25,25,6,Hybrid
75,389,3105,1,1,1,25,20,8,Electric
68,389,3105,1,2,0,20,25,7,Electric
59,389,3105,1,3,0,20,25,6,Electric
52,389,3106,2,1,0,15,30,8,Hybrid
30,389,3106,2,2,1,25,20,6,Hybrid
35,389,3106,2,3,0,20,30,6,Hybrid
41,389,3107,3,1,0,20,25,7,Hybrid
67,389,3107,3,2,1,15,25,7,Electric
75,389,3107,3,3,0,25,20,8,Electric
67,389,3108,4,1,0,15,25,7,Electric
25,389,3108,4,2,1,15,30,8,Gasoline
4,389,3108,4,3,0,15,25,6,Gasoline
60,389,3109,5,1,0,25,25,6,Electric
30,389,3109,5,2,1,25,20,6,Hybrid
4,389,3109,5,3,0,15,25,6,Gasoline
23,389,3110,6,1,1,20,25,8,Gasoline
71,389,3110,6,2,0,20,30,7,Electric
59,389,3110,6,3,0,20,25,6,Electric
37,389,3111,7,1,1,15,20,7,Hybrid
43,389,3111,7,2,0,15,30,7,Hybrid
36,389,3111,7,3,0,25,30,6,Hybrid
65,389,3112,8,1,0,20,20,7,Electric
9,389,3112,8,2,0,25,30,6,Gasoline
31,389,3112,8,3,1,15,25,6,Hybrid
44,390,3113,1,1,0,20,30,7,Hybrid
33,390,3113,1,2,0,25,25,6,Hybrid
77,390,3113,1,3,1,20,25,8,Electric
14,390,3114,2,1,0,20,25,7,Gasoline
3,390,3114,2,2,0,25,20,6,Gasoline
53,390,3114,2,3,1,20,30,8,Hybrid
32,390,3115,3,1,0,20,25,6,Hybrid
28,390,3115,3,2,1,15,20,6,Hybrid
81,390,3115,3,3,0,25,30,8,Electric
2,390,3116,4,1,0,20,20,6,Gasoline
63,390,3116,4,2,0,25,30,6,Electric
27,390,3116,4,3,1,25,30,8,Gasoline
48,390,3117,5,1,0,25,20,8,Hybrid
34,390,3117,5,2,1,15,30,6,Hybrid
38,390,3117,5,3,0,20,20,7,Hybrid
7,390,3118,6,1,0,15,30,6,Gasoline
76,390,3118,6,2,0,15,25,8,Electric
34,390,3118,6,3,1,15,30,6,Hybrid
56,390,3119,7,1,0,20,20,6,Electric
30,390,3119,7,2,1,25,20,6,Hybrid
39,390,3119,7,3,0,25,20,7,Hybrid
76,390,3120,8,1,1,15,25,8,Electric
70,390,3120,8,2,0,15,30,7,Electric
23,390,3120,8,3,0,20,25,8,Gasoline
11,391,3121,1,1,1,20,20,7,Gasoline
39,391,3121,1,2,0,25,20,7,Hybrid
57,391,3121,1,3,0,25,20,6,Electric
7,391,3122,2,1,0,15,30,6,Gasoline
63,391,3122,2,2,0,25,30,6,Electric
37,391,3122,2,3,1,15,20,7,Hybrid
36,391,3123,3,1,0,25,30,6,Hybrid
52,391,3123,3,2,0,15,30,8,Hybrid
10,391,3123,3,3,1,15,20,7,Gasoline
49,391,3124,4,1,1,15,25,8,Hybrid
26,391,3124,4,2,0,20,30,8,Gasoline
42,391,3124,4,3,0,25,25,7,Hybrid
57,391,3125,5,1,1,25,20,6,Electric
23,391,3125,5,2,0,20,25,8,Gasoline
18,391,3125,5,3,0,25,30,7,Gasoline
38,391,3126,6,1,0,20,20,7,Hybrid
20,391,3126,6,2,1,20,20,8,Gasoline
21,391,3126,6,3,0,25,20,8,Gasoline
66,391,3127,7,1,1,25,20,7,Electric
16,391,3127,7,2,0,15,30,7,Gasoline
22,391,3127,7,3,0,15,25,8,Gasoline
78,391,3128,8,1,0,25,25,8,Electric
68,391,3128,8,2,1,20,25,7,Electric
30,391,3128,8,3,0,25,20,6,Hybrid
13,392,3129,1,1,1,15,25,7,Gasoline
75,392,3129,1,2,0,25,20,8,Electric
74,392,3129,1,3,0,20,20,8,Electric
23,392,3130,2,1,0,20,25,8,Gasoline
19,392,3130,2,2,1,15,20,8,Gasoline
14,392,3130,2,3,0,20,25,7,Gasoline
10,392,3131,3,1,0,15,20,7,Gasoline
46,392,3131,3,2,1,15,20,8,Hybrid
1,392,3131,3,3,0,15,20,6,Gasoline
63,392,3132,4,1,0,25,30,6,Electric
44,392,3132,4,2,1,20,30,7,Hybrid
55,392,3132,4,3,0,15,20,6,Electric
17,392,3133,5,1,0,20,30,7,Gasoline
44,392,3133,5,2,0,20,30,7,Hybrid
16,392,3133,5,3,1,15,30,7,Gasoline
19,392,3134,6,1,1,15,20,8,Gasoline
14,392,3134,6,2,0,20,25,7,Gasoline
30,392,3134,6,3,0,25,20,6,Hybrid
23,392,3135,7,1,0,20,25,8,Gasoline
62,392,3135,7,2,0,20,30,6,Electric
79,392,3135,7,3,1,15,30,8,Electric
42,392,3136,8,1,0,25,25,7,Hybrid
14,392,3136,8,2,1,20,25,7,Gasoline
75,392,3136,8,3,0,25,20,8,Electric
44,393,3137,1,1,0,20,30,7,Hybrid
18,393,3137,1,2,1,25,30,7,Gasoline
59,393,3137,1,3,0,20,25,6,Electric
31,393,3138,2,1,1,15,25,6,Hybrid
25,393,3138,2,2,0,15,30,8,Gasoline
40,393,3138,2,3,0,15,25,7,Hybrid
53,393,3139,3,1,1,20,30,8,Hybrid
76,393,3139,3,2,0,15,25,8,Electric
51,393,3139,3,3,0,25,25,8,Hybrid
75,393,3140,4,1,0,25,20,8,Electric
33,393,3140,4,2,0,25,25,6,Hybrid
47,393,3140,4,3,1,20,20,8,Hybrid
56,393,3141,5,1,0,20,20,6,Electric
38,393,3141,5,2,1,20,20,7,Hybrid
66,393,3141,5,3,0,25,20,7,Electric
80,393,3142,6,1,0,20,30,8,Electric
76,393,3142,6,2,0,15,25,8,Electric
70,393,3142,6,3,1,15,30,7,Electric
52,393,3143,7,1,1,15,30,8,Hybrid
69,393,3143,7,2,0,25,25,7,Electric
28,393,3143,7,3,0,15,20,6,Hybrid
2,393,3144,8,1,0,20,20,6,Gasoline
13,393,3144,8,2,1,15,25,7,Gasoline
41,393,3144,8,3,0,20,25,7,Hybrid
81,394,3145,1,1,0,25,30,8,Electric
52,394,3145,1,2,1,15,30,8,Hybrid
34,394,3145,1,3,0,15,30,6,Hybrid
53,394,3146,2,1,1,20,30,8,Hybrid
27,394,3146,2,2,0,25,30,8,Gasoline
56,394,3146,2,3,0,20,20,6,Electric
27,394,3147,3,1,0,25,30,8,Gasoline
8,394,3147,3,2,1,20,30,6,Gasoline
72,394,3147,3,3,0,25,30,7,Electric
59,394,3148,4,1,1,20,25,6,Electric
65,394,3148,4,2,0,20,20,7,Electric
24,394,3148,4,3,0,25,25,8,Gasoline
2,394,3149,5,1,0,20,20,6,Gasoline
35,394,3149,5,2,0,20,30,6,Hybrid
28,394,3149,5,3,1,15,20,6,Hybrid
33,394,3150,6,1,0,25,25,6,Hybrid
54,394,3150,6,2,0,25,30,8,Hybrid
26,394,3150,6,3,1,20,30,8,Gasoline
18,394,3151,7,1,0,25,30,7,Gasoline
38,394,3151,7,2,1,20,20,7,Hybrid
57,394,3151,7,3,0,25,20,6,Electric
48,394,3152,8,1,0,25,20,8,Hybrid
47,394,3152,8,2,1,20,20,8,Hybrid
72,394,3152,8,3,0,25,30,7,Electric
78,395,3153,1,1,0,25,25,8,Electric
59,395,3153,1,2,1,20,25,6,Electric
57,395,3153,1,3,0,25,20,6,Electric
8,395,3154,2,1,1,20,30,6,Gasoline
14,395,3154,2,2,0,20,25,7,Gasoline
65,395,3154,2,3,0,20,20,7,Electric
50,395,3155,3,1,1,20,25,8,Hybrid
65,395,3155,3,2,0,20,20,7,Electric
59,395,3155,3,3,0,20,25,6,Electric
2,395,3156,4,1,1,20,20,6,Gasoline
76,395,3156,4,2,0,15,25,8,Electric
63,395,3156,4,3,0,25,30,6,Electric
59,395,3157,5,1,0,20,25,6,Electric
72,395,3157,5,2,0,25,30,7,Electric
53,395,3157,5,3,1,20,30,8,Hybrid
39,395,3158,6,1,0,25,20,7,Hybrid
80,395,3158,6,2,0,20,30,8,Electric
43,395,3158,6,3,1,15,30,7,Hybrid
54,395,3159,7,1,1,25,30,8,Hybrid
75,395,3159,7,2,0,25,20,8,Electric
46,395,3159,7,3,0,15,20,8,Hybrid
9,395,3160,8,1,0,25,30,6,Gasoline
6,395,3160,8,2,0,25,25,6,Gasoline
38,395,3160,8,3,1,20,20,7,Hybrid
61,396,3161,1,1,1,15,30,6,Electric
42,396,3161,1,2,0,25,25,7,Hybrid
14,396,3161,1,3,0,20,25,7,Gasoline
50,396,3162,2,1,0,20,25,8,Hybrid
36,396,3162,2,2,1,25,30,6,Hybrid
24,396,3162,2,3,0,25,25,8,Gasoline
47,396,3163,3,1,1,20,20,8,Hybrid
16,396,3163,3,2,0,15,30,7,Gasoline
52,396,3163,3,3,0,15,30,8,Hybrid
63,396,3164,4,1,0,25,30,6,Electric
33,396,3164,4,2,1,25,25,6,Hybrid
74,396,3164,4,3,0,20,20,8,Electric
7,396,3165,5,1,1,15,30,6,Gasoline
43,396,3165,5,2,0,15,30,7,Hybrid
56,396,3165,5,3,0,20,20,6,Electric
21,396,3166,6,1,0,25,20,8,Gasoline
58,396,3166,6,2,1,15,25,6,Electric
27,396,3166,6,3,0,25,30,8,Gasoline
56,396,3167,7,1,1,20,20,6,Electric
47,396,3167,7,2,0,20,20,8,Hybrid
7,396,3167,7,3,0,15,30,6,Gasoline
50,396,3168,8,1,0,20,25,8,Hybrid
12,396,3168,8,2,0,25,20,7,Gasoline
43,396,3168,8,3,1,15,30,7,Hybrid
61,397,3169,1,1,1,15,30,6,Electric
37,397,3169,1,2,0,15,20,7,Hybrid
78,397,3169,1,3,0,25,25,8,Electric
18,397,3170,2,1,0,25,30,7,Gasoline
51,397,3170,2,2,1,25,25,8,Hybrid
78,397,3170,2,3,0,25,25,8,Electric
34,397,3171,3,1,1,15,30,6,Hybrid
4,397,3171,3,2,0,15,25,6,Gasoline
77,397,3171,3,3,0,20,25,8,Electric
73,397,3172,4,1,0,15,20,8,Electric
43,397,3172,4,2,0,15,30,7,Hybrid
49,397,3172,4,3,1,15,25,8,Hybrid
38,397,3173,5,1,0,20,20,7,Hybrid
26,397,3173,5,2,1,20,30,8,Gasoline
64,397,3173,5,3,0,15,20,7,Electric
15,397,3174,6,1,0,25,25,7,Gasoline
14,397,3174,6,2,0,20,25,7,Gasoline
37,397,3174,6,3,1,15,20,7,Hybrid
52,397,3175,7,1,0,15,30,8,Hybrid
5,397,3175,7,2,0,20,25,6,Gasoline
16,397,3175,7,3,1,15,30,7,Gasoline
19,397,3176,8,1,0,15,20,8,Gasoline
34,397,3176,8,2,1,15,30,6,Hybrid
21,397,3176,8,3,0,25,20,8,Gasoline
51,398,3177,1,1,0,25,25,8,Hybrid
72,398,3177,1,2,1,25,30,7,Electric
69,398,3177,1,3,0,25,25,7,Electric
19,398,3178,2,1,1,15,20,8,Gasoline
34,398,3178,2,2,0,15,30,6,Hybrid
51,398,3178,2,3,0,25,25,8,Hybrid
2,398,3179,3,1,0,20,20,6,Gasoline
32,398,3179,3,2,0,20,25,6,Hybrid
49,398,3179,3,3,1,15,25,8,Hybrid
2,398,3180,4,1,0,20,20,6,Gasoline
80,398,3180,4,2,1,20,30,8,Electric
21,398,3180,4,3,0,25,20,8,Gasoline
46,398,3181,5,1,1,15,20,8,Hybrid
77,398,3181,5,2,0,20,25,8,Electric
43,398,3181,5,3,0,15,30,7,Hybrid
60,398,3182,6,1,0,25,25,6,Electric
67,398,3182,6,2,1,15,25,7,Electric
62,398,3182,6,3,0,20,30,6,Electric
58,398,3183,7,1,1,15,25,6,Electric
78,398,3183,7,2,0,25,25,8,Electric
75,398,3183,7,3,0,25,20,8,Electric
78,398,3184,8,1,0,25,25,8,Electric
50,398,3184,8,2,1,20,25,8,Hybrid
62,398,3184,8,3,0,20,30,6,Electric
77,399,3185,1,1,1,20,25,8,Electric
39,399,3185,1,2,0,25,20,7,Hybrid
1,399,3185,1,3,0,15,20,6,Gasoline
42,399,3186,2,1,0,25,25,7,Hybrid
46,399,3186,2,2,1,15,20,8,Hybrid
71,399,3186,2,3,0,20,30,7,Electric
34,399,3187,3,1,1,15,30,6,Hybrid
6,399,3187,3,2,0,25,25,6,Gasoline
48,399,3187,3,3,0,25,20,8,Hybrid
67,399,3188,4,1,1,15,25,7,Electric
20,399,3188,4,2,0,20,20,8,Gasoline
14,399,3188,4,3,0,20,25,7,Gasoline
49,399,3189,5,1,0,15,25,8,Hybrid
19,399,3189,5,2,1,15,20,8,Gasoline
79,399,3189,5,3,0,15,30,8,Electric
16,399,3190,6,1,1,15,30,7,Gasoline
44,399,3190,6,2,0,20,30,7,Hybrid
9,399,3190,6,3,0,25,30,6,Gasoline
7,399,3191,7,1,0,15,30,6,Gasoline
13,399,3191,7,2,1,15,25,7,Gasoline
72,399,3191,7,3,0,25,30,7,Electric
77,399,3192,8,1,0,20,25,8,Electric
68,399,3192,8,2,1,20,25,7,Electric
33,399,3192,8,3,0,25,25,6,Hybrid
32,400,3193,1,1,0,20,25,6,Hybrid
19,400,3193,1,2,1,15,20,8,Gasoline
34,400,3193,1,3,0,15,30,6,Hybrid
37,400,3194,2,1,1,15,20,7,Hybrid
27,400,3194,2,2,0,25,30,8,Gasoline
36,400,3194,2,3,0,25,30,6,Hybrid
63,400,3195,3,1,0,25,30,6,Electric
68,400,3195,3,2,0,20,25,7,Electric
14,400,3195,3,3,1,20,25,7,Gasoline
47,400,3196,4,1,1,20,20,8,Hybrid
65,400,3196,4,2,0,20,20,7,Electric
68,400,3196,4,3,0,20,25,7,Electric
54,400,3197,5,1,1,25,30,8,Hybrid
15,400,3197,5,2,0,25,25,7,Gasoline
72,400,3197,5,3,0,25,30,7,Electric
24,400,3198,6,1,0,25,25,8,Gasoline
78,400,3198,6,2,1,25,25,8,Electric
15,400,3198,6,3,0,25,25,7,Gasoline
68,400,3199,7,1,0,20,25,7,Electric
59,400,3199,7,2,1,20,25,6,Electric
48,400,3199,7,3,0,25,20,8,Hybrid
18,400,3200,8,1,0,25,30,7,Gasoline
74,400,3200,8,2,0,20,20,8,Electric
49,400,3200,8,3,1,15,25,8,Hybrid
61,401,3201,1,1,1,15,30,6,Electric
72,401,3201,1,2,0,25,30,7,Electric
66,401,3201,1,3,0,25,20,7,Electric
15,401,3202,2,1,0,25,25,7,Gasoline
47,401,3202,2,2,0,20,20,8,Hybrid
26,401,3202,2,3,1,20,30,8,Gasoline
11,401,3203,3,1,0,20,20,7,Gasoline
47,401,3203,3,2,0,20,20,8,Hybrid
14,401,3203,3,3,1,20,25,7,Gasoline
40,401,3204,4,1,0,15,25,7,Hybrid
7,401,3204,4,2,1,15,30,6,Gasoline
32,401,3204,4,3,0,20,25,6,Hybrid
52,401,3205,5,1,0,15,30,8,Hybrid
8,401,3205,5,2,1,20,30,6,Gasoline
33,401,3205,5,3,0,25,25,6,Hybrid
12,401,3206,6,1,0,25,20,7,Gasoline
29,401,3206,6,2,1,20,20,6,Hybrid
46,401,3206,6,3,0,15,20,8,Hybrid
50,401,3207,7,1,1,20,25,8,Hybrid
12,401,3207,7,2,0,25,20,7,Gasoline
31,401,3207,7,3,0,15,25,6,Hybrid
36,401,3208,8,1,1,25,30,6,Hybrid
3,401,3208,8,2,0,25,20,6,Gasoline
24,401,3208,8,3,0,25,25,8,Gasoline
74,402,3209,1,1,0,20,20,8,Electric
48,402,3209,1,2,0,25,20,8,Hybrid
2,402,3209,1,3,1,20,20,6,Gasoline
14,402,3210,2,1,0,20,25,7,Gasoline
38,402,3210,2,2,1,20,20,7,Hybrid
56,402,3210,2,3,0,20,20,6,Electric
36,402,3211,3,1,0,25,30,6,Hybrid
48,402,3211,3,2,1,25,20,8,Hybrid
75,402,3211,3,3,0,25,20,8,Electric
22,402,3212,4,1,1,15,25,8,Gasoline
78,402,3212,4,2,0,25,25,8,Electric
32,402,3212,4,3,0,20,25,6,Hybrid
20,402,3213,5,1,0,20,20,8,Gasoline
14,402,3213,5,2,1,20,25,7,Gasoline
27,402,3213,5,3,0,25,30,8,Gasoline
41,402,3214,6,1,0,20,25,7,Hybrid
73,402,3214,6,2,1,15,20,8,Electric
59,402,3214,6,3,0,20,25,6,Electric
31,402,3215,7,1,1,15,25,6,Hybrid
22,402,3215,7,2,0,15,25,8,Gasoline
38,402,3215,7,3,0,20,20,7,Hybrid
66,402,3216,8,1,0,25,20,7,Electric
72,402,3216,8,2,0,25,30,7,Electric
28,402,3216,8,3,1,15,20,6,Hybrid
65,403,3217,1,1,0,20,20,7,Electric
18,403,3217,1,2,0,25,30,7,Gasoline
70,403,3217,1,3,1,15,30,7,Electric
24,403,3218,2,1,1,25,25,8,Gasoline
3,403,3218,2,2,0,25,20,6,Gasoline
29,403,3218,2,3,0,20,20,6,Hybrid
4,403,3219,3,1,1,15,25,6,Gasoline
65,403,3219,3,2,0,20,20,7,Electric
43,403,3219,3,3,0,15,30,7,Hybrid
22,403,3220,4,1,0,15,25,8,Gasoline
27,403,3220,4,2,0,25,30,8,Gasoline
46,403,3220,4,3,1,15,20,8,Hybrid
71,403,3221,5,1,0,20,30,7,Electric
77,403,3221,5,2,0,20,25,8,Electric
51,403,3221,5,3,1,25,25,8,Hybrid
64,403,3222,6,1,1,15,20,7,Electric
60,403,3222,6,2,0,25,25,6,Electric
21,403,3222,6,3,0,25,20,8,Gasoline
24,403,3223,7,1,0,25,25,8,Gasoline
41,403,3223,7,2,0,20,25,7,Hybrid
31,403,3223,7,3,1,15,25,6,Hybrid
19,403,3224,8,1,1,15,20,8,Gasoline
79,403,3224,8,2,0,15,30,8,Electric
67,403,3224,8,3,0,15,25,7,Electric
2,404,3225,1,1,1,20,20,6,Gasoline
70,404,3225,1,2,0,15,30,7,Electric
18,404,3225,1,3,0,25,30,7,Gasoline
20,404,3226,2,1,1,20,20,8,Gasoline
30,404,3226,2,2,0,25,20,6,Hybrid
12,404,3226,2,3,0,25,20,7,Gasoline
72,404,3227,3,1,0,25,30,7,Electric
41,404,3227,3,2,0,20,25,7,Hybrid
43,404,3227,3,3,1,15,30,7,Hybrid
2,404,3228,4,1,0,20,20,6,Gasoline
20,404,3228,4,2,0,20,20,8,Gasoline
28,404,3228,4,3,1,15,20,6,Hybrid
32,404,3229,5,1,0,20,25,6,Hybrid
76,404,3229,5,2,1,15,25,8,Electric
10,404,3229,5,3,0,15,20,7,Gasoline
59,404,3230,6,1,0,20,25,6,Electric
19,404,3230,6,2,1,15,20,8,Gasoline
73,404,3230,6,3,0,15,20,8,Electric
23,404,3231,7,1,0,20,25,8,Gasoline
60,404,3231,7,2,0,25,25,6,Electric
58,404,3231,7,3,1,15,25,6,Electric
70,404,3232,8,1,0,15,30,7,Electric
66,404,3232,8,2,1,25,20,7,Electric
15,404,3232,8,3,0,25,25,7,Gasoline
31,405,3233,1,1,0,15,25,6,Hybrid
17,405,3233,1,2,1,20,30,7,Gasoline
13,405,3233,1,3,0,15,25,7,Gasoline
61,405,3234,2,1,0,15,30,6,Electric
35,405,3234,2,2,0,20,30,6,Hybrid
49,405,3234,2,3,1,15,25,8,Hybrid
65,405,3235,3,1,0,20,20,7,Electric
20,405,3235,3,2,1,20,20,8,Gasoline
72,405,3235,3,3,0,25,30,7,Electric
13,405,3236,4,1,1,15,25,7,Gasoline
63,405,3236,4,2,0,25,30,6,Electric
51,405,3236,4,3,0,25,25,8,Hybrid
12,405,3237,5,1,0,25,20,7,Gasoline
9,405,3237,5,2,0,25,30,6,Gasoline
42,405,3237,5,3,1,25,25,7,Hybrid
8,405,3238,6,1,0,20,30,6,Gasoline
45,405,3238,6,2,0,25,30,7,Hybrid
17,405,3238,6,3,1,20,30,7,Gasoline
65,405,3239,7,1,0,20,20,7,Electric
51,405,3239,7,2,1,25,25,8,Hybrid
61,405,3239,7,3,0,15,30,6,Electric
38,405,3240,8,1,0,20,20,7,Hybrid
79,405,3240,8,2,1,15,30,8,Electric
19,405,3240,8,3,0,15,20,8,Gasoline
30,406,3241,1,1,1,25,20,6,Hybrid
73,406,3241,1,2,0,15,20,8,Electric
79,406,3241,1,3,0,15,30,8,Electric
15,406,3242,2,1,0,25,25,7,Gasoline
43,406,3242,2,2,0,15,30,7,Hybrid
13,406,3242,2,3,1,15,25,7,Gasoline
50,406,3243,3,1,0,20,25,8,Hybrid
49,406,3243,3,2,1,15,25,8,Hybrid
79,406,3243,3,3,0,15,30,8,Electric
35,406,3244,4,1,1,20,30,6,Hybrid
59,406,3244,4,2,0,20,25,6,Electric
21,406,3244,4,3,0,25,20,8,Gasoline
50,406,3245,5,1,1,20,25,8,Hybrid
66,406,3245,5,2,0,25,20,7,Electric
77,406,3245,5,3,0,20,25,8,Electric
56,406,3246,6,1,0,20,20,6,Electric
12,406,3246,6,2,1,25,20,7,Gasoline
64,406,3246,6,3,0,15,20,7,Electric
10,406,3247,7,1,1,15,20,7,Gasoline
69,406,3247,7,2,0,25,25,7,Electric
3,406,3247,7,3,0,25,20,6,Gasoline
79,406,3248,8,1,1,15,30,8,Electric
62,406,3248,8,2,0,20,30,6,Electric
24,406,3248,8,3,0,25,25,8,Gasoline
35,407,3249,1,1,0,20,30,6,Hybrid
11,407,3249,1,2,0,20,20,7,Gasoline
16,407,3249,1,3,1,15,30,7,Gasoline
40,407,3250,2,1,1,15,25,7,Hybrid
1,407,3250,2,2,0,15,20,6,Gasoline
33,407,3250,2,3,0,25,25,6,Hybrid
78,407,3251,3,1,0,25,25,8,Electric
21,407,3251,3,2,0,25,20,8,Gasoline
29,407,3251,3,3,1,20,20,6,Hybrid
74,407,3252,4,1,0,20,20,8,Electric
8,407,3252,4,2,1,20,30,6,Gasoline
2,407,3252,4,3,0,20,20,6,Gasoline
25,407,3253,5,1,0,15,30,8,Gasoline
36,407,3253,5,2,0,25,30,6,Hybrid
30,407,3253,5,3,1,25,20,6,Hybrid
70,407,3254,6,1,1,15,30,7,Electric
29,407,3254,6,2,0,20,20,6,Hybrid
57,407,3254,6,3,0,25,20,6,Electric
25,407,3255,7,1,1,15,30,8,Gasoline
49,407,3255,7,2,0,15,25,8,Hybrid
74,407,3255,7,3,0,20,20,8,Electric
20,407,3256,8,1,1,20,20,8,Gasoline
18,407,3256,8,2,0,25,30,7,Gasoline
69,407,3256,8,3,0,25,25,7,Electric
42,408,3257,1,1,0,25,25,7,Hybrid
17,408,3257,1,2,0,20,30,7,Gasoline
68,408,3257,1,3,1,20,25,7,Electric
75,408,3258,2,1,0,25,20,8,Electric
68,408,3258,2,2,0,20,25,7,Electric
16,408,3258,2,3,1,15,30,7,Gasoline
32,408,3259,3,1,1,20,25,6,Hybrid
75,408,3259,3,2,0,25,20,8,Electric
47,408,3259,3,3,0,20,20,8,Hybrid
6,408,3260,4,1,0,25,25,6,Gasoline
74,408,3260,4,2,0,20,20,8,Electric
22,408,3260,4,3,1,15,25,8,Gasoline
15,408,3261,5,1,0,25,25,7,Gasoline
6,408,3261,5,2,1,25,25,6,Gasoline
59,408,3261,5,3,0,20,25,6,Electric
25,408,3262,6,1,0,15,30,8,Gasoline
47,408,3262,6,2,1,20,20,8,Hybrid
69,408,3262,6,3,0,25,25,7,Electric
10,408,3263,7,1,0,15,20,7,Gasoline
47,408,3263,7,2,0,20,20,8,Hybrid
69,408,3263,7,3,1,25,25,7,Electric
25,408,3264,8,1,1,15,30,8,Gasoline
22,408,3264,8,2,0,15,25,8,Gasoline
65,408,3264,8,3,0,20,20,7,Electric
56,409,3265,1,1,0,20,20,6,Electric
65,409,3265,1,2,1,20,20,7,Electric
54,409,3265,1,3,0,25,30,8,Hybrid
46,409,3266,2,1,0,15,20,8,Hybrid
63,409,3266,2,2,0,25,30,6,Electric
41,409,3266,2,3,1,20,25,7,Hybrid
23,409,3267,3,1,0,20,25,8,Gasoline
66,409,3267,3,2,0,25,20,7,Electric
36,409,3267,3,3,1,25,30,6,Hybrid
56,409,3268,4,1,0,20,20,6,Electric
43,409,3268,4,2,1,15,30,7,Hybrid
76,409,3268,4,3,0,15,25,8,Electric
6,409,3269,5,1,0,25,25,6,Gasoline
80,409,3269,5,2,1,20,30,8,Electric
64,409,3269,5,3,0,15,20,7,Electric
49,409,3270,6,1,0,15,25,8,Hybrid
77,409,3270,6,2,0,20,25,8,Electric
65,409,3270,6,3,1,20,20,7,Electric
36,409,3271,7,1,0,25,30,6,Hybrid
6,409,3271,7,2,0,25,25,6,Gasoline
79,409,3271,7,3,1,15,30,8,Electric
57,409,3272,8,1,0,25,20,6,Electric
65,409,3272,8,2,0,20,20,7,Electric
58,409,3272,8,3,1,15,25,6,Electric
10,410,3273,1,1,0,15,20,7,Gasoline
13,410,3273,1,2,1,15,25,7,Gasoline
57,410,3273,1,3,0,25,20,6,Electric
20,410,3274,2,1,0,20,20,8,Gasoline
43,410,3274,2,2,1,15,30,7,Hybrid
53,410,3274,2,3,0,20,30,8,Hybrid
39,410,3275,3,1,0,25,20,7,Hybrid
31,410,3275,3,2,1,15,25,6,Hybrid
78,410,3275,3,3,0,25,25,8,Electric
17,410,3276,4,1,0,20,30,7,Gasoline
25,410,3276,4,2,0,15,30,8,Gasoline
34,410,3276,4,3,1,15,30,6,Hybrid
70,410,3277,5,1,1,15,30,7,Electric
71,410,3277,5,2,0,20,30,7,Electric
72,410,3277,5,3,0,25,30,7,Electric
27,410,3278,6,1,0,25,30,8,Gasoline
63,410,3278,6,2,0,25,30,6,Electric
46,410,3278,6,3,1,15,20,8,Hybrid
42,410,3279,7,1,0,25,25,7,Hybrid
53,410,3279,7,2,1,20,30,8,Hybrid
1,410,3279,7,3,0,15,20,6,Gasoline
75,410,3280,8,1,0,25,20,8,Electric
60,410,3280,8,2,0,25,25,6,Electric
27,410,3280,8,3,1,25,30,8,Gasoline
40,411,3281,1,1,0,15,25,7,Hybrid
38,411,3281,1,2,0,20,20,7,Hybrid
26,411,3281,1,3,1,20,30,8,Gasoline
46,411,3282,2,1,0,15,20,8,Hybrid
55,411,3282,2,2,1,15,20,6,Electric
44,411,3282,2,3,0,20,30,7,Hybrid
14,411,3283,3,1,0,20,25,7,Gasoline
22,411,3283,3,2,0,15,25,8,Gasoline
43,411,3283,3,3,1,15,30,7,Hybrid
74,411,3284,4,1,0,20,20,8,Electric
1,411,3284,4,2,1,15,20,6,Gasoline
39,411,3284,4,3,0,25,20,7,Hybrid
9,411,3285,5,1,0,25,30,6,Gasoline
74,411,3285,5,2,1,20,20,8,Electric
78,411,3285,5,3,0,25,25,8,Electric
63,411,3286,6,1,0,25,30,6,Electric
2,411,3286,6,2,0,20,20,6,Gasoline
16,411,3286,6,3,1,15,30,7,Gasoline
15,411,3287,7,1,1,25,25,7,Gasoline
54,411,3287,7,2,0,25,30,8,Hybrid
27,411,3287,7,3,0,25,30,8,Gasoline
51,411,3288,8,1,0,25,25,8,Hybrid
22,411,3288,8,2,1,15,25,8,Gasoline
14,411,3288,8,3,0,20,25,7,Gasoline
39,412,3289,1,1,0,25,20,7,Hybrid
65,412,3289,1,2,0,20,20,7,Electric
55,412,3289,1,3,1,15,20,6,Electric
56,412,3290,2,1,0,20,20,6,Electric
72,412,3290,2,2,0,25,30,7,Electric
77,412,3290,2,3,1,20,25,8,Electric
71,412,3291,3,1,0,20,30,7,Electric
45,412,3291,3,2,1,25,30,7,Hybrid
33,412,3291,3,3,0,25,25,6,Hybrid
62,412,3292,4,1,0,20,30,6,Electric
6,412,3292,4,2,1,25,25,6,Gasoline
26,412,3292,4,3,0,20,30,8,Gasoline
6,412,3293,5,1,0,25,25,6,Gasoline
38,412,3293,5,2,1,20,20,7,Hybrid
79,412,3293,5,3,0,15,30,8,Electric
17,412,3294,6,1,1,20,30,7,Gasoline
72,412,3294,6,2,0,25,30,7,Electric
18,412,3294,6,3,0,25,30,7,Gasoline
15,412,3295,7,1,0,25,25,7,Gasoline
19,412,3295,7,2,1,15,20,8,Gasoline
63,412,3295,7,3,0,25,30,6,Electric
36,412,3296,8,1,0,25,30,6,Hybrid
70,412,3296,8,2,0,15,30,7,Electric
29,412,3296,8,3,1,20,20,6,Hybrid
26,413,3297,1,1,0,20,30,8,Gasoline
16,413,3297,1,2,0,15,30,7,Gasoline
77,413,3297,1,3,1,20,25,8,Electric
64,413,3298,2,1,0,15,20,7,Electric
40,413,3298,2,2,1,15,25,7,Hybrid
74,413,3298,2,3,0,20,20,8,Electric
55,413,3299,3,1,0,15,20,6,Electric
21,413,3299,3,2,0,25,20,8,Gasoline
52,413,3299,3,3,1,15,30,8,Hybrid
62,413,3300,4,1,0,20,30,6,Electric
70,413,3300,4,2,1,15,30,7,Electric
60,413,3300,4,3,0,25,25,6,Electric
61,413,3301,5,1,0,15,30,6,Electric
57,413,3301,5,2,0,25,20,6,Electric
52,413,3301,5,3,1,15,30,8,Hybrid
16,413,3302,6,1,1,15,30,7,Gasoline
70,413,3302,6,2,0,15,30,7,Electric
6,413,3302,6,3,0,25,25,6,Gasoline
11,413,3303,7,1,1,20,20,7,Gasoline
47,413,3303,7,2,0,20,20,8,Hybrid
80,413,3303,7,3,0,20,30,8,Electric
39,413,3304,8,1,0,25,20,7,Hybrid
30,413,3304,8,2,0,25,20,6,Hybrid
38,413,3304,8,3,1,20,20,7,Hybrid
27,414,3305,1,1,0,25,30,8,Gasoline
63,414,3305,1,2,0,25,30,6,Electric
1,414,3305,1,3,1,15,20,6,Gasoline
5,414,3306,2,1,0,20,25,6,Gasoline
34,414,3306,2,2,1,15,30,6,Hybrid
9,414,3306,2,3,0,25,30,6,Gasoline
10,414,3307,3,1,1,15,20,7,Gasoline
11,414,3307,3,2,0,20,20,7,Gasoline
72,414,3307,3,3,0,25,30,7,Electric
71,414,3308,4,1,0,20,30,7,Electric
58,414,3308,4,2,1,15,25,6,Electric
25,414,3308,4,3,0,15,30,8,Gasoline
61,414,3309,5,1,0,15,30,6,Electric
22,414,3309,5,2,0,15,25,8,Gasoline
47,414,3309,5,3,1,20,20,8,Hybrid
56,414,3310,6,1,0,20,20,6,Electric
57,414,3310,6,2,0,25,20,6,Electric
63,414,3310,6,3,1,25,30,6,Electric
69,414,3311,7,1,0,25,25,7,Electric
32,414,3311,7,2,1,20,25,6,Hybrid
74,414,3311,7,3,0,20,20,8,Electric
29,414,3312,8,1,0,20,20,6,Hybrid
76,414,3312,8,2,0,15,25,8,Electric
10,414,3312,8,3,1,15,20,7,Gasoline
31,415,3313,1,1,1,15,25,6,Hybrid
12,415,3313,1,2,0,25,20,7,Gasoline
6,415,3313,1,3,0,25,25,6,Gasoline
64,415,3314,2,1,0,15,20,7,Electric
78,415,3314,2,2,1,25,25,8,Electric
56,415,3314,2,3,0,20,20,6,Electric
15,415,3315,3,1,1,25,25,7,Gasoline
19,415,3315,3,2,0,15,20,8,Gasoline
73,415,3315,3,3,0,15,20,8,Electric
26,415,3316,4,1,1,20,30,8,Gasoline
35,415,3316,4,2,0,20,30,6,Hybrid
65,415,3316,4,3,0,20,20,7,Electric
44,415,3317,5,1,0,20,30,7,Hybrid
34,415,3317,5,2,1,15,30,6,Hybrid
42,415,3317,5,3,0,25,25,7,Hybrid
76,415,3318,6,1,0,15,25,8,Electric
40,415,3318,6,2,1,15,25,7,Hybrid
68,415,3318,6,3,0,20,25,7,Electric
17,415,3319,7,1,1,20,30,7,Gasoline
39,415,3319,7,2,0,25,20,7,Hybrid
26,415,3319,7,3,0,20,30,8,Gasoline
62,415,3320,8,1,0,20,30,6,Electric
30,415,3320,8,2,0,25,20,6,Hybrid
51,415,3320,8,3,1,25,25,8,Hybrid
24,416,3321,1,1,0,25,25,8,Gasoline
71,416,3321,1,2,0,20,30,7,Electric
41,416,3321,1,3,1,20,25,7,Hybrid
46,416,3322,2,1,1,15,20,8,Hybrid
42,416,3322,2,2,0,25,25,7,Hybrid
60,416,3322,2,3,0,25,25,6,Electric
44,416,3323,3,1,1,20,30,7,Hybrid
47,416,3323,3,2,0,20,20,8,Hybrid
2,416,3323,3,3,0,20,20,6,Gasoline
2,416,3324,4,1,0,20,20,6,Gasoline
29,416,3324,4,2,0,20,20,6,Hybrid
4,416,3324,4,3,1,15,25,6,Gasoline
57,416,3325,5,1,0,25,20,6,Electric
28,416,3325,5,2,1,15,20,6,Hybrid
47,416,3325,5,3,0,20,20,8,Hybrid
27,416,3326,6,1,0,25,30,8,Gasoline
16,416,3326,6,2,1,15,30,7,Gasoline
42,416,3326,6,3,0,25,25,7,Hybrid
72,416,3327,7,1,0,25,30,7,Electric
52,416,3327,7,2,1,15,30,8,Hybrid
80,416,3327,7,3,0,20,30,8,Electric
35,416,3328,8,1,1,20,30,6,Hybrid
37,416,3328,8,2,0,15,20,7,Hybrid
66,416,3328,8,3,0,25,20,7,Electric
63,417,3329,1,1,0,25,30,6,Electric
29,417,3329,1,2,0,20,20,6,Hybrid
54,417,3329,1,3,1,25,30,8,Hybrid
31,417,3330,2,1,0,15,25,6,Hybrid
23,417,3330,2,2,1,20,25,8,Gasoline
58,417,3330,2,3,0,15,25,6,Electric
65,417,3331,3,1,0,20,20,7,Electric
74,417,3331,3,2,1,20,20,8,Electric
50,417,3331,3,3,0,20,25,8,Hybrid
15,417,3332,4,1,0,25,25,7,Gasoline
19,417,3332,4,2,1,15,20,8,Gasoline
39,417,3332,4,3,0,25,20,7,Hybrid
47,417,3333,5,1,0,20,20,8,Hybrid
16,417,3333,5,2,1,15,30,7,Gasoline
51,417,3333,5,3,0,25,25,8,Hybrid
78,417,3334,6,1,0,25,25,8,Electric
10,417,3334,6,2,1,15,20,7,Gasoline
74,417,3334,6,3,0,20,20,8,Electric
58,417,3335,7,1,1,15,25,6,Electric
53,417,3335,7,2,0,20,30,8,Hybrid
35,417,3335,7,3,0,20,30,6,Hybrid
42,417,3336,8,1,0,25,25,7,Hybrid
41,417,3336,8,2,0,20,25,7,Hybrid
49,417,3336,8,3,1,15,25,8,Hybrid
11,418,3337,1,1,0,20,20,7,Gasoline
10,418,3337,1,2,0,15,20,7,Gasoline
13,418,3337,1,3,1,15,25,7,Gasoline
11,418,3338,2,1,0,20,20,7,Gasoline
13,418,3338,2,2,0,15,25,7,Gasoline
31,418,3338,2,3,1,15,25,6,Hybrid
67,418,3339,3,1,0,15,25,7,Electric
72,418,3339,3,2,0,25,30,7,Electric
68,418,3339,3,3,1,20,25,7,Electric
44,418,3340,4,1,1,20,30,7,Hybrid
65,418,3340,4,2,0,20,20,7,Electric
26,418,3340,4,3,0,20,30,8,Gasoline
29,418,3341,5,1,0,20,20,6,Hybrid
16,418,3341,5,2,1,15,30,7,Gasoline
6,418,3341,5,3,0,25,25,6,Gasoline
20,418,3342,6,1,0,20,20,8,Gasoline
47,418,3342,6,2,1,20,20,8,Hybrid
59,418,3342,6,3,0,20,25,6,Electric
41,418,3343,7,1,1,20,25,7,Hybrid
48,418,3343,7,2,0,25,20,8,Hybrid
65,418,3343,7,3,0,20,20,7,Electric
78,418,3344,8,1,0,25,25,8,Electric
4,418,3344,8,2,1,15,25,6,Gasoline
48,418,3344,8,3,0,25,20,8,Hybrid
51,419,3345,1,1,0,25,25,8,Hybrid
19,419,3345,1,2,0,15,20,8,Gasoline
53,419,3345,1,3,1,20,30,8,Hybrid
48,419,3346,2,1,0,25,20,8,Hybrid
22,419,3346,2,2,0,15,25,8,Gasoline
5,419,3346,2,3,1,20,25,6,Gasoline
49,419,3347,3,1,1,15,25,8,Hybrid
34,419,3347,3,2,0,15,30,6,Hybrid
13,419,3347,3,3,0,15,25,7,Gasoline
48,419,3348,4,1,0,25,20,8,Hybrid
56,419,3348,4,2,0,20,20,6,Electric
20,419,3348,4,3,1,20,20,8,Gasoline
47,419,3349,5,1,1,20,20,8,Hybrid
14,419,3349,5,2,0,20,25,7,Gasoline
69,419,3349,5,3,0,25,25,7,Electric
31,419,3350,6,1,1,15,25,6,Hybrid
12,419,3350,6,2,0,25,20,7,Gasoline
19,419,3350,6,3,0,15,20,8,Gasoline
58,419,3351,7,1,0,15,25,6,Electric
56,419,3351,7,2,0,20,20,6,Electric
8,419,3351,7,3,1,20,30,6,Gasoline
33,419,3352,8,1,0,25,25,6,Hybrid
37,419,3352,8,2,1,15,20,7,Hybrid
29,419,3352,8,3,0,20,20,6,Hybrid
38,420,3353,1,1,1,20,20,7,Hybrid
63,420,3353,1,2,0,25,30,6,Electric
32,420,3353,1,3,0,20,25,6,Hybrid
36,420,3354,2,1,0,25,30,6,Hybrid
76,420,3354,2,2,0,15,25,8,Electric
28,420,3354,2,3,1,15,20,6,Hybrid
28,420,3355,3,1,1,15,20,6,Hybrid
51,420,3355,3,2,0,25,25,8,Hybrid
57,420,3355,3,3,0,25,20,6,Electric
27,420,3356,4,1,1,25,30,8,Gasoline
18,420,3356,4,2,0,25,30,7,Gasoline
81,420,3356,4,3,0,25,30,8,Electric
17,420,3357,5,1,0,20,30,7,Gasoline
10,420,3357,5,2,0,15,20,7,Gasoline
61,420,3357,5,3,1,15,30,6,Electric
38,420,3358,6,1,1,20,20,7,Hybrid
55,420,3358,6,2,0,15,20,6,Electric
63,420,3358,6,3,0,25,30,6,Electric
71,420,3359,7,1,0,20,30,7,Electric
1,420,3359,7,2,1,15,20,6,Gasoline
57,420,3359,7,3,0,25,20,6,Electric
39,420,3360,8,1,0,25,20,7,Hybrid
5,420,3360,8,2,0,20,25,6,Gasoline
31,420,3360,8,3,1,15,25,6,Hybrid
27,421,3361,1,1,0,25,30,8,Gasoline
30,421,3361,1,2,0,25,20,6,Hybrid
19,421,3361,1,3,1,15,20,8,Gasoline
60,421,3362,2,1,0,25,25,6,Electric
3,421,3362,2,2,1,25,20,6,Gasoline
56,421,3362,2,3,0,20,20,6,Electric
72,421,3363,3,1,0,25,30,7,Electric
53,421,3363,3,2,0,20,30,8,Hybrid
44,421,3363,3,3,1,20,30,7,Hybrid
12,421,3364,4,1,0,25,20,7,Gasoline
24,421,3364,4,2,0,25,25,8,Gasoline
68,421,3364,4,3,1,20,25,7,Electric
38,421,3365,5,1,0,20,20,7,Hybrid
32,421,3365,5,2,0,20,25,6,Hybrid
1,421,3365,5,3,1,15,20,6,Gasoline
69,421,3366,6,1,1,25,25,7,Electric
35,421,3366,6,2,0,20,30,6,Hybrid
15,421,3366,6,3,0,25,25,7,Gasoline
35,421,3367,7,1,0,20,30,6,Hybrid
5,421,3367,7,2,0,20,25,6,Gasoline
2,421,3367,7,3,1,20,20,6,Gasoline
23,421,3368,8,1,0,20,25,8,Gasoline
9,421,3368,8,2,0,25,30,6,Gasoline
43,421,3368,8,3,1,15,30,7,Hybrid
21,422,3369,1,1,0,25,20,8,Gasoline
37,422,3369,1,2,1,15,20,7,Hybrid
51,422,3369,1,3,0,25,25,8,Hybrid
50,422,3370,2,1,1,20,25,8,Hybrid
48,422,3370,2,2,0,25,20,8,Hybrid
76,422,3370,2,3,0,15,25,8,Electric
28,422,3371,3,1,1,15,20,6,Hybrid
77,422,3371,3,2,0,20,25,8,Electric
5,422,3371,3,3,0,20,25,6,Gasoline
14,422,3372,4,1,0,20,25,7,Gasoline
22,422,3372,4,2,1,15,25,8,Gasoline
28,422,3372,4,3,0,15,20,6,Hybrid
11,422,3373,5,1,1,20,20,7,Gasoline
81,422,3373,5,2,0,25,30,8,Electric
79,422,3373,5,3,0,15,30,8,Electric
20,422,3374,6,1,0,20,20,8,Gasoline
79,422,3374,6,2,1,15,30,8,Electric
72,422,3374,6,3,0,25,30,7,Electric
50,422,3375,7,1,0,20,25,8,Hybrid
42,422,3375,7,2,0,25,25,7,Hybrid
52,422,3375,7,3,1,15,30,8,Hybrid
30,422,3376,8,1,1,25,20,6,Hybrid
51,422,3376,8,2,0,25,25,8,Hybrid
54,422,3376,8,3,0,25,30,8,Hybrid
52,423,3377,1,1,1,15,30,8,Hybrid
12,423,3377,1,2,0,25,20,7,Gasoline
69,423,3377,1,3,0,25,25,7,Electric
17,423,3378,2,1,0,20,30,7,Gasoline
42,423,3378,2,2,0,25,25,7,Hybrid
14,423,3378,2,3,1,20,25,7,Gasoline
63,423,3379,3,1,0,25,30,6,Electric
52,423,3379,3,2,1,15,30,8,Hybrid
61,423,3379,3,3,0,15,30,6,Electric
17,423,3380,4,1,0,20,30,7,Gasoline
16,423,3380,4,2,1,15,30,7,Gasoline
36,423,3380,4,3,0,25,30,6,Hybrid
11,423,3381,5,1,0,20,20,7,Gasoline
37,423,3381,5,2,0,15,20,7,Hybrid
28,423,3381,5,3,1,15,20,6,Hybrid
29,423,3382,6,1,0,20,20,6,Hybrid
79,423,3382,6,2,0,15,30,8,Electric
76,423,3382,6,3,1,15,25,8,Electric
70,423,3383,7,1,1,15,30,7,Electric
62,423,3383,7,2,0,20,30,6,Electric
30,423,3383,7,3,0,25,20,6,Hybrid
48,423,3384,8,1,0,25,20,8,Hybrid
5,423,3384,8,2,0,20,25,6,Gasoline
75,423,3384,8,3,1,25,20,8,Electric
9,424,3385,1,1,0,25,30,6,Gasoline
20,424,3385,1,2,1,20,20,8,Gasoline
12,424,3385,1,3,0,25,20,7,Gasoline
43,424,3386,2,1,1,15,30,7,Hybrid
79,424,3386,2,2,0,15,30,8,Electric
35,424,3386,2,3,0,20,30,6,Hybrid
26,424,3387,3,1,0,20,30,8,Gasoline
18,424,3387,3,2,1,25,30,7,Gasoline
48,424,3387,3,3,0,25,20,8,Hybrid
11,424,3388,4,1,1,20,20,7,Gasoline
44,424,3388,4,2,0,20,30,7,Hybrid
68,424,3388,4,3,0,20,25,7,Electric
34,424,3389,5,1,1,15,30,6,Hybrid
8,424,3389,5,2,0,20,30,6,Gasoline
26,424,3389,5,3,0,20,30,8,Gasoline
57,424,3390,6,1,0,25,20,6,Electric
44,424,3390,6,2,1,20,30,7,Hybrid
11,424,3390,6,3,0,20,20,7,Gasoline
70,424,3391,7,1,0,15,30,7,Electric
37,424,3391,7,2,1,15,20,7,Hybrid
71,424,3391,7,3,0,20,30,7,Electric
63,424,3392,8,1,0,25,30,6,Electric
20,424,3392,8,2,1,20,20,8,Gasoline
77,424,3392,8,3,0,20,25,8,Electric
54,425,3393,1,1,0,25,30,8,Hybrid
9,425,3393,1,2,0,25,30,6,Gasoline
10,425,3393,1,3,1,15,20,7,Gasoline
11,425,3394,2,1,0,20,20,7,Gasoline
16,425,3394,2,2,1,15,30,7,Gasoline
36,425,3394,2,3,0,25,30,6,Hybrid
57,425,3395,3,1,0,25,20,6,Electric
39,425,3395,3,2,0,25,20,7,Hybrid
34,425,3395,3,3,1,15,30,6,Hybrid
70,425,3396,4,1,1,15,30,7,Electric
36,425,3396,4,2,0,25,30,6,Hybrid
47,425,3396,4,3,0,20,20,8,Hybrid
39,425,3397,5,1,1,25,20,7,Hybrid
49,425,3397,5,2,0,15,25,8,Hybrid
19,425,3397,5,3,0,15,20,8,Gasoline
63,425,3398,6,1,0,25,30,6,Electric
41,425,3398,6,2,1,20,25,7,Hybrid
55,425,3398,6,3,0,15,20,6,Electric
62,425,3399,7,1,0,20,30,6,Electric
29,425,3399,7,2,1,20,20,6,Hybrid
32,425,3399,7,3,0,20,25,6,Hybrid
12,425,3400,8,1,0,25,20,7,Gasoline
45,425,3400,8,2,1,25,30,7,Hybrid
6,425,3400,8,3,0,25,25,6,Gasoline
62,426,3401,1,1,1,20,30,6,Electric
17,426,3401,1,2,0,20,30,7,Gasoline
32,426,3401,1,3,0,20,25,6,Hybrid
54,426,3402,2,1,0,25,30,8,Hybrid
10,426,3402,2,2,1,15,20,7,Gasoline
23,426,3402,2,3,0,20,25,8,Gasoline
75,426,3403,3,1,0,25,20,8,Electric
32,426,3403,3,2,1,20,25,6,Hybrid
74,426,3403,3,3,0,20,20,8,Electric
58,426,3404,4,1,0,15,25,6,Electric
54,426,3404,4,2,0,25,30,8,Hybrid
6,426,3404,4,3,1,25,25,6,Gasoline
40,426,3405,5,1,0,15,25,7,Hybrid
13,426,3405,5,2,1,15,25,7,Gasoline
38,426,3405,5,3,0,20,20,7,Hybrid
58,426,3406,6,1,0,15,25,6,Electric
44,426,3406,6,2,0,20,30,7,Hybrid
43,426,3406,6,3,1,15,30,7,Hybrid
47,426,3407,7,1,0,20,20,8,Hybrid
60,426,3407,7,2,0,25,25,6,Electric
63,426,3407,7,3,1,25,30,6,Electric
72,426,3408,8,1,0,25,30,7,Electric
15,426,3408,8,2,0,25,25,7,Gasoline
6,426,3408,8,3,1,25,25,6,Gasoline
41,427,3409,1,1,0,20,25,7,Hybrid
35,427,3409,1,2,1,20,30,6,Hybrid
60,427,3409,1,3,0,25,25,6,Electric
47,427,3410,2,1,0,20,20,8,Hybrid
49,427,3410,2,2,1,15,25,8,Hybrid
68,427,3410,2,3,0,20,25,7,Electric
37,427,3411,3,1,1,15,20,7,Hybrid
22,427,3411,3,2,0,15,25,8,Gasoline
58,427,3411,3,3,0,15,25,6,Electric
49,427,3412,4,1,1,15,25,8,Hybrid
66,427,3412,4,2,0,25,20,7,Electric
42,427,3412,4,3,0,25,25,7,Hybrid
24,427,3413,5,1,0,25,25,8,Gasoline
7,427,3413,5,2,1,15,30,6,Gasoline
45,427,3413,5,3,0,25,30,7,Hybrid
73,427,3414,6,1,0,15,20,8,Electric
44,427,3414,6,2,1,20,30,7,Hybrid
21,427,3414,6,3,0,25,20,8,Gasoline
37,427,3415,7,1,0,15,20,7,Hybrid
31,427,3415,7,2,1,15,25,6,Hybrid
20,427,3415,7,3,0,20,20,8,Gasoline
42,427,3416,8,1,0,25,25,7,Hybrid
77,427,3416,8,2,0,20,25,8,Electric
35,427,3416,8,3,1,20,30,6,Hybrid
21,428,3417,1,1,0,25,20,8,Gasoline
66,428,3417,1,2,0,25,20,7,Electric
79,428,3417,1,3,1,15,30,8,Electric
81,428,3418,2,1,0,25,30,8,Electric
27,428,3418,2,2,1,25,30,8,Gasoline
12,428,3418,2,3,0,25,20,7,Gasoline
15,428,3419,3,1,0,25,25,7,Gasoline
70,428,3419,3,2,1,15,30,7,Electric
17,428,3419,3,3,0,20,30,7,Gasoline
59,428,3420,4,1,0,20,25,6,Electric
9,428,3420,4,2,0,25,30,6,Gasoline
31,428,3420,4,3,1,15,25,6,Hybrid
37,428,3421,5,1,1,15,20,7,Hybrid
34,428,3421,5,2,0,15,30,6,Hybrid
55,428,3421,5,3,0,15,20,6,Electric
61,428,3422,6,1,0,15,30,6,Electric
40,428,3422,6,2,1,15,25,7,Hybrid
79,428,3422,6,3,0,15,30,8,Electric
69,428,3423,7,1,0,25,25,7,Electric
15,428,3423,7,2,0,25,25,7,Gasoline
41,428,3423,7,3,1,20,25,7,Hybrid
77,428,3424,8,1,1,20,25,8,Electric
53,428,3424,8,2,0,20,30,8,Hybrid
54,428,3424,8,3,0,25,30,8,Hybrid
3,429,3425,1,1,0,25,20,6,Gasoline
60,429,3425,1,2,0,25,25,6,Electric
42,429,3425,1,3,1,25,25,7,Hybrid
11,429,3426,2,1,1,20,20,7,Gasoline
69,429,3426,2,2,0,25,25,7,Electric
73,429,3426,2,3,0,15,20,8,Electric
76,429,3427,3,1,1,15,25,8,Electric
14,429,3427,3,2,0,20,25,7,Gasoline
2,429,3427,3,3,0,20,20,6,Gasoline
43,429,3428,4,1,1,15,30,7,Hybrid
38,429,3428,4,2,0,20,20,7,Hybrid
67,429,3428,4,3,0,15,25,7,Electric
33,429,3429,5,1,1,25,25,6,Hybrid
78,429,3429,5,2,0,25,25,8,Electric
57,429,3429,5,3,0,25,20,6,Electric
43,429,3430,6,1,1,15,30,7,Hybrid
62,429,3430,6,2,0,20,30,6,Electric
53,429,3430,6,3,0,20,30,8,Hybrid
9,429,3431,7,1,0,25,30,6,Gasoline
21,429,3431,7,2,0,25,20,8,Gasoline
22,429,3431,7,3,1,15,25,8,Gasoline
75,429,3432,8,1,0,25,20,8,Electric
3,429,3432,8,2,0,25,20,6,Gasoline
10,429,3432,8,3,1,15,20,7,Gasoline
14,430,3433,1,1,0,20,25,7,Gasoline
59,430,3433,1,2,1,20,25,6,Electric
66,430,3433,1,3,0,25,20,7,Electric
73,430,3434,2,1,1,15,20,8,Electric
6,430,3434,2,2,0,25,25,6,Gasoline
48,430,3434,2,3,0,25,20,8,Hybrid
6,430,3435,3,1,1,25,25,6,Gasoline
68,430,3435,3,2,0,20,25,7,Electric
14,430,3435,3,3,0,20,25,7,Gasoline
12,430,3436,4,1,0,25,20,7,Gasoline
78,430,3436,4,2,0,25,25,8,Electric
62,430,3436,4,3,1,20,30,6,Electric
60,430,3437,5,1,0,25,25,6,Electric
13,430,3437,5,2,1,15,25,7,Gasoline
51,430,3437,5,3,0,25,25,8,Hybrid
53,430,3438,6,1,0,20,30,8,Hybrid
57,430,3438,6,2,0,25,20,6,Electric
7,430,3438,6,3,1,15,30,6,Gasoline
32,430,3439,7,1,1,20,25,6,Hybrid
23,430,3439,7,2,0,20,25,8,Gasoline
8,430,3439,7,3,0,20,30,6,Gasoline
8,430,3440,8,1,0,20,30,6,Gasoline
59,430,3440,8,2,0,20,25,6,Electric
20,430,3440,8,3,1,20,20,8,Gasoline
76,431,3441,1,1,0,15,25,8,Electric
46,431,3441,1,2,0,15,20,8,Hybrid
49,431,3441,1,3,1,15,25,8,Hybrid
19,431,3442,2,1,1,15,20,8,Gasoline
66,431,3442,2,2,0,25,20,7,Electric
58,431,3442,2,3,0,15,25,6,Electric
64,431,3443,3,1,0,15,20,7,Electric
54,431,3443,3,2,0,25,30,8,Hybrid
61,431,3443,3,3,1,15,30,6,Electric
6,431,3444,4,1,0,25,25,6,Gasoline
74,431,3444,4,2,1,20,20,8,Electric
66,431,3444,4,3,0,25,20,7,Electric
13,431,3445,5,1,1,15,25,7,Gasoline
79,431,3445,5,2,0,15,30,8,Electric
23,431,3445,5,3,0,20,25,8,Gasoline
72,431,3446,6,1,0,25,30,7,Electric
7,431,3446,6,2,1,15,30,6,Gasoline
76,431,3446,6,3,0,15,25,8,Electric
38,431,3447,7,1,0,20,20,7,Hybrid
22,431,3447,7,2,0,15,25,8,Gasoline
34,431,3447,7,3,1,15,30,6,Hybrid
30,431,3448,8,1,1,25,20,6,Hybrid
35,431,3448,8,2,0,20,30,6,Hybrid
81,431,3448,8,3,0,25,30,8,Electric
81,432,3449,1,1,0,25,30,8,Electric
2,432,3449,1,2,0,20,20,6,Gasoline
52,432,3449,1,3,1,15,30,8,Hybrid
2,432,3450,2,1,0,20,20,6,Gasoline
33,432,3450,2,2,0,25,25,6,Hybrid
7,432,3450,2,3,1,15,30,6,Gasoline
10,432,3451,3,1,1,15,20,7,Gasoline
31,432,3451,3,2,0,15,25,6,Hybrid
3,432,3451,3,3,0,25,20,6,Gasoline
7,432,3452,4,1,0,15,30,6,Gasoline
51,432,3452,4,2,1,25,25,8,Hybrid
55,432,3452,4,3,0,15,20,6,Electric
53,432,3453,5,1,1,20,30,8,Hybrid
11,432,3453,5,2,0,20,20,7,Gasoline
78,432,3453,5,3,0,25,25,8,Electric
3,432,3454,6,1,0,25,20,6,Gasoline
41,432,3454,6,2,1,20,25,7,Hybrid
77,432,3454,6,3,0,20,25,8,Electric
48,432,3455,7,1,0,25,20,8,Hybrid
65,432,3455,7,2,0,20,20,7,Electric
40,432,3455,7,3,1,15,25,7,Hybrid
66,432,3456,8,1,0,25,20,7,Electric
45,432,3456,8,2,1,25,30,7,Hybrid
22,432,3456,8,3,0,15,25,8,Gasoline
68,433,3457,1,1,0,20,25,7,Electric
24,433,3457,1,2,0,25,25,8,Gasoline
54,433,3457,1,3,1,25,30,8,Hybrid
58,433,3458,2,1,0,15,25,6,Electric
53,433,3458,2,2,0,20,30,8,Hybrid
6,433,3458,2,3,1,25,25,6,Gasoline
66,433,3459,3,1,0,25,20,7,Electric
38,433,3459,3,2,0,20,20,7,Hybrid
1,433,3459,3,3,1,15,20,6,Gasoline
24,433,3460,4,1,0,25,25,8,Gasoline
5,433,3460,4,2,1,20,25,6,Gasoline
9,433,3460,4,3,0,25,30,6,Gasoline
24,433,3461,5,1,0,25,25,8,Gasoline
5,433,3461,5,2,1,20,25,6,Gasoline
43,433,3461,5,3,0,15,30,7,Hybrid
16,433,3462,6,1,1,15,30,7,Gasoline
79,433,3462,6,2,0,15,30,8,Electric
63,433,3462,6,3,0,25,30,6,Electric
33,433,3463,7,1,0,25,25,6,Hybrid
39,433,3463,7,2,0,25,20,7,Hybrid
54,433,3463,7,3,1,25,30,8,Hybrid
5,433,3464,8,1,0,20,25,6,Gasoline
27,433,3464,8,2,1,25,30,8,Gasoline
1,433,3464,8,3,0,15,20,6,Gasoline
57,434,3465,1,1,0,25,20,6,Electric
66,434,3465,1,2,0,25,20,7,Electric
13,434,3465,1,3,1,15,25,7,Gasoline
15,434,3466,2,1,0,25,25,7,Gasoline
36,434,3466,2,2,0,25,30,6,Hybrid
32,434,3466,2,3,1,20,25,6,Hybrid
43,434,3467,3,1,0,15,30,7,Hybrid
40,434,3467,3,2,1,15,25,7,Hybrid
35,434,3467,3,3,0,20,30,6,Hybrid
19,434,3468,4,1,0,15,20,8,Gasoline
21,434,3468,4,2,0,25,20,8,Gasoline
20,434,3468,4,3,1,20,20,8,Gasoline
18,434,3469,5,1,0,25,30,7,Gasoline
30,434,3469,5,2,0,25,20,6,Hybrid
11,434,3469,5,3,1,20,20,7,Gasoline
74,434,3470,6,1,0,20,20,8,Electric
11,434,3470,6,2,0,20,20,7,Gasoline
34,434,3470,6,3,1,15,30,6,Hybrid
14,434,3471,7,1,1,20,25,7,Gasoline
64,434,3471,7,2,0,15,20,7,Electric
62,434,3471,7,3,0,20,30,6,Electric
59,434,3472,8,1,0,20,25,6,Electric
24,434,3472,8,2,0,25,25,8,Gasoline
52,434,3472,8,3,1,15,30,8,Hybrid
67,435,3473,1,1,0,15,25,7,Electric
61,435,3473,1,2,1,15,30,6,Electric
39,435,3473,1,3,0,25,20,7,Hybrid
69,435,3474,2,1,0,25,25,7,Electric
10,435,3474,2,2,1,15,20,7,Gasoline
48,435,3474,2,3,0,25,20,8,Hybrid
50,435,3475,3,1,0,20,25,8,Hybrid
25,435,3475,3,2,1,15,30,8,Gasoline
81,435,3475,3,3,0,25,30,8,Electric
50,435,3476,4,1,0,20,25,8,Hybrid
81,435,3476,4,2,0,25,30,8,Electric
16,435,3476,4,3,1,15,30,7,Gasoline
24,435,3477,5,1,0,25,25,8,Gasoline
5,435,3477,5,2,0,20,25,6,Gasoline
31,435,3477,5,3,1,15,25,6,Hybrid
45,435,3478,6,1,0,25,30,7,Hybrid
25,435,3478,6,2,1,15,30,8,Gasoline
15,435,3478,6,3,0,25,25,7,Gasoline
8,435,3479,7,1,1,20,30,6,Gasoline
59,435,3479,7,2,0,20,25,6,Electric
29,435,3479,7,3,0,20,20,6,Hybrid
50,435,3480,8,1,1,20,25,8,Hybrid
56,435,3480,8,2,0,20,20,6,Electric
54,435,3480,8,3,0,25,30,8,Hybrid
40,436,3481,1,1,1,15,25,7,Hybrid
26,436,3481,1,2,0,20,30,8,Gasoline
27,436,3481,1,3,0,25,30,8,Gasoline
21,436,3482,2,1,1,25,20,8,Gasoline
24,436,3482,2,2,0,25,25,8,Gasoline
17,436,3482,2,3,0,20,30,7,Gasoline
32,436,3483,3,1,0,20,25,6,Hybrid
23,436,3483,3,2,1,20,25,8,Gasoline
76,436,3483,3,3,0,15,25,8,Electric
51,436,3484,4,1,0,25,25,8,Hybrid
36,436,3484,4,2,1,25,30,6,Hybrid
14,436,3484,4,3,0,20,25,7,Gasoline
38,436,3485,5,1,1,20,20,7,Hybrid
6,436,3485,5,2,0,25,25,6,Gasoline
24,436,3485,5,3,0,25,25,8,Gasoline
32,436,3486,6,1,0,20,25,6,Hybrid
9,436,3486,6,2,0,25,30,6,Gasoline
52,436,3486,6,3,1,15,30,8,Hybrid
3,436,3487,7,1,0,25,20,6,Gasoline
20,436,3487,7,2,1,20,20,8,Gasoline
26,436,3487,7,3,0,20,30,8,Gasoline
24,436,3488,8,1,1,25,25,8,Gasoline
60,436,3488,8,2,0,25,25,6,Electric
18,436,3488,8,3,0,25,30,7,Gasoline
73,437,3489,1,1,0,15,20,8,Electric
22,437,3489,1,2,1,15,25,8,Gasoline
59,437,3489,1,3,0,20,25,6,Electric
67,437,3490,2,1,0,15,25,7,Electric
61,437,3490,2,2,1,15,30,6,Electric
43,437,3490,2,3,0,15,30,7,Hybrid
29,437,3491,3,1,0,20,20,6,Hybrid
11,437,3491,3,2,1,20,20,7,Gasoline
62,437,3491,3,3,0,20,30,6,Electric
47,437,3492,4,1,1,20,20,8,Hybrid
7,437,3492,4,2,0,15,30,6,Gasoline
11,437,3492,4,3,0,20,20,7,Gasoline
15,437,3493,5,1,0,25,25,7,Gasoline
28,437,3493,5,2,1,15,20,6,Hybrid
13,437,3493,5,3,0,15,25,7,Gasoline
44,437,3494,6,1,0,20,30,7,Hybrid
70,437,3494,6,2,0,15,30,7,Electric
43,437,3494,6,3,1,15,30,7,Hybrid
17,437,3495,7,1,0,20,30,7,Gasoline
26,437,3495,7,2,1,20,30,8,Gasoline
41,437,3495,7,3,0,20,25,7,Hybrid
33,437,3496,8,1,0,25,25,6,Hybrid
37,437,3496,8,2,1,15,20,7,Hybrid
7,437,3496,8,3,0,15,30,6,Gasoline
24,438,3497,1,1,0,25,25,8,Gasoline
44,438,3497,1,2,0,20,30,7,Hybrid
49,438,3497,1,3,1,15,25,8,Hybrid
48,438,3498,2,1,0,25,20,8,Hybrid
17,438,3498,2,2,0,20,30,7,Gasoline
40,438,3498,2,3,1,15,25,7,Hybrid
54,438,3499,3,1,0,25,30,8,Hybrid
21,438,3499,3,2,1,25,20,8,Gasoline
55,438,3499,3,3,0,15,20,6,Electric
35,438,3500,4,1,0,20,30,6,Hybrid
2,438,3500,4,2,0,20,20,6,Gasoline
26,438,3500,4,3,1,20,30,8,Gasoline
74,438,3501,5,1,1,20,20,8,Electric
1,438,3501,5,2,0,15,20,6,Gasoline
68,438,3501,5,3,0,20,25,7,Electric
26,438,3502,6,1,0,20,30,8,Gasoline
31,438,3502,6,2,1,15,25,6,Hybrid
68,438,3502,6,3,0,20,25,7,Electric
78,438,3503,7,1,0,25,25,8,Electric
8,438,3503,7,2,0,20,30,6,Gasoline
49,438,3503,7,3,1,15,25,8,Hybrid
78,438,3504,8,1,0,25,25,8,Electric
81,438,3504,8,2,0,25,30,8,Electric
22,438,3504,8,3,1,15,25,8,Gasoline
37,439,3505,1,1,1,15,20,7,Hybrid
74,439,3505,1,2,0,20,20,8,Electric
53,439,3505,1,3,0,20,30,8,Hybrid
44,439,3506,2,1,0,20,30,7,Hybrid
28,439,3506,2,2,1,15,20,6,Hybrid
49,439,3506,2,3,0,15,25,8,Hybrid
15,439,3507,3,1,1,25,25,7,Gasoline
77,439,3507,3,2,0,20,25,8,Electric
9,439,3507,3,3,0,25,30,6,Gasoline
64,439,3508,4,1,0,15,20,7,Electric
37,439,3508,4,2,0,15,20,7,Hybrid
9,439,3508,4,3,1,25,30,6,Gasoline
34,439,3509,5,1,1,15,30,6,Hybrid
81,439,3509,5,2,0,25,30,8,Electric
18,439,3509,5,3,0,25,30,7,Gasoline
34,439,3510,6,1,0,15,30,6,Hybrid
31,439,3510,6,2,0,15,25,6,Hybrid
75,439,3510,6,3,1,25,20,8,Electric
77,439,3511,7,1,0,20,25,8,Electric
55,439,3511,7,2,1,15,20,6,Electric
59,439,3511,7,3,0,20,25,6,Electric
49,439,3512,8,1,1,15,25,8,Hybrid
48,439,3512,8,2,0,25,20,8,Hybrid
22,439,3512,8,3,0,15,25,8,Gasoline
30,440,3513,1,1,0,25,20,6,Hybrid
38,440,3513,1,2,0,20,20,7,Hybrid
76,440,3513,1,3,1,15,25,8,Electric
50,440,3514,2,1,0,20,25,8,Hybrid
5,440,3514,2,2,0,20,25,6,Gasoline
58,440,3514,2,3,1,15,25,6,Electric
47,440,3515,3,1,1,20,20,8,Hybrid
33,440,3515,3,2,0,25,25,6,Hybrid
51,440,3515,3,3,0,25,25,8,Hybrid
66,440,3516,4,1,0,25,20,7,Electric
40,440,3516,4,2,0,15,25,7,Hybrid
73,440,3516,4,3,1,15,20,8,Electric
18,440,3517,5,1,0,25,30,7,Gasoline
54,440,3517,5,2,0,25,30,8,Hybrid
75,440,3517,5,3,1,25,20,8,Electric
14,440,3518,6,1,0,20,25,7,Gasoline
52,440,3518,6,2,1,15,30,8,Hybrid
11,440,3518,6,3,0,20,20,7,Gasoline
78,440,3519,7,1,0,25,25,8,Electric
68,440,3519,7,2,0,20,25,7,Electric
61,440,3519,7,3,1,15,30,6,Electric
70,440,3520,8,1,0,15,30,7,Electric
50,440,3520,8,2,0,20,25,8,Hybrid
3,440,3520,8,3,1,25,20,6,Gasoline
59,441,3521,1,1,0,20,25,6,Electric
44,441,3521,1,2,1,20,30,7,Hybrid
18,441,3521,1,3,0,25,30,7,Gasoline
76,441,3522,2,1,0,15,25,8,Electric
8,441,3522,2,2,1,20,30,6,Gasoline
16,441,3522,2,3,0,15,30,7,Gasoline
6,441,3523,3,1,0,25,25,6,Gasoline
15,441,3523,3,2,1,25,25,7,Gasoline
56,441,3523,3,3,0,20,20,6,Electric
63,441,3524,4,1,0,25,30,6,Electric
26,441,3524,4,2,1,20,30,8,Gasoline
18,441,3524,4,3,0,25,30,7,Gasoline
73,441,3525,5,1,0,15,20,8,Electric
36,441,3525,5,2,0,25,30,6,Hybrid
34,441,3525,5,3,1,15,30,6,Hybrid
53,441,3526,6,1,1,20,30,8,Hybrid
17,441,3526,6,2,0,20,30,7,Gasoline
74,441,3526,6,3,0,20,20,8,Electric
81,441,3527,7,1,1,25,30,8,Electric
51,441,3527,7,2,0,25,25,8,Hybrid
15,441,3527,7,3,0,25,25,7,Gasoline
22,441,3528,8,1,1,15,25,8,Gasoline
14,441,3528,8,2,0,20,25,7,Gasoline
79,441,3528,8,3,0,15,30,8,Electric
33,442,3529,1,1,1,25,25,6,Hybrid
66,442,3529,1,2,0,25,20,7,Electric
57,442,3529,1,3,0,25,20,6,Electric
31,442,3530,2,1,0,15,25,6,Hybrid
13,442,3530,2,2,1,15,25,7,Gasoline
53,442,3530,2,3,0,20,30,8,Hybrid
14,442,3531,3,1,0,20,25,7,Gasoline
1,442,3531,3,2,1,15,20,6,Gasoline
56,442,3531,3,3,0,20,20,6,Electric
68,442,3532,4,1,0,20,25,7,Electric
23,442,3532,4,2,0,20,25,8,Gasoline
47,442,3532,4,3,1,20,20,8,Hybrid
33,442,3533,5,1,0,25,25,6,Hybrid
42,442,3533,5,2,0,25,25,7,Hybrid
45,442,3533,5,3,1,25,30,7,Hybrid
46,442,3534,6,1,1,15,20,8,Hybrid
41,442,3534,6,2,0,20,25,7,Hybrid
20,442,3534,6,3,0,20,20,8,Gasoline
33,442,3535,7,1,0,25,25,6,Hybrid
9,442,3535,7,2,0,25,30,6,Gasoline
22,442,3535,7,3,1,15,25,8,Gasoline
31,442,3536,8,1,1,15,25,6,Hybrid
47,442,3536,8,2,0,20,20,8,Hybrid
75,442,3536,8,3,0,25,20,8,Electric
38,443,3537,1,1,1,20,20,7,Hybrid
78,443,3537,1,2,0,25,25,8,Electric
51,443,3537,1,3,0,25,25,8,Hybrid
2,443,3538,2,1,0,20,20,6,Gasoline
76,443,3538,2,2,0,15,25,8,Electric
53,443,3538,2,3,1,20,30,8,Hybrid
45,443,3539,3,1,0,25,30,7,Hybrid
41,443,3539,3,2,0,20,25,7,Hybrid
20,443,3539,3,3,1,20,20,8,Gasoline
44,443,3540,4,1,1,20,30,7,Hybrid
30,443,3540,4,2,0,25,20,6,Hybrid
68,443,3540,4,3,0,20,25,7,Electric
18,443,3541,5,1,0,25,30,7,Gasoline
34,443,3541,5,2,1,15,30,6,Hybrid
74,443,3541,5,3,0,20,20,8,Electric
19,443,3542,6,1,0,15,20,8,Gasoline
62,443,3542,6,2,1,20,30,6,Electric
81,443,3542,6,3,0,25,30,8,Electric
33,443,3543,7,1,0,25,25,6,Hybrid
58,443,3543,7,2,0,15,25,6,Electric
16,443,3543,7,3,1,15,30,7,Gasoline
55,443,3544,8,1,0,15,20,6,Electric
20,443,3544,8,2,1,20,20,8,Gasoline
29,443,3544,8,3,0,20,20,6,Hybrid
36,444,3545,1,1,1,25,30,6,Hybrid
17,444,3545,1,2,0,20,30,7,Gasoline
55,444,3545,1,3,0,15,20,6,Electric
52,444,3546,2,1,1,15,30,8,Hybrid
78,444,3546,2,2,0,25,25,8,Electric
46,444,3546,2,3,0,15,20,8,Hybrid
44,444,3547,3,1,0,20,30,7,Hybrid
38,444,3547,3,2,1,20,20,7,Hybrid
66,444,3547,3,3,0,25,20,7,Electric
76,444,3548,4,1,0,15,25,8,Electric
65,444,3548,4,2,1,20,20,7,Electric
15,444,3548,4,3,0,25,25,7,Gasoline
40,444,3549,5,1,0,15,25,7,Hybrid
34,444,3549,5,2,1,15,30,6,Hybrid
74,444,3549,5,3,0,20,20,8,Electric
43,444,3550,6,1,1,15,30,7,Hybrid
73,444,3550,6,2,0,15,20,8,Electric
64,444,3550,6,3,0,15,20,7,Electric
39,444,3551,7,1,0,25,20,7,Hybrid
55,444,3551,7,2,0,15,20,6,Electric
52,444,3551,7,3,1,15,30,8,Hybrid
81,444,3552,8,1,0,25,30,8,Electric
7,444,3552,8,2,1,15,30,6,Gasoline
3,444,3552,8,3,0,25,20,6,Gasoline
81,445,3553,1,1,0,25,30,8,Electric
61,445,3553,1,2,1,15,30,6,Electric
30,445,3553,1,3,0,25,20,6,Hybrid
6,445,3554,2,1,1,25,25,6,Gasoline
23,445,3554,2,2,0,20,25,8,Gasoline
67,445,3554,2,3,0,15,25,7,Electric
65,445,3555,3,1,0,20,20,7,Electric
34,445,3555,3,2,1,15,30,6,Hybrid
27,445,3555,3,3,0,25,30,8,Gasoline
66,445,3556,4,1,1,25,20,7,Electric
27,445,3556,4,2,0,25,30,8,Gasoline
42,445,3556,4,3,0,25,25,7,Hybrid
78,445,3557,5,1,0,25,25,8,Electric
39,445,3557,5,2,0,25,20,7,Hybrid
13,445,3557,5,3,1,15,25,7,Gasoline
58,445,3558,6,1,1,15,25,6,Electric
54,445,3558,6,2,0,25,30,8,Hybrid
69,445,3558,6,3,0,25,25,7,Electric
11,445,3559,7,1,1,20,20,7,Gasoline
21,445,3559,7,2,0,25,20,8,Gasoline
39,445,3559,7,3,0,25,20,7,Hybrid
2,445,3560,8,1,0,20,20,6,Gasoline
47,445,3560,8,2,0,20,20,8,Hybrid
16,445,3560,8,3,1,15,30,7,Gasoline
42,446,3561,1,1,0,25,25,7,Hybrid
60,446,3561,1,2,0,25,25,6,Electric
72,446,3561,1,3,1,25,30,7,Electric
67,446,3562,2,1,0,15,25,7,Electric
30,446,3562,2,2,0,25,20,6,Hybrid
38,446,3562,2,3,1,20,20,7,Hybrid
64,446,3563,3,1,1,15,20,7,Electric
26,446,3563,3,2,0,20,30,8,Gasoline
22,446,3563,3,3,0,15,25,8,Gasoline
31,446,3564,4,1,1,15,25,6,Hybrid
39,446,3564,4,2,0,25,20,7,Hybrid
61,446,3564,4,3,0,15,30,6,Electric
22,446,3565,5,1,1,15,25,8,Gasoline
56,446,3565,5,2,0,20,20,6,Electric
3,446,3565,5,3,0,25,20,6,Gasoline
48,446,3566,6,1,0,25,20,8,Hybrid
28,446,3566,6,2,0,15,20,6,Hybrid
35,446,3566,6,3,1,20,30,6,Hybrid
19,446,3567,7,1,1,15,20,8,Gasoline
27,446,3567,7,2,0,25,30,8,Gasoline
9,446,3567,7,3,0,25,30,6,Gasoline
31,446,3568,8,1,1,15,25,6,Hybrid
13,446,3568,8,2,0,15,25,7,Gasoline
3,446,3568,8,3,0,25,20,6,Gasoline
11,447,3569,1,1,1,20,20,7,Gasoline
33,447,3569,1,2,0,25,25,6,Hybrid
6,447,3569,1,3,0,25,25,6,Gasoline
51,447,3570,2,1,1,25,25,8,Hybrid
63,447,3570,2,2,0,25,30,6,Electric
9,447,3570,2,3,0,25,30,6,Gasoline
30,447,3571,3,1,0,25,20,6,Hybrid
78,447,3571,3,2,0,25,25,8,Electric
34,447,3571,3,3,1,15,30,6,Hybrid
8,447,3572,4,1,0,20,30,6,Gasoline
75,447,3572,4,2,0,25,20,8,Electric
16,447,3572,4,3,1,15,30,7,Gasoline
23,447,3573,5,1,0,20,25,8,Gasoline
4,447,3573,5,2,1,15,25,6,Gasoline
24,447,3573,5,3,0,25,25,8,Gasoline
23,447,3574,6,1,1,20,25,8,Gasoline
27,447,3574,6,2,0,25,30,8,Gasoline
30,447,3574,6,3,0,25,20,6,Hybrid
31,447,3575,7,1,1,15,25,6,Hybrid
19,447,3575,7,2,0,15,20,8,Gasoline
12,447,3575,7,3,0,25,20,7,Gasoline
27,447,3576,8,1,0,25,30,8,Gasoline
24,447,3576,8,2,1,25,25,8,Gasoline
62,447,3576,8,3,0,20,30,6,Electric
29,448,3577,1,1,1,20,20,6,Hybrid
45,448,3577,1,2,0,25,30,7,Hybrid
24,448,3577,1,3,0,25,25,8,Gasoline
15,448,3578,2,1,0,25,25,7,Gasoline
50,448,3578,2,2,1,20,25,8,Hybrid
69,448,3578,2,3,0,25,25,7,Electric
75,448,3579,3,1,0,25,20,8,Electric
60,448,3579,3,2,0,25,25,6,Electric
63,448,3579,3,3,1,25,30,6,Electric
44,448,3580,4,1,0,20,30,7,Hybrid
40,448,3580,4,2,1,15,25,7,Hybrid
50,448,3580,4,3,0,20,25,8,Hybrid
9,448,3581,5,1,0,25,30,6,Gasoline
63,448,3581,5,2,0,25,30,6,Electric
36,448,3581,5,3,1,25,30,6,Hybrid
47,448,3582,6,1,0,20,20,8,Hybrid
60,448,3582,6,2,0,25,25,6,Electric
53,448,3582,6,3,1,20,30,8,Hybrid
21,448,3583,7,1,1,25,20,8,Gasoline
58,448,3583,7,2,0,15,25,6,Electric
55,448,3583,7,3,0,15,20,6,Electric
63,448,3584,8,1,0,25,30,6,Electric
37,448,3584,8,2,1,15,20,7,Hybrid
50,448,3584,8,3,0,20,25,8,Hybrid
76,449,3585,1,1,0,15,25,8,Electric
30,449,3585,1,2,1,25,20,6,Hybrid
39,449,3585,1,3,0,25,20,7,Hybrid
67,449,3586,2,1,0,15,25,7,Electric
58,449,3586,2,2,0,15,25,6,Electric
53,449,3586,2,3,1,20,30,8,Hybrid
64,449,3587,3,1,0,15,20,7,Electric
43,449,3587,3,2,1,15,30,7,Hybrid
24,449,3587,3,3,0,25,25,8,Gasoline
20,449,3588,4,1,0,20,20,8,Gasoline
66,449,3588,4,2,0,25,20,7,Electric
28,449,3588,4,3,1,15,20,6,Hybrid
25,449,3589,5,1,0,15,30,8,Gasoline
39,449,3589,5,2,1,25,20,7,Hybrid
50,449,3589,5,3,0,20,25,8,Hybrid
29,449,3590,6,1,0,20,20,6,Hybrid
54,449,3590,6,2,0,25,30,8,Hybrid
20,449,3590,6,3,1,20,20,8,Gasoline
48,449,3591,7,1,0,25,20,8,Hybrid
39,449,3591,7,2,0,25,20,7,Hybrid
26,449,3591,7,3,1,20,30,8,Gasoline
2,449,3592,8,1,0,20,20,6,Gasoline
28,449,3592,8,2,1,15,20,6,Hybrid
65,449,3592,8,3,0,20,20,7,Electric
55,450,3593,1,1,1,15,20,6,Electric
15,450,3593,1,2,0,25,25,7,Gasoline
2,450,3593,1,3,0,20,20,6,Gasoline
35,450,3594,2,1,1,20,30,6,Hybrid
28,450,3594,2,2,0,15,20,6,Hybrid
19,450,3594,2,3,0,15,20,8,Gasoline
7,450,3595,3,1,1,15,30,6,Gasoline
74,450,3595,3,2,0,20,20,8,Electric
39,450,3595,3,3,0,25,20,7,Hybrid
22,450,3596,4,1,0,15,25,8,Gasoline
17,450,3596,4,2,0,20,30,7,Gasoline
25,450,3596,4,3,1,15,30,8,Gasoline
31,450,3597,5,1,0,15,25,6,Hybrid
20,450,3597,5,2,1,20,20,8,Gasoline
60,450,3597,5,3,0,25,25,6,Electric
3,450,3598,6,1,1,25,20,6,Gasoline
23,450,3598,6,2,0,20,25,8,Gasoline
81,450,3598,6,3,0,25,30,8,Electric
14,450,3599,7,1,0,20,25,7,Gasoline
28,450,3599,7,2,1,15,20,6,Hybrid
32,450,3599,7,3,0,20,25,6,Hybrid
22,450,3600,8,1,1,15,25,8,Gasoline
24,450,3600,8,2,0,25,25,8,Gasoline
69,450,3600,8,3,0,25,25,7,Electric
57,451,3601,1,1,0,25,20,6,Electric
40,451,3601,1,2,1,15,25,7,Hybrid
75,451,3601,1,3,0,25,20,8,Electric
76,451,3602,2,1,1,15,25,8,Electric
30,451,3602,2,2,0,25,20,6,Hybrid
75,451,3602,2,3,0,25,20,8,Electric
33,451,3603,3,1,1,25,25,6,Hybrid
20,451,3603,3,2,0,20,20,8,Gasoline
29,451,3603,3,3,0,20,20,6,Hybrid
49,451,3604,4,1,0,15,25,8,Hybrid
71,451,3604,4,2,1,20,30,7,Electric
69,451,3604,4,3,0,25,25,7,Electric
32,451,3605,5,1,0,20,25,6,Hybrid
9,451,3605,5,2,0,25,30,6,Gasoline
26,451,3605,5,3,1,20,30,8,Gasoline
11,451,3606,6,1,0,20,20,7,Gasoline
18,451,3606,6,2,0,25,30,7,Gasoline
38,451,3606,6,3,1,20,20,7,Hybrid
26,451,3607,7,1,0,20,30,8,Gasoline
16,451,3607,7,2,1,15,30,7,Gasoline
39,451,3607,7,3,0,25,20,7,Hybrid
24,451,3608,8,1,0,25,25,8,Gasoline
27,451,3608,8,2,1,25,30,8,Gasoline
3,451,3608,8,3,0,25,20,6,Gasoline
4,452,3609,1,1,1,15,25,6,Gasoline
1,452,3609,1,2,0,15,20,6,Gasoline
13,452,3609,1,3,0,15,25,7,Gasoline
1,452,3610,2,1,0,15,20,6,Gasoline
5,452,3610,2,2,1,20,25,6,Gasoline
38,452,3610,2,3,0,20,20,7,Hybrid
65,452,3611,3,1,0,20,20,7,Electric
63,452,3611,3,2,0,25,30,6,Electric
28,452,3611,3,3,1,15,20,6,Hybrid
16,452,3612,4,1,1,15,30,7,Gasoline
56,452,3612,4,2,0,20,20,6,Electric
75,452,3612,4,3,0,25,20,8,Electric
70,452,3613,5,1,1,15,30,7,Electric
74,452,3613,5,2,0,20,20,8,Electric
53,452,3613,5,3,0,20,30,8,Hybrid
76,452,3614,6,1,0,15,25,8,Electric
45,452,3614,6,2,0,25,30,7,Hybrid
40,452,3614,6,3,1,15,25,7,Hybrid
32,452,3615,7,1,1,20,25,6,Hybrid
65,452,3615,7,2,0,20,20,7,Electric
29,452,3615,7,3,0,20,20,6,Hybrid
71,452,3616,8,1,0,20,30,7,Electric
21,452,3616,8,2,0,25,20,8,Gasoline
47,452,3616,8,3,1,20,20,8,Hybrid
30,453,3617,1,1,0,25,20,6,Hybrid
49,453,3617,1,2,0,15,25,8,Hybrid
31,453,3617,1,3,1,15,25,6,Hybrid
38,453,3618,2,1,1,20,20,7,Hybrid
3,453,3618,2,2,0,25,20,6,Gasoline
70,453,3618,2,3,0,15,30,7,Electric
28,453,3619,3,1,1,15,20,6,Hybrid
10,453,3619,3,2,0,15,20,7,Gasoline
81,453,3619,3,3,0,25,30,8,Electric
55,453,3620,4,1,0,15,20,6,Electric
34,453,3620,4,2,1,15,30,6,Hybrid
80,453,3620,4,3,0,20,30,8,Electric
19,453,3621,5,1,0,15,20,8,Gasoline
7,453,3621,5,2,1,15,30,6,Gasoline
37,453,3621,5,3,0,15,20,7,Hybrid
68,453,3622,6,1,0,20,25,7,Electric
21,453,3622,6,2,1,25,20,8,Gasoline
5,453,3622,6,3,0,20,25,6,Gasoline
20,453,3623,7,1,1,20,20,8,Gasoline
25,453,3623,7,2,0,15,30,8,Gasoline
74,453,3623,7,3,0,20,20,8,Electric
81,453,3624,8,1,0,25,30,8,Electric
20,453,3624,8,2,1,20,20,8,Gasoline
39,453,3624,8,3,0,25,20,7,Hybrid
2,454,3625,1,1,0,20,20,6,Gasoline
67,454,3625,1,2,1,15,25,7,Electric
80,454,3625,1,3,0,20,30,8,Electric
75,454,3626,2,1,0,25,20,8,Electric
23,454,3626,2,2,1,20,25,8,Gasoline
46,454,3626,2,3,0,15,20,8,Hybrid
56,454,3627,3,1,0,20,20,6,Electric
24,454,3627,3,2,0,25,25,8,Gasoline
47,454,3627,3,3,1,20,20,8,Hybrid
9,454,3628,4,1,0,25,30,6,Gasoline
27,454,3628,4,2,0,25,30,8,Gasoline
19,454,3628,4,3,1,15,20,8,Gasoline
76,454,3629,5,1,0,15,25,8,Electric
62,454,3629,5,2,1,20,30,6,Electric
73,454,3629,5,3,0,15,20,8,Electric
72,454,3630,6,1,0,25,30,7,Electric
12,454,3630,6,2,1,25,20,7,Gasoline
24,454,3630,6,3,0,25,25,8,Gasoline
50,454,3631,7,1,0,20,25,8,Hybrid
71,454,3631,7,2,1,20,30,7,Electric
18,454,3631,7,3,0,25,30,7,Gasoline
63,454,3632,8,1,0,25,30,6,Electric
6,454,3632,8,2,0,25,25,6,Gasoline
21,454,3632,8,3,1,25,20,8,Gasoline
69,455,3633,1,1,0,25,25,7,Electric
39,455,3633,1,2,1,25,20,7,Hybrid
80,455,3633,1,3,0,20,30,8,Electric
76,455,3634,2,1,0,15,25,8,Electric
54,455,3634,2,2,1,25,30,8,Hybrid
78,455,3634,2,3,0,25,25,8,Electric
69,455,3635,3,1,0,25,25,7,Electric
52,455,3635,3,2,0,15,30,8,Hybrid
16,455,3635,3,3,1,15,30,7,Gasoline
57,455,3636,4,1,0,25,20,6,Electric
51,455,3636,4,2,0,25,25,8,Hybrid
25,455,3636,4,3,1,15,30,8,Gasoline
29,455,3637,5,1,0,20,20,6,Hybrid
58,455,3637,5,2,1,15,25,6,Electric
55,455,3637,5,3,0,15,20,6,Electric
8,455,3638,6,1,1,20,30,6,Gasoline
66,455,3638,6,2,0,25,20,7,Electric
26,455,3638,6,3,0,20,30,8,Gasoline
46,455,3639,7,1,0,15,20,8,Hybrid
54,455,3639,7,2,1,25,30,8,Hybrid
56,455,3639,7,3,0,20,20,6,Electric
48,455,3640,8,1,0,25,20,8,Hybrid
28,455,3640,8,2,0,15,20,6,Hybrid
20,455,3640,8,3,1,20,20,8,Gasoline
71,456,3641,1,1,0,20,30,7,Electric
12,456,3641,1,2,0,25,20,7,Gasoline
18,456,3641,1,3,1,25,30,7,Gasoline
32,456,3642,2,1,0,20,25,6,Hybrid
59,456,3642,2,2,0,20,25,6,Electric
8,456,3642,2,3,1,20,30,6,Gasoline
22,456,3643,3,1,1,15,25,8,Gasoline
50,456,3643,3,2,0,20,25,8,Hybrid
45,456,3643,3,3,0,25,30,7,Hybrid
60,456,3644,4,1,0,25,25,6,Electric
57,456,3644,4,2,0,25,20,6,Electric
56,456,3644,4,3,1,20,20,6,Electric
37,456,3645,5,1,1,15,20,7,Hybrid
11,456,3645,5,2,0,20,20,7,Gasoline
70,456,3645,5,3,0,15,30,7,Electric
75,456,3646,6,1,1,25,20,8,Electric
39,456,3646,6,2,0,25,20,7,Hybrid
12,456,3646,6,3,0,25,20,7,Gasoline
39,456,3647,7,1,0,25,20,7,Hybrid
51,456,3647,7,2,1,25,25,8,Hybrid
48,456,3647,7,3,0,25,20,8,Hybrid
32,456,3648,8,1,1,20,25,6,Hybrid
13,456,3648,8,2,0,15,25,7,Gasoline
15,456,3648,8,3,0,25,25,7,Gasoline
45,457,3649,1,1,0,25,30,7,Hybrid
40,457,3649,1,2,1,15,25,7,Hybrid
15,457,3649,1,3,0,25,25,7,Gasoline
65,457,3650,2,1,0,20,20,7,Electric
48,457,3650,2,2,1,25,20,8,Hybrid
20,457,3650,2,3,0,20,20,8,Gasoline
12,457,3651,3,1,0,25,20,7,Gasoline
29,457,3651,3,2,1,20,20,6,Hybrid
63,457,3651,3,3,0,25,30,6,Electric
63,457,3652,4,1,0,25,30,6,Electric
11,457,3652,4,2,1,20,20,7,Gasoline
70,457,3652,4,3,0,15,30,7,Electric
1,457,3653,5,1,0,15,20,6,Gasoline
17,457,3653,5,2,0,20,30,7,Gasoline
36,457,3653,5,3,1,25,30,6,Hybrid
34,457,3654,6,1,1,15,30,6,Hybrid
75,457,3654,6,2,0,25,20,8,Electric
48,457,3654,6,3,0,25,20,8,Hybrid
5,457,3655,7,1,1,20,25,6,Gasoline
54,457,3655,7,2,0,25,30,8,Hybrid
81,457,3655,7,3,0,25,30,8,Electric
9,457,3656,8,1,0,25,30,6,Gasoline
52,457,3656,8,2,1,15,30,8,Hybrid
51,457,3656,8,3,0,25,25,8,Hybrid
34,458,3657,1,1,1,15,30,6,Hybrid
77,458,3657,1,2,0,20,25,8,Electric
50,458,3657,1,3,0,20,25,8,Hybrid
21,458,3658,2,1,1,25,20,8,Gasoline
14,458,3658,2,2,0,20,25,7,Gasoline
70,458,3658,2,3,0,15,30,7,Electric
58,458,3659,3,1,0,15,25,6,Electric
51,458,3659,3,2,1,25,25,8,Hybrid
80,458,3659,3,3,0,20,30,8,Electric
10,458,3660,4,1,0,15,20,7,Gasoline
29,458,3660,4,2,0,20,20,6,Hybrid
56,458,3660,4,3,1,20,20,6,Electric
49,458,3661,5,1,1,15,25,8,Hybrid
17,458,3661,5,2,0,20,30,7,Gasoline
30,458,3661,5,3,0,25,20,6,Hybrid
31,458,3662,6,1,1,15,25,6,Hybrid
5,458,3662,6,2,0,20,25,6,Gasoline
59,458,3662,6,3,0,20,25,6,Electric
76,458,3663,7,1,0,15,25,8,Electric
30,458,3663,7,2,0,25,20,6,Hybrid
46,458,3663,7,3,1,15,20,8,Hybrid
70,458,3664,8,1,1,15,30,7,Electric
46,458,3664,8,2,0,15,20,8,Hybrid
9,458,3664,8,3,0,25,30,6,Gasoline
4,459,3665,1,1,1,15,25,6,Gasoline
32,459,3665,1,2,0,20,25,6,Hybrid
39,459,3665,1,3,0,25,20,7,Hybrid
74,459,3666,2,1,1,20,20,8,Electric
78,459,3666,2,2,0,25,25,8,Electric
10,459,3666,2,3,0,15,20,7,Gasoline
25,459,3667,3,1,0,15,30,8,Gasoline
1,459,3667,3,2,0,15,20,6,Gasoline
22,459,3667,3,3,1,15,25,8,Gasoline
32,459,3668,4,1,1,20,25,6,Hybrid
55,459,3668,4,2,0,15,20,6,Electric
28,459,3668,4,3,0,15,20,6,Hybrid
9,459,3669,5,1,0,25,30,6,Gasoline
65,459,3669,5,2,1,20,20,7,Electric
6,459,3669,5,3,0,25,25,6,Gasoline
69,459,3670,6,1,0,25,25,7,Electric
63,459,3670,6,2,0,25,30,6,Electric
55,459,3670,6,3,1,15,20,6,Electric
71,459,3671,7,1,0,20,30,7,Electric
28,459,3671,7,2,1,15,20,6,Hybrid
65,459,3671,7,3,0,20,20,7,Electric
13,459,3672,8,1,1,15,25,7,Gasoline
80,459,3672,8,2,0,20,30,8,Electric
72,459,3672,8,3,0,25,30,7,Electric
78,460,3673,1,1,0,25,25,8,Electric
6,460,3673,1,2,0,25,25,6,Gasoline
35,460,3673,1,3,1,20,30,6,Hybrid
5,460,3674,2,1,0,20,25,6,Gasoline
34,460,3674,2,2,1,15,30,6,Hybrid
81,460,3674,2,3,0,25,30,8,Electric
20,460,3675,3,1,0,20,20,8,Gasoline
28,460,3675,3,2,1,15,20,6,Hybrid
73,460,3675,3,3,0,15,20,8,Electric
69,460,3676,4,1,0,25,25,7,Electric
46,460,3676,4,2,1,15,20,8,Hybrid
76,460,3676,4,3,0,15,25,8,Electric
74,460,3677,5,1,1,20,20,8,Electric
60,460,3677,5,2,0,25,25,6,Electric
20,460,3677,5,3,0,20,20,8,Gasoline
80,460,3678,6,1,0,20,30,8,Electric
13,460,3678,6,2,1,15,25,7,Gasoline
25,460,3678,6,3,0,15,30,8,Gasoline
45,460,3679,7,1,0,25,30,7,Hybrid
72,460,3679,7,2,1,25,30,7,Electric
42,460,3679,7,3,0,25,25,7,Hybrid
20,460,3680,8,1,1,20,20,8,Gasoline
35,460,3680,8,2,0,20,30,6,Hybrid
75,460,3680,8,3,0,25,20,8,Electric
9,461,3681,1,1,0,25,30,6,Gasoline
20,461,3681,1,2,0,20,20,8,Gasoline
38,461,3681,1,3,1,20,20,7,Hybrid
12,461,3682,2,1,0,25,20,7,Gasoline
38,461,3682,2,2,0,20,20,7,Hybrid
55,461,3682,2,3,1,15,20,6,Electric
28,461,3683,3,1,0,15,20,6,Hybrid
10,461,3683,3,2,1,15,20,7,Gasoline
34,461,3683,3,3,0,15,30,6,Hybrid
79,461,3684,4,1,0,15,30,8,Electric
14,461,3684,4,2,1,20,25,7,Gasoline
15,461,3684,4,3,0,25,25,7,Gasoline
50,461,3685,5,1,1,20,25,8,Hybrid
21,461,3685,5,2,0,25,20,8,Gasoline
74,461,3685,5,3,0,20,20,8,Electric
32,461,3686,6,1,0,20,25,6,Hybrid
72,461,3686,6,2,0,25,30,7,Electric
37,461,3686,6,3,1,15,20,7,Hybrid
30,461,3687,7,1,1,25,20,6,Hybrid
73,461,3687,7,2,0,15,20,8,Electric
23,461,3687,7,3,0,20,25,8,Gasoline
50,461,3688,8,1,0,20,25,8,Hybrid
19,461,3688,8,2,0,15,20,8,Gasoline
37,461,3688,8,3,1,15,20,7,Hybrid
7,462,3689,1,1,0,15,30,6,Gasoline
13,462,3689,1,2,1,15,25,7,Gasoline
4,462,3689,1,3,0,15,25,6,Gasoline
61,462,3690,2,1,0,15,30,6,Electric
11,462,3690,2,2,1,20,20,7,Gasoline
14,462,3690,2,3,0,20,25,7,Gasoline
58,462,3691,3,1,0,15,25,6,Electric
57,462,3691,3,2,0,25,20,6,Electric
6,462,3691,3,3,1,25,25,6,Gasoline
78,462,3692,4,1,0,25,25,8,Electric
13,462,3692,4,2,0,15,25,7,Gasoline
53,462,3692,4,3,1,20,30,8,Hybrid
44,462,3693,5,1,0,20,30,7,Hybrid
36,462,3693,5,2,0,25,30,6,Hybrid
6,462,3693,5,3,1,25,25,6,Gasoline
4,462,3694,6,1,1,15,25,6,Gasoline
77,462,3694,6,2,0,20,25,8,Electric
56,462,3694,6,3,0,20,20,6,Electric
38,462,3695,7,1,1,20,20,7,Hybrid
40,462,3695,7,2,0,15,25,7,Hybrid
71,462,3695,7,3,0,20,30,7,Electric
71,462,3696,8,1,0,20,30,7,Electric
68,462,3696,8,2,0,20,25,7,Electric
67,462,3696,8,3,1,15,25,7,Electric
29,463,3697,1,1,0,20,20,6,Hybrid
64,463,3697,1,2,0,15,20,7,Electric
16,463,3697,1,3,1,15,30,7,Gasoline
52,463,3698,2,1,1,15,30,8,Hybrid
44,463,3698,2,2,0,20,30,7,Hybrid
42,463,3698,2,3,0,25,25,7,Hybrid
38,463,3699,3,1,0,20,20,7,Hybrid
48,463,3699,3,2,0,25,20,8,Hybrid
7,463,3699,3,3,1,15,30,6,Gasoline
47,463,3700,4,1,0,20,20,8,Hybrid
49,463,3700,4,2,0,15,25,8,Hybrid
28,463,3700,4,3,1,15,20,6,Hybrid
38,463,3701,5,1,1,20,20,7,Hybrid
24,463,3701,5,2,0,25,25,8,Gasoline
13,463,3701,5,3,0,15,25,7,Gasoline
18,463,3702,6,1,1,25,30,7,Gasoline
9,463,3702,6,2,0,25,30,6,Gasoline
75,463,3702,6,3,0,25,20,8,Electric
4,463,3703,7,1,1,15,25,6,Gasoline
2,463,3703,7,2,0,20,20,6,Gasoline
56,463,3703,7,3,0,20,20,6,Electric
66,463,3704,8,1,1,25,20,7,Electric
71,463,3704,8,2,0,20,30,7,Electric
25,463,3704,8,3,0,15,30,8,Gasoline
72,464,3705,1,1,0,25,30,7,Electric
19,464,3705,1,2,0,15,20,8,Gasoline
26,464,3705,1,3,1,20,30,8,Gasoline
25,464,3706,2,1,0,15,30,8,Gasoline
37,464,3706,2,2,1,15,20,7,Hybrid
66,464,3706,2,3,0,25,20,7,Electric
25,464,3707,3,1,1,15,30,8,Gasoline
57,464,3707,3,2,0,25,20,6,Electric
45,464,3707,3,3,0,25,30,7,Hybrid
68,464,3708,4,1,0,20,25,7,Electric
34,464,3708,4,2,1,15,30,6,Hybrid
67,464,3708,4,3,0,15,25,7,Electric
51,464,3709,5,1,0,25,25,8,Hybrid
62,464,3709,5,2,0,20,30,6,Electric
50,464,3709,5,3,1,20,25,8,Hybrid
5,464,3710,6,1,0,20,25,6,Gasoline
75,464,3710,6,2,0,25,20,8,Electric
36,464,3710,6,3,1,25,30,6,Hybrid
32,464,3711,7,1,1,20,25,6,Hybrid
62,464,3711,7,2,0,20,30,6,Electric
30,464,3711,7,3,0,25,20,6,Hybrid
22,464,3712,8,1,0,15,25,8,Gasoline
24,464,3712,8,2,0,25,25,8,Gasoline
39,464,3712,8,3,1,25,20,7,Hybrid
21,465,3713,1,1,0,25,20,8,Gasoline
26,465,3713,1,2,0,20,30,8,Gasoline
10,465,3713,1,3,1,15,20,7,Gasoline
10,465,3714,2,1,1,15,20,7,Gasoline
63,465,3714,2,2,0,25,30,6,Electric
66,465,3714,2,3,0,25,20,7,Electric
39,465,3715,3,1,1,25,20,7,Hybrid
76,465,3715,3,2,0,15,25,8,Electric
70,465,3715,3,3,0,15,30,7,Electric
19,465,3716,4,1,1,15,20,8,Gasoline
58,465,3716,4,2,0,15,25,6,Electric
6,465,3716,4,3,0,25,25,6,Gasoline
46,465,3717,5,1,1,15,20,8,Hybrid
41,465,3717,5,2,0,20,25,7,Hybrid
34,465,3717,5,3,0,15,30,6,Hybrid
2,465,3718,6,1,0,20,20,6,Gasoline
65,465,3718,6,2,0,20,20,7,Electric
80,465,3718,6,3,1,20,30,8,Electric
31,465,3719,7,1,1,15,25,6,Hybrid
27,465,3719,7,2,0,25,30,8,Gasoline
67,465,3719,7,3,0,15,25,7,Electric
4,465,3720,8,1,0,15,25,6,Gasoline
41,465,3720,8,2,1,20,25,7,Hybrid
48,465,3720,8,3,0,25,20,8,Hybrid
7,466,3721,1,1,1,15,30,6,Gasoline
62,466,3721,1,2,0,20,30,6,Electric
73,466,3721,1,3,0,15,20,8,Electric
75,466,3722,2,1,0,25,20,8,Electric
21,466,3722,2,2,0,25,20,8,Gasoline
8,466,3722,2,3,1,20,30,6,Gasoline
50,466,3723,3,1,1,20,25,8,Hybrid
39,466,3723,3,2,0,25,20,7,Hybrid
62,466,3723,3,3,0,20,30,6,Electric
21,466,3724,4,1,0,25,20,8,Gasoline
22,466,3724,4,2,1,15,25,8,Gasoline
57,466,3724,4,3,0,25,20,6,Electric
54,466,3725,5,1,0,25,30,8,Hybrid
24,466,3725,5,2,1,25,25,8,Gasoline
9,466,3725,5,3,0,25,30,6,Gasoline
25,466,3726,6,1,1,15,30,8,Gasoline
81,466,3726,6,2,0,25,30,8,Electric
14,466,3726,6,3,0,20,25,7,Gasoline
11,466,3727,7,1,0,20,20,7,Gasoline
2,466,3727,7,2,1,20,20,6,Gasoline
57,466,3727,7,3,0,25,20,6,Electric
47,466,3728,8,1,1,20,20,8,Hybrid
74,466,3728,8,2,0,20,20,8,Electric
55,466,3728,8,3,0,15,20,6,Electric
73,467,3729,1,1,0,15,20,8,Electric
25,467,3729,1,2,1,15,30,8,Gasoline
81,467,3729,1,3,0,25,30,8,Electric
17,467,3730,2,1,0,20,30,7,Gasoline
68,467,3730,2,2,0,20,25,7,Electric
49,467,3730,2,3,1,15,25,8,Hybrid
35,467,3731,3,1,0,20,30,6,Hybrid
32,467,3731,3,2,1,20,25,6,Hybrid
31,467,3731,3,3,0,15,25,6,Hybrid
59,467,3732,4,1,1,20,25,6,Electric
33,467,3732,4,2,0,25,25,6,Hybrid
41,467,3732,4,3,0,20,25,7,Hybrid
54,467,3733,5,1,1,25,30,8,Hybrid
9,467,3733,5,2,0,25,30,6,Gasoline
65,467,3733,5,3,0,20,20,7,Electric
73,467,3734,6,1,0,15,20,8,Electric
77,467,3734,6,2,0,20,25,8,Electric
28,467,3734,6,3,1,15,20,6,Hybrid
45,467,3735,7,1,1,25,30,7,Hybrid
55,467,3735,7,2,0,15,20,6,Electric
49,467,3735,7,3,0,15,25,8,Hybrid
33,467,3736,8,1,0,25,25,6,Hybrid
78,467,3736,8,2,0,25,25,8,Electric
22,467,3736,8,3,1,15,25,8,Gasoline
24,468,3737,1,1,0,25,25,8,Gasoline
4,468,3737,1,2,1,15,25,6,Gasoline
67,468,3737,1,3,0,15,25,7,Electric
16,468,3738,2,1,1,15,30,7,Gasoline
14,468,3738,2,2,0,20,25,7,Gasoline
80,468,3738,2,3,0,20,30,8,Electric
35,468,3739,3,1,0,20,30,6,Hybrid
34,468,3739,3,2,0,15,30,6,Hybrid
46,468,3739,3,3,1,15,20,8,Hybrid
23,468,3740,4,1,0,20,25,8,Gasoline
71,468,3740,4,2,0,20,30,7,Electric
5,468,3740,4,3,1,20,25,6,Gasoline
61,468,3741,5,1,0,15,30,6,Electric
62,468,3741,5,2,0,20,30,6,Electric
51,468,3741,5,3,1,25,25,8,Hybrid
20,468,3742,6,1,0,20,20,8,Gasoline
79,468,3742,6,2,1,15,30,8,Electric
76,468,3742,6,3,0,15,25,8,Electric
22,468,3743,7,1,1,15,25,8,Gasoline
30,468,3743,7,2,0,25,20,6,Hybrid
21,468,3743,7,3,0,25,20,8,Gasoline
63,468,3744,8,1,1,25,30,6,Electric
10,468,3744,8,2,0,15,20,7,Gasoline
78,468,3744,8,3,0,25,25,8,Electric
69,469,3745,1,1,0,25,25,7,Electric
27,469,3745,1,2,0,25,30,8,Gasoline
48,469,3745,1,3,1,25,20,8,Hybrid
69,469,3746,2,1,0,25,25,7,Electric
52,469,3746,2,2,1,15,30,8,Hybrid
9,469,3746,2,3,0,25,30,6,Gasoline
69,469,3747,3,1,0,25,25,7,Electric
25,469,3747,3,2,0,15,30,8,Gasoline
40,469,3747,3,3,1,15,25,7,Hybrid
10,469,3748,4,1,0,15,20,7,Gasoline
1,469,3748,4,2,0,15,20,6,Gasoline
62,469,3748,4,3,1,20,30,6,Electric
18,469,3749,5,1,1,25,30,7,Gasoline
69,469,3749,5,2,0,25,25,7,Electric
21,469,3749,5,3,0,25,20,8,Gasoline
14,469,3750,6,1,0,20,25,7,Gasoline
72,469,3750,6,2,0,25,30,7,Electric
31,469,3750,6,3,1,15,25,6,Hybrid
59,469,3751,7,1,0,20,25,6,Electric
35,469,3751,7,2,0,20,30,6,Hybrid
29,469,3751,7,3,1,20,20,6,Hybrid
64,469,3752,8,1,1,15,20,7,Electric
62,469,3752,8,2,0,20,30,6,Electric
61,469,3752,8,3,0,15,30,6,Electric
72,470,3753,1,1,0,25,30,7,Electric
61,470,3753,1,2,1,15,30,6,Electric
75,470,3753,1,3,0,25,20,8,Electric
79,470,3754,2,1,1,15,30,8,Electric
34,470,3754,2,2,0,15,30,6,Hybrid
45,470,3754,2,3,0,25,30,7,Hybrid
62,470,3755,3,1,0,20,30,6,Electric
46,470,3755,3,2,1,15,20,8,Hybrid
37,470,3755,3,3,0,15,20,7,Hybrid
16,470,3756,4,1,1,15,30,7,Gasoline
27,470,3756,4,2,0,25,30,8,Gasoline
46,470,3756,4,3,0,15,20,8,Hybrid
51,470,3757,5,1,0,25,25,8,Hybrid
37,470,3757,5,2,0,15,20,7,Hybrid
35,470,3757,5,3,1,20,30,6,Hybrid
4,470,3758,6,1,0,15,25,6,Gasoline
1,470,3758,6,2,0,15,20,6,Gasoline
19,470,3758,6,3,1,15,20,8,Gasoline
46,470,3759,7,1,1,15,20,8,Hybrid
77,470,3759,7,2,0,20,25,8,Electric
3,470,3759,7,3,0,25,20,6,Gasoline
32,470,3760,8,1,0,20,25,6,Hybrid
76,470,3760,8,2,0,15,25,8,Electric
13,470,3760,8,3,1,15,25,7,Gasoline
46,471,3761,1,1,0,15,20,8,Hybrid
25,471,3761,1,2,1,15,30,8,Gasoline
66,471,3761,1,3,0,25,20,7,Electric
9,471,3762,2,1,0,25,30,6,Gasoline
43,471,3762,2,2,1,15,30,7,Hybrid
64,471,3762,2,3,0,15,20,7,Electric
49,471,3763,3,1,1,15,25,8,Hybrid
58,471,3763,3,2,0,15,25,6,Electric
36,471,3763,3,3,0,25,30,6,Hybrid
29,471,3764,4,1,0,20,20,6,Hybrid
61,471,3764,4,2,0,15,30,6,Electric
22,471,3764,4,3,1,15,25,8,Gasoline
59,471,3765,5,1,0,20,25,6,Electric
45,471,3765,5,2,1,25,30,7,Hybrid
10,471,3765,5,3,0,15,20,7,Gasoline
15,471,3766,6,1,0,25,25,7,Gasoline
52,471,3766,6,2,1,15,30,8,Hybrid
77,471,3766,6,3,0,20,25,8,Electric
80,471,3767,7,1,0,20,30,8,Electric
11,471,3767,7,2,1,20,20,7,Gasoline
63,471,3767,7,3,0,25,30,6,Electric
57,471,3768,8,1,0,25,20,6,Electric
46,471,3768,8,2,0,15,20,8,Hybrid
7,471,3768,8,3,1,15,30,6,Gasoline
66,472,3769,1,1,0,25,20,7,Electric
33,472,3769,1,2,0,25,25,6,Hybrid
1,472,3769,1,3,1,15,20,6,Gasoline
14,472,3770,2,1,0,20,25,7,Gasoline
37,472,3770,2,2,1,15,20,7,Hybrid
12,472,3770,2,3,0,25,20,7,Gasoline
34,472,3771,3,1,1,15,30,6,Hybrid
69,472,3771,3,2,0,25,25,7,Electric
60,472,3771,3,3,0,25,25,6,Electric
62,472,3772,4,1,0,20,30,6,Electric
68,472,3772,4,2,0,20,25,7,Electric
19,472,3772,4,3,1,15,20,8,Gasoline
5,472,3773,5,1,1,20,25,6,Gasoline
69,472,3773,5,2,0,25,25,7,Electric
70,472,3773,5,3,0,15,30,7,Electric
72,472,3774,6,1,0,25,30,7,Electric
13,472,3774,6,2,0,15,25,7,Gasoline
47,472,3774,6,3,1,20,20,8,Hybrid
74,472,3775,7,1,0,20,20,8,Electric
30,472,3775,7,2,1,25,20,6,Hybrid
33,472,3775,7,3,0,25,25,6,Hybrid
45,472,3776,8,1,0,25,30,7,Hybrid
68,472,3776,8,2,0,20,25,7,Electric
21,472,3776,8,3,1,25,20,8,Gasoline
47,473,3777,1,1,0,20,20,8,Hybrid
20,473,3777,1,2,1,20,20,8,Gasoline
51,473,3777,1,3,0,25,25,8,Hybrid
72,473,3778,2,1,0,25,30,7,Electric
55,473,3778,2,2,1,15,20,6,Electric
78,473,3778,2,3,0,25,25,8,Electric
7,473,3779,3,1,0,15,30,6,Gasoline
3,473,3779,3,2,1,25,20,6,Gasoline
77,473,3779,3,3,0,20,25,8,Electric
26,473,3780,4,1,0,20,30,8,Gasoline
18,473,3780,4,2,0,25,30,7,Gasoline
30,473,3780,4,3,1,25,20,6,Hybrid
73,473,3781,5,1,0,15,20,8,Electric
72,473,3781,5,2,0,25,30,7,Electric
12,473,3781,5,3,1,25,20,7,Gasoline
11,473,3782,6,1,0,20,20,7,Gasoline
68,473,3782,6,2,0,20,25,7,Electric
49,473,3782,6,3,1,15,25,8,Hybrid
67,473,3783,7,1,1,15,25,7,Electric
71,473,3783,7,2,0,20,30,7,Electric
36,473,3783,7,3,0,25,30,6,Hybrid
28,473,3784,8,1,0,15,20,6,Hybrid
59,473,3784,8,2,0,20,25,6,Electric
4,473,3784,8,3,1,15,25,6,Gasoline
7,474,3785,1,1,0,15,30,6,Gasoline
43,474,3785,1,2,1,15,30,7,Hybrid
67,474,3785,1,3,0,15,25,7,Electric
73,474,3786,2,1,1,15,20,8,Electric
29,474,3786,2,2,0,20,20,6,Hybrid
70,474,3786,2,3,0,15,30,7,Electric
56,474,3787,3,1,1,20,20,6,Electric
48,474,3787,3,2,0,25,20,8,Hybrid
42,474,3787,3,3,0,25,25,7,Hybrid
14,474,3788,4,1,0,20,25,7,Gasoline
10,474,3788,4,2,1,15,20,7,Gasoline
23,474,3788,4,3,0,20,25,8,Gasoline
64,474,3789,5,1,0,15,20,7,Electric
47,474,3789,5,2,0,20,20,8,Hybrid
53,474,3789,5,3,1,20,30,8,Hybrid
37,474,3790,6,1,1,15,20,7,Hybrid
20,474,3790,6,2,0,20,20,8,Gasoline
57,474,3790,6,3,0,25,20,6,Electric
28,474,3791,7,1,1,15,20,6,Hybrid
45,474,3791,7,2,0,25,30,7,Hybrid
35,474,3791,7,3,0,20,30,6,Hybrid
72,474,3792,8,1,0,25,30,7,Electric
81,474,3792,8,2,0,25,30,8,Electric
58,474,3792,8,3,1,15,25,6,Electric
22,475,3793,1,1,0,15,25,8,Gasoline
2,475,3793,1,2,1,20,20,6,Gasoline
39,475,3793,1,3,0,25,20,7,Hybrid
59,475,3794,2,1,0,20,25,6,Electric
37,475,3794,2,2,1,15,20,7,Hybrid
43,475,3794,2,3,0,15,30,7,Hybrid
30,475,3795,3,1,0,25,20,6,Hybrid
52,475,3795,3,2,0,15,30,8,Hybrid
10,475,3795,3,3,1,15,20,7,Gasoline
74,475,3796,4,1,0,20,20,8,Electric
79,475,3796,4,2,0,15,30,8,Electric
16,475,3796,4,3,1,15,30,7,Gasoline
57,475,3797,5,1,0,25,20,6,Electric
44,475,3797,5,2,0,20,30,7,Hybrid
28,475,3797,5,3,1,15,20,6,Hybrid
63,475,3798,6,1,0,25,30,6,Electric
6,475,3798,6,2,0,25,25,6,Gasoline
3,475,3798,6,3,1,25,20,6,Gasoline
54,475,3799,7,1,1,25,30,8,Hybrid
73,475,3799,7,2,0,15,20,8,Electric
5,475,3799,7,3,0,20,25,6,Gasoline
51,475,3800,8,1,0,25,25,8,Hybrid
28,475,3800,8,2,1,15,20,6,Hybrid
40,475,3800,8,3,0,15,25,7,Hybrid
34,476,3801,1,1,1,15,30,6,Hybrid
12,476,3801,1,2,0,25,20,7,Gasoline
19,476,3801,1,3,0,15,20,8,Gasoline
35,476,3802,2,1,0,20,30,6,Hybrid
16,476,3802,2,2,1,15,30,7,Gasoline
11,476,3802,2,3,0,20,20,7,Gasoline
22,476,3803,3,1,1,15,25,8,Gasoline
54,476,3803,3,2,0,25,30,8,Hybrid
27,476,3803,3,3,0,25,30,8,Gasoline
66,476,3804,4,1,0,25,20,7,Electric
64,476,3804,4,2,1,15,20,7,Electric
63,476,3804,4,3,0,25,30,6,Electric
10,476,3805,5,1,0,15,20,7,Gasoline
4,476,3805,5,2,1,15,25,6,Gasoline
3,476,3805,5,3,0,25,20,6,Gasoline
27,476,3806,6,1,0,25,30,8,Gasoline
61,476,3806,6,2,0,15,30,6,Electric
25,476,3806,6,3,1,15,30,8,Gasoline
62,476,3807,7,1,0,20,30,6,Electric
68,476,3807,7,2,1,20,25,7,Electric
17,476,3807,7,3,0,20,30,7,Gasoline
43,476,3808,8,1,1,15,30,7,Hybrid
74,476,3808,8,2,0,20,20,8,Electric
53,476,3808,8,3,0,20,30,8,Hybrid
37,477,3809,1,1,0,15,20,7,Hybrid
81,477,3809,1,2,0,25,30,8,Electric
73,477,3809,1,3,1,15,20,8,Electric
1,477,3810,2,1,1,15,20,6,Gasoline
34,477,3810,2,2,0,15,30,6,Hybrid
58,477,3810,2,3,0,15,25,6,Electric
24,477,3811,3,1,0,25,25,8,Gasoline
47,477,3811,3,2,1,20,20,8,Hybrid
73,477,3811,3,3,0,15,20,8,Electric
53,477,3812,4,1,0,20,30,8,Hybrid
23,477,3812,4,2,0,20,25,8,Gasoline
31,477,3812,4,3,1,15,25,6,Hybrid
37,477,3813,5,1,0,15,20,7,Hybrid
1,477,3813,5,2,1,15,20,6,Gasoline
46,477,3813,5,3,0,15,20,8,Hybrid
76,477,3814,6,1,0,15,25,8,Electric
2,477,3814,6,2,0,20,20,6,Gasoline
29,477,3814,6,3,1,20,20,6,Hybrid
29,477,3815,7,1,0,20,20,6,Hybrid
16,477,3815,7,2,1,15,30,7,Gasoline
38,477,3815,7,3,0,20,20,7,Hybrid
21,477,3816,8,1,0,25,20,8,Gasoline
43,477,3816,8,2,1,15,30,7,Hybrid
64,477,3816,8,3,0,15,20,7,Electric
65,478,3817,1,1,0,20,20,7,Electric
37,478,3817,1,2,1,15,20,7,Hybrid
17,478,3817,1,3,0,20,30,7,Gasoline
77,478,3818,2,1,0,20,25,8,Electric
80,478,3818,2,2,1,20,30,8,Electric
72,478,3818,2,3,0,25,30,7,Electric
7,478,3819,3,1,1,15,30,6,Gasoline
33,478,3819,3,2,0,25,25,6,Hybrid
45,478,3819,3,3,0,25,30,7,Hybrid
25,478,3820,4,1,0,15,30,8,Gasoline
11,478,3820,4,2,1,20,20,7,Gasoline
17,478,3820,4,3,0,20,30,7,Gasoline
74,478,3821,5,1,0,20,20,8,Electric
14,478,3821,5,2,1,20,25,7,Gasoline
58,478,3821,5,3,0,15,25,6,Electric
45,478,3822,6,1,0,25,30,7,Hybrid
18,478,3822,6,2,0,25,30,7,Gasoline
64,478,3822,6,3,1,15,20,7,Electric
30,478,3823,7,1,0,25,20,6,Hybrid
32,478,3823,7,2,1,20,25,6,Hybrid
26,478,3823,7,3,0,20,30,8,Gasoline
22,478,3824,8,1,1,15,25,8,Gasoline
61,478,3824,8,2,0,15,30,6,Electric
13,478,3824,8,3,0,15,25,7,Gasoline
29,479,3825,1,1,1,20,20,6,Hybrid
20,479,3825,1,2,0,20,20,8,Gasoline
58,479,3825,1,3,0,15,25,6,Electric
12,479,3826,2,1,1,25,20,7,Gasoline
71,479,3826,2,2,0,20,30,7,Electric
76,479,3826,2,3,0,15,25,8,Electric
2,479,3827,3,1,0,20,20,6,Gasoline
25,479,3827,3,2,1,15,30,8,Gasoline
36,479,3827,3,3,0,25,30,6,Hybrid
78,479,3828,4,1,0,25,25,8,Electric
5,479,3828,4,2,0,20,25,6,Gasoline
51,479,3828,4,3,1,25,25,8,Hybrid
7,479,3829,5,1,1,15,30,6,Gasoline
12,479,3829,5,2,0,25,20,7,Gasoline
71,479,3829,5,3,0,20,30,7,Electric
78,479,3830,6,1,0,25,25,8,Electric
19,479,3830,6,2,0,15,20,8,Gasoline
71,479,3830,6,3,1,20,30,7,Electric
5,479,3831,7,1,0,20,25,6,Gasoline
11,479,3831,7,2,1,20,20,7,Gasoline
7,479,3831,7,3,0,15,30,6,Gasoline
79,479,3832,8,1,0,15,30,8,Electric
24,479,3832,8,2,1,25,25,8,Gasoline
60,479,3832,8,3,0,25,25,6,Electric
13,480,3833,1,1,0,15,25,7,Gasoline
40,480,3833,1,2,0,15,25,7,Hybrid
52,480,3833,1,3,1,15,30,8,Hybrid
19,480,3834,2,1,1,15,20,8,Gasoline
26,480,3834,2,2,0,20,30,8,Gasoline
62,480,3834,2,3,0,20,30,6,Electric
40,480,3835,3,1,1,15,25,7,Hybrid
65,480,3835,3,2,0,20,20,7,Electric
17,480,3835,3,3,0,20,30,7,Gasoline
28,480,3836,4,1,1,15,20,6,Hybrid
62,480,3836,4,2,0,20,30,6,Electric
47,480,3836,4,3,0,20,20,8,Hybrid
44,480,3837,5,1,0,20,30,7,Hybrid
3,480,3837,5,2,1,25,20,6,Gasoline
36,480,3837,5,3,0,25,30,6,Hybrid
26,480,3838,6,1,1,20,30,8,Gasoline
36,480,3838,6,2,0,25,30,6,Hybrid
20,480,3838,6,3,0,20,20,8,Gasoline
20,480,3839,7,1,0,20,20,8,Gasoline
44,480,3839,7,2,0,20,30,7,Hybrid
34,480,3839,7,3,1,15,30,6,Hybrid
52,480,3840,8,1,1,15,30,8,Hybrid
73,480,3840,8,2,0,15,20,8,Electric
26,480,3840,8,3,0,20,30,8,Gasoline
11,481,3841,1,1,0,20,20,7,Gasoline
62,481,3841,1,2,1,20,30,6,Electric
48,481,3841,1,3,0,25,20,8,Hybrid
13,481,3842,2,1,1,15,25,7,Gasoline
24,481,3842,2,2,0,25,25,8,Gasoline
37,481,3842,2,3,0,15,20,7,Hybrid
24,481,3843,3,1,0,25,25,8,Gasoline
3,481,3843,3,2,1,25,20,6,Gasoline
77,481,3843,3,3,0,20,25,8,Electric
70,481,3844,4,1,1,15,30,7,Electric
23,481,3844,4,2,0,20,25,8,Gasoline
5,481,3844,4,3,0,20,25,6,Gasoline
51,481,3845,5,1,0,25,25,8,Hybrid
75,481,3845,5,2,0,25,20,8,Electric
7,481,3845,5,3,1,15,30,6,Gasoline
76,481,3846,6,1,0,15,25,8,Electric
62,481,3846,6,2,0,20,30,6,Electric
50,481,3846,6,3,1,20,25,8,Hybrid
41,481,3847,7,1,0,20,25,7,Hybrid
20,481,3847,7,2,1,20,20,8,Gasoline
57,481,3847,7,3,0,25,20,6,Electric
6,481,3848,8,1,0,25,25,6,Gasoline
10,481,3848,8,2,1,15,20,7,Gasoline
7,481,3848,8,3,0,15,30,6,Gasoline
80,482,3849,1,1,0,20,30,8,Electric
19,482,3849,1,2,1,15,20,8,Gasoline
68,482,3849,1,3,0,20,25,7,Electric
67,482,3850,2,1,0,15,25,7,Electric
39,482,3850,2,2,0,25,20,7,Hybrid
47,482,3850,2,3,1,20,20,8,Hybrid
56,482,3851,3,1,0,20,20,6,Electric
33,482,3851,3,2,0,25,25,6,Hybrid
51,482,3851,3,3,1,25,25,8,Hybrid
27,482,3852,4,1,1,25,30,8,Gasoline
65,482,3852,4,2,0,20,20,7,Electric
66,482,3852,4,3,0,25,20,7,Electric
64,482,3853,5,1,0,15,20,7,Electric
46,482,3853,5,2,1,15,20,8,Hybrid
17,482,3853,5,3,0,20,30,7,Gasoline
37,482,3854,6,1,0,15,20,7,Hybrid
64,482,3854,6,2,1,15,20,7,Electric
81,482,3854,6,3,0,25,30,8,Electric
15,482,3855,7,1,0,25,25,7,Gasoline
54,482,3855,7,2,0,25,30,8,Hybrid
77,482,3855,7,3,1,20,25,8,Electric
61,482,3856,8,1,0,15,30,6,Electric
17,482,3856,8,2,0,20,30,7,Gasoline
1,482,3856,8,3,1,15,20,6,Gasoline
69,483,3857,1,1,0,25,25,7,Electric
38,483,3857,1,2,1,20,20,7,Hybrid
43,483,3857,1,3,0,15,30,7,Hybrid
55,483,3858,2,1,1,15,20,6,Electric
71,483,3858,2,2,0,20,30,7,Electric
65,483,3858,2,3,0,20,20,7,Electric
34,483,3859,3,1,1,15,30,6,Hybrid
58,483,3859,3,2,0,15,25,6,Electric
61,483,3859,3,3,0,15,30,6,Electric
6,483,3860,4,1,0,25,25,6,Gasoline
55,483,3860,4,2,0,15,20,6,Electric
43,483,3860,4,3,1,15,30,7,Hybrid
53,483,3861,5,1,0,20,30,8,Hybrid
18,483,3861,5,2,0,25,30,7,Gasoline
80,483,3861,5,3,1,20,30,8,Electric
32,483,3862,6,1,0,20,25,6,Hybrid
34,483,3862,6,2,1,15,30,6,Hybrid
13,483,3862,6,3,0,15,25,7,Gasoline
61,483,3863,7,1,1,15,30,6,Electric
60,483,3863,7,2,0,25,25,6,Electric
54,483,3863,7,3,0,25,30,8,Hybrid
9,483,3864,8,1,0,25,30,6,Gasoline
49,483,3864,8,2,1,15,25,8,Hybrid
3,483,3864,8,3,0,25,20,6,Gasoline
27,484,3865,1,1,0,25,30,8,Gasoline
33,484,3865,1,2,1,25,25,6,Hybrid
15,484,3865,1,3,0,25,25,7,Gasoline
26,484,3866,2,1,0,20,30,8,Gasoline
78,484,3866,2,2,0,25,25,8,Electric
22,484,3866,2,3,1,15,25,8,Gasoline
77,484,3867,3,1,0,20,25,8,Electric
40,484,3867,3,2,0,15,25,7,Hybrid
37,484,3867,3,3,1,15,20,7,Hybrid
36,484,3868,4,1,0,25,30,6,Hybrid
67,484,3868,4,2,0,15,25,7,Electric
61,484,3868,4,3,1,15,30,6,Electric
10,484,3869,5,1,0,15,20,7,Gasoline
25,484,3869,5,2,0,15,30,8,Gasoline
43,484,3869,5,3,1,15,30,7,Hybrid
81,484,3870,6,1,0,25,30,8,Electric
27,484,3870,6,2,1,25,30,8,Gasoline
59,484,3870,6,3,0,20,25,6,Electric
23,484,3871,7,1,1,20,25,8,Gasoline
80,484,3871,7,2,0,20,30,8,Electric
71,484,3871,7,3,0,20,30,7,Electric
38,484,3872,8,1,0,20,20,7,Hybrid
9,484,3872,8,2,0,25,30,6,Gasoline
61,484,3872,8,3,1,15,30,6,Electric
60,485,3873,1,1,0,25,25,6,Electric
32,485,3873,1,2,0,20,25,6,Hybrid
4,485,3873,1,3,1,15,25,6,Gasoline
22,485,3874,2,1,1,15,25,8,Gasoline
5,485,3874,2,2,0,20,25,6,Gasoline
27,485,3874,2,3,0,25,30,8,Gasoline
25,485,3875,3,1,0,15,30,8,Gasoline
30,485,3875,3,2,0,25,20,6,Hybrid
74,485,3875,3,3,1,20,20,8,Electric
48,485,3876,4,1,0,25,20,8,Hybrid
6,485,3876,4,2,0,25,25,6,Gasoline
25,485,3876,4,3,1,15,30,8,Gasoline
14,485,3877,5,1,0,20,25,7,Gasoline
76,485,3877,5,2,1,15,25,8,Electric
24,485,3877,5,3,0,25,25,8,Gasoline
21,485,3878,6,1,0,25,20,8,Gasoline
81,485,3878,6,2,0,25,30,8,Electric
1,485,3878,6,3,1,15,20,6,Gasoline
76,485,3879,7,1,1,15,25,8,Electric
29,485,3879,7,2,0,20,20,6,Hybrid
35,485,3879,7,3,0,20,30,6,Hybrid
65,485,3880,8,1,0,20,20,7,Electric
7,485,3880,8,2,1,15,30,6,Gasoline
19,485,3880,8,3,0,15,20,8,Gasoline
64,486,3881,1,1,1,15,20,7,Electric
63,486,3881,1,2,0,25,30,6,Electric
52,486,3881,1,3,0,15,30,8,Hybrid
5,486,3882,2,1,0,20,25,6,Gasoline
72,486,3882,2,2,0,25,30,7,Electric
53,486,3882,2,3,1,20,30,8,Hybrid
71,486,3883,3,1,1,20,30,7,Electric
18,486,3883,3,2,0,25,30,7,Gasoline
46,486,3883,3,3,0,15,20,8,Hybrid
41,486,3884,4,1,0,20,25,7,Hybrid
64,486,3884,4,2,1,15,20,7,Electric
62,486,3884,4,3,0,20,30,6,Electric
1,486,3885,5,1,1,15,20,6,Gasoline
37,486,3885,5,2,0,15,20,7,Hybrid
52,486,3885,5,3,0,15,30,8,Hybrid
72,486,3886,6,1,0,25,30,7,Electric
4,486,3886,6,2,1,15,25,6,Gasoline
50,486,3886,6,3,0,20,25,8,Hybrid
23,486,3887,7,1,1,20,25,8,Gasoline
79,486,3887,7,2,0,15,30,8,Electric
51,486,3887,7,3,0,25,25,8,Hybrid
17,486,3888,8,1,0,20,30,7,Gasoline
18,486,3888,8,2,0,25,30,7,Gasoline
22,486,3888,8,3,1,15,25,8,Gasoline
80,487,3889,1,1,0,20,30,8,Electric
24,487,3889,1,2,0,25,25,8,Gasoline
69,487,3889,1,3,1,25,25,7,Electric
3,487,3890,2,1,0,25,20,6,Gasoline
48,487,3890,2,2,1,25,20,8,Hybrid
5,487,3890,2,3,0,20,25,6,Gasoline
67,487,3891,3,1,1,15,25,7,Electric
11,487,3891,3,2,0,20,20,7,Gasoline
66,487,3891,3,3,0,25,20,7,Electric
61,487,3892,4,1,0,15,30,6,Electric
70,487,3892,4,2,1,15,30,7,Electric
15,487,3892,4,3,0,25,25,7,Gasoline
38,487,3893,5,1,1,20,20,7,Hybrid
80,487,3893,5,2,0,20,30,8,Electric
47,487,3893,5,3,0,20,20,8,Hybrid
80,487,3894,6,1,1,20,30,8,Electric
65,487,3894,6,2,0,20,20,7,Electric
49,487,3894,6,3,0,15,25,8,Hybrid
61,487,3895,7,1,1,15,30,6,Electric
71,487,3895,7,2,0,20,30,7,Electric
41,487,3895,7,3,0,20,25,7,Hybrid
4,487,3896,8,1,1,15,25,6,Gasoline
47,487,3896,8,2,0,20,20,8,Hybrid
10,487,3896,8,3,0,15,20,7,Gasoline
63,488,3897,1,1,0,25,30,6,Electric
34,488,3897,1,2,0,15,30,6,Hybrid
31,488,3897,1,3,1,15,25,6,Hybrid
2,488,3898,2,1,1,20,20,6,Gasoline
48,488,3898,2,2,0,25,20,8,Hybrid
26,488,3898,2,3,0,20,30,8,Gasoline
69,488,3899,3,1,0,25,25,7,Electric
8,488,3899,3,2,1,20,30,6,Gasoline
66,488,3899,3,3,0,25,20,7,Electric
79,488,3900,4,1,0,15,30,8,Electric
30,488,3900,4,2,0,25,20,6,Hybrid
61,488,3900,4,3,1,15,30,6,Electric
65,488,3901,5,1,0,20,20,7,Electric
57,488,3901,5,2,0,25,20,6,Electric
59,488,3901,5,3,1,20,25,6,Electric
61,488,3902,6,1,1,15,30,6,Electric
49,488,3902,6,2,0,15,25,8,Hybrid
55,488,3902,6,3,0,15,20,6,Electric
69,488,3903,7,1,0,25,25,7,Electric
46,488,3903,7,2,0,15,20,8,Hybrid
45,488,3903,7,3,1,25,30,7,Hybrid
47,488,3904,8,1,0,20,20,8,Hybrid
10,488,3904,8,2,1,15,20,7,Gasoline
60,488,3904,8,3,0,25,25,6,Electric
8,489,3905,1,1,0,20,30,6,Gasoline
1,489,3905,1,2,0,15,20,6,Gasoline
79,489,3905,1,3,1,15,30,8,Electric
27,489,3906,2,1,0,25,30,8,Gasoline
22,489,3906,2,2,0,15,25,8,Gasoline
26,489,3906,2,3,1,20,30,8,Gasoline
5,489,3907,3,1,0,20,25,6,Gasoline
74,489,3907,3,2,1,20,20,8,Electric
42,489,3907,3,3,0,25,25,7,Hybrid
64,489,3908,4,1,1,15,20,7,Electric
50,489,3908,4,2,0,20,25,8,Hybrid
54,489,3908,4,3,0,25,30,8,Hybrid
10,489,3909,5,1,0,15,20,7,Gasoline
37,489,3909,5,2,1,15,20,7,Hybrid
33,489,3909,5,3,0,25,25,6,Hybrid
37,489,3910,6,1,0,15,20,7,Hybrid
25,489,3910,6,2,1,15,30,8,Gasoline
72,489,3910,6,3,0,25,30,7,Electric
43,489,3911,7,1,1,15,30,7,Hybrid
14,489,3911,7,2,0,20,25,7,Gasoline
63,489,3911,7,3,0,25,30,6,Electric
7,489,3912,8,1,1,15,30,6,Gasoline
21,489,3912,8,2,0,25,20,8,Gasoline
36,489,3912,8,3,0,25,30,6,Hybrid
34,490,3913,1,1,1,15,30,6,Hybrid
64,490,3913,1,2,0,15,20,7,Electric
3,490,3913,1,3,0,25,20,6,Gasoline
56,490,3914,2,1,0,20,20,6,Electric
80,490,3914,2,2,1,20,30,8,Electric
6,490,3914,2,3,0,25,25,6,Gasoline
71,490,3915,3,1,1,20,30,7,Electric
31,490,3915,3,2,0,15,25,6,Hybrid
75,490,3915,3,3,0,25,20,8,Electric
38,490,3916,4,1,0,20,20,7,Hybrid
54,490,3916,4,2,0,25,30,8,Hybrid
49,490,3916,4,3,1,15,25,8,Hybrid
16,490,3917,5,1,0,15,30,7,Gasoline
52,490,3917,5,2,1,15,30,8,Hybrid
8,490,3917,5,3,0,20,30,6,Gasoline
71,490,3918,6,1,0,20,30,7,Electric
56,490,3918,6,2,0,20,20,6,Electric
20,490,3918,6,3,1,20,20,8,Gasoline
19,490,3919,7,1,0,15,20,8,Gasoline
45,490,3919,7,2,1,25,30,7,Hybrid
55,490,3919,7,3,0,15,20,6,Electric
48,490,3920,8,1,0,25,20,8,Hybrid
80,490,3920,8,2,0,20,30,8,Electric
63,490,3920,8,3,1,25,30,6,Electric
40,491,3921,1,1,1,15,25,7,Hybrid
64,491,3921,1,2,0,15,20,7,Electric
70,491,3921,1,3,0,15,30,7,Electric
30,491,3922,2,1,0,25,20,6,Hybrid
52,491,3922,2,2,0,15,30,8,Hybrid
38,491,3922,2,3,1,20,20,7,Hybrid
14,491,3923,3,1,0,20,25,7,Gasoline
75,491,3923,3,2,0,25,20,8,Electric
18,491,3923,3,3,1,25,30,7,Gasoline
69,491,3924,4,1,0,25,25,7,Electric
42,491,3924,4,2,0,25,25,7,Hybrid
59,491,3924,4,3,1,20,25,6,Electric
45,491,3925,5,1,0,25,30,7,Hybrid
26,491,3925,5,2,0,20,30,8,Gasoline
49,491,3925,5,3,1,15,25,8,Hybrid
15,491,3926,6,1,0,25,25,7,Gasoline
72,491,3926,6,2,0,25,30,7,Electric
25,491,3926,6,3,1,15,30,8,Gasoline
61,491,3927,7,1,1,15,30,6,Electric
75,491,3927,7,2,0,25,20,8,Electric
19,491,3927,7,3,0,15,20,8,Gasoline
61,491,3928,8,1,1,15,30,6,Electric
2,491,3928,8,2,0,20,20,6,Gasoline
59,491,3928,8,3,0,20,25,6,Electric
31,492,3929,1,1,0,15,25,6,Hybrid
61,492,3929,1,2,1,15,30,6,Electric
42,492,3929,1,3,0,25,25,7,Hybrid
56,492,3930,2,1,1,20,20,6,Electric
38,492,3930,2,2,0,20,20,7,Hybrid
53,492,3930,2,3,0,20,30,8,Hybrid
11,492,3931,3,1,0,20,20,7,Gasoline
77,492,3931,3,2,0,20,25,8,Electric
62,492,3931,3,3,1,20,30,6,Electric
31,492,3932,4,1,1,15,25,6,Hybrid
37,492,3932,4,2,0,15,20,7,Hybrid
36,492,3932,4,3,0,25,30,6,Hybrid
15,492,3933,5,1,0,25,25,7,Gasoline
47,492,3933,5,2,0,20,20,8,Hybrid
32,492,3933,5,3,1,20,25,6,Hybrid
54,492,3934,6,1,1,25,30,8,Hybrid
42,492,3934,6,2,0,25,25,7,Hybrid
71,492,3934,6,3,0,20,30,7,Electric
48,492,3935,7,1,0,25,20,8,Hybrid
4,492,3935,7,2,0,15,25,6,Gasoline
16,492,3935,7,3,1,15,30,7,Gasoline
76,492,3936,8,1,1,15,25,8,Electric
60,492,3936,8,2,0,25,25,6,Electric
66,492,3936,8,3,0,25,20,7,Electric
56,493,3937,1,1,0,20,20,6,Electric
21,493,3937,1,2,0,25,20,8,Gasoline
58,493,3937,1,3,1,15,25,6,Electric
12,493,3938,2,1,0,25,20,7,Gasoline
73,493,3938,2,2,0,15,20,8,Electric
67,493,3938,2,3,1,15,25,7,Electric
8,493,3939,3,1,0,20,30,6,Gasoline
2,493,3939,3,2,1,20,20,6,Gasoline
66,493,3939,3,3,0,25,20,7,Electric
26,493,3940,4,1,1,20,30,8,Gasoline
59,493,3940,4,2,0,20,25,6,Electric
36,493,3940,4,3,0,25,30,6,Hybrid
14,493,3941,5,1,1,20,25,7,Gasoline
6,493,3941,5,2,0,25,25,6,Gasoline
55,493,3941,5,3,0,15,20,6,Electric
8,493,3942,6,1,0,20,30,6,Gasoline
72,493,3942,6,2,1,25,30,7,Electric
17,493,3942,6,3,0,20,30,7,Gasoline
18,493,3943,7,1,1,25,30,7,Gasoline
35,493,3943,7,2,0,20,30,6,Hybrid
32,493,3943,7,3,0,20,25,6,Hybrid
58,493,3944,8,1,1,15,25,6,Electric
36,493,3944,8,2,0,25,30,6,Hybrid
56,493,3944,8,3,0,20,20,6,Electric
16,494,3945,1,1,0,15,30,7,Gasoline
80,494,3945,1,2,0,20,30,8,Electric
1,494,3945,1,3,1,15,20,6,Gasoline
16,494,3946,2,1,1,15,30,7,Gasoline
79,494,3946,2,2,0,15,30,8,Electric
32,494,3946,2,3,0,20,25,6,Hybrid
17,494,3947,3,1,0,20,30,7,Gasoline
32,494,3947,3,2,0,20,25,6,Hybrid
28,494,3947,3,3,1,15,20,6,Hybrid
14,494,3948,4,1,1,20,25,7,Gasoline
7,494,3948,4,2,0,15,30,6,Gasoline
52,494,3948,4,3,0,15,30,8,Hybrid
56,494,3949,5,1,0,20,20,6,Electric
15,494,3949,5,2,1,25,25,7,Gasoline
42,494,3949,5,3,0,25,25,7,Hybrid
8,494,3950,6,1,1,20,30,6,Gasoline
48,494,3950,6,2,0,25,20,8,Hybrid
71,494,3950,6,3,0,20,30,7,Electric
68,494,3951,7,1,1,20,25,7,Electric
53,494,3951,7,2,0,20,30,8,Hybrid
24,494,3951,7,3,0,25,25,8,Gasoline
12,494,3952,8,1,0,25,20,7,Gasoline
28,494,3952,8,2,1,15,20,6,Hybrid
21,494,3952,8,3,0,25,20,8,Gasoline
73,495,3953,1,1,0,15,20,8,Electric
76,495,3953,1,2,0,15,25,8,Electric
17,495,3953,1,3,1,20,30,7,Gasoline
46,495,3954,2,1,1,15,20,8,Hybrid
18,495,3954,2,2,0,25,30,7,Gasoline
34,495,3954,2,3,0,15,30,6,Hybrid
76,495,3955,3,1,1,15,25,8,Electric
20,495,3955,3,2,0,20,20,8,Gasoline
35,495,3955,3,3,0,20,30,6,Hybrid
36,495,3956,4,1,1,25,30,6,Hybrid
54,495,3956,4,2,0,25,30,8,Hybrid
27,495,3956,4,3,0,25,30,8,Gasoline
50,495,3957,5,1,0,20,25,8,Hybrid
55,495,3957,5,2,0,15,20,6,Electric
46,495,3957,5,3,1,15,20,8,Hybrid
46,495,3958,6,1,1,15,20,8,Hybrid
18,495,3958,6,2,0,25,30,7,Gasoline
47,495,3958,6,3,0,20,20,8,Hybrid
7,495,3959,7,1,1,15,30,6,Gasoline
60,495,3959,7,2,0,25,25,6,Electric
74,495,3959,7,3,0,20,20,8,Electric
40,495,3960,8,1,1,15,25,7,Hybrid
75,495,3960,8,2,0,25,20,8,Electric
6,495,3960,8,3,0,25,25,6,Gasoline
21,496,3961,1,1,1,25,20,8,Gasoline
8,496,3961,1,2,0,20,30,6,Gasoline
9,496,3961,1,3,0,25,30,6,Gasoline
53,496,3962,2,1,1,20,30,8,Hybrid
45,496,3962,2,2,0,25,30,7,Hybrid
12,496,3962,2,3,0,25,20,7,Gasoline
58,496,3963,3,1,0,15,25,6,Electric
47,496,3963,3,2,1,20,20,8,Hybrid
62,496,3963,3,3,0,20,30,6,Electric
23,496,3964,4,1,1,20,25,8,Gasoline
51,496,3964,4,2,0,25,25,8,Hybrid
25,496,3964,4,3,0,15,30,8,Gasoline
25,496,3965,5,1,1,15,30,8,Gasoline
7,496,3965,5,2,0,15,30,6,Gasoline
20,496,3965,5,3,0,20,20,8,Gasoline
36,496,3966,6,1,0,25,30,6,Hybrid
66,496,3966,6,2,0,25,20,7,Electric
80,496,3966,6,3,1,20,30,8,Electric
26,496,3967,7,1,1,20,30,8,Gasoline
50,496,3967,7,2,0,20,25,8,Hybrid
64,496,3967,7,3,0,15,20,7,Electric
23,496,3968,8,1,0,20,25,8,Gasoline
59,496,3968,8,2,1,20,25,6,Electric
79,496,3968,8,3,0,15,30,8,Electric
27,497,3969,1,1,0,25,30,8,Gasoline
49,497,3969,1,2,1,15,25,8,Hybrid
71,497,3969,1,3,0,20,30,7,Electric
43,497,3970,2,1,0,15,30,7,Hybrid
37,497,3970,2,2,1,15,20,7,Hybrid
66,497,3970,2,3,0,25,20,7,Electric
12,497,3971,3,1,0,25,20,7,Gasoline
75,497,3971,3,2,0,25,20,8,Electric
19,497,3971,3,3,1,15,20,8,Gasoline
49,497,3972,4,1,1,15,25,8,Hybrid
77,497,3972,4,2,0,20,25,8,Electric
61,497,3972,4,3,0,15,30,6,Electric
2,497,3973,5,1,1,20,20,6,Gasoline
79,497,3973,5,2,0,15,30,8,Electric
17,497,3973,5,3,0,20,30,7,Gasoline
61,497,3974,6,1,0,15,30,6,Electric
25,497,3974,6,2,0,15,30,8,Gasoline
65,497,3974,6,3,1,20,20,7,Electric
32,497,3975,7,1,0,20,25,6,Hybrid
50,497,3975,7,2,1,20,25,8,Hybrid
33,497,3975,7,3,0,25,25,6,Hybrid
2,497,3976,8,1,1,20,20,6,Gasoline
47,497,3976,8,2,0,20,20,8,Hybrid
78,497,3976,8,3,0,25,25,8,Electric
77,498,3977,1,1,0,20,25,8,Electric
6,498,3977,1,2,0,25,25,6,Gasoline
5,498,3977,1,3,1,20,25,6,Gasoline
75,498,3978,2,1,0,25,20,8,Electric
29,498,3978,2,2,1,20,20,6,Hybrid
7,498,3978,2,3,0,15,30,6,Gasoline
45,498,3979,3,1,1,25,30,7,Hybrid
56,498,3979,3,2,0,20,20,6,Electric
57,498,3979,3,3,0,25,20,6,Electric
29,498,3980,4,1,1,20,20,6,Hybrid
71,498,3980,4,2,0,20,30,7,Electric
72,498,3980,4,3,0,25,30,7,Electric
60,498,3981,5,1,0,25,25,6,Electric
67,498,3981,5,2,0,15,25,7,Electric
53,498,3981,5,3,1,20,30,8,Hybrid
28,498,3982,6,1,1,15,20,6,Hybrid
39,498,3982,6,2,0,25,20,7,Hybrid
66,498,3982,6,3,0,25,20,7,Electric
62,498,3983,7,1,1,20,30,6,Electric
77,498,3983,7,2,0,20,25,8,Electric
69,498,3983,7,3,0,25,25,7,Electric
36,498,3984,8,1,0,25,30,6,Hybrid
71,498,3984,8,2,1,20,30,7,Electric
28,498,3984,8,3,0,15,20,6,Hybrid
8,499,3985,1,1,1,20,30,6,Gasoline
71,499,3985,1,2,0,20,30,7,Electric
23,499,3985,1,3,0,20,25,8,Gasoline
63,499,3986,2,1,0,25,30,6,Electric
2,499,3986,2,2,1,20,20,6,Gasoline
30,499,3986,2,3,0,25,20,6,Hybrid
20,499,3987,3,1,0,20,20,8,Gasoline
2,499,3987,3,2,0,20,20,6,Gasoline
37,499,3987,3,3,1,15,20,7,Hybrid
73,499,3988,4,1,0,15,20,8,Electric
22,499,3988,4,2,1,15,25,8,Gasoline
51,499,3988,4,3,0,25,25,8,Hybrid
10,499,3989,5,1,1,15,20,7,Gasoline
70,499,3989,5,2,0,15,30,7,Electric
39,499,3989,5,3,0,25,20,7,Hybrid
23,499,3990,6,1,1,20,25,8,Gasoline
58,499,3990,6,2,0,15,25,6,Electric
36,499,3990,6,3,0,25,30,6,Hybrid
15,499,3991,7,1,0,25,25,7,Gasoline
34,499,3991,7,2,1,15,30,6,Hybrid
78,499,3991,7,3,0,25,25,8,Electric
40,499,3992,8,1,1,15,25,7,Hybrid
37,499,3992,8,2,0,15,20,7,Hybrid
48,499,3992,8,3,0,25,20,8,Hybrid
4,500,3993,1,1,1,15,25,6,Gasoline
48,500,3993,1,2,0,25,20,8,Hybrid
28,500,3993,1,3,0,15,20,6,Hybrid
31,500,3994,2,1,1,15,25,6,Hybrid
64,500,3994,2,2,0,15,20,7,Electric
44,500,3994,2,3,0,20,30,7,Hybrid
28,500,3995,3,1,1,15,20,6,Hybrid
26,500,3995,3,2,0,20,30,8,Gasoline
33,500,3995,3,3,0,25,25,6,Hybrid
8,500,3996,4,1,1,20,30,6,Gasoline
33,500,3996,4,2,0,25,25,6,Hybrid
74,500,3996,4,3,0,20,20,8,Electric
13,500,3997,5,1,1,15,25,7,Gasoline
61,500,3997,5,2,0,15,30,6,Electric
80,500,3997,5,3,0,20,30,8,Electric
18,500,3998,6,1,0,25,30,7,Gasoline
24,500,3998,6,2,0,25,25,8,Gasoline
52,500,3998,6,3,1,15,30,8,Hybrid
39,500,3999,7,1,1,25,20,7,Hybrid
30,500,3999,7,2,0,25,20,6,Hybrid
76,500,3999,7,3,0,15,25,8,Electric
77,500,4000,8,1,0,20,25,8,Electric
34,500,4000,8,2,1,15,30,6,Hybrid
51,500,4000,8,3,0,25,25,8,Hybrid
