profileID,respID,obsID,qID,altID,choice,price,fuelEconomy,accelTime,powertrain,no_choice
46,1,1,1,1,1,15,20,8,Hybrid,0
66,1,1,1,2,0,25,20,7,Electric,0
14,1,1,1,3,0,20,25,7,Gasoline,0
0,1,1,1,4,0,NA,NA,NA,NA,1
11,1,2,2,1,0,20,20,7,Gasoline,0
57,1,2,2,2,0,25,20,6,Electric,0
45,1,2,2,3,0,25,30,7,Hybrid,0
0,1,2,2,4,1,NA,NA,NA,NA,1
69,1,3,3,1,0,25,25,7,Electric,0
73,1,3,3,2,1,15,20,8,Electric,0
55,1,3,3,3,0,15,20,6,Electric,0
0,1,3,3,4,0,NA,NA,NA,NA,1
22,1,4,4,1,1,15,25,8,Gasoline,0
42,1,4,4,2,0,25,25,7,Hybrid,0
73,1,4,4,3,0,15,20,8,Electric,0
0,1,4,4,4,0,NA,NA,NA,NA,1
59,1,5,5,1,0,20,25,6,Electric,0
47,1,5,5,2,0,20,20,8,Hybrid,0
32,1,5,5,3,1,20,25,6,Hybrid,0
0,1,5,5,4,0,NA,NA,NA,NA,1
58,1,6,6,1,0,15,25,6,Electric,0
18,1,6,6,2,0,25,30,7,Gasoline,0
52,1,6,6,3,1,15,30,8,Hybrid,0
0,1,6,6,4,0,NA,NA,NA,NA,1
64,1,7,7,1,1,15,20,7,Electric,0
48,1,7,7,2,0,25,20,8,Hybrid,0
72,1,7,7,3,0,25,30,7,Electric,0
0,1,7,7,4,0,NA,NA,NA,NA,1
67,1,8,8,1,0,15,25,7,Electric,0
16,1,8,8,2,1,15,30,7,Gasoline,0
80,1,8,8,3,0,20,30,8,Electric,0
0,1,8,8,4,0,NA,NA,NA,NA,1
76,2,9,1,1,0,15,25,8,Electric,0
1,2,9,1,2,0,15,20,6,Gasoline,0
34,2,9,1,3,1,15,30,6,Hybrid,0
0,2,9,1,4,0,NA,NA,NA,NA,1
48,2,10,2,1,0,25,20,8,Hybrid,0
37,2,10,2,2,1,15,20,7,Hybrid,0
61,2,10,2,3,0,15,30,6,Electric,0
0,2,10,2,4,0,NA,NA,NA,NA,1
31,2,11,3,1,1,15,25,6,Hybrid,0
8,2,11,3,2,0,20,30,6,Gasoline,0
45,2,11,3,3,0,25,30,7,Hybrid,0
0,2,11,3,4,0,NA,NA,NA,NA,1
72,2,12,4,1,0,25,30,7,Electric,0
31,2,12,4,2,1,15,25,6,Hybrid,0
71,2,12,4,3,0,20,30,7,Electric,0
0,2,12,4,4,0,NA,NA,NA,NA,1
43,2,13,5,1,1,15,30,7,Hybrid,0
38,2,13,5,2,0,20,20,7,Hybrid,0
27,2,13,5,3,0,25,30,8,Gasoline,0
0,2,13,5,4,0,NA,NA,NA,NA,1
65,2,14,6,1,0,20,20,7,Electric,0
16,2,14,6,2,0,15,30,7,Gasoline,0
13,2,14,6,3,1,15,25,7,Gasoline,0
0,2,14,6,4,0,NA,NA,NA,NA,1
25,2,15,7,1,1,15,30,8,Gasoline,0
38,2,15,7,2,0,20,20,7,Hybrid,0
14,2,15,7,3,0,20,25,7,Gasoline,0
0,2,15,7,4,0,NA,NA,NA,NA,1
20,2,16,8,1,0,20,20,8,Gasoline,0
37,2,16,8,2,1,15,20,7,Hybrid,0
1,2,16,8,3,0,15,20,6,Gasoline,0
0,2,16,8,4,0,NA,NA,NA,NA,1
33,3,17,1,1,0,25,25,6,Hybrid,0
7,3,17,1,2,1,15,30,6,Gasoline,0
63,3,17,1,3,0,25,30,6,Electric,0
0,3,17,1,4,0,NA,NA,NA,NA,1
19,3,18,2,1,1,15,20,8,Gasoline,0
24,3,18,2,2,0,25,25,8,Gasoline,0
4,3,18,2,3,0,15,25,6,Gasoline,0
0,3,18,2,4,0,NA,NA,NA,NA,1
32,3,19,3,1,0,20,25,6,Hybrid,0
78,3,19,3,2,0,25,25,8,Electric,0
22,3,19,3,3,1,15,25,8,Gasoline,0
0,3,19,3,4,0,NA,NA,NA,NA,1
2,3,20,4,1,0,20,20,6,Gasoline,0
79,3,20,4,2,1,15,30,8,Electric,0
36,3,20,4,3,0,25,30,6,Hybrid,0
0,3,20,4,4,0,NA,NA,NA,NA,1
54,3,21,5,1,0,25,30,8,Hybrid,0
59,3,21,5,2,0,20,25,6,Electric,0
49,3,21,5,3,1,15,25,8,Hybrid,0
0,3,21,5,4,0,NA,NA,NA,NA,1
33,3,22,6,1,1,25,25,6,Hybrid,0
76,3,22,6,2,0,15,25,8,Electric,0
81,3,22,6,3,0,25,30,8,Electric,0
0,3,22,6,4,0,NA,NA,NA,NA,1
19,3,23,7,1,1,15,20,8,Gasoline,0
20,3,23,7,2,0,20,20,8,Gasoline,0
21,3,23,7,3,0,25,20,8,Gasoline,0
0,3,23,7,4,0,NA,NA,NA,NA,1
62,3,24,8,1,0,20,30,6,Electric,0
22,3,24,8,2,1,15,25,8,Gasoline,0
50,3,24,8,3,0,20,25,8,Hybrid,0
0,3,24,8,4,0,NA,NA,NA,NA,1
75,4,25,1,1,0,25,20,8,Electric,0
48,4,25,1,2,0,25,20,8,Hybrid,0
16,4,25,1,3,1,15,30,7,Gasoline,0
0,4,25,1,4,0,NA,NA,NA,NA,1
5,4,26,2,1,0,20,25,6,Gasoline,0
41,4,26,2,2,1,20,25,7,Hybrid,0
75,4,26,2,3,0,25,20,8,Electric,0
0,4,26,2,4,0,NA,NA,NA,NA,1
78,4,27,3,1,0,25,25,8,Electric,0
53,4,27,3,2,0,20,30,8,Hybrid,0
26,4,27,3,3,1,20,30,8,Gasoline,0
0,4,27,3,4,0,NA,NA,NA,NA,1
34,4,28,4,1,1,15,30,6,Hybrid,0
67,4,28,4,2,0,15,25,7,Electric,0
80,4,28,4,3,0,20,30,8,Electric,0
0,4,28,4,4,0,NA,NA,NA,NA,1
41,4,29,5,1,1,20,25,7,Hybrid,0
67,4,29,5,2,0,15,25,7,Electric,0
57,4,29,5,3,0,25,20,6,Electric,0
0,4,29,5,4,0,NA,NA,NA,NA,1
2,4,30,6,1,1,20,20,6,Gasoline,0
48,4,30,6,2,0,25,20,8,Hybrid,0
41,4,30,6,3,0,20,25,7,Hybrid,0
0,4,30,6,4,0,NA,NA,NA,NA,1
78,4,31,7,1,0,25,25,8,Electric,0
14,4,31,7,2,1,20,25,7,Gasoline,0
66,4,31,7,3,0,25,20,7,Electric,0
0,4,31,7,4,0,NA,NA,NA,NA,1
5,4,32,8,1,0,20,25,6,Gasoline,0
7,4,32,8,2,1,15,30,6,Gasoline,0
62,4,32,8,3,0,20,30,6,Electric,0
0,4,32,8,4,0,NA,NA,NA,NA,1
41,5,33,1,1,1,20,25,7,Hybrid,0
32,5,33,1,2,0,20,25,6,Hybrid,0
6,5,33,1,3,0,25,25,6,Gasoline,0
0,5,33,1,4,0,NA,NA,NA,NA,1
13,5,34,2,1,0,15,25,7,Gasoline,0
23,5,34,2,2,0,20,25,8,Gasoline,0
34,5,34,2,3,1,15,30,6,Hybrid,0
0,5,34,2,4,0,NA,NA,NA,NA,1
63,5,35,3,1,0,25,30,6,Electric,0
24,5,35,3,2,0,25,25,8,Gasoline,0
68,5,35,3,3,0,20,25,7,Electric,0
0,5,35,3,4,1,NA,NA,NA,NA,1
64,5,36,4,1,0,15,20,7,Electric,0
80,5,36,4,2,0,20,30,8,Electric,0
18,5,36,4,3,1,25,30,7,Gasoline,0
0,5,36,4,4,0,NA,NA,NA,NA,1
53,5,37,5,1,1,20,30,8,Hybrid,0
30,5,37,5,2,0,25,20,6,Hybrid,0
9,5,37,5,3,0,25,30,6,Gasoline,0
0,5,37,5,4,0,NA,NA,NA,NA,1
78,5,38,6,1,0,25,25,8,Electric,0
14,5,38,6,2,1,20,25,7,Gasoline,0
73,5,38,6,3,0,15,20,8,Electric,0
0,5,38,6,4,0,NA,NA,NA,NA,1
33,5,39,7,1,0,25,25,6,Hybrid,0
43,5,39,7,2,1,15,30,7,Hybrid,0
17,5,39,7,3,0,20,30,7,Gasoline,0
0,5,39,7,4,0,NA,NA,NA,NA,1
58,5,40,8,1,1,15,25,6,Electric,0
36,5,40,8,2,0,25,30,6,Hybrid,0
15,5,40,8,3,0,25,25,7,Gasoline,0
0,5,40,8,4,0,NA,NA,NA,NA,1
80,6,41,1,1,1,20,30,8,Electric,0
6,6,41,1,2,0,25,25,6,Gasoline,0
39,6,41,1,3,0,25,20,7,Hybrid,0
0,6,41,1,4,0,NA,NA,NA,NA,1
3,6,42,2,1,0,25,20,6,Gasoline,0
70,6,42,2,2,0,15,30,7,Electric,0
11,6,42,2,3,1,20,20,7,Gasoline,0
0,6,42,2,4,0,NA,NA,NA,NA,1
23,6,43,3,1,0,20,25,8,Gasoline,0
28,6,43,3,2,1,15,20,6,Hybrid,0
66,6,43,3,3,0,25,20,7,Electric,0
0,6,43,3,4,0,NA,NA,NA,NA,1
48,6,44,4,1,0,25,20,8,Hybrid,0
18,6,44,4,2,0,25,30,7,Gasoline,0
35,6,44,4,3,1,20,30,6,Hybrid,0
0,6,44,4,4,0,NA,NA,NA,NA,1
61,6,45,5,1,1,15,30,6,Electric,0
67,6,45,5,2,0,15,25,7,Electric,0
77,6,45,5,3,0,20,25,8,Electric,0
0,6,45,5,4,0,NA,NA,NA,NA,1
7,6,46,6,1,0,15,30,6,Gasoline,0
4,6,46,6,2,1,15,25,6,Gasoline,0
51,6,46,6,3,0,25,25,8,Hybrid,0
0,6,46,6,4,0,NA,NA,NA,NA,1
57,6,47,7,1,0,25,20,6,Electric,0
7,6,47,7,2,1,15,30,6,Gasoline,0
77,6,47,7,3,0,20,25,8,Electric,0
0,6,47,7,4,0,NA,NA,NA,NA,1
73,6,48,8,1,0,15,20,8,Electric,0
56,6,48,8,2,0,20,20,6,Electric,0
46,6,48,8,3,1,15,20,8,Hybrid,0
0,6,48,8,4,0,NA,NA,NA,NA,1
39,7,49,1,1,0,25,20,7,Hybrid,0
1,7,49,1,2,1,15,20,6,Gasoline,0
64,7,49,1,3,0,15,20,7,Electric,0
0,7,49,1,4,0,NA,NA,NA,NA,1
35,7,50,2,1,0,20,30,6,Hybrid,0
22,7,50,2,2,0,15,25,8,Gasoline,0
13,7,50,2,3,1,15,25,7,Gasoline,0
0,7,50,2,4,0,NA,NA,NA,NA,1
26,7,51,3,1,0,20,30,8,Gasoline,0
29,7,51,3,2,1,20,20,6,Hybrid,0
23,7,51,3,3,0,20,25,8,Gasoline,0
0,7,51,3,4,0,NA,NA,NA,NA,1
79,7,52,4,1,0,15,30,8,Electric,0
61,7,52,4,2,0,15,30,6,Electric,0
37,7,52,4,3,1,15,20,7,Hybrid,0
0,7,52,4,4,0,NA,NA,NA,NA,1
53,7,53,5,1,1,20,30,8,Hybrid,0
75,7,53,5,2,0,25,20,8,Electric,0
33,7,53,5,3,0,25,25,6,Hybrid,0
0,7,53,5,4,0,NA,NA,NA,NA,1
42,7,54,6,1,0,25,25,7,Hybrid,0
67,7,54,6,2,1,15,25,7,Electric,0
77,7,54,6,3,0,20,25,8,Electric,0
0,7,54,6,4,0,NA,NA,NA,NA,1
48,7,55,7,1,0,25,20,8,Hybrid,0
80,7,55,7,2,0,20,30,8,Electric,0
51,7,55,7,3,0,25,25,8,Hybrid,0
0,7,55,7,4,1,NA,NA,NA,NA,1
15,7,56,8,1,0,25,25,7,Gasoline,0
4,7,56,8,2,1,15,25,6,Gasoline,0
70,7,56,8,3,0,15,30,7,Electric,0
0,7,56,8,4,0,NA,NA,NA,NA,1
52,8,57,1,1,0,15,30,8,Hybrid,0
38,8,57,1,2,0,20,20,7,Hybrid,0
13,8,57,1,3,1,15,25,7,Gasoline,0
0,8,57,1,4,0,NA,NA,NA,NA,1
35,8,58,2,1,1,20,30,6,Hybrid,0
76,8,58,2,2,0,15,25,8,Electric,0
18,8,58,2,3,0,25,30,7,Gasoline,0
0,8,58,2,4,0,NA,NA,NA,NA,1
27,8,59,3,1,0,25,30,8,Gasoline,0
51,8,59,3,2,0,25,25,8,Hybrid,0
21,8,59,3,3,0,25,20,8,Gasoline,0
0,8,59,3,4,1,NA,NA,NA,NA,1
41,8,60,4,1,0,20,25,7,Hybrid,0
4,8,60,4,2,1,15,25,6,Gasoline,0
51,8,60,4,3,0,25,25,8,Hybrid,0
0,8,60,4,4,0,NA,NA,NA,NA,1
40,8,61,5,1,1,15,25,7,Hybrid,0
64,8,61,5,2,0,15,20,7,Electric,0
50,8,61,5,3,0,20,25,8,Hybrid,0
0,8,61,5,4,0,NA,NA,NA,NA,1
71,8,62,6,1,0,20,30,7,Electric,0
81,8,62,6,2,0,25,30,8,Electric,0
65,8,62,6,3,0,20,20,7,Electric,0
0,8,62,6,4,1,NA,NA,NA,NA,1
49,8,63,7,1,1,15,25,8,Hybrid,0
45,8,63,7,2,0,25,30,7,Hybrid,0
50,8,63,7,3,0,20,25,8,Hybrid,0
0,8,63,7,4,0,NA,NA,NA,NA,1
3,8,64,8,1,0,25,20,6,Gasoline,0
4,8,64,8,2,1,15,25,6,Gasoline,0
33,8,64,8,3,0,25,25,6,Hybrid,0
0,8,64,8,4,0,NA,NA,NA,NA,1
47,9,65,1,1,0,20,20,8,Hybrid,0
27,9,65,1,2,0,25,30,8,Gasoline,0
35,9,65,1,3,1,20,30,6,Hybrid,0
0,9,65,1,4,0,NA,NA,NA,NA,1
5,9,66,2,1,1,20,25,6,Gasoline,0
24,9,66,2,2,0,25,25,8,Gasoline,0
75,9,66,2,3,0,25,20,8,Electric,0
0,9,66,2,4,0,NA,NA,NA,NA,1
10,9,67,3,1,0,15,20,7,Gasoline,0
16,9,67,3,2,1,15,30,7,Gasoline,0
57,9,67,3,3,0,25,20,6,Electric,0
0,9,67,3,4,0,NA,NA,NA,NA,1
54,9,68,4,1,0,25,30,8,Hybrid,0
3,9,68,4,2,0,25,20,6,Gasoline,0
49,9,68,4,3,1,15,25,8,Hybrid,0
0,9,68,4,4,0,NA,NA,NA,NA,1
65,9,69,5,1,0,20,20,7,Electric,0
49,9,69,5,2,1,15,25,8,Hybrid,0
14,9,69,5,3,0,20,25,7,Gasoline,0
0,9,69,5,4,0,NA,NA,NA,NA,1
49,9,70,6,1,1,15,25,8,Hybrid,0
67,9,70,6,2,0,15,25,7,Electric,0
57,9,70,6,3,0,25,20,6,Electric,0
0,9,70,6,4,0,NA,NA,NA,NA,1
75,9,71,7,1,0,25,20,8,Electric,0
56,9,71,7,2,0,20,20,6,Electric,0
42,9,71,7,3,0,25,25,7,Hybrid,0
0,9,71,7,4,1,NA,NA,NA,NA,1
13,9,72,8,1,1,15,25,7,Gasoline,0
6,9,72,8,2,0,25,25,6,Gasoline,0
38,9,72,8,3,0,20,20,7,Hybrid,0
0,9,72,8,4,0,NA,NA,NA,NA,1
77,10,73,1,1,0,20,25,8,Electric,0
66,10,73,1,2,0,25,20,7,Electric,0
54,10,73,1,3,0,25,30,8,Hybrid,0
0,10,73,1,4,1,NA,NA,NA,NA,1
18,10,74,2,1,0,25,30,7,Gasoline,0
7,10,74,2,2,1,15,30,6,Gasoline,0
34,10,74,2,3,0,15,30,6,Hybrid,0
0,10,74,2,4,0,NA,NA,NA,NA,1
69,10,75,3,1,0,25,25,7,Electric,0
34,10,75,3,2,1,15,30,6,Hybrid,0
61,10,75,3,3,0,15,30,6,Electric,0
0,10,75,3,4,0,NA,NA,NA,NA,1
57,10,76,4,1,0,25,20,6,Electric,0
43,10,76,4,2,1,15,30,7,Hybrid,0
14,10,76,4,3,0,20,25,7,Gasoline,0
0,10,76,4,4,0,NA,NA,NA,NA,1
2,10,77,5,1,1,20,20,6,Gasoline,0
36,10,77,5,2,0,25,30,6,Hybrid,0
66,10,77,5,3,0,25,20,7,Electric,0
0,10,77,5,4,0,NA,NA,NA,NA,1
50,10,78,6,1,0,20,25,8,Hybrid,0
49,10,78,6,2,1,15,25,8,Hybrid,0
41,10,78,6,3,0,20,25,7,Hybrid,0
0,10,78,6,4,0,NA,NA,NA,NA,1
34,10,79,7,1,1,15,30,6,Hybrid,0
16,10,79,7,2,0,15,30,7,Gasoline,0
78,10,79,7,3,0,25,25,8,Electric,0
0,10,79,7,4,0,NA,NA,NA,NA,1
55,10,80,8,1,0,15,20,6,Electric,0
76,10,80,8,2,1,15,25,8,Electric,0
53,10,80,8,3,0,20,30,8,Hybrid,0
0,10,80,8,4,0,NA,NA,NA,NA,1
37,11,81,1,1,1,15,20,7,Hybrid,0
12,11,81,1,2,0,25,20,7,Gasoline,0
68,11,81,1,3,0,20,25,7,Electric,0
0,11,81,1,4,0,NA,NA,NA,NA,1
18,11,82,2,1,0,25,30,7,Gasoline,0
25,11,82,2,2,1,15,30,8,Gasoline,0
40,11,82,2,3,0,15,25,7,Hybrid,0
0,11,82,2,4,0,NA,NA,NA,NA,1
78,11,83,3,1,0,25,25,8,Electric,0
48,11,83,3,2,0,25,20,8,Hybrid,0
68,11,83,3,3,0,20,25,7,Electric,0
0,11,83,3,4,1,NA,NA,NA,NA,1
40,11,84,4,1,1,15,25,7,Hybrid,0
53,11,84,4,2,0,20,30,8,Hybrid,0
38,11,84,4,3,0,20,20,7,Hybrid,0
0,11,84,4,4,0,NA,NA,NA,NA,1
50,11,85,5,1,0,20,25,8,Hybrid,0
74,11,85,5,2,0,20,20,8,Electric,0
41,11,85,5,3,1,20,25,7,Hybrid,0
0,11,85,5,4,0,NA,NA,NA,NA,1
52,11,86,6,1,0,15,30,8,Hybrid,0
45,11,86,6,2,0,25,30,7,Hybrid,0
25,11,86,6,3,1,15,30,8,Gasoline,0
0,11,86,6,4,0,NA,NA,NA,NA,1
52,11,87,7,1,1,15,30,8,Hybrid,0
9,11,87,7,2,0,25,30,6,Gasoline,0
75,11,87,7,3,0,25,20,8,Electric,0
0,11,87,7,4,0,NA,NA,NA,NA,1
75,11,88,8,1,0,25,20,8,Electric,0
48,11,88,8,2,0,25,20,8,Hybrid,0
57,11,88,8,3,0,25,20,6,Electric,0
0,11,88,8,4,1,NA,NA,NA,NA,1
29,12,89,1,1,1,20,20,6,Hybrid,0
14,12,89,1,2,0,20,25,7,Gasoline,0
57,12,89,1,3,0,25,20,6,Electric,0
0,12,89,1,4,0,NA,NA,NA,NA,1
14,12,90,2,1,0,20,25,7,Gasoline,0
43,12,90,2,2,1,15,30,7,Hybrid,0
33,12,90,2,3,0,25,25,6,Hybrid,0
0,12,90,2,4,0,NA,NA,NA,NA,1
74,12,91,3,1,0,20,20,8,Electric,0
60,12,91,3,2,0,25,25,6,Electric,0
28,12,91,3,3,1,15,20,6,Hybrid,0
0,12,91,3,4,0,NA,NA,NA,NA,1
45,12,92,4,1,0,25,30,7,Hybrid,0
30,12,92,4,2,0,25,20,6,Hybrid,0
2,12,92,4,3,1,20,20,6,Gasoline,0
0,12,92,4,4,0,NA,NA,NA,NA,1
22,12,93,5,1,1,15,25,8,Gasoline,0
74,12,93,5,2,0,20,20,8,Electric,0
20,12,93,5,3,0,20,20,8,Gasoline,0
0,12,93,5,4,0,NA,NA,NA,NA,1
29,12,94,6,1,1,20,20,6,Hybrid,0
75,12,94,6,2,0,25,20,8,Electric,0
15,12,94,6,3,0,25,25,7,Gasoline,0
0,12,94,6,4,0,NA,NA,NA,NA,1
75,12,95,7,1,0,25,20,8,Electric,0
47,12,95,7,2,0,20,20,8,Hybrid,0
11,12,95,7,3,1,20,20,7,Gasoline,0
0,12,95,7,4,0,NA,NA,NA,NA,1
53,12,96,8,1,1,20,30,8,Hybrid,0
79,12,96,8,2,0,15,30,8,Electric,0
70,12,96,8,3,0,15,30,7,Electric,0
0,12,96,8,4,0,NA,NA,NA,NA,1
12,13,97,1,1,0,25,20,7,Gasoline,0
45,13,97,1,2,0,25,30,7,Hybrid,0
40,13,97,1,3,1,15,25,7,Hybrid,0
0,13,97,1,4,0,NA,NA,NA,NA,1
37,13,98,2,1,1,15,20,7,Hybrid,0
54,13,98,2,2,0,25,30,8,Hybrid,0
13,13,98,2,3,0,15,25,7,Gasoline,0
0,13,98,2,4,0,NA,NA,NA,NA,1
29,13,99,3,1,0,20,20,6,Hybrid,0
6,13,99,3,2,0,25,25,6,Gasoline,0
43,13,99,3,3,1,15,30,7,Hybrid,0
0,13,99,3,4,0,NA,NA,NA,NA,1
42,13,100,4,1,1,25,25,7,Hybrid,0
72,13,100,4,2,0,25,30,7,Electric,0
51,13,100,4,3,0,25,25,8,Hybrid,0
0,13,100,4,4,0,NA,NA,NA,NA,1
80,13,101,5,1,0,20,30,8,Electric,0
25,13,101,5,2,1,15,30,8,Gasoline,0
75,13,101,5,3,0,25,20,8,Electric,0
0,13,101,5,4,0,NA,NA,NA,NA,1
28,13,102,6,1,1,15,20,6,Hybrid,0
69,13,102,6,2,0,25,25,7,Electric,0
47,13,102,6,3,0,20,20,8,Hybrid,0
0,13,102,6,4,0,NA,NA,NA,NA,1
48,13,103,7,1,0,25,20,8,Hybrid,0
69,13,103,7,2,0,25,25,7,Electric,0
56,13,103,7,3,0,20,20,6,Electric,0
0,13,103,7,4,1,NA,NA,NA,NA,1
11,13,104,8,1,1,20,20,7,Gasoline,0
69,13,104,8,2,0,25,25,7,Electric,0
9,13,104,8,3,0,25,30,6,Gasoline,0
0,13,104,8,4,0,NA,NA,NA,NA,1
62,14,105,1,1,0,20,30,6,Electric,0
8,14,105,1,2,0,20,30,6,Gasoline,0
22,14,105,1,3,1,15,25,8,Gasoline,0
0,14,105,1,4,0,NA,NA,NA,NA,1
19,14,106,2,1,0,15,20,8,Gasoline,0
11,14,106,2,2,0,20,20,7,Gasoline,0
25,14,106,2,3,1,15,30,8,Gasoline,0
0,14,106,2,4,0,NA,NA,NA,NA,1
8,14,107,3,1,1,20,30,6,Gasoline,0
76,14,107,3,2,0,15,25,8,Electric,0
12,14,107,3,3,0,25,20,7,Gasoline,0
0,14,107,3,4,0,NA,NA,NA,NA,1
79,14,108,4,1,0,15,30,8,Electric,0
67,14,108,4,2,1,15,25,7,Electric,0
15,14,108,4,3,0,25,25,7,Gasoline,0
0,14,108,4,4,0,NA,NA,NA,NA,1
80,14,109,5,1,0,20,30,8,Electric,0
33,14,109,5,2,0,25,25,6,Hybrid,0
26,14,109,5,3,0,20,30,8,Gasoline,0
0,14,109,5,4,1,NA,NA,NA,NA,1
80,14,110,6,1,0,20,30,8,Electric,0
66,14,110,6,2,0,25,20,7,Electric,0
65,14,110,6,3,0,20,20,7,Electric,0
0,14,110,6,4,1,NA,NA,NA,NA,1
12,14,111,7,1,0,25,20,7,Gasoline,0
10,14,111,7,2,1,15,20,7,Gasoline,0
9,14,111,7,3,0,25,30,6,Gasoline,0
0,14,111,7,4,0,NA,NA,NA,NA,1
36,14,112,8,1,0,25,30,6,Hybrid,0
55,14,112,8,2,1,15,20,6,Electric,0
45,14,112,8,3,0,25,30,7,Hybrid,0
0,14,112,8,4,0,NA,NA,NA,NA,1
43,15,113,1,1,1,15,30,7,Hybrid,0
39,15,113,1,2,0,25,20,7,Hybrid,0
41,15,113,1,3,0,20,25,7,Hybrid,0
0,15,113,1,4,0,NA,NA,NA,NA,1
19,15,114,2,1,1,15,20,8,Gasoline,0
11,15,114,2,2,0,20,20,7,Gasoline,0
73,15,114,2,3,0,15,20,8,Electric,0
0,15,114,2,4,0,NA,NA,NA,NA,1
43,15,115,3,1,1,15,30,7,Hybrid,0
50,15,115,3,2,0,20,25,8,Hybrid,0
37,15,115,3,3,0,15,20,7,Hybrid,0
0,15,115,3,4,0,NA,NA,NA,NA,1
70,15,116,4,1,1,15,30,7,Electric,0
28,15,116,4,2,0,15,20,6,Hybrid,0
51,15,116,4,3,0,25,25,8,Hybrid,0
0,15,116,4,4,0,NA,NA,NA,NA,1
31,15,117,5,1,1,15,25,6,Hybrid,0
74,15,117,5,2,0,20,20,8,Electric,0
5,15,117,5,3,0,20,25,6,Gasoline,0
0,15,117,5,4,0,NA,NA,NA,NA,1
39,15,118,6,1,0,25,20,7,Hybrid,0
28,15,118,6,2,1,15,20,6,Hybrid,0
13,15,118,6,3,0,15,25,7,Gasoline,0
0,15,118,6,4,0,NA,NA,NA,NA,1
49,15,119,7,1,1,15,25,8,Hybrid,0
26,15,119,7,2,0,20,30,8,Gasoline,0
62,15,119,7,3,0,20,30,6,Electric,0
0,15,119,7,4,0,NA,NA,NA,NA,1
72,15,120,8,1,0,25,30,7,Electric,0
65,15,120,8,2,1,20,20,7,Electric,0
57,15,120,8,3,0,25,20,6,Electric,0
0,15,120,8,4,0,NA,NA,NA,NA,1
10,16,121,1,1,0,15,20,7,Gasoline,0
52,16,121,1,2,0,15,30,8,Hybrid,0
40,16,121,1,3,1,15,25,7,Hybrid,0
0,16,121,1,4,0,NA,NA,NA,NA,1
49,16,122,2,1,1,15,25,8,Hybrid,0
28,16,122,2,2,0,15,20,6,Hybrid,0
50,16,122,2,3,0,20,25,8,Hybrid,0
0,16,122,2,4,0,NA,NA,NA,NA,1
64,16,123,3,1,0,15,20,7,Electric,0
74,16,123,3,2,0,20,20,8,Electric,0
29,16,123,3,3,1,20,20,6,Hybrid,0
0,16,123,3,4,0,NA,NA,NA,NA,1
70,16,124,4,1,0,15,30,7,Electric,0
9,16,124,4,2,0,25,30,6,Gasoline,0
65,16,124,4,3,0,20,20,7,Electric,0
0,16,124,4,4,1,NA,NA,NA,NA,1
47,16,125,5,1,0,20,20,8,Hybrid,0
34,16,125,5,2,1,15,30,6,Hybrid,0
35,16,125,5,3,0,20,30,6,Hybrid,0
0,16,125,5,4,0,NA,NA,NA,NA,1
29,16,126,6,1,1,20,20,6,Hybrid,0
46,16,126,6,2,0,15,20,8,Hybrid,0
80,16,126,6,3,0,20,30,8,Electric,0
0,16,126,6,4,0,NA,NA,NA,NA,1
11,16,127,7,1,0,20,20,7,Gasoline,0
1,16,127,7,2,1,15,20,6,Gasoline,0
20,16,127,7,3,0,20,20,8,Gasoline,0
0,16,127,7,4,0,NA,NA,NA,NA,1
38,16,128,8,1,0,20,20,7,Hybrid,0
61,16,128,8,2,0,15,30,6,Electric,0
53,16,128,8,3,1,20,30,8,Hybrid,0
0,16,128,8,4,0,NA,NA,NA,NA,1
46,17,129,1,1,1,15,20,8,Hybrid,0
14,17,129,1,2,0,20,25,7,Gasoline,0
4,17,129,1,3,0,15,25,6,Gasoline,0
0,17,129,1,4,0,NA,NA,NA,NA,1
28,17,130,2,1,1,15,20,6,Hybrid,0
77,17,130,2,2,0,20,25,8,Electric,0
39,17,130,2,3,0,25,20,7,Hybrid,0
0,17,130,2,4,0,NA,NA,NA,NA,1
75,17,131,3,1,0,25,20,8,Electric,0
73,17,131,3,2,0,15,20,8,Electric,0
1,17,131,3,3,1,15,20,6,Gasoline,0
0,17,131,3,4,0,NA,NA,NA,NA,1
54,17,132,4,1,0,25,30,8,Hybrid,0
78,17,132,4,2,0,25,25,8,Electric,0
4,17,132,4,3,1,15,25,6,Gasoline,0
0,17,132,4,4,0,NA,NA,NA,NA,1
15,17,133,5,1,0,25,25,7,Gasoline,0
17,17,133,5,2,1,20,30,7,Gasoline,0
26,17,133,5,3,0,20,30,8,Gasoline,0
0,17,133,5,4,0,NA,NA,NA,NA,1
55,17,134,6,1,0,15,20,6,Electric,0
13,17,134,6,2,1,15,25,7,Gasoline,0
23,17,134,6,3,0,20,25,8,Gasoline,0
0,17,134,6,4,0,NA,NA,NA,NA,1
2,17,135,7,1,0,20,20,6,Gasoline,0
8,17,135,7,2,1,20,30,6,Gasoline,0
53,17,135,7,3,0,20,30,8,Hybrid,0
0,17,135,7,4,0,NA,NA,NA,NA,1
5,17,136,8,1,1,20,25,6,Gasoline,0
65,17,136,8,2,0,20,20,7,Electric,0
73,17,136,8,3,0,15,20,8,Electric,0
0,17,136,8,4,0,NA,NA,NA,NA,1
77,18,137,1,1,0,20,25,8,Electric,0
20,18,137,1,2,0,20,20,8,Gasoline,0
23,18,137,1,3,1,20,25,8,Gasoline,0
0,18,137,1,4,0,NA,NA,NA,NA,1
75,18,138,2,1,0,25,20,8,Electric,0
80,18,138,2,2,0,20,30,8,Electric,0
64,18,138,2,3,1,15,20,7,Electric,0
0,18,138,2,4,0,NA,NA,NA,NA,1
48,18,139,3,1,1,25,20,8,Hybrid,0
72,18,139,3,2,0,25,30,7,Electric,0
59,18,139,3,3,0,20,25,6,Electric,0
0,18,139,3,4,0,NA,NA,NA,NA,1
11,18,140,4,1,0,20,20,7,Gasoline,0
25,18,140,4,2,1,15,30,8,Gasoline,0
76,18,140,4,3,0,15,25,8,Electric,0
0,18,140,4,4,0,NA,NA,NA,NA,1
80,18,141,5,1,0,20,30,8,Electric,0
31,18,141,5,2,0,15,25,6,Hybrid,0
43,18,141,5,3,1,15,30,7,Hybrid,0
0,18,141,5,4,0,NA,NA,NA,NA,1
63,18,142,6,1,0,25,30,6,Electric,0
14,18,142,6,2,1,20,25,7,Gasoline,0
23,18,142,6,3,0,20,25,8,Gasoline,0
0,18,142,6,4,0,NA,NA,NA,NA,1
52,18,143,7,1,0,15,30,8,Hybrid,0
37,18,143,7,2,1,15,20,7,Hybrid,0
47,18,143,7,3,0,20,20,8,Hybrid,0
0,18,143,7,4,0,NA,NA,NA,NA,1
55,18,144,8,1,0,15,20,6,Electric,0
70,18,144,8,2,1,15,30,7,Electric,0
11,18,144,8,3,0,20,20,7,Gasoline,0
0,18,144,8,4,0,NA,NA,NA,NA,1
80,19,145,1,1,0,20,30,8,Electric,0
38,19,145,1,2,1,20,20,7,Hybrid,0
51,19,145,1,3,0,25,25,8,Hybrid,0
0,19,145,1,4,0,NA,NA,NA,NA,1
59,19,146,2,1,0,20,25,6,Electric,0
76,19,146,2,2,0,15,25,8,Electric,0
19,19,146,2,3,1,15,20,8,Gasoline,0
0,19,146,2,4,0,NA,NA,NA,NA,1
36,19,147,3,1,0,25,30,6,Hybrid,0
28,19,147,3,2,1,15,20,6,Hybrid,0
46,19,147,3,3,0,15,20,8,Hybrid,0
0,19,147,3,4,0,NA,NA,NA,NA,1
70,19,148,4,1,1,15,30,7,Electric,0
18,19,148,4,2,0,25,30,7,Gasoline,0
72,19,148,4,3,0,25,30,7,Electric,0
0,19,148,4,4,0,NA,NA,NA,NA,1
30,19,149,5,1,0,25,20,6,Hybrid,0
39,19,149,5,2,0,25,20,7,Hybrid,0
67,19,149,5,3,1,15,25,7,Electric,0
0,19,149,5,4,0,NA,NA,NA,NA,1
74,19,150,6,1,0,20,20,8,Electric,0
39,19,150,6,2,0,25,20,7,Hybrid,0
70,19,150,6,3,1,15,30,7,Electric,0
0,19,150,6,4,0,NA,NA,NA,NA,1
65,19,151,7,1,0,20,20,7,Electric,0
37,19,151,7,2,0,15,20,7,Hybrid,0
43,19,151,7,3,1,15,30,7,Hybrid,0
0,19,151,7,4,0,NA,NA,NA,NA,1
54,19,152,8,1,0,25,30,8,Hybrid,0
22,19,152,8,2,1,15,25,8,Gasoline,0
29,19,152,8,3,0,20,20,6,Hybrid,0
0,19,152,8,4,0,NA,NA,NA,NA,1
26,20,153,1,1,1,20,30,8,Gasoline,0
45,20,153,1,2,0,25,30,7,Hybrid,0
25,20,153,1,3,0,15,30,8,Gasoline,0
0,20,153,1,4,0,NA,NA,NA,NA,1
16,20,154,2,1,1,15,30,7,Gasoline,0
69,20,154,2,2,0,25,25,7,Electric,0
2,20,154,2,3,0,20,20,6,Gasoline,0
0,20,154,2,4,0,NA,NA,NA,NA,1
24,20,155,3,1,1,25,25,8,Gasoline,0
74,20,155,3,2,0,20,20,8,Electric,0
75,20,155,3,3,0,25,20,8,Electric,0
0,20,155,3,4,0,NA,NA,NA,NA,1
66,20,156,4,1,0,25,20,7,Electric,0
49,20,156,4,2,1,15,25,8,Hybrid,0
24,20,156,4,3,0,25,25,8,Gasoline,0
0,20,156,4,4,0,NA,NA,NA,NA,1
26,20,157,5,1,1,20,30,8,Gasoline,0
6,20,157,5,2,0,25,25,6,Gasoline,0
52,20,157,5,3,0,15,30,8,Hybrid,0
0,20,157,5,4,0,NA,NA,NA,NA,1
34,20,158,6,1,1,15,30,6,Hybrid,0
76,20,158,6,2,0,15,25,8,Electric,0
81,20,158,6,3,0,25,30,8,Electric,0
0,20,158,6,4,0,NA,NA,NA,NA,1
70,20,159,7,1,1,15,30,7,Electric,0
81,20,159,7,2,0,25,30,8,Electric,0
33,20,159,7,3,0,25,25,6,Hybrid,0
0,20,159,7,4,0,NA,NA,NA,NA,1
71,20,160,8,1,0,20,30,7,Electric,0
3,20,160,8,2,0,25,20,6,Gasoline,0
45,20,160,8,3,0,25,30,7,Hybrid,0
0,20,160,8,4,1,NA,NA,NA,NA,1
81,21,161,1,1,0,25,30,8,Electric,0
80,21,161,1,2,0,20,30,8,Electric,0
77,21,161,1,3,0,20,25,8,Electric,0
0,21,161,1,4,1,NA,NA,NA,NA,1
27,21,162,2,1,0,25,30,8,Gasoline,0
10,21,162,2,2,1,15,20,7,Gasoline,0
73,21,162,2,3,0,15,20,8,Electric,0
0,21,162,2,4,0,NA,NA,NA,NA,1
7,21,163,3,1,1,15,30,6,Gasoline,0
79,21,163,3,2,0,15,30,8,Electric,0
76,21,163,3,3,0,15,25,8,Electric,0
0,21,163,3,4,0,NA,NA,NA,NA,1
32,21,164,4,1,0,20,25,6,Hybrid,0
58,21,164,4,2,1,15,25,6,Electric,0
41,21,164,4,3,0,20,25,7,Hybrid,0
0,21,164,4,4,0,NA,NA,NA,NA,1
46,21,165,5,1,0,15,20,8,Hybrid,0
52,21,165,5,2,1,15,30,8,Hybrid,0
27,21,165,5,3,0,25,30,8,Gasoline,0
0,21,165,5,4,0,NA,NA,NA,NA,1
3,21,166,6,1,0,25,20,6,Gasoline,0
15,21,166,6,2,0,25,25,7,Gasoline,0
71,21,166,6,3,0,20,30,7,Electric,0
0,21,166,6,4,1,NA,NA,NA,NA,1
55,21,167,7,1,0,15,20,6,Electric,0
41,21,167,7,2,0,20,25,7,Hybrid,0
10,21,167,7,3,1,15,20,7,Gasoline,0
0,21,167,7,4,0,NA,NA,NA,NA,1
20,21,168,8,1,0,20,20,8,Gasoline,0
41,21,168,8,2,1,20,25,7,Hybrid,0
42,21,168,8,3,0,25,25,7,Hybrid,0
0,21,168,8,4,0,NA,NA,NA,NA,1
26,22,169,1,1,0,20,30,8,Gasoline,0
59,22,169,1,2,0,20,25,6,Electric,0
23,22,169,1,3,1,20,25,8,Gasoline,0
0,22,169,1,4,0,NA,NA,NA,NA,1
42,22,170,2,1,0,25,25,7,Hybrid,0
25,22,170,2,2,1,15,30,8,Gasoline,0
77,22,170,2,3,0,20,25,8,Electric,0
0,22,170,2,4,0,NA,NA,NA,NA,1
17,22,171,3,1,0,20,30,7,Gasoline,0
7,22,171,3,2,1,15,30,6,Gasoline,0
23,22,171,3,3,0,20,25,8,Gasoline,0
0,22,171,3,4,0,NA,NA,NA,NA,1
79,22,172,4,1,1,15,30,8,Electric,0
75,22,172,4,2,0,25,20,8,Electric,0
72,22,172,4,3,0,25,30,7,Electric,0
0,22,172,4,4,0,NA,NA,NA,NA,1
33,22,173,5,1,0,25,25,6,Hybrid,0
19,22,173,5,2,1,15,20,8,Gasoline,0
69,22,173,5,3,0,25,25,7,Electric,0
0,22,173,5,4,0,NA,NA,NA,NA,1
30,22,174,6,1,0,25,20,6,Hybrid,0
26,22,174,6,2,0,20,30,8,Gasoline,0
21,22,174,6,3,0,25,20,8,Gasoline,0
0,22,174,6,4,1,NA,NA,NA,NA,1
70,22,175,7,1,1,15,30,7,Electric,0
81,22,175,7,2,0,25,30,8,Electric,0
26,22,175,7,3,0,20,30,8,Gasoline,0
0,22,175,7,4,0,NA,NA,NA,NA,1
30,22,176,8,1,0,25,20,6,Hybrid,0
35,22,176,8,2,1,20,30,6,Hybrid,0
70,22,176,8,3,0,15,30,7,Electric,0
0,22,176,8,4,0,NA,NA,NA,NA,1
47,23,177,1,1,0,20,20,8,Hybrid,0
62,23,177,1,2,0,20,30,6,Electric,0
52,23,177,1,3,1,15,30,8,Hybrid,0
0,23,177,1,4,0,NA,NA,NA,NA,1
28,23,178,2,1,1,15,20,6,Hybrid,0
33,23,178,2,2,0,25,25,6,Hybrid,0
62,23,178,2,3,0,20,30,6,Electric,0
0,23,178,2,4,0,NA,NA,NA,NA,1
60,23,179,3,1,0,25,25,6,Electric,0
75,23,179,3,2,0,25,20,8,Electric,0
19,23,179,3,3,1,15,20,8,Gasoline,0
0,23,179,3,4,0,NA,NA,NA,NA,1
76,23,180,4,1,0,15,25,8,Electric,0
72,23,180,4,2,0,25,30,7,Electric,0
49,23,180,4,3,1,15,25,8,Hybrid,0
0,23,180,4,4,0,NA,NA,NA,NA,1
32,23,181,5,1,0,20,25,6,Hybrid,0
52,23,181,5,2,1,15,30,8,Hybrid,0
64,23,181,5,3,0,15,20,7,Electric,0
0,23,181,5,4,0,NA,NA,NA,NA,1
27,23,182,6,1,0,25,30,8,Gasoline,0
7,23,182,6,2,1,15,30,6,Gasoline,0
12,23,182,6,3,0,25,20,7,Gasoline,0
0,23,182,6,4,0,NA,NA,NA,NA,1
30,23,183,7,1,0,25,20,6,Hybrid,0
35,23,183,7,2,1,20,30,6,Hybrid,0
59,23,183,7,3,0,20,25,6,Electric,0
0,23,183,7,4,0,NA,NA,NA,NA,1
55,23,184,8,1,0,15,20,6,Electric,0
4,23,184,8,2,1,15,25,6,Gasoline,0
71,23,184,8,3,0,20,30,7,Electric,0
0,23,184,8,4,0,NA,NA,NA,NA,1
14,24,185,1,1,0,20,25,7,Gasoline,0
32,24,185,1,2,0,20,25,6,Hybrid,0
1,24,185,1,3,1,15,20,6,Gasoline,0
0,24,185,1,4,0,NA,NA,NA,NA,1
54,24,186,2,1,0,25,30,8,Hybrid,0
5,24,186,2,2,1,20,25,6,Gasoline,0
68,24,186,2,3,0,20,25,7,Electric,0
0,24,186,2,4,0,NA,NA,NA,NA,1
5,24,187,3,1,1,20,25,6,Gasoline,0
11,24,187,3,2,0,20,20,7,Gasoline,0
77,24,187,3,3,0,20,25,8,Electric,0
0,24,187,3,4,0,NA,NA,NA,NA,1
68,24,188,4,1,0,20,25,7,Electric,0
21,24,188,4,2,0,25,20,8,Gasoline,0
64,24,188,4,3,0,15,20,7,Electric,0
0,24,188,4,4,1,NA,NA,NA,NA,1
30,24,189,5,1,0,25,20,6,Hybrid,0
64,24,189,5,2,0,15,20,7,Electric,0
67,24,189,5,3,1,15,25,7,Electric,0
0,24,189,5,4,0,NA,NA,NA,NA,1
30,24,190,6,1,0,25,20,6,Hybrid,0
4,24,190,6,2,1,15,25,6,Gasoline,0
2,24,190,6,3,0,20,20,6,Gasoline,0
0,24,190,6,4,0,NA,NA,NA,NA,1
66,24,191,7,1,0,25,20,7,Electric,0
11,24,191,7,2,1,20,20,7,Gasoline,0
53,24,191,7,3,0,20,30,8,Hybrid,0
0,24,191,7,4,0,NA,NA,NA,NA,1
36,24,192,8,1,0,25,30,6,Hybrid,0
25,24,192,8,2,1,15,30,8,Gasoline,0
59,24,192,8,3,0,20,25,6,Electric,0
0,24,192,8,4,0,NA,NA,NA,NA,1
71,25,193,1,1,0,20,30,7,Electric,0
65,25,193,1,2,0,20,20,7,Electric,0
55,25,193,1,3,1,15,20,6,Electric,0
0,25,193,1,4,0,NA,NA,NA,NA,1
69,25,194,2,1,0,25,25,7,Electric,0
25,25,194,2,2,1,15,30,8,Gasoline,0
43,25,194,2,3,0,15,30,7,Hybrid,0
0,25,194,2,4,0,NA,NA,NA,NA,1
54,25,195,3,1,0,25,30,8,Hybrid,0
33,25,195,3,2,0,25,25,6,Hybrid,0
17,25,195,3,3,1,20,30,7,Gasoline,0
0,25,195,3,4,0,NA,NA,NA,NA,1
41,25,196,4,1,1,20,25,7,Hybrid,0
57,25,196,4,2,0,25,20,6,Electric,0
68,25,196,4,3,0,20,25,7,Electric,0
0,25,196,4,4,0,NA,NA,NA,NA,1
47,25,197,5,1,0,20,20,8,Hybrid,0
32,25,197,5,2,1,20,25,6,Hybrid,0
6,25,197,5,3,0,25,25,6,Gasoline,0
0,25,197,5,4,0,NA,NA,NA,NA,1
3,25,198,6,1,0,25,20,6,Gasoline,0
18,25,198,6,2,0,25,30,7,Gasoline,0
13,25,198,6,3,1,15,25,7,Gasoline,0
0,25,198,6,4,0,NA,NA,NA,NA,1
72,25,199,7,1,0,25,30,7,Electric,0
20,25,199,7,2,1,20,20,8,Gasoline,0
74,25,199,7,3,0,20,20,8,Electric,0
0,25,199,7,4,0,NA,NA,NA,NA,1
4,25,200,8,1,1,15,25,6,Gasoline,0
71,25,200,8,2,0,20,30,7,Electric,0
20,25,200,8,3,0,20,20,8,Gasoline,0
0,25,200,8,4,0,NA,NA,NA,NA,1
48,26,201,1,1,0,25,20,8,Hybrid,0
39,26,201,1,2,0,25,20,7,Hybrid,0
57,26,201,1,3,0,25,20,6,Electric,0
0,26,201,1,4,1,NA,NA,NA,NA,1
70,26,202,2,1,0,15,30,7,Electric,0
63,26,202,2,2,0,25,30,6,Electric,0
44,26,202,2,3,1,20,30,7,Hybrid,0
0,26,202,2,4,0,NA,NA,NA,NA,1
36,26,203,3,1,0,25,30,6,Hybrid,0
40,26,203,3,2,1,15,25,7,Hybrid,0
29,26,203,3,3,0,20,20,6,Hybrid,0
0,26,203,3,4,0,NA,NA,NA,NA,1
42,26,204,4,1,1,25,25,7,Hybrid,0
56,26,204,4,2,0,20,20,6,Electric,0
77,26,204,4,3,0,20,25,8,Electric,0
0,26,204,4,4,0,NA,NA,NA,NA,1
41,26,205,5,1,0,20,25,7,Hybrid,0
17,26,205,5,2,0,20,30,7,Gasoline,0
40,26,205,5,3,1,15,25,7,Hybrid,0
0,26,205,5,4,0,NA,NA,NA,NA,1
28,26,206,6,1,1,15,20,6,Hybrid,0
53,26,206,6,2,0,20,30,8,Hybrid,0
26,26,206,6,3,0,20,30,8,Gasoline,0
0,26,206,6,4,0,NA,NA,NA,NA,1
51,26,207,7,1,0,25,25,8,Hybrid,0
14,26,207,7,2,1,20,25,7,Gasoline,0
68,26,207,7,3,0,20,25,7,Electric,0
0,26,207,7,4,0,NA,NA,NA,NA,1
56,26,208,8,1,0,20,20,6,Electric,0
9,26,208,8,2,0,25,30,6,Gasoline,0
51,26,208,8,3,0,25,25,8,Hybrid,0
0,26,208,8,4,1,NA,NA,NA,NA,1
29,27,209,1,1,0,20,20,6,Hybrid,0
19,27,209,1,2,1,15,20,8,Gasoline,0
33,27,209,1,3,0,25,25,6,Hybrid,0
0,27,209,1,4,0,NA,NA,NA,NA,1
66,27,210,2,1,0,25,20,7,Electric,0
27,27,210,2,2,0,25,30,8,Gasoline,0
46,27,210,2,3,1,15,20,8,Hybrid,0
0,27,210,2,4,0,NA,NA,NA,NA,1
24,27,211,3,1,0,25,25,8,Gasoline,0
28,27,211,3,2,1,15,20,6,Hybrid,0
79,27,211,3,3,0,15,30,8,Electric,0
0,27,211,3,4,0,NA,NA,NA,NA,1
56,27,212,4,1,0,20,20,6,Electric,0
47,27,212,4,2,1,20,20,8,Hybrid,0
11,27,212,4,3,0,20,20,7,Gasoline,0
0,27,212,4,4,0,NA,NA,NA,NA,1
55,27,213,5,1,0,15,20,6,Electric,0
31,27,213,5,2,1,15,25,6,Hybrid,0
78,27,213,5,3,0,25,25,8,Electric,0
0,27,213,5,4,0,NA,NA,NA,NA,1
33,27,214,6,1,0,25,25,6,Hybrid,0
16,27,214,6,2,1,15,30,7,Gasoline,0
77,27,214,6,3,0,20,25,8,Electric,0
0,27,214,6,4,0,NA,NA,NA,NA,1
11,27,215,7,1,0,20,20,7,Gasoline,0
55,27,215,7,2,1,15,20,6,Electric,0
80,27,215,7,3,0,20,30,8,Electric,0
0,27,215,7,4,0,NA,NA,NA,NA,1
4,27,216,8,1,1,15,25,6,Gasoline,0
53,27,216,8,2,0,20,30,8,Hybrid,0
55,27,216,8,3,0,15,20,6,Electric,0
0,27,216,8,4,0,NA,NA,NA,NA,1
59,28,217,1,1,0,20,25,6,Electric,0
75,28,217,1,2,0,25,20,8,Electric,0
3,28,217,1,3,0,25,20,6,Gasoline,0
0,28,217,1,4,1,NA,NA,NA,NA,1
40,28,218,2,1,1,15,25,7,Hybrid,0
16,28,218,2,2,0,15,30,7,Gasoline,0
10,28,218,2,3,0,15,20,7,Gasoline,0
0,28,218,2,4,0,NA,NA,NA,NA,1
44,28,219,3,1,0,20,30,7,Hybrid,0
57,28,219,3,2,0,25,20,6,Electric,0
28,28,219,3,3,1,15,20,6,Hybrid,0
0,28,219,3,4,0,NA,NA,NA,NA,1
31,28,220,4,1,1,15,25,6,Hybrid,0
29,28,220,4,2,0,20,20,6,Hybrid,0
52,28,220,4,3,0,15,30,8,Hybrid,0
0,28,220,4,4,0,NA,NA,NA,NA,1
12,28,221,5,1,0,25,20,7,Gasoline,0
40,28,221,5,2,1,15,25,7,Hybrid,0
64,28,221,5,3,0,15,20,7,Electric,0
0,28,221,5,4,0,NA,NA,NA,NA,1
8,28,222,6,1,0,20,30,6,Gasoline,0
17,28,222,6,2,1,20,30,7,Gasoline,0
73,28,222,6,3,0,15,20,8,Electric,0
0,28,222,6,4,0,NA,NA,NA,NA,1
7,28,223,7,1,1,15,30,6,Gasoline,0
39,28,223,7,2,0,25,20,7,Hybrid,0
81,28,223,7,3,0,25,30,8,Electric,0
0,28,223,7,4,0,NA,NA,NA,NA,1
4,28,224,8,1,1,15,25,6,Gasoline,0
80,28,224,8,2,0,20,30,8,Electric,0
51,28,224,8,3,0,25,25,8,Hybrid,0
0,28,224,8,4,0,NA,NA,NA,NA,1
44,29,225,1,1,1,20,30,7,Hybrid,0
60,29,225,1,2,0,25,25,6,Electric,0
75,29,225,1,3,0,25,20,8,Electric,0
0,29,225,1,4,0,NA,NA,NA,NA,1
17,29,226,2,1,1,20,30,7,Gasoline,0
71,29,226,2,2,0,20,30,7,Electric,0
63,29,226,2,3,0,25,30,6,Electric,0
0,29,226,2,4,0,NA,NA,NA,NA,1
43,29,227,3,1,1,15,30,7,Hybrid,0
74,29,227,3,2,0,20,20,8,Electric,0
8,29,227,3,3,0,20,30,6,Gasoline,0
0,29,227,3,4,0,NA,NA,NA,NA,1
23,29,228,4,1,0,20,25,8,Gasoline,0
60,29,228,4,2,0,25,25,6,Electric,0
28,29,228,4,3,1,15,20,6,Hybrid,0
0,29,228,4,4,0,NA,NA,NA,NA,1
17,29,229,5,1,0,20,30,7,Gasoline,0
43,29,229,5,2,1,15,30,7,Hybrid,0
1,29,229,5,3,0,15,20,6,Gasoline,0
0,29,229,5,4,0,NA,NA,NA,NA,1
23,29,230,6,1,1,20,25,8,Gasoline,0
55,29,230,6,2,0,15,20,6,Electric,0
24,29,230,6,3,0,25,25,8,Gasoline,0
0,29,230,6,4,0,NA,NA,NA,NA,1
66,29,231,7,1,0,25,20,7,Electric,0
20,29,231,7,2,0,20,20,8,Gasoline,0
2,29,231,7,3,1,20,20,6,Gasoline,0
0,29,231,7,4,0,NA,NA,NA,NA,1
54,29,232,8,1,0,25,30,8,Hybrid,0
65,29,232,8,2,1,20,20,7,Electric,0
12,29,232,8,3,0,25,20,7,Gasoline,0
0,29,232,8,4,0,NA,NA,NA,NA,1
68,30,233,1,1,0,20,25,7,Electric,0
48,30,233,1,2,0,25,20,8,Hybrid,0
49,30,233,1,3,1,15,25,8,Hybrid,0
0,30,233,1,4,0,NA,NA,NA,NA,1
28,30,234,2,1,1,15,20,6,Hybrid,0
57,30,234,2,2,0,25,20,6,Electric,0
9,30,234,2,3,0,25,30,6,Gasoline,0
0,30,234,2,4,0,NA,NA,NA,NA,1
29,30,235,3,1,0,20,20,6,Hybrid,0
5,30,235,3,2,1,20,25,6,Gasoline,0
71,30,235,3,3,0,20,30,7,Electric,0
0,30,235,3,4,0,NA,NA,NA,NA,1
26,30,236,4,1,0,20,30,8,Gasoline,0
14,30,236,4,2,1,20,25,7,Gasoline,0
79,30,236,4,3,0,15,30,8,Electric,0
0,30,236,4,4,0,NA,NA,NA,NA,1
57,30,237,5,1,0,25,20,6,Electric,0
3,30,237,5,2,0,25,20,6,Gasoline,0
11,30,237,5,3,1,20,20,7,Gasoline,0
0,30,237,5,4,0,NA,NA,NA,NA,1
74,30,238,6,1,0,20,20,8,Electric,0
76,30,238,6,2,1,15,25,8,Electric,0
3,30,238,6,3,0,25,20,6,Gasoline,0
0,30,238,6,4,0,NA,NA,NA,NA,1
42,30,239,7,1,0,25,25,7,Hybrid,0
37,30,239,7,2,1,15,20,7,Hybrid,0
20,30,239,7,3,0,20,20,8,Gasoline,0
0,30,239,7,4,0,NA,NA,NA,NA,1
30,30,240,8,1,0,25,20,6,Hybrid,0
53,30,240,8,2,1,20,30,8,Hybrid,0
20,30,240,8,3,0,20,20,8,Gasoline,0
0,30,240,8,4,0,NA,NA,NA,NA,1
64,31,241,1,1,0,15,20,7,Electric,0
42,31,241,1,2,0,25,25,7,Hybrid,0
77,31,241,1,3,0,20,25,8,Electric,0
0,31,241,1,4,1,NA,NA,NA,NA,1
65,31,242,2,1,0,20,20,7,Electric,0
54,31,242,2,2,1,25,30,8,Hybrid,0
24,31,242,2,3,0,25,25,8,Gasoline,0
0,31,242,2,4,0,NA,NA,NA,NA,1
45,31,243,3,1,0,25,30,7,Hybrid,0
47,31,243,3,2,0,20,20,8,Hybrid,0
43,31,243,3,3,1,15,30,7,Hybrid,0
0,31,243,3,4,0,NA,NA,NA,NA,1
15,31,244,4,1,0,25,25,7,Gasoline,0
8,31,244,4,2,0,20,30,6,Gasoline,0
29,31,244,4,3,1,20,20,6,Hybrid,0
0,31,244,4,4,0,NA,NA,NA,NA,1
62,31,245,5,1,0,20,30,6,Electric,0
2,31,245,5,2,0,20,20,6,Gasoline,0
25,31,245,5,3,1,15,30,8,Gasoline,0
0,31,245,5,4,0,NA,NA,NA,NA,1
13,31,246,6,1,1,15,25,7,Gasoline,0
78,31,246,6,2,0,25,25,8,Electric,0
4,31,246,6,3,0,15,25,6,Gasoline,0
0,31,246,6,4,0,NA,NA,NA,NA,1
2,31,247,7,1,0,20,20,6,Gasoline,0
24,31,247,7,2,0,25,25,8,Gasoline,0
38,31,247,7,3,1,20,20,7,Hybrid,0
0,31,247,7,4,0,NA,NA,NA,NA,1
65,31,248,8,1,0,20,20,7,Electric,0
24,31,248,8,2,0,25,25,8,Gasoline,0
6,31,248,8,3,1,25,25,6,Gasoline,0
0,31,248,8,4,0,NA,NA,NA,NA,1
1,32,249,1,1,1,15,20,6,Gasoline,0
19,32,249,1,2,0,15,20,8,Gasoline,0
57,32,249,1,3,0,25,20,6,Electric,0
0,32,249,1,4,0,NA,NA,NA,NA,1
69,32,250,2,1,0,25,25,7,Electric,0
7,32,250,2,2,0,15,30,6,Gasoline,0
1,32,250,2,3,1,15,20,6,Gasoline,0
0,32,250,2,4,0,NA,NA,NA,NA,1
30,32,251,3,1,0,25,20,6,Hybrid,0
48,32,251,3,2,0,25,20,8,Hybrid,0
65,32,251,3,3,0,20,20,7,Electric,0
0,32,251,3,4,1,NA,NA,NA,NA,1
39,32,252,4,1,0,25,20,7,Hybrid,0
26,32,252,4,2,1,20,30,8,Gasoline,0
53,32,252,4,3,0,20,30,8,Hybrid,0
0,32,252,4,4,0,NA,NA,NA,NA,1
54,32,253,5,1,0,25,30,8,Hybrid,0
80,32,253,5,2,0,20,30,8,Electric,0
69,32,253,5,3,0,25,25,7,Electric,0
0,32,253,5,4,1,NA,NA,NA,NA,1
24,32,254,6,1,0,25,25,8,Gasoline,0
14,32,254,6,2,0,20,25,7,Gasoline,0
70,32,254,6,3,1,15,30,7,Electric,0
0,32,254,6,4,0,NA,NA,NA,NA,1
44,32,255,7,1,1,20,30,7,Hybrid,0
53,32,255,7,2,0,20,30,8,Hybrid,0
17,32,255,7,3,0,20,30,7,Gasoline,0
0,32,255,7,4,0,NA,NA,NA,NA,1
52,32,256,8,1,1,15,30,8,Hybrid,0
51,32,256,8,2,0,25,25,8,Hybrid,0
36,32,256,8,3,0,25,30,6,Hybrid,0
0,32,256,8,4,0,NA,NA,NA,NA,1
49,33,257,1,1,0,15,25,8,Hybrid,0
35,33,257,1,2,1,20,30,6,Hybrid,0
30,33,257,1,3,0,25,20,6,Hybrid,0
0,33,257,1,4,0,NA,NA,NA,NA,1
61,33,258,2,1,1,15,30,6,Electric,0
81,33,258,2,2,0,25,30,8,Electric,0
25,33,258,2,3,0,15,30,8,Gasoline,0
0,33,258,2,4,0,NA,NA,NA,NA,1
76,33,259,3,1,0,15,25,8,Electric,0
25,33,259,3,2,1,15,30,8,Gasoline,0
52,33,259,3,3,0,15,30,8,Hybrid,0
0,33,259,3,4,0,NA,NA,NA,NA,1
75,33,260,4,1,0,25,20,8,Electric,0
25,33,260,4,2,0,15,30,8,Gasoline,0
1,33,260,4,3,1,15,20,6,Gasoline,0
0,33,260,4,4,0,NA,NA,NA,NA,1
68,33,261,5,1,0,20,25,7,Electric,0
20,33,261,5,2,0,20,20,8,Gasoline,0
17,33,261,5,3,1,20,30,7,Gasoline,0
0,33,261,5,4,0,NA,NA,NA,NA,1
59,33,262,6,1,0,20,25,6,Electric,0
68,33,262,6,2,0,20,25,7,Electric,0
12,33,262,6,3,0,25,20,7,Gasoline,0
0,33,262,6,4,1,NA,NA,NA,NA,1
23,33,263,7,1,0,20,25,8,Gasoline,0
80,33,263,7,2,0,20,30,8,Electric,0
62,33,263,7,3,1,20,30,6,Electric,0
0,33,263,7,4,0,NA,NA,NA,NA,1
80,33,264,8,1,0,20,30,8,Electric,0
33,33,264,8,2,1,25,25,6,Hybrid,0
70,33,264,8,3,0,15,30,7,Electric,0
0,33,264,8,4,0,NA,NA,NA,NA,1
31,34,265,1,1,0,15,25,6,Hybrid,0
70,34,265,1,2,0,15,30,7,Electric,0
52,34,265,1,3,1,15,30,8,Hybrid,0
0,34,265,1,4,0,NA,NA,NA,NA,1
66,34,266,2,1,0,25,20,7,Electric,0
28,34,266,2,2,1,15,20,6,Hybrid,0
15,34,266,2,3,0,25,25,7,Gasoline,0
0,34,266,2,4,0,NA,NA,NA,NA,1
29,34,267,3,1,0,20,20,6,Hybrid,0
4,34,267,3,2,1,15,25,6,Gasoline,0
76,34,267,3,3,0,15,25,8,Electric,0
0,34,267,3,4,0,NA,NA,NA,NA,1
6,34,268,4,1,0,25,25,6,Gasoline,0
64,34,268,4,2,0,15,20,7,Electric,0
5,34,268,4,3,1,20,25,6,Gasoline,0
0,34,268,4,4,0,NA,NA,NA,NA,1
70,34,269,5,1,1,15,30,7,Electric,0
76,34,269,5,2,0,15,25,8,Electric,0
55,34,269,5,3,0,15,20,6,Electric,0
0,34,269,5,4,0,NA,NA,NA,NA,1
71,34,270,6,1,0,20,30,7,Electric,0
52,34,270,6,2,1,15,30,8,Hybrid,0
46,34,270,6,3,0,15,20,8,Hybrid,0
0,34,270,6,4,0,NA,NA,NA,NA,1
67,34,271,7,1,1,15,25,7,Electric,0
69,34,271,7,2,0,25,25,7,Electric,0
23,34,271,7,3,0,20,25,8,Gasoline,0
0,34,271,7,4,0,NA,NA,NA,NA,1
32,34,272,8,1,1,20,25,6,Hybrid,0
6,34,272,8,2,0,25,25,6,Gasoline,0
9,34,272,8,3,0,25,30,6,Gasoline,0
0,34,272,8,4,0,NA,NA,NA,NA,1
30,35,273,1,1,0,25,20,6,Hybrid,0
41,35,273,1,2,1,20,25,7,Hybrid,0
15,35,273,1,3,0,25,25,7,Gasoline,0
0,35,273,1,4,0,NA,NA,NA,NA,1
53,35,274,2,1,1,20,30,8,Hybrid,0
5,35,274,2,2,0,20,25,6,Gasoline,0
44,35,274,2,3,0,20,30,7,Hybrid,0
0,35,274,2,4,0,NA,NA,NA,NA,1
13,35,275,3,1,0,15,25,7,Gasoline,0
52,35,275,3,2,1,15,30,8,Hybrid,0
2,35,275,3,3,0,20,20,6,Gasoline,0
0,35,275,3,4,0,NA,NA,NA,NA,1
76,35,276,4,1,0,15,25,8,Electric,0
23,35,276,4,2,1,20,25,8,Gasoline,0
29,35,276,4,3,0,20,20,6,Hybrid,0
0,35,276,4,4,0,NA,NA,NA,NA,1
17,35,277,5,1,0,20,30,7,Gasoline,0
30,35,277,5,2,0,25,20,6,Hybrid,0
46,35,277,5,3,1,15,20,8,Hybrid,0
0,35,277,5,4,0,NA,NA,NA,NA,1
23,35,278,6,1,0,20,25,8,Gasoline,0
16,35,278,6,2,1,15,30,7,Gasoline,0
54,35,278,6,3,0,25,30,8,Hybrid,0
0,35,278,6,4,0,NA,NA,NA,NA,1
22,35,279,7,1,1,15,25,8,Gasoline,0
48,35,279,7,2,0,25,20,8,Hybrid,0
26,35,279,7,3,0,20,30,8,Gasoline,0
0,35,279,7,4,0,NA,NA,NA,NA,1
43,35,280,8,1,0,15,30,7,Hybrid,0
7,35,280,8,2,1,15,30,6,Gasoline,0
45,35,280,8,3,0,25,30,7,Hybrid,0
0,35,280,8,4,0,NA,NA,NA,NA,1
13,36,281,1,1,1,15,25,7,Gasoline,0
51,36,281,1,2,0,25,25,8,Hybrid,0
20,36,281,1,3,0,20,20,8,Gasoline,0
0,36,281,1,4,0,NA,NA,NA,NA,1
67,36,282,2,1,0,15,25,7,Electric,0
41,36,282,2,2,1,20,25,7,Hybrid,0
27,36,282,2,3,0,25,30,8,Gasoline,0
0,36,282,2,4,0,NA,NA,NA,NA,1
64,36,283,3,1,0,15,20,7,Electric,0
72,36,283,3,2,0,25,30,7,Electric,0
10,36,283,3,3,1,15,20,7,Gasoline,0
0,36,283,3,4,0,NA,NA,NA,NA,1
8,36,284,4,1,1,20,30,6,Gasoline,0
30,36,284,4,2,0,25,20,6,Hybrid,0
4,36,284,4,3,0,15,25,6,Gasoline,0
0,36,284,4,4,0,NA,NA,NA,NA,1
59,36,285,5,1,0,20,25,6,Electric,0
49,36,285,5,2,1,15,25,8,Hybrid,0
8,36,285,5,3,0,20,30,6,Gasoline,0
0,36,285,5,4,0,NA,NA,NA,NA,1
81,36,286,6,1,0,25,30,8,Electric,0
57,36,286,6,2,0,25,20,6,Electric,0
28,36,286,6,3,1,15,20,6,Hybrid,0
0,36,286,6,4,0,NA,NA,NA,NA,1
36,36,287,7,1,0,25,30,6,Hybrid,0
75,36,287,7,2,0,25,20,8,Electric,0
76,36,287,7,3,1,15,25,8,Electric,0
0,36,287,7,4,0,NA,NA,NA,NA,1
44,36,288,8,1,1,20,30,7,Hybrid,0
56,36,288,8,2,0,20,20,6,Electric,0
67,36,288,8,3,0,15,25,7,Electric,0
0,36,288,8,4,0,NA,NA,NA,NA,1
71,37,289,1,1,0,20,30,7,Electric,0
46,37,289,1,2,1,15,20,8,Hybrid,0
64,37,289,1,3,0,15,20,7,Electric,0
0,37,289,1,4,0,NA,NA,NA,NA,1
67,37,290,2,1,0,15,25,7,Electric,0
3,37,290,2,2,0,25,20,6,Gasoline,0
34,37,290,2,3,1,15,30,6,Hybrid,0
0,37,290,2,4,0,NA,NA,NA,NA,1
44,37,291,3,1,0,20,30,7,Hybrid,0
27,37,291,3,2,0,25,30,8,Gasoline,0
43,37,291,3,3,1,15,30,7,Hybrid,0
0,37,291,3,4,0,NA,NA,NA,NA,1
9,37,292,4,1,0,25,30,6,Gasoline,0
55,37,292,4,2,1,15,20,6,Electric,0
80,37,292,4,3,0,20,30,8,Electric,0
0,37,292,4,4,0,NA,NA,NA,NA,1
74,37,293,5,1,0,20,20,8,Electric,0
1,37,293,5,2,0,15,20,6,Gasoline,0
43,37,293,5,3,1,15,30,7,Hybrid,0
0,37,293,5,4,0,NA,NA,NA,NA,1
76,37,294,6,1,1,15,25,8,Electric,0
24,37,294,6,2,0,25,25,8,Gasoline,0
73,37,294,6,3,0,15,20,8,Electric,0
0,37,294,6,4,0,NA,NA,NA,NA,1
26,37,295,7,1,1,20,30,8,Gasoline,0
57,37,295,7,2,0,25,20,6,Electric,0
15,37,295,7,3,0,25,25,7,Gasoline,0
0,37,295,7,4,0,NA,NA,NA,NA,1
35,37,296,8,1,0,20,30,6,Hybrid,0
21,37,296,8,2,0,25,20,8,Gasoline,0
14,37,296,8,3,1,20,25,7,Gasoline,0
0,37,296,8,4,0,NA,NA,NA,NA,1
28,38,297,1,1,1,15,20,6,Hybrid,0
72,38,297,1,2,0,25,30,7,Electric,0
32,38,297,1,3,0,20,25,6,Hybrid,0
0,38,297,1,4,0,NA,NA,NA,NA,1
37,38,298,2,1,1,15,20,7,Hybrid,0
23,38,298,2,2,0,20,25,8,Gasoline,0
3,38,298,2,3,0,25,20,6,Gasoline,0
0,38,298,2,4,0,NA,NA,NA,NA,1
66,38,299,3,1,0,25,20,7,Electric,0
67,38,299,3,2,0,15,25,7,Electric,0
53,38,299,3,3,1,20,30,8,Hybrid,0
0,38,299,3,4,0,NA,NA,NA,NA,1
53,38,300,4,1,0,20,30,8,Hybrid,0
54,38,300,4,2,0,25,30,8,Hybrid,0
25,38,300,4,3,1,15,30,8,Gasoline,0
0,38,300,4,4,0,NA,NA,NA,NA,1
2,38,301,5,1,1,20,20,6,Gasoline,0
63,38,301,5,2,0,25,30,6,Electric,0
45,38,301,5,3,0,25,30,7,Hybrid,0
0,38,301,5,4,0,NA,NA,NA,NA,1
14,38,302,6,1,0,20,25,7,Gasoline,0
36,38,302,6,2,0,25,30,6,Hybrid,0
53,38,302,6,3,1,20,30,8,Hybrid,0
0,38,302,6,4,0,NA,NA,NA,NA,1
73,38,303,7,1,0,15,20,8,Electric,0
28,38,303,7,2,1,15,20,6,Hybrid,0
37,38,303,7,3,0,15,20,7,Hybrid,0
0,38,303,7,4,0,NA,NA,NA,NA,1
67,38,304,8,1,0,15,25,7,Electric,0
4,38,304,8,2,0,15,25,6,Gasoline,0
52,38,304,8,3,1,15,30,8,Hybrid,0
0,38,304,8,4,0,NA,NA,NA,NA,1
38,39,305,1,1,0,20,20,7,Hybrid,0
41,39,305,1,2,1,20,25,7,Hybrid,0
12,39,305,1,3,0,25,20,7,Gasoline,0
0,39,305,1,4,0,NA,NA,NA,NA,1
53,39,306,2,1,1,20,30,8,Hybrid,0
80,39,306,2,2,0,20,30,8,Electric,0
20,39,306,2,3,0,20,20,8,Gasoline,0
0,39,306,2,4,0,NA,NA,NA,NA,1
56,39,307,3,1,0,20,20,6,Electric,0
25,39,307,3,2,1,15,30,8,Gasoline,0
17,39,307,3,3,0,20,30,7,Gasoline,0
0,39,307,3,4,0,NA,NA,NA,NA,1
15,39,308,4,1,0,25,25,7,Gasoline,0
54,39,308,4,2,0,25,30,8,Hybrid,0
6,39,308,4,3,0,25,25,6,Gasoline,0
0,39,308,4,4,1,NA,NA,NA,NA,1
78,39,309,5,1,0,25,25,8,Electric,0
81,39,309,5,2,0,25,30,8,Electric,0
47,39,309,5,3,1,20,20,8,Hybrid,0
0,39,309,5,4,0,NA,NA,NA,NA,1
18,39,310,6,1,0,25,30,7,Gasoline,0
25,39,310,6,2,0,15,30,8,Gasoline,0
43,39,310,6,3,1,15,30,7,Hybrid,0
0,39,310,6,4,0,NA,NA,NA,NA,1
22,39,311,7,1,1,15,25,8,Gasoline,0
11,39,311,7,2,0,20,20,7,Gasoline,0
66,39,311,7,3,0,25,20,7,Electric,0
0,39,311,7,4,0,NA,NA,NA,NA,1
15,39,312,8,1,0,25,25,7,Gasoline,0
35,39,312,8,2,1,20,30,6,Hybrid,0
45,39,312,8,3,0,25,30,7,Hybrid,0
0,39,312,8,4,0,NA,NA,NA,NA,1
34,40,313,1,1,1,15,30,6,Hybrid,0
61,40,313,1,2,0,15,30,6,Electric,0
71,40,313,1,3,0,20,30,7,Electric,0
0,40,313,1,4,0,NA,NA,NA,NA,1
14,40,314,2,1,1,20,25,7,Gasoline,0
9,40,314,2,2,0,25,30,6,Gasoline,0
63,40,314,2,3,0,25,30,6,Electric,0
0,40,314,2,4,0,NA,NA,NA,NA,1
65,40,315,3,1,0,20,20,7,Electric,0
10,40,315,3,2,1,15,20,7,Gasoline,0
71,40,315,3,3,0,20,30,7,Electric,0
0,40,315,3,4,0,NA,NA,NA,NA,1
53,40,316,4,1,1,20,30,8,Hybrid,0
33,40,316,4,2,0,25,25,6,Hybrid,0
81,40,316,4,3,0,25,30,8,Electric,0
0,40,316,4,4,0,NA,NA,NA,NA,1
44,40,317,5,1,1,20,30,7,Hybrid,0
33,40,317,5,2,0,25,25,6,Hybrid,0
81,40,317,5,3,0,25,30,8,Electric,0
0,40,317,5,4,0,NA,NA,NA,NA,1
23,40,318,6,1,0,20,25,8,Gasoline,0
45,40,318,6,2,0,25,30,7,Hybrid,0
2,40,318,6,3,1,20,20,6,Gasoline,0
0,40,318,6,4,0,NA,NA,NA,NA,1
46,40,319,7,1,1,15,20,8,Hybrid,0
10,40,319,7,2,0,15,20,7,Gasoline,0
76,40,319,7,3,0,15,25,8,Electric,0
0,40,319,7,4,0,NA,NA,NA,NA,1
50,40,320,8,1,0,20,25,8,Hybrid,0
23,40,320,8,2,0,20,25,8,Gasoline,0
49,40,320,8,3,1,15,25,8,Hybrid,0
0,40,320,8,4,0,NA,NA,NA,NA,1
69,41,321,1,1,0,25,25,7,Electric,0
77,41,321,1,2,1,20,25,8,Electric,0
81,41,321,1,3,0,25,30,8,Electric,0
0,41,321,1,4,0,NA,NA,NA,NA,1
54,41,322,2,1,0,25,30,8,Hybrid,0
5,41,322,2,2,0,20,25,6,Gasoline,0
25,41,322,2,3,1,15,30,8,Gasoline,0
0,41,322,2,4,0,NA,NA,NA,NA,1
59,41,323,3,1,0,20,25,6,Electric,0
25,41,323,3,2,1,15,30,8,Gasoline,0
27,41,323,3,3,0,25,30,8,Gasoline,0
0,41,323,3,4,0,NA,NA,NA,NA,1
80,41,324,4,1,0,20,30,8,Electric,0
73,41,324,4,2,1,15,20,8,Electric,0
33,41,324,4,3,0,25,25,6,Hybrid,0
0,41,324,4,4,0,NA,NA,NA,NA,1
2,41,325,5,1,0,20,20,6,Gasoline,0
34,41,325,5,2,1,15,30,6,Hybrid,0
32,41,325,5,3,0,20,25,6,Hybrid,0
0,41,325,5,4,0,NA,NA,NA,NA,1
23,41,326,6,1,0,20,25,8,Gasoline,0
53,41,326,6,2,0,20,30,8,Hybrid,0
49,41,326,6,3,1,15,25,8,Hybrid,0
0,41,326,6,4,0,NA,NA,NA,NA,1
1,41,327,7,1,1,15,20,6,Gasoline,0
81,41,327,7,2,0,25,30,8,Electric,0
67,41,327,7,3,0,15,25,7,Electric,0
0,41,327,7,4,0,NA,NA,NA,NA,1
21,41,328,8,1,0,25,20,8,Gasoline,0
16,41,328,8,2,1,15,30,7,Gasoline,0
48,41,328,8,3,0,25,20,8,Hybrid,0
0,41,328,8,4,0,NA,NA,NA,NA,1
11,42,329,1,1,0,20,20,7,Gasoline,0
57,42,329,1,2,0,25,20,6,Electric,0
44,42,329,1,3,1,20,30,7,Hybrid,0
0,42,329,1,4,0,NA,NA,NA,NA,1
78,42,330,2,1,0,25,25,8,Electric,0
25,42,330,2,2,1,15,30,8,Gasoline,0
81,42,330,2,3,0,25,30,8,Electric,0
0,42,330,2,4,0,NA,NA,NA,NA,1
6,42,331,3,1,0,25,25,6,Gasoline,0
76,42,331,3,2,1,15,25,8,Electric,0
39,42,331,3,3,0,25,20,7,Hybrid,0
0,42,331,3,4,0,NA,NA,NA,NA,1
43,42,332,4,1,1,15,30,7,Hybrid,0
6,42,332,4,2,0,25,25,6,Gasoline,0
3,42,332,4,3,0,25,20,6,Gasoline,0
0,42,332,4,4,0,NA,NA,NA,NA,1
73,42,333,5,1,0,15,20,8,Electric,0
28,42,333,5,2,0,15,20,6,Hybrid,0
16,42,333,5,3,1,15,30,7,Gasoline,0
0,42,333,5,4,0,NA,NA,NA,NA,1
78,42,334,6,1,0,25,25,8,Electric,0
22,42,334,6,2,1,15,25,8,Gasoline,0
36,42,334,6,3,0,25,30,6,Hybrid,0
0,42,334,6,4,0,NA,NA,NA,NA,1
28,42,335,7,1,1,15,20,6,Hybrid,0
45,42,335,7,2,0,25,30,7,Hybrid,0
23,42,335,7,3,0,20,25,8,Gasoline,0
0,42,335,7,4,0,NA,NA,NA,NA,1
37,42,336,8,1,1,15,20,7,Hybrid,0
79,42,336,8,2,0,15,30,8,Electric,0
35,42,336,8,3,0,20,30,6,Hybrid,0
0,42,336,8,4,0,NA,NA,NA,NA,1
6,43,337,1,1,0,25,25,6,Gasoline,0
11,43,337,1,2,1,20,20,7,Gasoline,0
61,43,337,1,3,0,15,30,6,Electric,0
0,43,337,1,4,0,NA,NA,NA,NA,1
81,43,338,2,1,0,25,30,8,Electric,0
12,43,338,2,2,0,25,20,7,Gasoline,0
25,43,338,2,3,1,15,30,8,Gasoline,0
0,43,338,2,4,0,NA,NA,NA,NA,1
28,43,339,3,1,1,15,20,6,Hybrid,0
21,43,339,3,2,0,25,20,8,Gasoline,0
75,43,339,3,3,0,25,20,8,Electric,0
0,43,339,3,4,0,NA,NA,NA,NA,1
68,43,340,4,1,0,20,25,7,Electric,0
24,43,340,4,2,0,25,25,8,Gasoline,0
26,43,340,4,3,1,20,30,8,Gasoline,0
0,43,340,4,4,0,NA,NA,NA,NA,1
46,43,341,5,1,0,15,20,8,Hybrid,0
17,43,341,5,2,0,20,30,7,Gasoline,0
28,43,341,5,3,1,15,20,6,Hybrid,0
0,43,341,5,4,0,NA,NA,NA,NA,1
18,43,342,6,1,0,25,30,7,Gasoline,0
60,43,342,6,2,0,25,25,6,Electric,0
36,43,342,6,3,1,25,30,6,Hybrid,0
0,43,342,6,4,0,NA,NA,NA,NA,1
59,43,343,7,1,0,20,25,6,Electric,0
33,43,343,7,2,0,25,25,6,Hybrid,0
69,43,343,7,3,0,25,25,7,Electric,0
0,43,343,7,4,1,NA,NA,NA,NA,1
68,43,344,8,1,0,20,25,7,Electric,0
7,43,344,8,2,1,15,30,6,Gasoline,0
30,43,344,8,3,0,25,20,6,Hybrid,0
0,43,344,8,4,0,NA,NA,NA,NA,1
16,44,345,1,1,1,15,30,7,Gasoline,0
57,44,345,1,2,0,25,20,6,Electric,0
47,44,345,1,3,0,20,20,8,Hybrid,0
0,44,345,1,4,0,NA,NA,NA,NA,1
48,44,346,2,1,0,25,20,8,Hybrid,0
3,44,346,2,2,0,25,20,6,Gasoline,0
8,44,346,2,3,1,20,30,6,Gasoline,0
0,44,346,2,4,0,NA,NA,NA,NA,1
47,44,347,3,1,0,20,20,8,Hybrid,0
45,44,347,3,2,0,25,30,7,Hybrid,0
22,44,347,3,3,1,15,25,8,Gasoline,0
0,44,347,3,4,0,NA,NA,NA,NA,1
72,44,348,4,1,0,25,30,7,Electric,0
55,44,348,4,2,0,15,20,6,Electric,0
73,44,348,4,3,1,15,20,8,Electric,0
0,44,348,4,4,0,NA,NA,NA,NA,1
16,44,349,5,1,1,15,30,7,Gasoline,0
48,44,349,5,2,0,25,20,8,Hybrid,0
14,44,349,5,3,0,20,25,7,Gasoline,0
0,44,349,5,4,0,NA,NA,NA,NA,1
31,44,350,6,1,0,15,25,6,Hybrid,0
7,44,350,6,2,0,15,30,6,Gasoline,0
34,44,350,6,3,1,15,30,6,Hybrid,0
0,44,350,6,4,0,NA,NA,NA,NA,1
9,44,351,7,1,1,25,30,6,Gasoline,0
59,44,351,7,2,0,20,25,6,Electric,0
54,44,351,7,3,0,25,30,8,Hybrid,0
0,44,351,7,4,0,NA,NA,NA,NA,1
19,44,352,8,1,0,15,20,8,Gasoline,0
35,44,352,8,2,0,20,30,6,Hybrid,0
46,44,352,8,3,1,15,20,8,Hybrid,0
0,44,352,8,4,0,NA,NA,NA,NA,1
55,45,353,1,1,1,15,20,6,Electric,0
60,45,353,1,2,0,25,25,6,Electric,0
56,45,353,1,3,0,20,20,6,Electric,0
0,45,353,1,4,0,NA,NA,NA,NA,1
81,45,354,2,1,0,25,30,8,Electric,0
24,45,354,2,2,0,25,25,8,Gasoline,0
32,45,354,2,3,1,20,25,6,Hybrid,0
0,45,354,2,4,0,NA,NA,NA,NA,1
49,45,355,3,1,1,15,25,8,Hybrid,0
30,45,355,3,2,0,25,20,6,Hybrid,0
2,45,355,3,3,0,20,20,6,Gasoline,0
0,45,355,3,4,0,NA,NA,NA,NA,1
2,45,356,4,1,1,20,20,6,Gasoline,0
1,45,356,4,2,0,15,20,6,Gasoline,0
67,45,356,4,3,0,15,25,7,Electric,0
0,45,356,4,4,0,NA,NA,NA,NA,1
48,45,357,5,1,0,25,20,8,Hybrid,0
53,45,357,5,2,1,20,30,8,Hybrid,0
15,45,357,5,3,0,25,25,7,Gasoline,0
0,45,357,5,4,0,NA,NA,NA,NA,1
2,45,358,6,1,1,20,20,6,Gasoline,0
50,45,358,6,2,0,20,25,8,Hybrid,0
75,45,358,6,3,0,25,20,8,Electric,0
0,45,358,6,4,0,NA,NA,NA,NA,1
13,45,359,7,1,1,15,25,7,Gasoline,0
61,45,359,7,2,0,15,30,6,Electric,0
17,45,359,7,3,0,20,30,7,Gasoline,0
0,45,359,7,4,0,NA,NA,NA,NA,1
53,45,360,8,1,0,20,30,8,Hybrid,0
52,45,360,8,2,1,15,30,8,Hybrid,0
17,45,360,8,3,0,20,30,7,Gasoline,0
0,45,360,8,4,0,NA,NA,NA,NA,1
43,46,361,1,1,1,15,30,7,Hybrid,0
16,46,361,1,2,0,15,30,7,Gasoline,0
54,46,361,1,3,0,25,30,8,Hybrid,0
0,46,361,1,4,0,NA,NA,NA,NA,1
15,46,362,2,1,0,25,25,7,Gasoline,0
42,46,362,2,2,0,25,25,7,Hybrid,0
2,46,362,2,3,1,20,20,6,Gasoline,0
0,46,362,2,4,0,NA,NA,NA,NA,1
61,46,363,3,1,0,15,30,6,Electric,0
64,46,363,3,2,0,15,20,7,Electric,0
38,46,363,3,3,1,20,20,7,Hybrid,0
0,46,363,3,4,0,NA,NA,NA,NA,1
66,46,364,4,1,0,25,20,7,Electric,0
69,46,364,4,2,0,25,25,7,Electric,0
59,46,364,4,3,1,20,25,6,Electric,0
0,46,364,4,4,0,NA,NA,NA,NA,1
28,46,365,5,1,0,15,20,6,Hybrid,0
34,46,365,5,2,1,15,30,6,Hybrid,0
70,46,365,5,3,0,15,30,7,Electric,0
0,46,365,5,4,0,NA,NA,NA,NA,1
39,46,366,6,1,0,25,20,7,Hybrid,0
30,46,366,6,2,1,25,20,6,Hybrid,0
3,46,366,6,3,0,25,20,6,Gasoline,0
0,46,366,6,4,0,NA,NA,NA,NA,1
38,46,367,7,1,0,20,20,7,Hybrid,0
35,46,367,7,2,1,20,30,6,Hybrid,0
17,46,367,7,3,0,20,30,7,Gasoline,0
0,46,367,7,4,0,NA,NA,NA,NA,1
70,46,368,8,1,1,15,30,7,Electric,0
29,46,368,8,2,0,20,20,6,Hybrid,0
79,46,368,8,3,0,15,30,8,Electric,0
0,46,368,8,4,0,NA,NA,NA,NA,1
26,47,369,1,1,0,20,30,8,Gasoline,0
57,47,369,1,2,0,25,20,6,Electric,0
46,47,369,1,3,1,15,20,8,Hybrid,0
0,47,369,1,4,0,NA,NA,NA,NA,1
28,47,370,2,1,0,15,20,6,Hybrid,0
20,47,370,2,2,0,20,20,8,Gasoline,0
43,47,370,2,3,1,15,30,7,Hybrid,0
0,47,370,2,4,0,NA,NA,NA,NA,1
69,47,371,3,1,0,25,25,7,Electric,0
74,47,371,3,2,1,20,20,8,Electric,0
51,47,371,3,3,0,25,25,8,Hybrid,0
0,47,371,3,4,0,NA,NA,NA,NA,1
20,47,372,4,1,0,20,20,8,Gasoline,0
46,47,372,4,2,0,15,20,8,Hybrid,0
1,47,372,4,3,1,15,20,6,Gasoline,0
0,47,372,4,4,0,NA,NA,NA,NA,1
67,47,373,5,1,0,15,25,7,Electric,0
54,47,373,5,2,0,25,30,8,Hybrid,0
38,47,373,5,3,0,20,20,7,Hybrid,0
0,47,373,5,4,1,NA,NA,NA,NA,1
8,47,374,6,1,0,20,30,6,Gasoline,0
16,47,374,6,2,1,15,30,7,Gasoline,0
3,47,374,6,3,0,25,20,6,Gasoline,0
0,47,374,6,4,0,NA,NA,NA,NA,1
76,47,375,7,1,0,15,25,8,Electric,0
43,47,375,7,2,1,15,30,7,Hybrid,0
40,47,375,7,3,0,15,25,7,Hybrid,0
0,47,375,7,4,0,NA,NA,NA,NA,1
7,47,376,8,1,1,15,30,6,Gasoline,0
66,47,376,8,2,0,25,20,7,Electric,0
78,47,376,8,3,0,25,25,8,Electric,0
0,47,376,8,4,0,NA,NA,NA,NA,1
25,48,377,1,1,1,15,30,8,Gasoline,0
9,48,377,1,2,0,25,30,6,Gasoline,0
79,48,377,1,3,0,15,30,8,Electric,0
0,48,377,1,4,0,NA,NA,NA,NA,1
10,48,378,2,1,1,15,20,7,Gasoline,0
75,48,378,2,2,0,25,20,8,Electric,0
54,48,378,2,3,0,25,30,8,Hybrid,0
0,48,378,2,4,0,NA,NA,NA,NA,1
68,48,379,3,1,0,20,25,7,Electric,0
27,48,379,3,2,0,25,30,8,Gasoline,0
52,48,379,3,3,1,15,30,8,Hybrid,0
0,48,379,3,4,0,NA,NA,NA,NA,1
33,48,380,4,1,0,25,25,6,Hybrid,0
26,48,380,4,2,1,20,30,8,Gasoline,0
45,48,380,4,3,0,25,30,7,Hybrid,0
0,48,380,4,4,0,NA,NA,NA,NA,1
35,48,381,5,1,1,20,30,6,Hybrid,0
14,48,381,5,2,0,20,25,7,Gasoline,0
77,48,381,5,3,0,20,25,8,Electric,0
0,48,381,5,4,0,NA,NA,NA,NA,1
50,48,382,6,1,0,20,25,8,Hybrid,0
37,48,382,6,2,1,15,20,7,Hybrid,0
21,48,382,6,3,0,25,20,8,Gasoline,0
0,48,382,6,4,0,NA,NA,NA,NA,1
21,48,383,7,1,0,25,20,8,Gasoline,0
58,48,383,7,2,1,15,25,6,Electric,0
2,48,383,7,3,0,20,20,6,Gasoline,0
0,48,383,7,4,0,NA,NA,NA,NA,1
3,48,384,8,1,0,25,20,6,Gasoline,0
74,48,384,8,2,0,20,20,8,Electric,0
72,48,384,8,3,0,25,30,7,Electric,0
0,48,384,8,4,1,NA,NA,NA,NA,1
57,49,385,1,1,0,25,20,6,Electric,0
28,49,385,1,2,1,15,20,6,Hybrid,0
69,49,385,1,3,0,25,25,7,Electric,0
0,49,385,1,4,0,NA,NA,NA,NA,1
64,49,386,2,1,0,15,20,7,Electric,0
36,49,386,2,2,1,25,30,6,Hybrid,0
35,49,386,2,3,0,20,30,6,Hybrid,0
0,49,386,2,4,0,NA,NA,NA,NA,1
46,49,387,3,1,1,15,20,8,Hybrid,0
4,49,387,3,2,0,15,25,6,Gasoline,0
62,49,387,3,3,0,20,30,6,Electric,0
0,49,387,3,4,0,NA,NA,NA,NA,1
49,49,388,4,1,1,15,25,8,Hybrid,0
59,49,388,4,2,0,20,25,6,Electric,0
35,49,388,4,3,0,20,30,6,Hybrid,0
0,49,388,4,4,0,NA,NA,NA,NA,1
57,49,389,5,1,0,25,20,6,Electric,0
11,49,389,5,2,1,20,20,7,Gasoline,0
3,49,389,5,3,0,25,20,6,Gasoline,0
0,49,389,5,4,0,NA,NA,NA,NA,1
21,49,390,6,1,0,25,20,8,Gasoline,0
15,49,390,6,2,0,25,25,7,Gasoline,0
69,49,390,6,3,0,25,25,7,Electric,0
0,49,390,6,4,1,NA,NA,NA,NA,1
29,49,391,7,1,0,20,20,6,Hybrid,0
10,49,391,7,2,1,15,20,7,Gasoline,0
65,49,391,7,3,0,20,20,7,Electric,0
0,49,391,7,4,0,NA,NA,NA,NA,1
30,49,392,8,1,0,25,20,6,Hybrid,0
61,49,392,8,2,1,15,30,6,Electric,0
78,49,392,8,3,0,25,25,8,Electric,0
0,49,392,8,4,0,NA,NA,NA,NA,1
44,50,393,1,1,0,20,30,7,Hybrid,0
36,50,393,1,2,0,25,30,6,Hybrid,0
52,50,393,1,3,1,15,30,8,Hybrid,0
0,50,393,1,4,0,NA,NA,NA,NA,1
32,50,394,2,1,0,20,25,6,Hybrid,0
5,50,394,2,2,0,20,25,6,Gasoline,0
37,50,394,2,3,1,15,20,7,Hybrid,0
0,50,394,2,4,0,NA,NA,NA,NA,1
44,50,395,3,1,0,20,30,7,Hybrid,0
46,50,395,3,2,1,15,20,8,Hybrid,0
2,50,395,3,3,0,20,20,6,Gasoline,0
0,50,395,3,4,0,NA,NA,NA,NA,1
14,50,396,4,1,1,20,25,7,Gasoline,0
64,50,396,4,2,0,15,20,7,Electric,0
67,50,396,4,3,0,15,25,7,Electric,0
0,50,396,4,4,0,NA,NA,NA,NA,1
59,50,397,5,1,0,20,25,6,Electric,0
74,50,397,5,2,0,20,20,8,Electric,0
72,50,397,5,3,0,25,30,7,Electric,0
0,50,397,5,4,1,NA,NA,NA,NA,1
18,50,398,6,1,0,25,30,7,Gasoline,0
40,50,398,6,2,1,15,25,7,Hybrid,0
49,50,398,6,3,0,15,25,8,Hybrid,0
0,50,398,6,4,0,NA,NA,NA,NA,1
19,50,399,7,1,1,15,20,8,Gasoline,0
39,50,399,7,2,0,25,20,7,Hybrid,0
59,50,399,7,3,0,20,25,6,Electric,0
0,50,399,7,4,0,NA,NA,NA,NA,1
70,50,400,8,1,0,15,30,7,Electric,0
2,50,400,8,2,0,20,20,6,Gasoline,0
29,50,400,8,3,1,20,20,6,Hybrid,0
0,50,400,8,4,0,NA,NA,NA,NA,1
57,51,401,1,1,0,25,20,6,Electric,0
65,51,401,1,2,0,20,20,7,Electric,0
50,51,401,1,3,1,20,25,8,Hybrid,0
0,51,401,1,4,0,NA,NA,NA,NA,1
13,51,402,2,1,1,15,25,7,Gasoline,0
29,51,402,2,2,0,20,20,6,Hybrid,0
19,51,402,2,3,0,15,20,8,Gasoline,0
0,51,402,2,4,0,NA,NA,NA,NA,1
19,51,403,3,1,0,15,20,8,Gasoline,0
70,51,403,3,2,0,15,30,7,Electric,0
52,51,403,3,3,1,15,30,8,Hybrid,0
0,51,403,3,4,0,NA,NA,NA,NA,1
42,51,404,4,1,0,25,25,7,Hybrid,0
6,51,404,4,2,0,25,25,6,Gasoline,0
54,51,404,4,3,0,25,30,8,Hybrid,0
0,51,404,4,4,1,NA,NA,NA,NA,1
79,51,405,5,1,1,15,30,8,Electric,0
47,51,405,5,2,0,20,20,8,Hybrid,0
55,51,405,5,3,0,15,20,6,Electric,0
0,51,405,5,4,0,NA,NA,NA,NA,1
68,51,406,6,1,0,20,25,7,Electric,0
7,51,406,6,2,1,15,30,6,Gasoline,0
32,51,406,6,3,0,20,25,6,Hybrid,0
0,51,406,6,4,0,NA,NA,NA,NA,1
73,51,407,7,1,1,15,20,8,Electric,0
39,51,407,7,2,0,25,20,7,Hybrid,0
48,51,407,7,3,0,25,20,8,Hybrid,0
0,51,407,7,4,0,NA,NA,NA,NA,1
18,51,408,8,1,0,25,30,7,Gasoline,0
35,51,408,8,2,1,20,30,6,Hybrid,0
61,51,408,8,3,0,15,30,6,Electric,0
0,51,408,8,4,0,NA,NA,NA,NA,1
76,52,409,1,1,1,15,25,8,Electric,0
73,52,409,1,2,0,15,20,8,Electric,0
53,52,409,1,3,0,20,30,8,Hybrid,0
0,52,409,1,4,0,NA,NA,NA,NA,1
19,52,410,2,1,0,15,20,8,Gasoline,0
31,52,410,2,2,1,15,25,6,Hybrid,0
75,52,410,2,3,0,25,20,8,Electric,0
0,52,410,2,4,0,NA,NA,NA,NA,1
10,52,411,3,1,1,15,20,7,Gasoline,0
3,52,411,3,2,0,25,20,6,Gasoline,0
8,52,411,3,3,0,20,30,6,Gasoline,0
0,52,411,3,4,0,NA,NA,NA,NA,1
3,52,412,4,1,0,25,20,6,Gasoline,0
30,52,412,4,2,0,25,20,6,Hybrid,0
6,52,412,4,3,0,25,25,6,Gasoline,0
0,52,412,4,4,1,NA,NA,NA,NA,1
47,52,413,5,1,0,20,20,8,Hybrid,0
66,52,413,5,2,0,25,20,7,Electric,0
35,52,413,5,3,1,20,30,6,Hybrid,0
0,52,413,5,4,0,NA,NA,NA,NA,1
38,52,414,6,1,0,20,20,7,Hybrid,0
46,52,414,6,2,1,15,20,8,Hybrid,0
11,52,414,6,3,0,20,20,7,Gasoline,0
0,52,414,6,4,0,NA,NA,NA,NA,1
6,52,415,7,1,0,25,25,6,Gasoline,0
3,52,415,7,2,0,25,20,6,Gasoline,0
26,52,415,7,3,1,20,30,8,Gasoline,0
0,52,415,7,4,0,NA,NA,NA,NA,1
81,52,416,8,1,0,25,30,8,Electric,0
75,52,416,8,2,0,25,20,8,Electric,0
69,52,416,8,3,0,25,25,7,Electric,0
0,52,416,8,4,1,NA,NA,NA,NA,1
56,53,417,1,1,0,20,20,6,Electric,0
77,53,417,1,2,0,20,25,8,Electric,0
76,53,417,1,3,0,15,25,8,Electric,0
0,53,417,1,4,1,NA,NA,NA,NA,1
72,53,418,2,1,0,25,30,7,Electric,0
17,53,418,2,2,0,20,30,7,Gasoline,0
40,53,418,2,3,1,15,25,7,Hybrid,0
0,53,418,2,4,0,NA,NA,NA,NA,1
13,53,419,3,1,1,15,25,7,Gasoline,0
59,53,419,3,2,0,20,25,6,Electric,0
15,53,419,3,3,0,25,25,7,Gasoline,0
0,53,419,3,4,0,NA,NA,NA,NA,1
38,53,420,4,1,0,20,20,7,Hybrid,0
16,53,420,4,2,0,15,30,7,Gasoline,0
52,53,420,4,3,1,15,30,8,Hybrid,0
0,53,420,4,4,0,NA,NA,NA,NA,1
55,53,421,5,1,1,15,20,6,Electric,0
21,53,421,5,2,0,25,20,8,Gasoline,0
45,53,421,5,3,0,25,30,7,Hybrid,0
0,53,421,5,4,0,NA,NA,NA,NA,1
5,53,422,6,1,0,20,25,6,Gasoline,0
20,53,422,6,2,1,20,20,8,Gasoline,0
30,53,422,6,3,0,25,20,6,Hybrid,0
0,53,422,6,4,0,NA,NA,NA,NA,1
11,53,423,7,1,0,20,20,7,Gasoline,0
76,53,423,7,2,0,15,25,8,Electric,0
55,53,423,7,3,1,15,20,6,Electric,0
0,53,423,7,4,0,NA,NA,NA,NA,1
62,53,424,8,1,1,20,30,6,Electric,0
51,53,424,8,2,0,25,25,8,Hybrid,0
65,53,424,8,3,0,20,20,7,Electric,0
0,53,424,8,4,0,NA,NA,NA,NA,1
32,54,425,1,1,1,20,25,6,Hybrid,0
75,54,425,1,2,0,25,20,8,Electric,0
41,54,425,1,3,0,20,25,7,Hybrid,0
0,54,425,1,4,0,NA,NA,NA,NA,1
54,54,426,2,1,1,25,30,8,Hybrid,0
30,54,426,2,2,0,25,20,6,Hybrid,0
42,54,426,2,3,0,25,25,7,Hybrid,0
0,54,426,2,4,0,NA,NA,NA,NA,1
29,54,427,3,1,1,20,20,6,Hybrid,0
12,54,427,3,2,0,25,20,7,Gasoline,0
57,54,427,3,3,0,25,20,6,Electric,0
0,54,427,3,4,0,NA,NA,NA,NA,1
45,54,428,4,1,0,25,30,7,Hybrid,0
55,54,428,4,2,1,15,20,6,Electric,0
29,54,428,4,3,0,20,20,6,Hybrid,0
0,54,428,4,4,0,NA,NA,NA,NA,1
12,54,429,5,1,0,25,20,7,Gasoline,0
37,54,429,5,2,0,15,20,7,Hybrid,0
1,54,429,5,3,1,15,20,6,Gasoline,0
0,54,429,5,4,0,NA,NA,NA,NA,1
78,54,430,6,1,0,25,25,8,Electric,0
80,54,430,6,2,0,20,30,8,Electric,0
23,54,430,6,3,1,20,25,8,Gasoline,0
0,54,430,6,4,0,NA,NA,NA,NA,1
54,54,431,7,1,0,25,30,8,Hybrid,0
76,54,431,7,2,0,15,25,8,Electric,0
40,54,431,7,3,1,15,25,7,Hybrid,0
0,54,431,7,4,0,NA,NA,NA,NA,1
52,54,432,8,1,1,15,30,8,Hybrid,0
40,54,432,8,2,0,15,25,7,Hybrid,0
71,54,432,8,3,0,20,30,7,Electric,0
0,54,432,8,4,0,NA,NA,NA,NA,1
76,55,433,1,1,1,15,25,8,Electric,0
69,55,433,1,2,0,25,25,7,Electric,0
68,55,433,1,3,0,20,25,7,Electric,0
0,55,433,1,4,0,NA,NA,NA,NA,1
40,55,434,2,1,1,15,25,7,Hybrid,0
38,55,434,2,2,0,20,20,7,Hybrid,0
13,55,434,2,3,0,15,25,7,Gasoline,0
0,55,434,2,4,0,NA,NA,NA,NA,1
55,55,435,3,1,0,15,20,6,Electric,0
10,55,435,3,2,1,15,20,7,Gasoline,0
67,55,435,3,3,0,15,25,7,Electric,0
0,55,435,3,4,0,NA,NA,NA,NA,1
24,55,436,4,1,0,25,25,8,Gasoline,0
39,55,436,4,2,0,25,20,7,Hybrid,0
15,55,436,4,3,0,25,25,7,Gasoline,0
0,55,436,4,4,1,NA,NA,NA,NA,1
45,55,437,5,1,0,25,30,7,Hybrid,0
18,55,437,5,2,0,25,30,7,Gasoline,0
32,55,437,5,3,1,20,25,6,Hybrid,0
0,55,437,5,4,0,NA,NA,NA,NA,1
12,55,438,6,1,0,25,20,7,Gasoline,0
59,55,438,6,2,0,20,25,6,Electric,0
50,55,438,6,3,1,20,25,8,Hybrid,0
0,55,438,6,4,0,NA,NA,NA,NA,1
63,55,439,7,1,0,25,30,6,Electric,0
50,55,439,7,2,0,20,25,8,Hybrid,0
16,55,439,7,3,1,15,30,7,Gasoline,0
0,55,439,7,4,0,NA,NA,NA,NA,1
22,55,440,8,1,0,15,25,8,Gasoline,0
52,55,440,8,2,1,15,30,8,Hybrid,0
15,55,440,8,3,0,25,25,7,Gasoline,0
0,55,440,8,4,0,NA,NA,NA,NA,1
4,56,441,1,1,1,15,25,6,Gasoline,0
57,56,441,1,2,0,25,20,6,Electric,0
26,56,441,1,3,0,20,30,8,Gasoline,0
0,56,441,1,4,0,NA,NA,NA,NA,1
44,56,442,2,1,1,20,30,7,Hybrid,0
35,56,442,2,2,0,20,30,6,Hybrid,0
47,56,442,2,3,0,20,20,8,Hybrid,0
0,56,442,2,4,0,NA,NA,NA,NA,1
33,56,443,3,1,0,25,25,6,Hybrid,0
42,56,443,3,2,0,25,25,7,Hybrid,0
5,56,443,3,3,1,20,25,6,Gasoline,0
0,56,443,3,4,0,NA,NA,NA,NA,1
49,56,444,4,1,1,15,25,8,Hybrid,0
10,56,444,4,2,0,15,20,7,Gasoline,0
64,56,444,4,3,0,15,20,7,Electric,0
0,56,444,4,4,0,NA,NA,NA,NA,1
31,56,445,5,1,1,15,25,6,Hybrid,0
77,56,445,5,2,0,20,25,8,Electric,0
26,56,445,5,3,0,20,30,8,Gasoline,0
0,56,445,5,4,0,NA,NA,NA,NA,1
78,56,446,6,1,0,25,25,8,Electric,0
7,56,446,6,2,0,15,30,6,Gasoline,0
31,56,446,6,3,1,15,25,6,Hybrid,0
0,56,446,6,4,0,NA,NA,NA,NA,1
49,56,447,7,1,1,15,25,8,Hybrid,0
25,56,447,7,2,0,15,30,8,Gasoline,0
69,56,447,7,3,0,25,25,7,Electric,0
0,56,447,7,4,0,NA,NA,NA,NA,1
4,56,448,8,1,1,15,25,6,Gasoline,0
80,56,448,8,2,0,20,30,8,Electric,0
22,56,448,8,3,0,15,25,8,Gasoline,0
0,56,448,8,4,0,NA,NA,NA,NA,1
81,57,449,1,1,0,25,30,8,Electric,0
28,57,449,1,2,1,15,20,6,Hybrid,0
53,57,449,1,3,0,20,30,8,Hybrid,0
0,57,449,1,4,0,NA,NA,NA,NA,1
34,57,450,2,1,0,15,30,6,Hybrid,0
49,57,450,2,2,1,15,25,8,Hybrid,0
56,57,450,2,3,0,20,20,6,Electric,0
0,57,450,2,4,0,NA,NA,NA,NA,1
43,57,451,3,1,1,15,30,7,Hybrid,0
17,57,451,3,2,0,20,30,7,Gasoline,0
21,57,451,3,3,0,25,20,8,Gasoline,0
0,57,451,3,4,0,NA,NA,NA,NA,1
65,57,452,4,1,0,20,20,7,Electric,0
7,57,452,4,2,1,15,30,6,Gasoline,0
77,57,452,4,3,0,20,25,8,Electric,0
0,57,452,4,4,0,NA,NA,NA,NA,1
12,57,453,5,1,0,25,20,7,Gasoline,0
20,57,453,5,2,0,20,20,8,Gasoline,0
64,57,453,5,3,0,15,20,7,Electric,0
0,57,453,5,4,1,NA,NA,NA,NA,1
44,57,454,6,1,1,20,30,7,Hybrid,0
20,57,454,6,2,0,20,20,8,Gasoline,0
80,57,454,6,3,0,20,30,8,Electric,0
0,57,454,6,4,0,NA,NA,NA,NA,1
21,57,455,7,1,0,25,20,8,Gasoline,0
11,57,455,7,2,0,20,20,7,Gasoline,0
20,57,455,7,3,0,20,20,8,Gasoline,0
0,57,455,7,4,1,NA,NA,NA,NA,1
35,57,456,8,1,1,20,30,6,Hybrid,0
2,57,456,8,2,0,20,20,6,Gasoline,0
72,57,456,8,3,0,25,30,7,Electric,0
0,57,456,8,4,0,NA,NA,NA,NA,1
68,58,457,1,1,0,20,25,7,Electric,0
50,58,457,1,2,0,20,25,8,Hybrid,0
16,58,457,1,3,1,15,30,7,Gasoline,0
0,58,457,1,4,0,NA,NA,NA,NA,1
53,58,458,2,1,0,20,30,8,Hybrid,0
46,58,458,2,2,1,15,20,8,Hybrid,0
41,58,458,2,3,0,20,25,7,Hybrid,0
0,58,458,2,4,0,NA,NA,NA,NA,1
69,58,459,3,1,0,25,25,7,Electric,0
17,58,459,3,2,1,20,30,7,Gasoline,0
63,58,459,3,3,0,25,30,6,Electric,0
0,58,459,3,4,0,NA,NA,NA,NA,1
7,58,460,4,1,0,15,30,6,Gasoline,0
52,58,460,4,2,1,15,30,8,Hybrid,0
77,58,460,4,3,0,20,25,8,Electric,0
0,58,460,4,4,0,NA,NA,NA,NA,1
34,58,461,5,1,1,15,30,6,Hybrid,0
24,58,461,5,2,0,25,25,8,Gasoline,0
64,58,461,5,3,0,15,20,7,Electric,0
0,58,461,5,4,0,NA,NA,NA,NA,1
2,58,462,6,1,0,20,20,6,Gasoline,0
81,58,462,6,2,0,25,30,8,Electric,0
14,58,462,6,3,1,20,25,7,Gasoline,0
0,58,462,6,4,0,NA,NA,NA,NA,1
12,58,463,7,1,0,25,20,7,Gasoline,0
76,58,463,7,2,1,15,25,8,Electric,0
69,58,463,7,3,0,25,25,7,Electric,0
0,58,463,7,4,0,NA,NA,NA,NA,1
57,58,464,8,1,0,25,20,6,Electric,0
71,58,464,8,2,0,20,30,7,Electric,0
25,58,464,8,3,1,15,30,8,Gasoline,0
0,58,464,8,4,0,NA,NA,NA,NA,1
68,59,465,1,1,1,20,25,7,Electric,0
81,59,465,1,2,0,25,30,8,Electric,0
24,59,465,1,3,0,25,25,8,Gasoline,0
0,59,465,1,4,0,NA,NA,NA,NA,1
31,59,466,2,1,1,15,25,6,Hybrid,0
67,59,466,2,2,0,15,25,7,Electric,0
1,59,466,2,3,0,15,20,6,Gasoline,0
0,59,466,2,4,0,NA,NA,NA,NA,1
72,59,467,3,1,0,25,30,7,Electric,0
6,59,467,3,2,0,25,25,6,Gasoline,0
12,59,467,3,3,0,25,20,7,Gasoline,0
0,59,467,3,4,1,NA,NA,NA,NA,1
50,59,468,4,1,0,20,25,8,Hybrid,0
27,59,468,4,2,1,25,30,8,Gasoline,0
45,59,468,4,3,0,25,30,7,Hybrid,0
0,59,468,4,4,0,NA,NA,NA,NA,1
40,59,469,5,1,1,15,25,7,Hybrid,0
39,59,469,5,2,0,25,20,7,Hybrid,0
33,59,469,5,3,0,25,25,6,Hybrid,0
0,59,469,5,4,0,NA,NA,NA,NA,1
49,59,470,6,1,0,15,25,8,Hybrid,0
4,59,470,6,2,1,15,25,6,Gasoline,0
41,59,470,6,3,0,20,25,7,Hybrid,0
0,59,470,6,4,0,NA,NA,NA,NA,1
50,59,471,7,1,0,20,25,8,Hybrid,0
69,59,471,7,2,0,25,25,7,Electric,0
28,59,471,7,3,1,15,20,6,Hybrid,0
0,59,471,7,4,0,NA,NA,NA,NA,1
51,59,472,8,1,0,25,25,8,Hybrid,0
67,59,472,8,2,0,15,25,7,Electric,0
4,59,472,8,3,1,15,25,6,Gasoline,0
0,59,472,8,4,0,NA,NA,NA,NA,1
55,60,473,1,1,0,15,20,6,Electric,0
68,60,473,1,2,0,20,25,7,Electric,0
41,60,473,1,3,1,20,25,7,Hybrid,0
0,60,473,1,4,0,NA,NA,NA,NA,1
43,60,474,2,1,1,15,30,7,Hybrid,0
80,60,474,2,2,0,20,30,8,Electric,0
76,60,474,2,3,0,15,25,8,Electric,0
0,60,474,2,4,0,NA,NA,NA,NA,1
24,60,475,3,1,0,25,25,8,Gasoline,0
65,60,475,3,2,0,20,20,7,Electric,0
42,60,475,3,3,0,25,25,7,Hybrid,0
0,60,475,3,4,1,NA,NA,NA,NA,1
39,60,476,4,1,0,25,20,7,Hybrid,0
26,60,476,4,2,1,20,30,8,Gasoline,0
42,60,476,4,3,0,25,25,7,Hybrid,0
0,60,476,4,4,0,NA,NA,NA,NA,1
11,60,477,5,1,0,20,20,7,Gasoline,0
24,60,477,5,2,0,25,25,8,Gasoline,0
13,60,477,5,3,1,15,25,7,Gasoline,0
0,60,477,5,4,0,NA,NA,NA,NA,1
39,60,478,6,1,0,25,20,7,Hybrid,0
10,60,478,6,2,1,15,20,7,Gasoline,0
6,60,478,6,3,0,25,25,6,Gasoline,0
0,60,478,6,4,0,NA,NA,NA,NA,1
13,60,479,7,1,1,15,25,7,Gasoline,0
78,60,479,7,2,0,25,25,8,Electric,0
62,60,479,7,3,0,20,30,6,Electric,0
0,60,479,7,4,0,NA,NA,NA,NA,1
18,60,480,8,1,0,25,30,7,Gasoline,0
46,60,480,8,2,1,15,20,8,Hybrid,0
23,60,480,8,3,0,20,25,8,Gasoline,0
0,60,480,8,4,0,NA,NA,NA,NA,1
53,61,481,1,1,0,20,30,8,Hybrid,0
78,61,481,1,2,0,25,25,8,Electric,0
55,61,481,1,3,1,15,20,6,Electric,0
0,61,481,1,4,0,NA,NA,NA,NA,1
80,61,482,2,1,0,20,30,8,Electric,0
18,61,482,2,2,0,25,30,7,Gasoline,0
4,61,482,2,3,1,15,25,6,Gasoline,0
0,61,482,2,4,0,NA,NA,NA,NA,1
22,61,483,3,1,0,15,25,8,Gasoline,0
43,61,483,3,2,0,15,30,7,Hybrid,0
10,61,483,3,3,1,15,20,7,Gasoline,0
0,61,483,3,4,0,NA,NA,NA,NA,1
57,61,484,4,1,0,25,20,6,Electric,0
81,61,484,4,2,0,25,30,8,Electric,0
72,61,484,4,3,0,25,30,7,Electric,0
0,61,484,4,4,1,NA,NA,NA,NA,1
72,61,485,5,1,0,25,30,7,Electric,0
47,61,485,5,2,1,20,20,8,Hybrid,0
52,61,485,5,3,0,15,30,8,Hybrid,0
0,61,485,5,4,0,NA,NA,NA,NA,1
53,61,486,6,1,0,20,30,8,Hybrid,0
7,61,486,6,2,1,15,30,6,Gasoline,0
67,61,486,6,3,0,15,25,7,Electric,0
0,61,486,6,4,0,NA,NA,NA,NA,1
13,61,487,7,1,1,15,25,7,Gasoline,0
24,61,487,7,2,0,25,25,8,Gasoline,0
30,61,487,7,3,0,25,20,6,Hybrid,0
0,61,487,7,4,0,NA,NA,NA,NA,1
5,61,488,8,1,1,20,25,6,Gasoline,0
48,61,488,8,2,0,25,20,8,Hybrid,0
6,61,488,8,3,0,25,25,6,Gasoline,0
0,61,488,8,4,0,NA,NA,NA,NA,1
44,62,489,1,1,0,20,30,7,Hybrid,0
34,62,489,1,2,1,15,30,6,Hybrid,0
3,62,489,1,3,0,25,20,6,Gasoline,0
0,62,489,1,4,0,NA,NA,NA,NA,1
52,62,490,2,1,1,15,30,8,Hybrid,0
73,62,490,2,2,0,15,20,8,Electric,0
47,62,490,2,3,0,20,20,8,Hybrid,0
0,62,490,2,4,0,NA,NA,NA,NA,1
19,62,491,3,1,1,15,20,8,Gasoline,0
47,62,491,3,2,0,20,20,8,Hybrid,0
35,62,491,3,3,0,20,30,6,Hybrid,0
0,62,491,3,4,0,NA,NA,NA,NA,1
56,62,492,4,1,0,20,20,6,Electric,0
26,62,492,4,2,1,20,30,8,Gasoline,0
48,62,492,4,3,0,25,20,8,Hybrid,0
0,62,492,4,4,0,NA,NA,NA,NA,1
61,62,493,5,1,1,15,30,6,Electric,0
46,62,493,5,2,0,15,20,8,Hybrid,0
20,62,493,5,3,0,20,20,8,Gasoline,0
0,62,493,5,4,0,NA,NA,NA,NA,1
10,62,494,6,1,0,15,20,7,Gasoline,0
45,62,494,6,2,0,25,30,7,Hybrid,0
49,62,494,6,3,1,15,25,8,Hybrid,0
0,62,494,6,4,0,NA,NA,NA,NA,1
75,62,495,7,1,0,25,20,8,Electric,0
6,62,495,7,2,0,25,25,6,Gasoline,0
28,62,495,7,3,1,15,20,6,Hybrid,0
0,62,495,7,4,0,NA,NA,NA,NA,1
54,62,496,8,1,0,25,30,8,Hybrid,0
61,62,496,8,2,0,15,30,6,Electric,0
47,62,496,8,3,1,20,20,8,Hybrid,0
0,62,496,8,4,0,NA,NA,NA,NA,1
64,63,497,1,1,1,15,20,7,Electric,0
20,63,497,1,2,0,20,20,8,Gasoline,0
3,63,497,1,3,0,25,20,6,Gasoline,0
0,63,497,1,4,0,NA,NA,NA,NA,1
69,63,498,2,1,0,25,25,7,Electric,0
55,63,498,2,2,1,15,20,6,Electric,0
48,63,498,2,3,0,25,20,8,Hybrid,0
0,63,498,2,4,0,NA,NA,NA,NA,1
74,63,499,3,1,0,20,20,8,Electric,0
9,63,499,3,2,0,25,30,6,Gasoline,0
51,63,499,3,3,0,25,25,8,Hybrid,0
0,63,499,3,4,1,NA,NA,NA,NA,1
14,63,500,4,1,0,20,25,7,Gasoline,0
69,63,500,4,2,0,25,25,7,Electric,0
10,63,500,4,3,1,15,20,7,Gasoline,0
0,63,500,4,4,0,NA,NA,NA,NA,1
38,63,501,5,1,0,20,20,7,Hybrid,0
25,63,501,5,2,1,15,30,8,Gasoline,0
73,63,501,5,3,0,15,20,8,Electric,0
0,63,501,5,4,0,NA,NA,NA,NA,1
2,63,502,6,1,0,20,20,6,Gasoline,0
16,63,502,6,2,1,15,30,7,Gasoline,0
46,63,502,6,3,0,15,20,8,Hybrid,0
0,63,502,6,4,0,NA,NA,NA,NA,1
37,63,503,7,1,1,15,20,7,Hybrid,0
76,63,503,7,2,0,15,25,8,Electric,0
38,63,503,7,3,0,20,20,7,Hybrid,0
0,63,503,7,4,0,NA,NA,NA,NA,1
22,63,504,8,1,1,15,25,8,Gasoline,0
65,63,504,8,2,0,20,20,7,Electric,0
71,63,504,8,3,0,20,30,7,Electric,0
0,63,504,8,4,0,NA,NA,NA,NA,1
12,64,505,1,1,0,25,20,7,Gasoline,0
81,64,505,1,2,0,25,30,8,Electric,0
62,64,505,1,3,1,20,30,6,Electric,0
0,64,505,1,4,0,NA,NA,NA,NA,1
34,64,506,2,1,1,15,30,6,Hybrid,0
62,64,506,2,2,0,20,30,6,Electric,0
47,64,506,2,3,0,20,20,8,Hybrid,0
0,64,506,2,4,0,NA,NA,NA,NA,1
58,64,507,3,1,1,15,25,6,Electric,0
20,64,507,3,2,0,20,20,8,Gasoline,0
75,64,507,3,3,0,25,20,8,Electric,0
0,64,507,3,4,0,NA,NA,NA,NA,1
56,64,508,4,1,0,20,20,6,Electric,0
65,64,508,4,2,0,20,20,7,Electric,0
80,64,508,4,3,0,20,30,8,Electric,0
0,64,508,4,4,1,NA,NA,NA,NA,1
72,64,509,5,1,0,25,30,7,Electric,0
25,64,509,5,2,1,15,30,8,Gasoline,0
4,64,509,5,3,0,15,25,6,Gasoline,0
0,64,509,5,4,0,NA,NA,NA,NA,1
21,64,510,6,1,0,25,20,8,Gasoline,0
18,64,510,6,2,0,25,30,7,Gasoline,0
11,64,510,6,3,0,20,20,7,Gasoline,0
0,64,510,6,4,1,NA,NA,NA,NA,1
53,64,511,7,1,1,20,30,8,Hybrid,0
48,64,511,7,2,0,25,20,8,Hybrid,0
20,64,511,7,3,0,20,20,8,Gasoline,0
0,64,511,7,4,0,NA,NA,NA,NA,1
38,64,512,8,1,0,20,20,7,Hybrid,0
13,64,512,8,2,1,15,25,7,Gasoline,0
27,64,512,8,3,0,25,30,8,Gasoline,0
0,64,512,8,4,0,NA,NA,NA,NA,1
46,65,513,1,1,0,15,20,8,Hybrid,0
4,65,513,1,2,1,15,25,6,Gasoline,0
33,65,513,1,3,0,25,25,6,Hybrid,0
0,65,513,1,4,0,NA,NA,NA,NA,1
37,65,514,2,1,0,15,20,7,Hybrid,0
22,65,514,2,2,1,15,25,8,Gasoline,0
40,65,514,2,3,0,15,25,7,Hybrid,0
0,65,514,2,4,0,NA,NA,NA,NA,1
76,65,515,3,1,1,15,25,8,Electric,0
77,65,515,3,2,0,20,25,8,Electric,0
18,65,515,3,3,0,25,30,7,Gasoline,0
0,65,515,3,4,0,NA,NA,NA,NA,1
29,65,516,4,1,0,20,20,6,Hybrid,0
8,65,516,4,2,1,20,30,6,Gasoline,0
26,65,516,4,3,0,20,30,8,Gasoline,0
0,65,516,4,4,0,NA,NA,NA,NA,1
8,65,517,5,1,0,20,30,6,Gasoline,0
43,65,517,5,2,0,15,30,7,Hybrid,0
20,65,517,5,3,1,20,20,8,Gasoline,0
0,65,517,5,4,0,NA,NA,NA,NA,1
25,65,518,6,1,1,15,30,8,Gasoline,0
69,65,518,6,2,0,25,25,7,Electric,0
13,65,518,6,3,0,15,25,7,Gasoline,0
0,65,518,6,4,0,NA,NA,NA,NA,1
38,65,519,7,1,0,20,20,7,Hybrid,0
39,65,519,7,2,0,25,20,7,Hybrid,0
17,65,519,7,3,1,20,30,7,Gasoline,0
0,65,519,7,4,0,NA,NA,NA,NA,1
38,65,520,8,1,0,20,20,7,Hybrid,0
78,65,520,8,2,0,25,25,8,Electric,0
28,65,520,8,3,1,15,20,6,Hybrid,0
0,65,520,8,4,0,NA,NA,NA,NA,1
40,66,521,1,1,0,15,25,7,Hybrid,0
52,66,521,1,2,1,15,30,8,Hybrid,0
73,66,521,1,3,0,15,20,8,Electric,0
0,66,521,1,4,0,NA,NA,NA,NA,1
45,66,522,2,1,0,25,30,7,Hybrid,0
40,66,522,2,2,1,15,25,7,Hybrid,0
32,66,522,2,3,0,20,25,6,Hybrid,0
0,66,522,2,4,0,NA,NA,NA,NA,1
53,66,523,3,1,1,20,30,8,Hybrid,0
42,66,523,3,2,0,25,25,7,Hybrid,0
39,66,523,3,3,0,25,20,7,Hybrid,0
0,66,523,3,4,0,NA,NA,NA,NA,1
21,66,524,4,1,0,25,20,8,Gasoline,0
16,66,524,4,2,1,15,30,7,Gasoline,0
27,66,524,4,3,0,25,30,8,Gasoline,0
0,66,524,4,4,0,NA,NA,NA,NA,1
75,66,525,5,1,0,25,20,8,Electric,0
6,66,525,5,2,0,25,25,6,Gasoline,0
29,66,525,5,3,1,20,20,6,Hybrid,0
0,66,525,5,4,0,NA,NA,NA,NA,1
56,66,526,6,1,0,20,20,6,Electric,0
42,66,526,6,2,0,25,25,7,Hybrid,0
22,66,526,6,3,1,15,25,8,Gasoline,0
0,66,526,6,4,0,NA,NA,NA,NA,1
48,66,527,7,1,0,25,20,8,Hybrid,0
25,66,527,7,2,1,15,30,8,Gasoline,0
72,66,527,7,3,0,25,30,7,Electric,0
0,66,527,7,4,0,NA,NA,NA,NA,1
65,66,528,8,1,0,20,20,7,Electric,0
49,66,528,8,2,1,15,25,8,Hybrid,0
59,66,528,8,3,0,20,25,6,Electric,0
0,66,528,8,4,0,NA,NA,NA,NA,1
45,67,529,1,1,0,25,30,7,Hybrid,0
75,67,529,1,2,0,25,20,8,Electric,0
43,67,529,1,3,1,15,30,7,Hybrid,0
0,67,529,1,4,0,NA,NA,NA,NA,1
76,67,530,2,1,0,15,25,8,Electric,0
80,67,530,2,2,0,20,30,8,Electric,0
31,67,530,2,3,1,15,25,6,Hybrid,0
0,67,530,2,4,0,NA,NA,NA,NA,1
38,67,531,3,1,1,20,20,7,Hybrid,0
8,67,531,3,2,0,20,30,6,Gasoline,0
47,67,531,3,3,0,20,20,8,Hybrid,0
0,67,531,3,4,0,NA,NA,NA,NA,1
65,67,532,4,1,0,20,20,7,Electric,0
67,67,532,4,2,0,15,25,7,Electric,0
63,67,532,4,3,0,25,30,6,Electric,0
0,67,532,4,4,1,NA,NA,NA,NA,1
73,67,533,5,1,0,15,20,8,Electric,0
24,67,533,5,2,0,25,25,8,Gasoline,0
41,67,533,5,3,1,20,25,7,Hybrid,0
0,67,533,5,4,0,NA,NA,NA,NA,1
25,67,534,6,1,1,15,30,8,Gasoline,0
44,67,534,6,2,0,20,30,7,Hybrid,0
77,67,534,6,3,0,20,25,8,Electric,0
0,67,534,6,4,0,NA,NA,NA,NA,1
73,67,535,7,1,0,15,20,8,Electric,0
19,67,535,7,2,0,15,20,8,Gasoline,0
10,67,535,7,3,1,15,20,7,Gasoline,0
0,67,535,7,4,0,NA,NA,NA,NA,1
74,67,536,8,1,0,20,20,8,Electric,0
67,67,536,8,2,0,15,25,7,Electric,0
6,67,536,8,3,0,25,25,6,Gasoline,0
0,67,536,8,4,1,NA,NA,NA,NA,1
49,68,537,1,1,1,15,25,8,Hybrid,0
39,68,537,1,2,0,25,20,7,Hybrid,0
72,68,537,1,3,0,25,30,7,Electric,0
0,68,537,1,4,0,NA,NA,NA,NA,1
79,68,538,2,1,0,15,30,8,Electric,0
51,68,538,2,2,0,25,25,8,Hybrid,0
53,68,538,2,3,1,20,30,8,Hybrid,0
0,68,538,2,4,0,NA,NA,NA,NA,1
18,68,539,3,1,0,25,30,7,Gasoline,0
6,68,539,3,2,0,25,25,6,Gasoline,0
25,68,539,3,3,1,15,30,8,Gasoline,0
0,68,539,3,4,0,NA,NA,NA,NA,1
12,68,540,4,1,0,25,20,7,Gasoline,0
47,68,540,4,2,1,20,20,8,Hybrid,0
55,68,540,4,3,0,15,20,6,Electric,0
0,68,540,4,4,0,NA,NA,NA,NA,1
31,68,541,5,1,1,15,25,6,Hybrid,0
36,68,541,5,2,0,25,30,6,Hybrid,0
8,68,541,5,3,0,20,30,6,Gasoline,0
0,68,541,5,4,0,NA,NA,NA,NA,1
1,68,542,6,1,1,15,20,6,Gasoline,0
28,68,542,6,2,0,15,20,6,Hybrid,0
51,68,542,6,3,0,25,25,8,Hybrid,0
0,68,542,6,4,0,NA,NA,NA,NA,1
61,68,543,7,1,0,15,30,6,Electric,0
52,68,543,7,2,1,15,30,8,Hybrid,0
29,68,543,7,3,0,20,20,6,Hybrid,0
0,68,543,7,4,0,NA,NA,NA,NA,1
70,68,544,8,1,0,15,30,7,Electric,0
11,68,544,8,2,1,20,20,7,Gasoline,0
67,68,544,8,3,0,15,25,7,Electric,0
0,68,544,8,4,0,NA,NA,NA,NA,1
57,69,545,1,1,0,25,20,6,Electric,0
60,69,545,1,2,0,25,25,6,Electric,0
64,69,545,1,3,1,15,20,7,Electric,0
0,69,545,1,4,0,NA,NA,NA,NA,1
48,69,546,2,1,0,25,20,8,Hybrid,0
55,69,546,2,2,0,15,20,6,Electric,0
65,69,546,2,3,0,20,20,7,Electric,0
0,69,546,2,4,1,NA,NA,NA,NA,1
75,69,547,3,1,0,25,20,8,Electric,0
69,69,547,3,2,0,25,25,7,Electric,0
1,69,547,3,3,1,15,20,6,Gasoline,0
0,69,547,3,4,0,NA,NA,NA,NA,1
43,69,548,4,1,1,15,30,7,Hybrid,0
29,69,548,4,2,0,20,20,6,Hybrid,0
50,69,548,4,3,0,20,25,8,Hybrid,0
0,69,548,4,4,0,NA,NA,NA,NA,1
11,69,549,5,1,0,20,20,7,Gasoline,0
25,69,549,5,2,1,15,30,8,Gasoline,0
78,69,549,5,3,0,25,25,8,Electric,0
0,69,549,5,4,0,NA,NA,NA,NA,1
48,69,550,6,1,0,25,20,8,Hybrid,0
37,69,550,6,2,1,15,20,7,Hybrid,0
45,69,550,6,3,0,25,30,7,Hybrid,0
0,69,550,6,4,0,NA,NA,NA,NA,1
52,69,551,7,1,1,15,30,8,Hybrid,0
21,69,551,7,2,0,25,20,8,Gasoline,0
6,69,551,7,3,0,25,25,6,Gasoline,0
0,69,551,7,4,0,NA,NA,NA,NA,1
5,69,552,8,1,0,20,25,6,Gasoline,0
61,69,552,8,2,0,15,30,6,Electric,0
57,69,552,8,3,0,25,20,6,Electric,0
0,69,552,8,4,1,NA,NA,NA,NA,1
77,70,553,1,1,0,20,25,8,Electric,0
3,70,553,1,2,0,25,20,6,Gasoline,0
32,70,553,1,3,1,20,25,6,Hybrid,0
0,70,553,1,4,0,NA,NA,NA,NA,1
60,70,554,2,1,0,25,25,6,Electric,0
8,70,554,2,2,1,20,30,6,Gasoline,0
6,70,554,2,3,0,25,25,6,Gasoline,0
0,70,554,2,4,0,NA,NA,NA,NA,1
73,70,555,3,1,0,15,20,8,Electric,0
25,70,555,3,2,1,15,30,8,Gasoline,0
67,70,555,3,3,0,15,25,7,Electric,0
0,70,555,3,4,0,NA,NA,NA,NA,1
2,70,556,4,1,0,20,20,6,Gasoline,0
12,70,556,4,2,0,25,20,7,Gasoline,0
40,70,556,4,3,1,15,25,7,Hybrid,0
0,70,556,4,4,0,NA,NA,NA,NA,1
35,70,557,5,1,0,20,30,6,Hybrid,0
43,70,557,5,2,1,15,30,7,Hybrid,0
51,70,557,5,3,0,25,25,8,Hybrid,0
0,70,557,5,4,0,NA,NA,NA,NA,1
64,70,558,6,1,0,15,20,7,Electric,0
49,70,558,6,2,1,15,25,8,Hybrid,0
31,70,558,6,3,0,15,25,6,Hybrid,0
0,70,558,6,4,0,NA,NA,NA,NA,1
11,70,559,7,1,1,20,20,7,Gasoline,0
60,70,559,7,2,0,25,25,6,Electric,0
76,70,559,7,3,0,15,25,8,Electric,0
0,70,559,7,4,0,NA,NA,NA,NA,1
14,70,560,8,1,0,20,25,7,Gasoline,0
37,70,560,8,2,1,15,20,7,Hybrid,0
81,70,560,8,3,0,25,30,8,Electric,0
0,70,560,8,4,0,NA,NA,NA,NA,1
32,71,561,1,1,1,20,25,6,Hybrid,0
63,71,561,1,2,0,25,30,6,Electric,0
80,71,561,1,3,0,20,30,8,Electric,0
0,71,561,1,4,0,NA,NA,NA,NA,1
13,71,562,2,1,0,15,25,7,Gasoline,0
7,71,562,2,2,1,15,30,6,Gasoline,0
27,71,562,2,3,0,25,30,8,Gasoline,0
0,71,562,2,4,0,NA,NA,NA,NA,1
30,71,563,3,1,0,25,20,6,Hybrid,0
39,71,563,3,2,0,25,20,7,Hybrid,0
4,71,563,3,3,1,15,25,6,Gasoline,0
0,71,563,3,4,0,NA,NA,NA,NA,1
31,71,564,4,1,1,15,25,6,Hybrid,0
17,71,564,4,2,0,20,30,7,Gasoline,0
33,71,564,4,3,0,25,25,6,Hybrid,0
0,71,564,4,4,0,NA,NA,NA,NA,1
10,71,565,5,1,0,15,20,7,Gasoline,0
13,71,565,5,2,1,15,25,7,Gasoline,0
64,71,565,5,3,0,15,20,7,Electric,0
0,71,565,5,4,0,NA,NA,NA,NA,1
50,71,566,6,1,0,20,25,8,Hybrid,0
71,71,566,6,2,0,20,30,7,Electric,0
16,71,566,6,3,1,15,30,7,Gasoline,0
0,71,566,6,4,0,NA,NA,NA,NA,1
53,71,567,7,1,1,20,30,8,Hybrid,0
45,71,567,7,2,0,25,30,7,Hybrid,0
54,71,567,7,3,0,25,30,8,Hybrid,0
0,71,567,7,4,0,NA,NA,NA,NA,1
28,71,568,8,1,1,15,20,6,Hybrid,0
48,71,568,8,2,0,25,20,8,Hybrid,0
5,71,568,8,3,0,20,25,6,Gasoline,0
0,71,568,8,4,0,NA,NA,NA,NA,1
78,72,569,1,1,0,25,25,8,Electric,0
61,72,569,1,2,1,15,30,6,Electric,0
3,72,569,1,3,0,25,20,6,Gasoline,0
0,72,569,1,4,0,NA,NA,NA,NA,1
43,72,570,2,1,1,15,30,7,Hybrid,0
64,72,570,2,2,0,15,20,7,Electric,0
63,72,570,2,3,0,25,30,6,Electric,0
0,72,570,2,4,0,NA,NA,NA,NA,1
4,72,571,3,1,1,15,25,6,Gasoline,0
33,72,571,3,2,0,25,25,6,Hybrid,0
75,72,571,3,3,0,25,20,8,Electric,0
0,72,571,3,4,0,NA,NA,NA,NA,1
52,72,572,4,1,0,15,30,8,Hybrid,0
81,72,572,4,2,0,25,30,8,Electric,0
4,72,572,4,3,1,15,25,6,Gasoline,0
0,72,572,4,4,0,NA,NA,NA,NA,1
80,72,573,5,1,0,20,30,8,Electric,0
41,72,573,5,2,0,20,25,7,Hybrid,0
34,72,573,5,3,1,15,30,6,Hybrid,0
0,72,573,5,4,0,NA,NA,NA,NA,1
34,72,574,6,1,0,15,30,6,Hybrid,0
45,72,574,6,2,0,25,30,7,Hybrid,0
37,72,574,6,3,1,15,20,7,Hybrid,0
0,72,574,6,4,0,NA,NA,NA,NA,1
38,72,575,7,1,1,20,20,7,Hybrid,0
66,72,575,7,2,0,25,20,7,Electric,0
30,72,575,7,3,0,25,20,6,Hybrid,0
0,72,575,7,4,0,NA,NA,NA,NA,1
65,72,576,8,1,0,20,20,7,Electric,0
78,72,576,8,2,0,25,25,8,Electric,0
70,72,576,8,3,1,15,30,7,Electric,0
0,72,576,8,4,0,NA,NA,NA,NA,1
10,73,577,1,1,1,15,20,7,Gasoline,0
15,73,577,1,2,0,25,25,7,Gasoline,0
23,73,577,1,3,0,20,25,8,Gasoline,0
0,73,577,1,4,0,NA,NA,NA,NA,1
58,73,578,2,1,0,15,25,6,Electric,0
41,73,578,2,2,1,20,25,7,Hybrid,0
75,73,578,2,3,0,25,20,8,Electric,0
0,73,578,2,4,0,NA,NA,NA,NA,1
20,73,579,3,1,0,20,20,8,Gasoline,0
38,73,579,3,2,1,20,20,7,Hybrid,0
21,73,579,3,3,0,25,20,8,Gasoline,0
0,73,579,3,4,0,NA,NA,NA,NA,1
59,73,580,4,1,0,20,25,6,Electric,0
37,73,580,4,2,1,15,20,7,Hybrid,0
58,73,580,4,3,0,15,25,6,Electric,0
0,73,580,4,4,0,NA,NA,NA,NA,1
67,73,581,5,1,0,15,25,7,Electric,0
34,73,581,5,2,1,15,30,6,Hybrid,0
33,73,581,5,3,0,25,25,6,Hybrid,0
0,73,581,5,4,0,NA,NA,NA,NA,1
17,73,582,6,1,0,20,30,7,Gasoline,0
42,73,582,6,2,0,25,25,7,Hybrid,0
35,73,582,6,3,1,20,30,6,Hybrid,0
0,73,582,6,4,0,NA,NA,NA,NA,1
54,73,583,7,1,0,25,30,8,Hybrid,0
51,73,583,7,2,0,25,25,8,Hybrid,0
16,73,583,7,3,1,15,30,7,Gasoline,0
0,73,583,7,4,0,NA,NA,NA,NA,1
31,73,584,8,1,0,15,25,6,Hybrid,0
3,73,584,8,2,0,25,20,6,Gasoline,0
22,73,584,8,3,1,15,25,8,Gasoline,0
0,73,584,8,4,0,NA,NA,NA,NA,1
23,74,585,1,1,0,20,25,8,Gasoline,0
26,74,585,1,2,1,20,30,8,Gasoline,0
51,74,585,1,3,0,25,25,8,Hybrid,0
0,74,585,1,4,0,NA,NA,NA,NA,1
44,74,586,2,1,1,20,30,7,Hybrid,0
56,74,586,2,2,0,20,20,6,Electric,0
72,74,586,2,3,0,25,30,7,Electric,0
0,74,586,2,4,0,NA,NA,NA,NA,1
10,74,587,3,1,0,15,20,7,Gasoline,0
22,74,587,3,2,0,15,25,8,Gasoline,0
7,74,587,3,3,1,15,30,6,Gasoline,0
0,74,587,3,4,0,NA,NA,NA,NA,1
80,74,588,4,1,0,20,30,8,Electric,0
22,74,588,4,2,1,15,25,8,Gasoline,0
66,74,588,4,3,0,25,20,7,Electric,0
0,74,588,4,4,0,NA,NA,NA,NA,1
40,74,589,5,1,1,15,25,7,Hybrid,0
21,74,589,5,2,0,25,20,8,Gasoline,0
10,74,589,5,3,0,15,20,7,Gasoline,0
0,74,589,5,4,0,NA,NA,NA,NA,1
77,74,590,6,1,0,20,25,8,Electric,0
53,74,590,6,2,1,20,30,8,Hybrid,0
15,74,590,6,3,0,25,25,7,Gasoline,0
0,74,590,6,4,0,NA,NA,NA,NA,1
54,74,591,7,1,0,25,30,8,Hybrid,0
34,74,591,7,2,1,15,30,6,Hybrid,0
38,74,591,7,3,0,20,20,7,Hybrid,0
0,74,591,7,4,0,NA,NA,NA,NA,1
20,74,592,8,1,1,20,20,8,Gasoline,0
59,74,592,8,2,0,20,25,6,Electric,0
15,74,592,8,3,0,25,25,7,Gasoline,0
0,74,592,8,4,0,NA,NA,NA,NA,1
13,75,593,1,1,1,15,25,7,Gasoline,0
48,75,593,1,2,0,25,20,8,Hybrid,0
15,75,593,1,3,0,25,25,7,Gasoline,0
0,75,593,1,4,0,NA,NA,NA,NA,1
27,75,594,2,1,0,25,30,8,Gasoline,0
32,75,594,2,2,1,20,25,6,Hybrid,0
51,75,594,2,3,0,25,25,8,Hybrid,0
0,75,594,2,4,0,NA,NA,NA,NA,1
44,75,595,3,1,1,20,30,7,Hybrid,0
54,75,595,3,2,0,25,30,8,Hybrid,0
63,75,595,3,3,0,25,30,6,Electric,0
0,75,595,3,4,0,NA,NA,NA,NA,1
58,75,596,4,1,1,15,25,6,Electric,0
39,75,596,4,2,0,25,20,7,Hybrid,0
30,75,596,4,3,0,25,20,6,Hybrid,0
0,75,596,4,4,0,NA,NA,NA,NA,1
61,75,597,5,1,0,15,30,6,Electric,0
63,75,597,5,2,0,25,30,6,Electric,0
37,75,597,5,3,1,15,20,7,Hybrid,0
0,75,597,5,4,0,NA,NA,NA,NA,1
79,75,598,6,1,1,15,30,8,Electric,0
45,75,598,6,2,0,25,30,7,Hybrid,0
51,75,598,6,3,0,25,25,8,Hybrid,0
0,75,598,6,4,0,NA,NA,NA,NA,1
21,75,599,7,1,0,25,20,8,Gasoline,0
33,75,599,7,2,0,25,25,6,Hybrid,0
57,75,599,7,3,0,25,20,6,Electric,0
0,75,599,7,4,1,NA,NA,NA,NA,1
44,75,600,8,1,0,20,30,7,Hybrid,0
1,75,600,8,2,1,15,20,6,Gasoline,0
72,75,600,8,3,0,25,30,7,Electric,0
0,75,600,8,4,0,NA,NA,NA,NA,1
31,76,601,1,1,1,15,25,6,Hybrid,0
62,76,601,1,2,0,20,30,6,Electric,0
8,76,601,1,3,0,20,30,6,Gasoline,0
0,76,601,1,4,0,NA,NA,NA,NA,1
69,76,602,2,1,0,25,25,7,Electric,0
25,76,602,2,2,1,15,30,8,Gasoline,0
35,76,602,2,3,0,20,30,6,Hybrid,0
0,76,602,2,4,0,NA,NA,NA,NA,1
16,76,603,3,1,1,15,30,7,Gasoline,0
56,76,603,3,2,0,20,20,6,Electric,0
33,76,603,3,3,0,25,25,6,Hybrid,0
0,76,603,3,4,0,NA,NA,NA,NA,1
46,76,604,4,1,1,15,20,8,Hybrid,0
58,76,604,4,2,0,15,25,6,Electric,0
30,76,604,4,3,0,25,20,6,Hybrid,0
0,76,604,4,4,0,NA,NA,NA,NA,1
39,76,605,5,1,0,25,20,7,Hybrid,0
26,76,605,5,2,0,20,30,8,Gasoline,0
14,76,605,5,3,1,20,25,7,Gasoline,0
0,76,605,5,4,0,NA,NA,NA,NA,1
50,76,606,6,1,1,20,25,8,Hybrid,0
80,76,606,6,2,0,20,30,8,Electric,0
56,76,606,6,3,0,20,20,6,Electric,0
0,76,606,6,4,0,NA,NA,NA,NA,1
39,76,607,7,1,0,25,20,7,Hybrid,0
37,76,607,7,2,0,15,20,7,Hybrid,0
22,76,607,7,3,1,15,25,8,Gasoline,0
0,76,607,7,4,0,NA,NA,NA,NA,1
73,76,608,8,1,0,15,20,8,Electric,0
46,76,608,8,2,1,15,20,8,Hybrid,0
33,76,608,8,3,0,25,25,6,Hybrid,0
0,76,608,8,4,0,NA,NA,NA,NA,1
59,77,609,1,1,0,20,25,6,Electric,0
64,77,609,1,2,0,15,20,7,Electric,0
76,77,609,1,3,1,15,25,8,Electric,0
0,77,609,1,4,0,NA,NA,NA,NA,1
69,77,610,2,1,0,25,25,7,Electric,0
23,77,610,2,2,0,20,25,8,Gasoline,0
31,77,610,2,3,1,15,25,6,Hybrid,0
0,77,610,2,4,0,NA,NA,NA,NA,1
20,77,611,3,1,0,20,20,8,Gasoline,0
73,77,611,3,2,0,15,20,8,Electric,0
61,77,611,3,3,1,15,30,6,Electric,0
0,77,611,3,4,0,NA,NA,NA,NA,1
45,77,612,4,1,0,25,30,7,Hybrid,0
43,77,612,4,2,1,15,30,7,Hybrid,0
63,77,612,4,3,0,25,30,6,Electric,0
0,77,612,4,4,0,NA,NA,NA,NA,1
47,77,613,5,1,1,20,20,8,Hybrid,0
78,77,613,5,2,0,25,25,8,Electric,0
11,77,613,5,3,0,20,20,7,Gasoline,0
0,77,613,5,4,0,NA,NA,NA,NA,1
49,77,614,6,1,0,15,25,8,Hybrid,0
43,77,614,6,2,1,15,30,7,Hybrid,0
74,77,614,6,3,0,20,20,8,Electric,0
0,77,614,6,4,0,NA,NA,NA,NA,1
44,77,615,7,1,0,20,30,7,Hybrid,0
1,77,615,7,2,1,15,20,6,Gasoline,0
41,77,615,7,3,0,20,25,7,Hybrid,0
0,77,615,7,4,0,NA,NA,NA,NA,1
27,77,616,8,1,0,25,30,8,Gasoline,0
31,77,616,8,2,1,15,25,6,Hybrid,0
9,77,616,8,3,0,25,30,6,Gasoline,0
0,77,616,8,4,0,NA,NA,NA,NA,1
11,78,617,1,1,0,20,20,7,Gasoline,0
19,78,617,1,2,1,15,20,8,Gasoline,0
71,78,617,1,3,0,20,30,7,Electric,0
0,78,617,1,4,0,NA,NA,NA,NA,1
49,78,618,2,1,1,15,25,8,Hybrid,0
20,78,618,2,2,0,20,20,8,Gasoline,0
69,78,618,2,3,0,25,25,7,Electric,0
0,78,618,2,4,0,NA,NA,NA,NA,1
28,78,619,3,1,1,15,20,6,Hybrid,0
17,78,619,3,2,0,20,30,7,Gasoline,0
16,78,619,3,3,0,15,30,7,Gasoline,0
0,78,619,3,4,0,NA,NA,NA,NA,1
7,78,620,4,1,1,15,30,6,Gasoline,0
51,78,620,4,2,0,25,25,8,Hybrid,0
26,78,620,4,3,0,20,30,8,Gasoline,0
0,78,620,4,4,0,NA,NA,NA,NA,1
51,78,621,5,1,0,25,25,8,Hybrid,0
65,78,621,5,2,0,20,20,7,Electric,0
39,78,621,5,3,0,25,20,7,Hybrid,0
0,78,621,5,4,1,NA,NA,NA,NA,1
17,78,622,6,1,0,20,30,7,Gasoline,0
49,78,622,6,2,1,15,25,8,Hybrid,0
48,78,622,6,3,0,25,20,8,Hybrid,0
0,78,622,6,4,0,NA,NA,NA,NA,1
38,78,623,7,1,0,20,20,7,Hybrid,0
33,78,623,7,2,0,25,25,6,Hybrid,0
39,78,623,7,3,0,25,20,7,Hybrid,0
0,78,623,7,4,1,NA,NA,NA,NA,1
55,78,624,8,1,0,15,20,6,Electric,0
59,78,624,8,2,0,20,25,6,Electric,0
78,78,624,8,3,0,25,25,8,Electric,0
0,78,624,8,4,1,NA,NA,NA,NA,1
65,79,625,1,1,0,20,20,7,Electric,0
42,79,625,1,2,0,25,25,7,Hybrid,0
47,79,625,1,3,0,20,20,8,Hybrid,0
0,79,625,1,4,1,NA,NA,NA,NA,1
25,79,626,2,1,1,15,30,8,Gasoline,0
80,79,626,2,2,0,20,30,8,Electric,0
30,79,626,2,3,0,25,20,6,Hybrid,0
0,79,626,2,4,0,NA,NA,NA,NA,1
5,79,627,3,1,1,20,25,6,Gasoline,0
3,79,627,3,2,0,25,20,6,Gasoline,0
10,79,627,3,3,0,15,20,7,Gasoline,0
0,79,627,3,4,0,NA,NA,NA,NA,1
53,79,628,4,1,1,20,30,8,Hybrid,0
41,79,628,4,2,0,20,25,7,Hybrid,0
64,79,628,4,3,0,15,20,7,Electric,0
0,79,628,4,4,0,NA,NA,NA,NA,1
52,79,629,5,1,0,15,30,8,Hybrid,0
30,79,629,5,2,0,25,20,6,Hybrid,0
79,79,629,5,3,1,15,30,8,Electric,0
0,79,629,5,4,0,NA,NA,NA,NA,1
34,79,630,6,1,1,15,30,6,Hybrid,0
70,79,630,6,2,0,15,30,7,Electric,0
26,79,630,6,3,0,20,30,8,Gasoline,0
0,79,630,6,4,0,NA,NA,NA,NA,1
58,79,631,7,1,1,15,25,6,Electric,0
51,79,631,7,2,0,25,25,8,Hybrid,0
32,79,631,7,3,0,20,25,6,Hybrid,0
0,79,631,7,4,0,NA,NA,NA,NA,1
30,79,632,8,1,0,25,20,6,Hybrid,0
72,79,632,8,2,0,25,30,7,Electric,0
56,79,632,8,3,0,20,20,6,Electric,0
0,79,632,8,4,1,NA,NA,NA,NA,1
79,80,633,1,1,0,15,30,8,Electric,0
75,80,633,1,2,0,25,20,8,Electric,0
78,80,633,1,3,0,25,25,8,Electric,0
0,80,633,1,4,1,NA,NA,NA,NA,1
26,80,634,2,1,1,20,30,8,Gasoline,0
3,80,634,2,2,0,25,20,6,Gasoline,0
45,80,634,2,3,0,25,30,7,Hybrid,0
0,80,634,2,4,0,NA,NA,NA,NA,1
50,80,635,3,1,0,20,25,8,Hybrid,0
25,80,635,3,2,1,15,30,8,Gasoline,0
66,80,635,3,3,0,25,20,7,Electric,0
0,80,635,3,4,0,NA,NA,NA,NA,1
25,80,636,4,1,1,15,30,8,Gasoline,0
1,80,636,4,2,0,15,20,6,Gasoline,0
32,80,636,4,3,0,20,25,6,Hybrid,0
0,80,636,4,4,0,NA,NA,NA,NA,1
24,80,637,5,1,0,25,25,8,Gasoline,0
45,80,637,5,2,0,25,30,7,Hybrid,0
7,80,637,5,3,1,15,30,6,Gasoline,0
0,80,637,5,4,0,NA,NA,NA,NA,1
55,80,638,6,1,0,15,20,6,Electric,0
77,80,638,6,2,0,20,25,8,Electric,0
20,80,638,6,3,0,20,20,8,Gasoline,0
0,80,638,6,4,1,NA,NA,NA,NA,1
76,80,639,7,1,0,15,25,8,Electric,0
5,80,639,7,2,0,20,25,6,Gasoline,0
62,80,639,7,3,0,20,30,6,Electric,0
0,80,639,7,4,1,NA,NA,NA,NA,1
80,80,640,8,1,0,20,30,8,Electric,0
48,80,640,8,2,0,25,20,8,Hybrid,0
50,80,640,8,3,1,20,25,8,Hybrid,0
0,80,640,8,4,0,NA,NA,NA,NA,1
1,81,641,1,1,1,15,20,6,Gasoline,0
2,81,641,1,2,0,20,20,6,Gasoline,0
70,81,641,1,3,0,15,30,7,Electric,0
0,81,641,1,4,0,NA,NA,NA,NA,1
72,81,642,2,1,0,25,30,7,Electric,0
54,81,642,2,2,1,25,30,8,Hybrid,0
33,81,642,2,3,0,25,25,6,Hybrid,0
0,81,642,2,4,0,NA,NA,NA,NA,1
13,81,643,3,1,1,15,25,7,Gasoline,0
74,81,643,3,2,0,20,20,8,Electric,0
54,81,643,3,3,0,25,30,8,Hybrid,0
0,81,643,3,4,0,NA,NA,NA,NA,1
8,81,644,4,1,0,20,30,6,Gasoline,0
49,81,644,4,2,0,15,25,8,Hybrid,0
43,81,644,4,3,1,15,30,7,Hybrid,0
0,81,644,4,4,0,NA,NA,NA,NA,1
80,81,645,5,1,0,20,30,8,Electric,0
12,81,645,5,2,0,25,20,7,Gasoline,0
3,81,645,5,3,0,25,20,6,Gasoline,0
0,81,645,5,4,1,NA,NA,NA,NA,1
21,81,646,6,1,0,25,20,8,Gasoline,0
33,81,646,6,2,0,25,25,6,Hybrid,0
48,81,646,6,3,0,25,20,8,Hybrid,0
0,81,646,6,4,1,NA,NA,NA,NA,1
44,81,647,7,1,0,20,30,7,Hybrid,0
63,81,647,7,2,0,25,30,6,Electric,0
52,81,647,7,3,1,15,30,8,Hybrid,0
0,81,647,7,4,0,NA,NA,NA,NA,1
30,81,648,8,1,0,25,20,6,Hybrid,0
62,81,648,8,2,0,20,30,6,Electric,0
28,81,648,8,3,1,15,20,6,Hybrid,0
0,81,648,8,4,0,NA,NA,NA,NA,1
13,82,649,1,1,1,15,25,7,Gasoline,0
20,82,649,1,2,0,20,20,8,Gasoline,0
25,82,649,1,3,0,15,30,8,Gasoline,0
0,82,649,1,4,0,NA,NA,NA,NA,1
38,82,650,2,1,0,20,20,7,Hybrid,0
47,82,650,2,2,0,20,20,8,Hybrid,0
28,82,650,2,3,1,15,20,6,Hybrid,0
0,82,650,2,4,0,NA,NA,NA,NA,1
20,82,651,3,1,0,20,20,8,Gasoline,0
43,82,651,3,2,1,15,30,7,Hybrid,0
74,82,651,3,3,0,20,20,8,Electric,0
0,82,651,3,4,0,NA,NA,NA,NA,1
56,82,652,4,1,0,20,20,6,Electric,0
61,82,652,4,2,1,15,30,6,Electric,0
41,82,652,4,3,0,20,25,7,Hybrid,0
0,82,652,4,4,0,NA,NA,NA,NA,1
18,82,653,5,1,0,25,30,7,Gasoline,0
69,82,653,5,2,0,25,25,7,Electric,0
41,82,653,5,3,1,20,25,7,Hybrid,0
0,82,653,5,4,0,NA,NA,NA,NA,1
18,82,654,6,1,0,25,30,7,Gasoline,0
5,82,654,6,2,1,20,25,6,Gasoline,0
39,82,654,6,3,0,25,20,7,Hybrid,0
0,82,654,6,4,0,NA,NA,NA,NA,1
55,82,655,7,1,0,15,20,6,Electric,0
54,82,655,7,2,0,25,30,8,Hybrid,0
19,82,655,7,3,1,15,20,8,Gasoline,0
0,82,655,7,4,0,NA,NA,NA,NA,1
17,82,656,8,1,1,20,30,7,Gasoline,0
24,82,656,8,2,0,25,25,8,Gasoline,0
63,82,656,8,3,0,25,30,6,Electric,0
0,82,656,8,4,0,NA,NA,NA,NA,1
81,83,657,1,1,0,25,30,8,Electric,0
38,83,657,1,2,1,20,20,7,Hybrid,0
48,83,657,1,3,0,25,20,8,Hybrid,0
0,83,657,1,4,0,NA,NA,NA,NA,1
68,83,658,2,1,0,20,25,7,Electric,0
20,83,658,2,2,0,20,20,8,Gasoline,0
31,83,658,2,3,1,15,25,6,Hybrid,0
0,83,658,2,4,0,NA,NA,NA,NA,1
19,83,659,3,1,1,15,20,8,Gasoline,0
45,83,659,3,2,0,25,30,7,Hybrid,0
41,83,659,3,3,0,20,25,7,Hybrid,0
0,83,659,3,4,0,NA,NA,NA,NA,1
72,83,660,4,1,0,25,30,7,Electric,0
51,83,660,4,2,0,25,25,8,Hybrid,0
45,83,660,4,3,1,25,30,7,Hybrid,0
0,83,660,4,4,0,NA,NA,NA,NA,1
44,83,661,5,1,1,20,30,7,Hybrid,0
26,83,661,5,2,0,20,30,8,Gasoline,0
14,83,661,5,3,0,20,25,7,Gasoline,0
0,83,661,5,4,0,NA,NA,NA,NA,1
72,83,662,6,1,0,25,30,7,Electric,0
42,83,662,6,2,0,25,25,7,Hybrid,0
1,83,662,6,3,1,15,20,6,Gasoline,0
0,83,662,6,4,0,NA,NA,NA,NA,1
79,83,663,7,1,0,15,30,8,Electric,0
1,83,663,7,2,1,15,20,6,Gasoline,0
72,83,663,7,3,0,25,30,7,Electric,0
0,83,663,7,4,0,NA,NA,NA,NA,1
26,83,664,8,1,0,20,30,8,Gasoline,0
79,83,664,8,2,0,15,30,8,Electric,0
25,83,664,8,3,1,15,30,8,Gasoline,0
0,83,664,8,4,0,NA,NA,NA,NA,1
14,84,665,1,1,0,20,25,7,Gasoline,0
11,84,665,1,2,0,20,20,7,Gasoline,0
1,84,665,1,3,1,15,20,6,Gasoline,0
0,84,665,1,4,0,NA,NA,NA,NA,1
9,84,666,2,1,0,25,30,6,Gasoline,0
81,84,666,2,2,0,25,30,8,Electric,0
59,84,666,2,3,0,20,25,6,Electric,0
0,84,666,2,4,1,NA,NA,NA,NA,1
43,84,667,3,1,1,15,30,7,Hybrid,0
67,84,667,3,2,0,15,25,7,Electric,0
33,84,667,3,3,0,25,25,6,Hybrid,0
0,84,667,3,4,0,NA,NA,NA,NA,1
37,84,668,4,1,1,15,20,7,Hybrid,0
67,84,668,4,2,0,15,25,7,Electric,0
27,84,668,4,3,0,25,30,8,Gasoline,0
0,84,668,4,4,0,NA,NA,NA,NA,1
72,84,669,5,1,0,25,30,7,Electric,0
9,84,669,5,2,0,25,30,6,Gasoline,0
57,84,669,5,3,0,25,20,6,Electric,0
0,84,669,5,4,1,NA,NA,NA,NA,1
3,84,670,6,1,1,25,20,6,Gasoline,0
78,84,670,6,2,0,25,25,8,Electric,0
32,84,670,6,3,0,20,25,6,Hybrid,0
0,84,670,6,4,0,NA,NA,NA,NA,1
22,84,671,7,1,1,15,25,8,Gasoline,0
38,84,671,7,2,0,20,20,7,Hybrid,0
80,84,671,7,3,0,20,30,8,Electric,0
0,84,671,7,4,0,NA,NA,NA,NA,1
41,84,672,8,1,0,20,25,7,Hybrid,0
72,84,672,8,2,0,25,30,7,Electric,0
1,84,672,8,3,1,15,20,6,Gasoline,0
0,84,672,8,4,0,NA,NA,NA,NA,1
48,85,673,1,1,0,25,20,8,Hybrid,0
3,85,673,1,2,0,25,20,6,Gasoline,0
17,85,673,1,3,1,20,30,7,Gasoline,0
0,85,673,1,4,0,NA,NA,NA,NA,1
19,85,674,2,1,0,15,20,8,Gasoline,0
40,85,674,2,2,0,15,25,7,Hybrid,0
34,85,674,2,3,1,15,30,6,Hybrid,0
0,85,674,2,4,0,NA,NA,NA,NA,1
31,85,675,3,1,1,15,25,6,Hybrid,0
5,85,675,3,2,0,20,25,6,Gasoline,0
47,85,675,3,3,0,20,20,8,Hybrid,0
0,85,675,3,4,0,NA,NA,NA,NA,1
6,85,676,4,1,0,25,25,6,Gasoline,0
42,85,676,4,2,0,25,25,7,Hybrid,0
7,85,676,4,3,1,15,30,6,Gasoline,0
0,85,676,4,4,0,NA,NA,NA,NA,1
27,85,677,5,1,0,25,30,8,Gasoline,0
74,85,677,5,2,0,20,20,8,Electric,0
41,85,677,5,3,1,20,25,7,Hybrid,0
0,85,677,5,4,0,NA,NA,NA,NA,1
16,85,678,6,1,0,15,30,7,Gasoline,0
28,85,678,6,2,1,15,20,6,Hybrid,0
49,85,678,6,3,0,15,25,8,Hybrid,0
0,85,678,6,4,0,NA,NA,NA,NA,1
28,85,679,7,1,0,15,20,6,Hybrid,0
35,85,679,7,2,1,20,30,6,Hybrid,0
34,85,679,7,3,0,15,30,6,Hybrid,0
0,85,679,7,4,0,NA,NA,NA,NA,1
36,85,680,8,1,0,25,30,6,Hybrid,0
29,85,680,8,2,1,20,20,6,Hybrid,0
21,85,680,8,3,0,25,20,8,Gasoline,0
0,85,680,8,4,0,NA,NA,NA,NA,1
27,86,681,1,1,0,25,30,8,Gasoline,0
42,86,681,1,2,0,25,25,7,Hybrid,0
4,86,681,1,3,1,15,25,6,Gasoline,0
0,86,681,1,4,0,NA,NA,NA,NA,1
14,86,682,2,1,1,20,25,7,Gasoline,0
44,86,682,2,2,0,20,30,7,Hybrid,0
18,86,682,2,3,0,25,30,7,Gasoline,0
0,86,682,2,4,0,NA,NA,NA,NA,1
68,86,683,3,1,0,20,25,7,Electric,0
41,86,683,3,2,1,20,25,7,Hybrid,0
80,86,683,3,3,0,20,30,8,Electric,0
0,86,683,3,4,0,NA,NA,NA,NA,1
62,86,684,4,1,0,20,30,6,Electric,0
27,86,684,4,2,0,25,30,8,Gasoline,0
7,86,684,4,3,1,15,30,6,Gasoline,0
0,86,684,4,4,0,NA,NA,NA,NA,1
55,86,685,5,1,1,15,20,6,Electric,0
48,86,685,5,2,0,25,20,8,Hybrid,0
9,86,685,5,3,0,25,30,6,Gasoline,0
0,86,685,5,4,0,NA,NA,NA,NA,1
31,86,686,6,1,1,15,25,6,Hybrid,0
79,86,686,6,2,0,15,30,8,Electric,0
41,86,686,6,3,0,20,25,7,Hybrid,0
0,86,686,6,4,0,NA,NA,NA,NA,1
81,86,687,7,1,0,25,30,8,Electric,0
51,86,687,7,2,0,25,25,8,Hybrid,0
64,86,687,7,3,0,15,20,7,Electric,0
0,86,687,7,4,1,NA,NA,NA,NA,1
10,86,688,8,1,1,15,20,7,Gasoline,0
21,86,688,8,2,0,25,20,8,Gasoline,0
12,86,688,8,3,0,25,20,7,Gasoline,0
0,86,688,8,4,0,NA,NA,NA,NA,1
10,87,689,1,1,1,15,20,7,Gasoline,0
6,87,689,1,2,0,25,25,6,Gasoline,0
41,87,689,1,3,0,20,25,7,Hybrid,0
0,87,689,1,4,0,NA,NA,NA,NA,1
12,87,690,2,1,0,25,20,7,Gasoline,0
43,87,690,2,2,1,15,30,7,Hybrid,0
32,87,690,2,3,0,20,25,6,Hybrid,0
0,87,690,2,4,0,NA,NA,NA,NA,1
62,87,691,3,1,0,20,30,6,Electric,0
61,87,691,3,2,0,15,30,6,Electric,0
67,87,691,3,3,0,15,25,7,Electric,0
0,87,691,3,4,1,NA,NA,NA,NA,1
43,87,692,4,1,1,15,30,7,Hybrid,0
36,87,692,4,2,0,25,30,6,Hybrid,0
51,87,692,4,3,0,25,25,8,Hybrid,0
0,87,692,4,4,0,NA,NA,NA,NA,1
48,87,693,5,1,0,25,20,8,Hybrid,0
27,87,693,5,2,1,25,30,8,Gasoline,0
68,87,693,5,3,0,20,25,7,Electric,0
0,87,693,5,4,0,NA,NA,NA,NA,1
11,87,694,6,1,0,20,20,7,Gasoline,0
16,87,694,6,2,1,15,30,7,Gasoline,0
36,87,694,6,3,0,25,30,6,Hybrid,0
0,87,694,6,4,0,NA,NA,NA,NA,1
70,87,695,7,1,0,15,30,7,Electric,0
32,87,695,7,2,0,20,25,6,Hybrid,0
13,87,695,7,3,1,15,25,7,Gasoline,0
0,87,695,7,4,0,NA,NA,NA,NA,1
9,87,696,8,1,0,25,30,6,Gasoline,0
78,87,696,8,2,0,25,25,8,Electric,0
7,87,696,8,3,1,15,30,6,Gasoline,0
0,87,696,8,4,0,NA,NA,NA,NA,1
57,88,697,1,1,0,25,20,6,Electric,0
6,88,697,1,2,0,25,25,6,Gasoline,0
49,88,697,1,3,1,15,25,8,Hybrid,0
0,88,697,1,4,0,NA,NA,NA,NA,1
23,88,698,2,1,0,20,25,8,Gasoline,0
58,88,698,2,2,0,15,25,6,Electric,0
7,88,698,2,3,1,15,30,6,Gasoline,0
0,88,698,2,4,0,NA,NA,NA,NA,1
33,88,699,3,1,0,25,25,6,Hybrid,0
44,88,699,3,2,1,20,30,7,Hybrid,0
6,88,699,3,3,0,25,25,6,Gasoline,0
0,88,699,3,4,0,NA,NA,NA,NA,1
47,88,700,4,1,0,20,20,8,Hybrid,0
26,88,700,4,2,1,20,30,8,Gasoline,0
58,88,700,4,3,0,15,25,6,Electric,0
0,88,700,4,4,0,NA,NA,NA,NA,1
61,88,701,5,1,0,15,30,6,Electric,0
42,88,701,5,2,0,25,25,7,Hybrid,0
52,88,701,5,3,1,15,30,8,Hybrid,0
0,88,701,5,4,0,NA,NA,NA,NA,1
79,88,702,6,1,0,15,30,8,Electric,0
17,88,702,6,2,0,20,30,7,Gasoline,0
70,88,702,6,3,1,15,30,7,Electric,0
0,88,702,6,4,0,NA,NA,NA,NA,1
11,88,703,7,1,1,20,20,7,Gasoline,0
65,88,703,7,2,0,20,20,7,Electric,0
49,88,703,7,3,0,15,25,8,Hybrid,0
0,88,703,7,4,0,NA,NA,NA,NA,1
33,88,704,8,1,0,25,25,6,Hybrid,0
41,88,704,8,2,0,20,25,7,Hybrid,0
8,88,704,8,3,1,20,30,6,Gasoline,0
0,88,704,8,4,0,NA,NA,NA,NA,1
76,89,705,1,1,0,15,25,8,Electric,0
71,89,705,1,2,0,20,30,7,Electric,0
67,89,705,1,3,1,15,25,7,Electric,0
0,89,705,1,4,0,NA,NA,NA,NA,1
13,89,706,2,1,1,15,25,7,Gasoline,0
72,89,706,2,2,0,25,30,7,Electric,0
4,89,706,2,3,0,15,25,6,Gasoline,0
0,89,706,2,4,0,NA,NA,NA,NA,1
73,89,707,3,1,1,15,20,8,Electric,0
54,89,707,3,2,0,25,30,8,Hybrid,0
23,89,707,3,3,0,20,25,8,Gasoline,0
0,89,707,3,4,0,NA,NA,NA,NA,1
29,89,708,4,1,1,20,20,6,Hybrid,0
59,89,708,4,2,0,20,25,6,Electric,0
66,89,708,4,3,0,25,20,7,Electric,0
0,89,708,4,4,0,NA,NA,NA,NA,1
11,89,709,5,1,1,20,20,7,Gasoline,0
24,89,709,5,2,0,25,25,8,Gasoline,0
68,89,709,5,3,0,20,25,7,Electric,0
0,89,709,5,4,0,NA,NA,NA,NA,1
62,89,710,6,1,0,20,30,6,Electric,0
51,89,710,6,2,1,25,25,8,Hybrid,0
48,89,710,6,3,0,25,20,8,Hybrid,0
0,89,710,6,4,0,NA,NA,NA,NA,1
41,89,711,7,1,1,20,25,7,Hybrid,0
9,89,711,7,2,0,25,30,6,Gasoline,0
8,89,711,7,3,0,20,30,6,Gasoline,0
0,89,711,7,4,0,NA,NA,NA,NA,1
9,89,712,8,1,0,25,30,6,Gasoline,0
36,89,712,8,2,0,25,30,6,Hybrid,0
18,89,712,8,3,0,25,30,7,Gasoline,0
0,89,712,8,4,1,NA,NA,NA,NA,1
31,90,713,1,1,1,15,25,6,Hybrid,0
42,90,713,1,2,0,25,25,7,Hybrid,0
22,90,713,1,3,0,15,25,8,Gasoline,0
0,90,713,1,4,0,NA,NA,NA,NA,1
25,90,714,2,1,0,15,30,8,Gasoline,0
8,90,714,2,2,0,20,30,6,Gasoline,0
34,90,714,2,3,1,15,30,6,Hybrid,0
0,90,714,2,4,0,NA,NA,NA,NA,1
54,90,715,3,1,0,25,30,8,Hybrid,0
18,90,715,3,2,0,25,30,7,Gasoline,0
16,90,715,3,3,1,15,30,7,Gasoline,0
0,90,715,3,4,0,NA,NA,NA,NA,1
37,90,716,4,1,1,15,20,7,Hybrid,0
24,90,716,4,2,0,25,25,8,Gasoline,0
68,90,716,4,3,0,20,25,7,Electric,0
0,90,716,4,4,0,NA,NA,NA,NA,1
47,90,717,5,1,0,20,20,8,Hybrid,0
81,90,717,5,2,0,25,30,8,Electric,0
44,90,717,5,3,1,20,30,7,Hybrid,0
0,90,717,5,4,0,NA,NA,NA,NA,1
79,90,718,6,1,0,15,30,8,Electric,0
15,90,718,6,2,0,25,25,7,Gasoline,0
31,90,718,6,3,1,15,25,6,Hybrid,0
0,90,718,6,4,0,NA,NA,NA,NA,1
43,90,719,7,1,1,15,30,7,Hybrid,0
1,90,719,7,2,0,15,20,6,Gasoline,0
72,90,719,7,3,0,25,30,7,Electric,0
0,90,719,7,4,0,NA,NA,NA,NA,1
45,90,720,8,1,0,25,30,7,Hybrid,0
55,90,720,8,2,0,15,20,6,Electric,0
31,90,720,8,3,1,15,25,6,Hybrid,0
0,90,720,8,4,0,NA,NA,NA,NA,1
45,91,721,1,1,0,25,30,7,Hybrid,0
70,91,721,1,2,0,15,30,7,Electric,0
5,91,721,1,3,1,20,25,6,Gasoline,0
0,91,721,1,4,0,NA,NA,NA,NA,1
51,91,722,2,1,0,25,25,8,Hybrid,0
38,91,722,2,2,0,20,20,7,Hybrid,0
53,91,722,2,3,1,20,30,8,Hybrid,0
0,91,722,2,4,0,NA,NA,NA,NA,1
8,91,723,3,1,0,20,30,6,Gasoline,0
22,91,723,3,2,1,15,25,8,Gasoline,0
17,91,723,3,3,0,20,30,7,Gasoline,0
0,91,723,3,4,0,NA,NA,NA,NA,1
25,91,724,4,1,1,15,30,8,Gasoline,0
27,91,724,4,2,0,25,30,8,Gasoline,0
67,91,724,4,3,0,15,25,7,Electric,0
0,91,724,4,4,0,NA,NA,NA,NA,1
11,91,725,5,1,0,20,20,7,Gasoline,0
22,91,725,5,2,1,15,25,8,Gasoline,0
42,91,725,5,3,0,25,25,7,Hybrid,0
0,91,725,5,4,0,NA,NA,NA,NA,1
76,91,726,6,1,0,15,25,8,Electric,0
4,91,726,6,2,1,15,25,6,Gasoline,0
80,91,726,6,3,0,20,30,8,Electric,0
0,91,726,6,4,0,NA,NA,NA,NA,1
60,91,727,7,1,0,25,25,6,Electric,0
38,91,727,7,2,1,20,20,7,Hybrid,0
33,91,727,7,3,0,25,25,6,Hybrid,0
0,91,727,7,4,0,NA,NA,NA,NA,1
14,91,728,8,1,0,20,25,7,Gasoline,0
2,91,728,8,2,0,20,20,6,Gasoline,0
43,91,728,8,3,1,15,30,7,Hybrid,0
0,91,728,8,4,0,NA,NA,NA,NA,1
44,92,729,1,1,0,20,30,7,Hybrid,0
43,92,729,1,2,1,15,30,7,Hybrid,0
3,92,729,1,3,0,25,20,6,Gasoline,0
0,92,729,1,4,0,NA,NA,NA,NA,1
14,92,730,2,1,0,20,25,7,Gasoline,0
37,92,730,2,2,1,15,20,7,Hybrid,0
78,92,730,2,3,0,25,25,8,Electric,0
0,92,730,2,4,0,NA,NA,NA,NA,1
79,92,731,3,1,0,15,30,8,Electric,0
53,92,731,3,2,1,20,30,8,Hybrid,0
30,92,731,3,3,0,25,20,6,Hybrid,0
0,92,731,3,4,0,NA,NA,NA,NA,1
81,92,732,4,1,0,25,30,8,Electric,0
19,92,732,4,2,0,15,20,8,Gasoline,0
43,92,732,4,3,1,15,30,7,Hybrid,0
0,92,732,4,4,0,NA,NA,NA,NA,1
79,92,733,5,1,1,15,30,8,Electric,0
42,92,733,5,2,0,25,25,7,Hybrid,0
62,92,733,5,3,0,20,30,6,Electric,0
0,92,733,5,4,0,NA,NA,NA,NA,1
19,92,734,6,1,0,15,20,8,Gasoline,0
31,92,734,6,2,0,15,25,6,Hybrid,0
49,92,734,6,3,1,15,25,8,Hybrid,0
0,92,734,6,4,0,NA,NA,NA,NA,1
41,92,735,7,1,1,20,25,7,Hybrid,0
38,92,735,7,2,0,20,20,7,Hybrid,0
53,92,735,7,3,0,20,30,8,Hybrid,0
0,92,735,7,4,0,NA,NA,NA,NA,1
16,92,736,8,1,0,15,30,7,Gasoline,0
72,92,736,8,2,0,25,30,7,Electric,0
43,92,736,8,3,1,15,30,7,Hybrid,0
0,92,736,8,4,0,NA,NA,NA,NA,1
69,93,737,1,1,0,25,25,7,Electric,0
36,93,737,1,2,0,25,30,6,Hybrid,0
11,93,737,1,3,1,20,20,7,Gasoline,0
0,93,737,1,4,0,NA,NA,NA,NA,1
36,93,738,2,1,0,25,30,6,Hybrid,0
15,93,738,2,2,0,25,25,7,Gasoline,0
43,93,738,2,3,1,15,30,7,Hybrid,0
0,93,738,2,4,0,NA,NA,NA,NA,1
4,93,739,3,1,1,15,25,6,Gasoline,0
56,93,739,3,2,0,20,20,6,Electric,0
70,93,739,3,3,0,15,30,7,Electric,0
0,93,739,3,4,0,NA,NA,NA,NA,1
34,93,740,4,1,1,15,30,6,Hybrid,0
73,93,740,4,2,0,15,20,8,Electric,0
4,93,740,4,3,0,15,25,6,Gasoline,0
0,93,740,4,4,0,NA,NA,NA,NA,1
43,93,741,5,1,1,15,30,7,Hybrid,0
57,93,741,5,2,0,25,20,6,Electric,0
72,93,741,5,3,0,25,30,7,Electric,0
0,93,741,5,4,0,NA,NA,NA,NA,1
18,93,742,6,1,1,25,30,7,Gasoline,0
15,93,742,6,2,0,25,25,7,Gasoline,0
59,93,742,6,3,0,20,25,6,Electric,0
0,93,742,6,4,0,NA,NA,NA,NA,1
11,93,743,7,1,0,20,20,7,Gasoline,0
60,93,743,7,2,0,25,25,6,Electric,0
38,93,743,7,3,1,20,20,7,Hybrid,0
0,93,743,7,4,0,NA,NA,NA,NA,1
71,93,744,8,1,0,20,30,7,Electric,0
59,93,744,8,2,0,20,25,6,Electric,0
26,93,744,8,3,1,20,30,8,Gasoline,0
0,93,744,8,4,0,NA,NA,NA,NA,1
70,94,745,1,1,0,15,30,7,Electric,0
23,94,745,1,2,1,20,25,8,Gasoline,0
73,94,745,1,3,0,15,20,8,Electric,0
0,94,745,1,4,0,NA,NA,NA,NA,1
67,94,746,2,1,1,15,25,7,Electric,0
62,94,746,2,2,0,20,30,6,Electric,0
32,94,746,2,3,0,20,25,6,Hybrid,0
0,94,746,2,4,0,NA,NA,NA,NA,1
50,94,747,3,1,0,20,25,8,Hybrid,0
62,94,747,3,2,0,20,30,6,Electric,0
76,94,747,3,3,1,15,25,8,Electric,0
0,94,747,3,4,0,NA,NA,NA,NA,1
4,94,748,4,1,0,15,25,6,Gasoline,0
28,94,748,4,2,1,15,20,6,Hybrid,0
42,94,748,4,3,0,25,25,7,Hybrid,0
0,94,748,4,4,0,NA,NA,NA,NA,1
10,94,749,5,1,1,15,20,7,Gasoline,0
51,94,749,5,2,0,25,25,8,Hybrid,0
66,94,749,5,3,0,25,20,7,Electric,0
0,94,749,5,4,0,NA,NA,NA,NA,1
50,94,750,6,1,1,20,25,8,Hybrid,0
57,94,750,6,2,0,25,20,6,Electric,0
58,94,750,6,3,0,15,25,6,Electric,0
0,94,750,6,4,0,NA,NA,NA,NA,1
50,94,751,7,1,0,20,25,8,Hybrid,0
10,94,751,7,2,1,15,20,7,Gasoline,0
51,94,751,7,3,0,25,25,8,Hybrid,0
0,94,751,7,4,0,NA,NA,NA,NA,1
72,94,752,8,1,0,25,30,7,Electric,0
57,94,752,8,2,0,25,20,6,Electric,0
29,94,752,8,3,1,20,20,6,Hybrid,0
0,94,752,8,4,0,NA,NA,NA,NA,1
24,95,753,1,1,1,25,25,8,Gasoline,0
27,95,753,1,2,0,25,30,8,Gasoline,0
57,95,753,1,3,0,25,20,6,Electric,0
0,95,753,1,4,0,NA,NA,NA,NA,1
76,95,754,2,1,0,15,25,8,Electric,0
79,95,754,2,2,1,15,30,8,Electric,0
33,95,754,2,3,0,25,25,6,Hybrid,0
0,95,754,2,4,0,NA,NA,NA,NA,1
34,95,755,3,1,1,15,30,6,Hybrid,0
36,95,755,3,2,0,25,30,6,Hybrid,0
31,95,755,3,3,0,15,25,6,Hybrid,0
0,95,755,3,4,0,NA,NA,NA,NA,1
73,95,756,4,1,0,15,20,8,Electric,0
48,95,756,4,2,0,25,20,8,Hybrid,0
7,95,756,4,3,1,15,30,6,Gasoline,0
0,95,756,4,4,0,NA,NA,NA,NA,1
40,95,757,5,1,0,15,25,7,Hybrid,0
49,95,757,5,2,1,15,25,8,Hybrid,0
19,95,757,5,3,0,15,20,8,Gasoline,0
0,95,757,5,4,0,NA,NA,NA,NA,1
63,95,758,6,1,0,25,30,6,Electric,0
70,95,758,6,2,1,15,30,7,Electric,0
81,95,758,6,3,0,25,30,8,Electric,0
0,95,758,6,4,0,NA,NA,NA,NA,1
36,95,759,7,1,1,25,30,6,Hybrid,0
64,95,759,7,2,0,15,20,7,Electric,0
45,95,759,7,3,0,25,30,7,Hybrid,0
0,95,759,7,4,0,NA,NA,NA,NA,1
72,95,760,8,1,0,25,30,7,Electric,0
24,95,760,8,2,0,25,25,8,Gasoline,0
19,95,760,8,3,1,15,20,8,Gasoline,0
0,95,760,8,4,0,NA,NA,NA,NA,1
55,96,761,1,1,0,15,20,6,Electric,0
9,96,761,1,2,0,25,30,6,Gasoline,0
76,96,761,1,3,1,15,25,8,Electric,0
0,96,761,1,4,0,NA,NA,NA,NA,1
47,96,762,2,1,0,20,20,8,Hybrid,0
28,96,762,2,2,1,15,20,6,Hybrid,0
81,96,762,2,3,0,25,30,8,Electric,0
0,96,762,2,4,0,NA,NA,NA,NA,1
47,96,763,3,1,0,20,20,8,Hybrid,0
28,96,763,3,2,1,15,20,6,Hybrid,0
25,96,763,3,3,0,15,30,8,Gasoline,0
0,96,763,3,4,0,NA,NA,NA,NA,1
66,96,764,4,1,0,25,20,7,Electric,0
69,96,764,4,2,0,25,25,7,Electric,0
68,96,764,4,3,0,20,25,7,Electric,0
0,96,764,4,4,1,NA,NA,NA,NA,1
45,96,765,5,1,1,25,30,7,Hybrid,0
21,96,765,5,2,0,25,20,8,Gasoline,0
77,96,765,5,3,0,20,25,8,Electric,0
0,96,765,5,4,0,NA,NA,NA,NA,1
49,96,766,6,1,1,15,25,8,Hybrid,0
27,96,766,6,2,0,25,30,8,Gasoline,0
36,96,766,6,3,0,25,30,6,Hybrid,0
0,96,766,6,4,0,NA,NA,NA,NA,1
59,96,767,7,1,0,20,25,6,Electric,0
57,96,767,7,2,0,25,20,6,Electric,0
22,96,767,7,3,1,15,25,8,Gasoline,0
0,96,767,7,4,0,NA,NA,NA,NA,1
76,96,768,8,1,1,15,25,8,Electric,0
33,96,768,8,2,0,25,25,6,Hybrid,0
60,96,768,8,3,0,25,25,6,Electric,0
0,96,768,8,4,0,NA,NA,NA,NA,1
53,97,769,1,1,1,20,30,8,Hybrid,0
24,97,769,1,2,0,25,25,8,Gasoline,0
45,97,769,1,3,0,25,30,7,Hybrid,0
0,97,769,1,4,0,NA,NA,NA,NA,1
75,97,770,2,1,0,25,20,8,Electric,0
32,97,770,2,2,1,20,25,6,Hybrid,0
55,97,770,2,3,0,15,20,6,Electric,0
0,97,770,2,4,0,NA,NA,NA,NA,1
75,97,771,3,1,0,25,20,8,Electric,0
31,97,771,3,2,1,15,25,6,Hybrid,0
57,97,771,3,3,0,25,20,6,Electric,0
0,97,771,3,4,0,NA,NA,NA,NA,1
24,97,772,4,1,0,25,25,8,Gasoline,0
67,97,772,4,2,0,15,25,7,Electric,0
61,97,772,4,3,0,15,30,6,Electric,0
0,97,772,4,4,1,NA,NA,NA,NA,1
37,97,773,5,1,0,15,20,7,Hybrid,0
10,97,773,5,2,1,15,20,7,Gasoline,0
16,97,773,5,3,0,15,30,7,Gasoline,0
0,97,773,5,4,0,NA,NA,NA,NA,1
34,97,774,6,1,1,15,30,6,Hybrid,0
1,97,774,6,2,0,15,20,6,Gasoline,0
74,97,774,6,3,0,20,20,8,Electric,0
0,97,774,6,4,0,NA,NA,NA,NA,1
35,97,775,7,1,1,20,30,6,Hybrid,0
62,97,775,7,2,0,20,30,6,Electric,0
11,97,775,7,3,0,20,20,7,Gasoline,0
0,97,775,7,4,0,NA,NA,NA,NA,1
9,97,776,8,1,0,25,30,6,Gasoline,0
48,97,776,8,2,0,25,20,8,Hybrid,0
41,97,776,8,3,1,20,25,7,Hybrid,0
0,97,776,8,4,0,NA,NA,NA,NA,1
64,98,777,1,1,0,15,20,7,Electric,0
28,98,777,1,2,0,15,20,6,Hybrid,0
7,98,777,1,3,1,15,30,6,Gasoline,0
0,98,777,1,4,0,NA,NA,NA,NA,1
32,98,778,2,1,1,20,25,6,Hybrid,0
55,98,778,2,2,0,15,20,6,Electric,0
51,98,778,2,3,0,25,25,8,Hybrid,0
0,98,778,2,4,0,NA,NA,NA,NA,1
16,98,779,3,1,0,15,30,7,Gasoline,0
76,98,779,3,2,0,15,25,8,Electric,0
22,98,779,3,3,1,15,25,8,Gasoline,0
0,98,779,3,4,0,NA,NA,NA,NA,1
42,98,780,4,1,0,25,25,7,Hybrid,0
74,98,780,4,2,0,20,20,8,Electric,0
14,98,780,4,3,1,20,25,7,Gasoline,0
0,98,780,4,4,0,NA,NA,NA,NA,1
32,98,781,5,1,1,20,25,6,Hybrid,0
12,98,781,5,2,0,25,20,7,Gasoline,0
53,98,781,5,3,0,20,30,8,Hybrid,0
0,98,781,5,4,0,NA,NA,NA,NA,1
75,98,782,6,1,0,25,20,8,Electric,0
55,98,782,6,2,1,15,20,6,Electric,0
60,98,782,6,3,0,25,25,6,Electric,0
0,98,782,6,4,0,NA,NA,NA,NA,1
57,98,783,7,1,0,25,20,6,Electric,0
11,98,783,7,2,1,20,20,7,Gasoline,0
62,98,783,7,3,0,20,30,6,Electric,0
0,98,783,7,4,0,NA,NA,NA,NA,1
31,98,784,8,1,1,15,25,6,Hybrid,0
49,98,784,8,2,0,15,25,8,Hybrid,0
8,98,784,8,3,0,20,30,6,Gasoline,0
0,98,784,8,4,0,NA,NA,NA,NA,1
44,99,785,1,1,1,20,30,7,Hybrid,0
23,99,785,1,2,0,20,25,8,Gasoline,0
5,99,785,1,3,0,20,25,6,Gasoline,0
0,99,785,1,4,0,NA,NA,NA,NA,1
3,99,786,2,1,0,25,20,6,Gasoline,0
65,99,786,2,2,0,20,20,7,Electric,0
35,99,786,2,3,1,20,30,6,Hybrid,0
0,99,786,2,4,0,NA,NA,NA,NA,1
37,99,787,3,1,0,15,20,7,Hybrid,0
1,99,787,3,2,0,15,20,6,Gasoline,0
49,99,787,3,3,1,15,25,8,Hybrid,0
0,99,787,3,4,0,NA,NA,NA,NA,1
11,99,788,4,1,0,20,20,7,Gasoline,0
22,99,788,4,2,1,15,25,8,Gasoline,0
66,99,788,4,3,0,25,20,7,Electric,0
0,99,788,4,4,0,NA,NA,NA,NA,1
24,99,789,5,1,0,25,25,8,Gasoline,0
55,99,789,5,2,1,15,20,6,Electric,0
18,99,789,5,3,0,25,30,7,Gasoline,0
0,99,789,5,4,0,NA,NA,NA,NA,1
1,99,790,6,1,0,15,20,6,Gasoline,0
31,99,790,6,2,1,15,25,6,Hybrid,0
61,99,790,6,3,0,15,30,6,Electric,0
0,99,790,6,4,0,NA,NA,NA,NA,1
70,99,791,7,1,1,15,30,7,Electric,0
50,99,791,7,2,0,20,25,8,Hybrid,0
20,99,791,7,3,0,20,20,8,Gasoline,0
0,99,791,7,4,0,NA,NA,NA,NA,1
52,99,792,8,1,0,15,30,8,Hybrid,0
28,99,792,8,2,1,15,20,6,Hybrid,0
5,99,792,8,3,0,20,25,6,Gasoline,0
0,99,792,8,4,0,NA,NA,NA,NA,1
78,100,793,1,1,0,25,25,8,Electric,0
2,100,793,1,2,0,20,20,6,Gasoline,0
40,100,793,1,3,1,15,25,7,Hybrid,0
0,100,793,1,4,0,NA,NA,NA,NA,1
7,100,794,2,1,1,15,30,6,Gasoline,0
72,100,794,2,2,0,25,30,7,Electric,0
42,100,794,2,3,0,25,25,7,Hybrid,0
0,100,794,2,4,0,NA,NA,NA,NA,1
36,100,795,3,1,0,25,30,6,Hybrid,0
57,100,795,3,2,0,25,20,6,Electric,0
7,100,795,3,3,1,15,30,6,Gasoline,0
0,100,795,3,4,0,NA,NA,NA,NA,1
35,100,796,4,1,1,20,30,6,Hybrid,0
69,100,796,4,2,0,25,25,7,Electric,0
42,100,796,4,3,0,25,25,7,Hybrid,0
0,100,796,4,4,0,NA,NA,NA,NA,1
30,100,797,5,1,0,25,20,6,Hybrid,0
23,100,797,5,2,1,20,25,8,Gasoline,0
75,100,797,5,3,0,25,20,8,Electric,0
0,100,797,5,4,0,NA,NA,NA,NA,1
17,100,798,6,1,1,20,30,7,Gasoline,0
76,100,798,6,2,0,15,25,8,Electric,0
72,100,798,6,3,0,25,30,7,Electric,0
0,100,798,6,4,0,NA,NA,NA,NA,1
42,100,799,7,1,0,25,25,7,Hybrid,0
41,100,799,7,2,0,20,25,7,Hybrid,0
24,100,799,7,3,0,25,25,8,Gasoline,0
0,100,799,7,4,1,NA,NA,NA,NA,1
36,100,800,8,1,0,25,30,6,Hybrid,0
78,100,800,8,2,0,25,25,8,Electric,0
37,100,800,8,3,1,15,20,7,Hybrid,0
0,100,800,8,4,0,NA,NA,NA,NA,1
49,101,801,1,1,1,15,25,8,Hybrid,0
56,101,801,1,2,0,20,20,6,Electric,0
30,101,801,1,3,0,25,20,6,Hybrid,0
0,101,801,1,4,0,NA,NA,NA,NA,1
63,101,802,2,1,0,25,30,6,Electric,0
80,101,802,2,2,0,20,30,8,Electric,0
38,101,802,2,3,1,20,20,7,Hybrid,0
0,101,802,2,4,0,NA,NA,NA,NA,1
21,101,803,3,1,0,25,20,8,Gasoline,0
15,101,803,3,2,0,25,25,7,Gasoline,0
70,101,803,3,3,1,15,30,7,Electric,0
0,101,803,3,4,0,NA,NA,NA,NA,1
2,101,804,4,1,0,20,20,6,Gasoline,0
32,101,804,4,2,1,20,25,6,Hybrid,0
45,101,804,4,3,0,25,30,7,Hybrid,0
0,101,804,4,4,0,NA,NA,NA,NA,1
54,101,805,5,1,0,25,30,8,Hybrid,0
6,101,805,5,2,0,25,25,6,Gasoline,0
25,101,805,5,3,1,15,30,8,Gasoline,0
0,101,805,5,4,0,NA,NA,NA,NA,1
43,101,806,6,1,1,15,30,7,Hybrid,0
35,101,806,6,2,0,20,30,6,Hybrid,0
40,101,806,6,3,0,15,25,7,Hybrid,0
0,101,806,6,4,0,NA,NA,NA,NA,1
50,101,807,7,1,0,20,25,8,Hybrid,0
6,101,807,7,2,0,25,25,6,Gasoline,0
7,101,807,7,3,1,15,30,6,Gasoline,0
0,101,807,7,4,0,NA,NA,NA,NA,1
41,101,808,8,1,1,20,25,7,Hybrid,0
11,101,808,8,2,0,20,20,7,Gasoline,0
68,101,808,8,3,0,20,25,7,Electric,0
0,101,808,8,4,0,NA,NA,NA,NA,1
46,102,809,1,1,1,15,20,8,Hybrid,0
21,102,809,1,2,0,25,20,8,Gasoline,0
39,102,809,1,3,0,25,20,7,Hybrid,0
0,102,809,1,4,0,NA,NA,NA,NA,1
78,102,810,2,1,0,25,25,8,Electric,0
80,102,810,2,2,0,20,30,8,Electric,0
59,102,810,2,3,0,20,25,6,Electric,0
0,102,810,2,4,1,NA,NA,NA,NA,1
44,102,811,3,1,0,20,30,7,Hybrid,0
52,102,811,3,2,1,15,30,8,Hybrid,0
68,102,811,3,3,0,20,25,7,Electric,0
0,102,811,3,4,0,NA,NA,NA,NA,1
24,102,812,4,1,0,25,25,8,Gasoline,0
53,102,812,4,2,0,20,30,8,Hybrid,0
52,102,812,4,3,1,15,30,8,Hybrid,0
0,102,812,4,4,0,NA,NA,NA,NA,1
19,102,813,5,1,1,15,20,8,Gasoline,0
14,102,813,5,2,0,20,25,7,Gasoline,0
76,102,813,5,3,0,15,25,8,Electric,0
0,102,813,5,4,0,NA,NA,NA,NA,1
70,102,814,6,1,1,15,30,7,Electric,0
56,102,814,6,2,0,20,20,6,Electric,0
81,102,814,6,3,0,25,30,8,Electric,0
0,102,814,6,4,0,NA,NA,NA,NA,1
45,102,815,7,1,0,25,30,7,Hybrid,0
55,102,815,7,2,0,15,20,6,Electric,0
12,102,815,7,3,0,25,20,7,Gasoline,0
0,102,815,7,4,1,NA,NA,NA,NA,1
43,102,816,8,1,1,15,30,7,Hybrid,0
13,102,816,8,2,0,15,25,7,Gasoline,0
49,102,816,8,3,0,15,25,8,Hybrid,0
0,102,816,8,4,0,NA,NA,NA,NA,1
24,103,817,1,1,0,25,25,8,Gasoline,0
72,103,817,1,2,0,25,30,7,Electric,0
11,103,817,1,3,1,20,20,7,Gasoline,0
0,103,817,1,4,0,NA,NA,NA,NA,1
56,103,818,2,1,0,20,20,6,Electric,0
50,103,818,2,2,0,20,25,8,Hybrid,0
25,103,818,2,3,1,15,30,8,Gasoline,0
0,103,818,2,4,0,NA,NA,NA,NA,1
29,103,819,3,1,0,20,20,6,Hybrid,0
12,103,819,3,2,0,25,20,7,Gasoline,0
40,103,819,3,3,1,15,25,7,Hybrid,0
0,103,819,3,4,0,NA,NA,NA,NA,1
40,103,820,4,1,1,15,25,7,Hybrid,0
36,103,820,4,2,0,25,30,6,Hybrid,0
63,103,820,4,3,0,25,30,6,Electric,0
0,103,820,4,4,0,NA,NA,NA,NA,1
68,103,821,5,1,0,20,25,7,Electric,0
73,103,821,5,2,1,15,20,8,Electric,0
15,103,821,5,3,0,25,25,7,Gasoline,0
0,103,821,5,4,0,NA,NA,NA,NA,1
4,103,822,6,1,1,15,25,6,Gasoline,0
56,103,822,6,2,0,20,20,6,Electric,0
51,103,822,6,3,0,25,25,8,Hybrid,0
0,103,822,6,4,0,NA,NA,NA,NA,1
72,103,823,7,1,0,25,30,7,Electric,0
38,103,823,7,2,0,20,20,7,Hybrid,0
46,103,823,7,3,1,15,20,8,Hybrid,0
0,103,823,7,4,0,NA,NA,NA,NA,1
79,103,824,8,1,0,15,30,8,Electric,0
19,103,824,8,2,1,15,20,8,Gasoline,0
63,103,824,8,3,0,25,30,6,Electric,0
0,103,824,8,4,0,NA,NA,NA,NA,1
60,104,825,1,1,0,25,25,6,Electric,0
24,104,825,1,2,0,25,25,8,Gasoline,0
21,104,825,1,3,0,25,20,8,Gasoline,0
0,104,825,1,4,1,NA,NA,NA,NA,1
38,104,826,2,1,0,20,20,7,Hybrid,0
10,104,826,2,2,1,15,20,7,Gasoline,0
24,104,826,2,3,0,25,25,8,Gasoline,0
0,104,826,2,4,0,NA,NA,NA,NA,1
4,104,827,3,1,1,15,25,6,Gasoline,0
72,104,827,3,2,0,25,30,7,Electric,0
19,104,827,3,3,0,15,20,8,Gasoline,0
0,104,827,3,4,0,NA,NA,NA,NA,1
18,104,828,4,1,0,25,30,7,Gasoline,0
35,104,828,4,2,0,20,30,6,Hybrid,0
50,104,828,4,3,1,20,25,8,Hybrid,0
0,104,828,4,4,0,NA,NA,NA,NA,1
21,104,829,5,1,0,25,20,8,Gasoline,0
5,104,829,5,2,1,20,25,6,Gasoline,0
51,104,829,5,3,0,25,25,8,Hybrid,0
0,104,829,5,4,0,NA,NA,NA,NA,1
66,104,830,6,1,0,25,20,7,Electric,0
8,104,830,6,2,1,20,30,6,Gasoline,0
67,104,830,6,3,0,15,25,7,Electric,0
0,104,830,6,4,0,NA,NA,NA,NA,1
63,104,831,7,1,0,25,30,6,Electric,0
23,104,831,7,2,1,20,25,8,Gasoline,0
77,104,831,7,3,0,20,25,8,Electric,0
0,104,831,7,4,0,NA,NA,NA,NA,1
23,104,832,8,1,1,20,25,8,Gasoline,0
50,104,832,8,2,0,20,25,8,Hybrid,0
57,104,832,8,3,0,25,20,6,Electric,0
0,104,832,8,4,0,NA,NA,NA,NA,1
3,105,833,1,1,0,25,20,6,Gasoline,0
27,105,833,1,2,0,25,30,8,Gasoline,0
41,105,833,1,3,1,20,25,7,Hybrid,0
0,105,833,1,4,0,NA,NA,NA,NA,1
5,105,834,2,1,0,20,25,6,Gasoline,0
12,105,834,2,2,0,25,20,7,Gasoline,0
34,105,834,2,3,1,15,30,6,Hybrid,0
0,105,834,2,4,0,NA,NA,NA,NA,1
12,105,835,3,1,0,25,20,7,Gasoline,0
16,105,835,3,2,0,15,30,7,Gasoline,0
49,105,835,3,3,1,15,25,8,Hybrid,0
0,105,835,3,4,0,NA,NA,NA,NA,1
45,105,836,4,1,0,25,30,7,Hybrid,0
41,105,836,4,2,1,20,25,7,Hybrid,0
66,105,836,4,3,0,25,20,7,Electric,0
0,105,836,4,4,0,NA,NA,NA,NA,1
24,105,837,5,1,1,25,25,8,Gasoline,0
56,105,837,5,2,0,20,20,6,Electric,0
3,105,837,5,3,0,25,20,6,Gasoline,0
0,105,837,5,4,0,NA,NA,NA,NA,1
1,105,838,6,1,0,15,20,6,Gasoline,0
13,105,838,6,2,1,15,25,7,Gasoline,0
4,105,838,6,3,0,15,25,6,Gasoline,0
0,105,838,6,4,0,NA,NA,NA,NA,1
29,105,839,7,1,1,20,20,6,Hybrid,0
56,105,839,7,2,0,20,20,6,Electric,0
58,105,839,7,3,0,15,25,6,Electric,0
0,105,839,7,4,0,NA,NA,NA,NA,1
2,105,840,8,1,1,20,20,6,Gasoline,0
33,105,840,8,2,0,25,25,6,Hybrid,0
45,105,840,8,3,0,25,30,7,Hybrid,0
0,105,840,8,4,0,NA,NA,NA,NA,1
12,106,841,1,1,0,25,20,7,Gasoline,0
41,106,841,1,2,1,20,25,7,Hybrid,0
60,106,841,1,3,0,25,25,6,Electric,0
0,106,841,1,4,0,NA,NA,NA,NA,1
65,106,842,2,1,1,20,20,7,Electric,0
80,106,842,2,2,0,20,30,8,Electric,0
72,106,842,2,3,0,25,30,7,Electric,0
0,106,842,2,4,0,NA,NA,NA,NA,1
29,106,843,3,1,0,20,20,6,Hybrid,0
34,106,843,3,2,1,15,30,6,Hybrid,0
51,106,843,3,3,0,25,25,8,Hybrid,0
0,106,843,3,4,0,NA,NA,NA,NA,1
41,106,844,4,1,0,20,25,7,Hybrid,0
5,106,844,4,2,1,20,25,6,Gasoline,0
21,106,844,4,3,0,25,20,8,Gasoline,0
0,106,844,4,4,0,NA,NA,NA,NA,1
21,106,845,5,1,0,25,20,8,Gasoline,0
42,106,845,5,2,0,25,25,7,Hybrid,0
7,106,845,5,3,1,15,30,6,Gasoline,0
0,106,845,5,4,0,NA,NA,NA,NA,1
18,106,846,6,1,0,25,30,7,Gasoline,0
66,106,846,6,2,0,25,20,7,Electric,0
36,106,846,6,3,1,25,30,6,Hybrid,0
0,106,846,6,4,0,NA,NA,NA,NA,1
61,106,847,7,1,0,15,30,6,Electric,0
39,106,847,7,2,1,25,20,7,Hybrid,0
62,106,847,7,3,0,20,30,6,Electric,0
0,106,847,7,4,0,NA,NA,NA,NA,1
11,106,848,8,1,0,20,20,7,Gasoline,0
79,106,848,8,2,0,15,30,8,Electric,0
40,106,848,8,3,1,15,25,7,Hybrid,0
0,106,848,8,4,0,NA,NA,NA,NA,1
21,107,849,1,1,0,25,20,8,Gasoline,0
48,107,849,1,2,1,25,20,8,Hybrid,0
66,107,849,1,3,0,25,20,7,Electric,0
0,107,849,1,4,0,NA,NA,NA,NA,1
65,107,850,2,1,0,20,20,7,Electric,0
43,107,850,2,2,1,15,30,7,Hybrid,0
40,107,850,2,3,0,15,25,7,Hybrid,0
0,107,850,2,4,0,NA,NA,NA,NA,1
57,107,851,3,1,0,25,20,6,Electric,0
11,107,851,3,2,0,20,20,7,Gasoline,0
34,107,851,3,3,1,15,30,6,Hybrid,0
0,107,851,3,4,0,NA,NA,NA,NA,1
9,107,852,4,1,0,25,30,6,Gasoline,0
63,107,852,4,2,0,25,30,6,Electric,0
61,107,852,4,3,1,15,30,6,Electric,0
0,107,852,4,4,0,NA,NA,NA,NA,1
15,107,853,5,1,0,25,25,7,Gasoline,0
4,107,853,5,2,1,15,25,6,Gasoline,0
76,107,853,5,3,0,15,25,8,Electric,0
0,107,853,5,4,0,NA,NA,NA,NA,1
5,107,854,6,1,0,20,25,6,Gasoline,0
52,107,854,6,2,1,15,30,8,Hybrid,0
54,107,854,6,3,0,25,30,8,Hybrid,0
0,107,854,6,4,0,NA,NA,NA,NA,1
6,107,855,7,1,0,25,25,6,Gasoline,0
31,107,855,7,2,1,15,25,6,Hybrid,0
19,107,855,7,3,0,15,20,8,Gasoline,0
0,107,855,7,4,0,NA,NA,NA,NA,1
55,107,856,8,1,1,15,20,6,Electric,0
64,107,856,8,2,0,15,20,7,Electric,0
61,107,856,8,3,0,15,30,6,Electric,0
0,107,856,8,4,0,NA,NA,NA,NA,1
72,108,857,1,1,0,25,30,7,Electric,0
11,108,857,1,2,0,20,20,7,Gasoline,0
37,108,857,1,3,1,15,20,7,Hybrid,0
0,108,857,1,4,0,NA,NA,NA,NA,1
67,108,858,2,1,1,15,25,7,Electric,0
80,108,858,2,2,0,20,30,8,Electric,0
9,108,858,2,3,0,25,30,6,Gasoline,0
0,108,858,2,4,0,NA,NA,NA,NA,1
54,108,859,3,1,0,25,30,8,Hybrid,0
24,108,859,3,2,0,25,25,8,Gasoline,0
77,108,859,3,3,0,20,25,8,Electric,0
0,108,859,3,4,1,NA,NA,NA,NA,1
81,108,860,4,1,0,25,30,8,Electric,0
38,108,860,4,2,1,20,20,7,Hybrid,0
75,108,860,4,3,0,25,20,8,Electric,0
0,108,860,4,4,0,NA,NA,NA,NA,1
15,108,861,5,1,0,25,25,7,Gasoline,0
53,108,861,5,2,1,20,30,8,Hybrid,0
66,108,861,5,3,0,25,20,7,Electric,0
0,108,861,5,4,0,NA,NA,NA,NA,1
2,108,862,6,1,1,20,20,6,Gasoline,0
55,108,862,6,2,0,15,20,6,Electric,0
63,108,862,6,3,0,25,30,6,Electric,0
0,108,862,6,4,0,NA,NA,NA,NA,1
46,108,863,7,1,1,15,20,8,Hybrid,0
51,108,863,7,2,0,25,25,8,Hybrid,0
56,108,863,7,3,0,20,20,6,Electric,0
0,108,863,7,4,0,NA,NA,NA,NA,1
51,108,864,8,1,0,25,25,8,Hybrid,0
81,108,864,8,2,0,25,30,8,Electric,0
19,108,864,8,3,1,15,20,8,Gasoline,0
0,108,864,8,4,0,NA,NA,NA,NA,1
46,109,865,1,1,1,15,20,8,Hybrid,0
4,109,865,1,2,0,15,25,6,Gasoline,0
36,109,865,1,3,0,25,30,6,Hybrid,0
0,109,865,1,4,0,NA,NA,NA,NA,1
30,109,866,2,1,0,25,20,6,Hybrid,0
39,109,866,2,2,0,25,20,7,Hybrid,0
66,109,866,2,3,0,25,20,7,Electric,0
0,109,866,2,4,1,NA,NA,NA,NA,1
14,109,867,3,1,0,20,25,7,Gasoline,0
63,109,867,3,2,0,25,30,6,Electric,0
1,109,867,3,3,1,15,20,6,Gasoline,0
0,109,867,3,4,0,NA,NA,NA,NA,1
4,109,868,4,1,0,15,25,6,Gasoline,0
49,109,868,4,2,1,15,25,8,Hybrid,0
68,109,868,4,3,0,20,25,7,Electric,0
0,109,868,4,4,0,NA,NA,NA,NA,1
64,109,869,5,1,0,15,20,7,Electric,0
31,109,869,5,2,1,15,25,6,Hybrid,0
66,109,869,5,3,0,25,20,7,Electric,0
0,109,869,5,4,0,NA,NA,NA,NA,1
37,109,870,6,1,0,15,20,7,Hybrid,0
40,109,870,6,2,1,15,25,7,Hybrid,0
41,109,870,6,3,0,20,25,7,Hybrid,0
0,109,870,6,4,0,NA,NA,NA,NA,1
63,109,871,7,1,0,25,30,6,Electric,0
74,109,871,7,2,0,20,20,8,Electric,0
3,109,871,7,3,0,25,20,6,Gasoline,0
0,109,871,7,4,1,NA,NA,NA,NA,1
67,109,872,8,1,1,15,25,7,Electric,0
12,109,872,8,2,0,25,20,7,Gasoline,0
78,109,872,8,3,0,25,25,8,Electric,0
0,109,872,8,4,0,NA,NA,NA,NA,1
55,110,873,1,1,1,15,20,6,Electric,0
51,110,873,1,2,0,25,25,8,Hybrid,0
20,110,873,1,3,0,20,20,8,Gasoline,0
0,110,873,1,4,0,NA,NA,NA,NA,1
80,110,874,2,1,0,20,30,8,Electric,0
62,110,874,2,2,1,20,30,6,Electric,0
21,110,874,2,3,0,25,20,8,Gasoline,0
0,110,874,2,4,0,NA,NA,NA,NA,1
31,110,875,3,1,1,15,25,6,Hybrid,0
64,110,875,3,2,0,15,20,7,Electric,0
67,110,875,3,3,0,15,25,7,Electric,0
0,110,875,3,4,0,NA,NA,NA,NA,1
60,110,876,4,1,0,25,25,6,Electric,0
55,110,876,4,2,0,15,20,6,Electric,0
32,110,876,4,3,1,20,25,6,Hybrid,0
0,110,876,4,4,0,NA,NA,NA,NA,1
12,110,877,5,1,0,25,20,7,Gasoline,0
36,110,877,5,2,0,25,30,6,Hybrid,0
41,110,877,5,3,1,20,25,7,Hybrid,0
0,110,877,5,4,0,NA,NA,NA,NA,1
53,110,878,6,1,0,20,30,8,Hybrid,0
16,110,878,6,2,1,15,30,7,Gasoline,0
71,110,878,6,3,0,20,30,7,Electric,0
0,110,878,6,4,0,NA,NA,NA,NA,1
21,110,879,7,1,0,25,20,8,Gasoline,0
20,110,879,7,2,1,20,20,8,Gasoline,0
64,110,879,7,3,0,15,20,7,Electric,0
0,110,879,7,4,0,NA,NA,NA,NA,1
21,110,880,8,1,0,25,20,8,Gasoline,0
49,110,880,8,2,1,15,25,8,Hybrid,0
15,110,880,8,3,0,25,25,7,Gasoline,0
0,110,880,8,4,0,NA,NA,NA,NA,1
17,111,881,1,1,0,20,30,7,Gasoline,0
16,111,881,1,2,0,15,30,7,Gasoline,0
34,111,881,1,3,1,15,30,6,Hybrid,0
0,111,881,1,4,0,NA,NA,NA,NA,1
30,111,882,2,1,0,25,20,6,Hybrid,0
8,111,882,2,2,1,20,30,6,Gasoline,0
24,111,882,2,3,0,25,25,8,Gasoline,0
0,111,882,2,4,0,NA,NA,NA,NA,1
29,111,883,3,1,0,20,20,6,Hybrid,0
43,111,883,3,2,1,15,30,7,Hybrid,0
63,111,883,3,3,0,25,30,6,Electric,0
0,111,883,3,4,0,NA,NA,NA,NA,1
47,111,884,4,1,0,20,20,8,Hybrid,0
40,111,884,4,2,1,15,25,7,Hybrid,0
61,111,884,4,3,0,15,30,6,Electric,0
0,111,884,4,4,0,NA,NA,NA,NA,1
45,111,885,5,1,0,25,30,7,Hybrid,0
18,111,885,5,2,0,25,30,7,Gasoline,0
80,111,885,5,3,0,20,30,8,Electric,0
0,111,885,5,4,1,NA,NA,NA,NA,1
78,111,886,6,1,0,25,25,8,Electric,0
77,111,886,6,2,0,20,25,8,Electric,0
56,111,886,6,3,0,20,20,6,Electric,0
0,111,886,6,4,1,NA,NA,NA,NA,1
35,111,887,7,1,1,20,30,6,Hybrid,0
9,111,887,7,2,0,25,30,6,Gasoline,0
81,111,887,7,3,0,25,30,8,Electric,0
0,111,887,7,4,0,NA,NA,NA,NA,1
67,111,888,8,1,1,15,25,7,Electric,0
65,111,888,8,2,0,20,20,7,Electric,0
75,111,888,8,3,0,25,20,8,Electric,0
0,111,888,8,4,0,NA,NA,NA,NA,1
54,112,889,1,1,0,25,30,8,Hybrid,0
70,112,889,1,2,0,15,30,7,Electric,0
45,112,889,1,3,0,25,30,7,Hybrid,0
0,112,889,1,4,1,NA,NA,NA,NA,1
26,112,890,2,1,1,20,30,8,Gasoline,0
62,112,890,2,2,0,20,30,6,Electric,0
51,112,890,2,3,0,25,25,8,Hybrid,0
0,112,890,2,4,0,NA,NA,NA,NA,1
45,112,891,3,1,0,25,30,7,Hybrid,0
40,112,891,3,2,1,15,25,7,Hybrid,0
3,112,891,3,3,0,25,20,6,Gasoline,0
0,112,891,3,4,0,NA,NA,NA,NA,1
66,112,892,4,1,0,25,20,7,Electric,0
63,112,892,4,2,1,25,30,6,Electric,0
81,112,892,4,3,0,25,30,8,Electric,0
0,112,892,4,4,0,NA,NA,NA,NA,1
73,112,893,5,1,1,15,20,8,Electric,0
18,112,893,5,2,0,25,30,7,Gasoline,0
41,112,893,5,3,0,20,25,7,Hybrid,0
0,112,893,5,4,0,NA,NA,NA,NA,1
29,112,894,6,1,1,20,20,6,Hybrid,0
58,112,894,6,2,0,15,25,6,Electric,0
79,112,894,6,3,0,15,30,8,Electric,0
0,112,894,6,4,0,NA,NA,NA,NA,1
36,112,895,7,1,0,25,30,6,Hybrid,0
31,112,895,7,2,1,15,25,6,Hybrid,0
77,112,895,7,3,0,20,25,8,Electric,0
0,112,895,7,4,0,NA,NA,NA,NA,1
62,112,896,8,1,0,20,30,6,Electric,0
66,112,896,8,2,0,25,20,7,Electric,0
63,112,896,8,3,0,25,30,6,Electric,0
0,112,896,8,4,1,NA,NA,NA,NA,1
38,113,897,1,1,1,20,20,7,Hybrid,0
58,113,897,1,2,0,15,25,6,Electric,0
12,113,897,1,3,0,25,20,7,Gasoline,0
0,113,897,1,4,0,NA,NA,NA,NA,1
31,113,898,2,1,1,15,25,6,Hybrid,0
78,113,898,2,2,0,25,25,8,Electric,0
73,113,898,2,3,0,15,20,8,Electric,0
0,113,898,2,4,0,NA,NA,NA,NA,1
6,113,899,3,1,0,25,25,6,Gasoline,0
49,113,899,3,2,0,15,25,8,Hybrid,0
43,113,899,3,3,1,15,30,7,Hybrid,0
0,113,899,3,4,0,NA,NA,NA,NA,1
17,113,900,4,1,0,20,30,7,Gasoline,0
52,113,900,4,2,1,15,30,8,Hybrid,0
71,113,900,4,3,0,20,30,7,Electric,0
0,113,900,4,4,0,NA,NA,NA,NA,1
75,113,901,5,1,0,25,20,8,Electric,0
64,113,901,5,2,1,15,20,7,Electric,0
71,113,901,5,3,0,20,30,7,Electric,0
0,113,901,5,4,0,NA,NA,NA,NA,1
60,113,902,6,1,0,25,25,6,Electric,0
63,113,902,6,2,0,25,30,6,Electric,0
34,113,902,6,3,1,15,30,6,Hybrid,0
0,113,902,6,4,0,NA,NA,NA,NA,1
67,113,903,7,1,0,15,25,7,Electric,0
4,113,903,7,2,1,15,25,6,Gasoline,0
61,113,903,7,3,0,15,30,6,Electric,0
0,113,903,7,4,0,NA,NA,NA,NA,1
26,113,904,8,1,0,20,30,8,Gasoline,0
34,113,904,8,2,1,15,30,6,Hybrid,0
61,113,904,8,3,0,15,30,6,Electric,0
0,113,904,8,4,0,NA,NA,NA,NA,1
21,114,905,1,1,0,25,20,8,Gasoline,0
34,114,905,1,2,1,15,30,6,Hybrid,0
4,114,905,1,3,0,15,25,6,Gasoline,0
0,114,905,1,4,0,NA,NA,NA,NA,1
58,114,906,2,1,0,15,25,6,Electric,0
70,114,906,2,2,0,15,30,7,Electric,0
14,114,906,2,3,1,20,25,7,Gasoline,0
0,114,906,2,4,0,NA,NA,NA,NA,1
5,114,907,3,1,1,20,25,6,Gasoline,0
45,114,907,3,2,0,25,30,7,Hybrid,0
30,114,907,3,3,0,25,20,6,Hybrid,0
0,114,907,3,4,0,NA,NA,NA,NA,1
25,114,908,4,1,1,15,30,8,Gasoline,0
46,114,908,4,2,0,15,20,8,Hybrid,0
48,114,908,4,3,0,25,20,8,Hybrid,0
0,114,908,4,4,0,NA,NA,NA,NA,1
75,114,909,5,1,0,25,20,8,Electric,0
71,114,909,5,2,0,20,30,7,Electric,0
60,114,909,5,3,0,25,25,6,Electric,0
0,114,909,5,4,1,NA,NA,NA,NA,1
25,114,910,6,1,1,15,30,8,Gasoline,0
10,114,910,6,2,0,15,20,7,Gasoline,0
75,114,910,6,3,0,25,20,8,Electric,0
0,114,910,6,4,0,NA,NA,NA,NA,1
1,114,911,7,1,0,15,20,6,Gasoline,0
23,114,911,7,2,1,20,25,8,Gasoline,0
14,114,911,7,3,0,20,25,7,Gasoline,0
0,114,911,7,4,0,NA,NA,NA,NA,1
14,114,912,8,1,0,20,25,7,Gasoline,0
61,114,912,8,2,0,15,30,6,Electric,0
13,114,912,8,3,1,15,25,7,Gasoline,0
0,114,912,8,4,0,NA,NA,NA,NA,1
72,115,913,1,1,0,25,30,7,Electric,0
67,115,913,1,2,0,15,25,7,Electric,0
32,115,913,1,3,1,20,25,6,Hybrid,0
0,115,913,1,4,0,NA,NA,NA,NA,1
74,115,914,2,1,0,20,20,8,Electric,0
80,115,914,2,2,0,20,30,8,Electric,0
66,115,914,2,3,0,25,20,7,Electric,0
0,115,914,2,4,1,NA,NA,NA,NA,1
39,115,915,3,1,0,25,20,7,Hybrid,0
36,115,915,3,2,0,25,30,6,Hybrid,0
54,115,915,3,3,0,25,30,8,Hybrid,0
0,115,915,3,4,1,NA,NA,NA,NA,1
34,115,916,4,1,1,15,30,6,Hybrid,0
7,115,916,4,2,0,15,30,6,Gasoline,0
32,115,916,4,3,0,20,25,6,Hybrid,0
0,115,916,4,4,0,NA,NA,NA,NA,1
73,115,917,5,1,0,15,20,8,Electric,0
14,115,917,5,2,0,20,25,7,Gasoline,0
29,115,917,5,3,1,20,20,6,Hybrid,0
0,115,917,5,4,0,NA,NA,NA,NA,1
40,115,918,6,1,1,15,25,7,Hybrid,0
74,115,918,6,2,0,20,20,8,Electric,0
69,115,918,6,3,0,25,25,7,Electric,0
0,115,918,6,4,0,NA,NA,NA,NA,1
5,115,919,7,1,0,20,25,6,Gasoline,0
62,115,919,7,2,0,20,30,6,Electric,0
37,115,919,7,3,1,15,20,7,Hybrid,0
0,115,919,7,4,0,NA,NA,NA,NA,1
13,115,920,8,1,1,15,25,7,Gasoline,0
53,115,920,8,2,0,20,30,8,Hybrid,0
64,115,920,8,3,0,15,20,7,Electric,0
0,115,920,8,4,0,NA,NA,NA,NA,1
51,116,921,1,1,0,25,25,8,Hybrid,0
1,116,921,1,2,1,15,20,6,Gasoline,0
62,116,921,1,3,0,20,30,6,Electric,0
0,116,921,1,4,0,NA,NA,NA,NA,1
6,116,922,2,1,0,25,25,6,Gasoline,0
59,116,922,2,2,0,20,25,6,Electric,0
77,116,922,2,3,0,20,25,8,Electric,0
0,116,922,2,4,1,NA,NA,NA,NA,1
46,116,923,3,1,1,15,20,8,Hybrid,0
2,116,923,3,2,0,20,20,6,Gasoline,0
62,116,923,3,3,0,20,30,6,Electric,0
0,116,923,3,4,0,NA,NA,NA,NA,1
13,116,924,4,1,1,15,25,7,Gasoline,0
18,116,924,4,2,0,25,30,7,Gasoline,0
61,116,924,4,3,0,15,30,6,Electric,0
0,116,924,4,4,0,NA,NA,NA,NA,1
15,116,925,5,1,0,25,25,7,Gasoline,0
20,116,925,5,2,0,20,20,8,Gasoline,0
23,116,925,5,3,1,20,25,8,Gasoline,0
0,116,925,5,4,0,NA,NA,NA,NA,1
27,116,926,6,1,0,25,30,8,Gasoline,0
51,116,926,6,2,1,25,25,8,Hybrid,0
69,116,926,6,3,0,25,25,7,Electric,0
0,116,926,6,4,0,NA,NA,NA,NA,1
9,116,927,7,1,0,25,30,6,Gasoline,0
48,116,927,7,2,0,25,20,8,Hybrid,0
43,116,927,7,3,1,15,30,7,Hybrid,0
0,116,927,7,4,0,NA,NA,NA,NA,1
3,116,928,8,1,0,25,20,6,Gasoline,0
17,116,928,8,2,0,20,30,7,Gasoline,0
47,116,928,8,3,1,20,20,8,Hybrid,0
0,116,928,8,4,0,NA,NA,NA,NA,1
71,117,929,1,1,0,20,30,7,Electric,0
19,117,929,1,2,1,15,20,8,Gasoline,0
23,117,929,1,3,0,20,25,8,Gasoline,0
0,117,929,1,4,0,NA,NA,NA,NA,1
14,117,930,2,1,1,20,25,7,Gasoline,0
62,117,930,2,2,0,20,30,6,Electric,0
42,117,930,2,3,0,25,25,7,Hybrid,0
0,117,930,2,4,0,NA,NA,NA,NA,1
22,117,931,3,1,1,15,25,8,Gasoline,0
80,117,931,3,2,0,20,30,8,Electric,0
76,117,931,3,3,0,15,25,8,Electric,0
0,117,931,3,4,0,NA,NA,NA,NA,1
32,117,932,4,1,1,20,25,6,Hybrid,0
19,117,932,4,2,0,15,20,8,Gasoline,0
36,117,932,4,3,0,25,30,6,Hybrid,0
0,117,932,4,4,0,NA,NA,NA,NA,1
56,117,933,5,1,0,20,20,6,Electric,0
8,117,933,5,2,1,20,30,6,Gasoline,0
74,117,933,5,3,0,20,20,8,Electric,0
0,117,933,5,4,0,NA,NA,NA,NA,1
70,117,934,6,1,0,15,30,7,Electric,0
76,117,934,6,2,1,15,25,8,Electric,0
81,117,934,6,3,0,25,30,8,Electric,0
0,117,934,6,4,0,NA,NA,NA,NA,1
55,117,935,7,1,1,15,20,6,Electric,0
29,117,935,7,2,0,20,20,6,Hybrid,0
27,117,935,7,3,0,25,30,8,Gasoline,0
0,117,935,7,4,0,NA,NA,NA,NA,1
8,117,936,8,1,0,20,30,6,Gasoline,0
69,117,936,8,2,0,25,25,7,Electric,0
31,117,936,8,3,1,15,25,6,Hybrid,0
0,117,936,8,4,0,NA,NA,NA,NA,1
67,118,937,1,1,0,15,25,7,Electric,0
57,118,937,1,2,0,25,20,6,Electric,0
23,118,937,1,3,1,20,25,8,Gasoline,0
0,118,937,1,4,0,NA,NA,NA,NA,1
54,118,938,2,1,0,25,30,8,Hybrid,0
18,118,938,2,2,0,25,30,7,Gasoline,0
29,118,938,2,3,1,20,20,6,Hybrid,0
0,118,938,2,4,0,NA,NA,NA,NA,1
26,118,939,3,1,1,20,30,8,Gasoline,0
55,118,939,3,2,0,15,20,6,Electric,0
81,118,939,3,3,0,25,30,8,Electric,0
0,118,939,3,4,0,NA,NA,NA,NA,1
52,118,940,4,1,1,15,30,8,Hybrid,0
14,118,940,4,2,0,20,25,7,Gasoline,0
73,118,940,4,3,0,15,20,8,Electric,0
0,118,940,4,4,0,NA,NA,NA,NA,1
12,118,941,5,1,0,25,20,7,Gasoline,0
32,118,941,5,2,0,20,25,6,Hybrid,0
79,118,941,5,3,1,15,30,8,Electric,0
0,118,941,5,4,0,NA,NA,NA,NA,1
25,118,942,6,1,1,15,30,8,Gasoline,0
70,118,942,6,2,0,15,30,7,Electric,0
68,118,942,6,3,0,20,25,7,Electric,0
0,118,942,6,4,0,NA,NA,NA,NA,1
35,118,943,7,1,1,20,30,6,Hybrid,0
62,118,943,7,2,0,20,30,6,Electric,0
59,118,943,7,3,0,20,25,6,Electric,0
0,118,943,7,4,0,NA,NA,NA,NA,1
51,118,944,8,1,0,25,25,8,Hybrid,0
3,118,944,8,2,0,25,20,6,Gasoline,0
40,118,944,8,3,1,15,25,7,Hybrid,0
0,118,944,8,4,0,NA,NA,NA,NA,1
10,119,945,1,1,1,15,20,7,Gasoline,0
77,119,945,1,2,0,20,25,8,Electric,0
33,119,945,1,3,0,25,25,6,Hybrid,0
0,119,945,1,4,0,NA,NA,NA,NA,1
20,119,946,2,1,0,20,20,8,Gasoline,0
34,119,946,2,2,1,15,30,6,Hybrid,0
65,119,946,2,3,0,20,20,7,Electric,0
0,119,946,2,4,0,NA,NA,NA,NA,1
39,119,947,3,1,0,25,20,7,Hybrid,0
67,119,947,3,2,1,15,25,7,Electric,0
54,119,947,3,3,0,25,30,8,Hybrid,0
0,119,947,3,4,0,NA,NA,NA,NA,1
60,119,948,4,1,0,25,25,6,Electric,0
6,119,948,4,2,0,25,25,6,Gasoline,0
22,119,948,4,3,1,15,25,8,Gasoline,0
0,119,948,4,4,0,NA,NA,NA,NA,1
38,119,949,5,1,1,20,20,7,Hybrid,0
74,119,949,5,2,0,20,20,8,Electric,0
76,119,949,5,3,0,15,25,8,Electric,0
0,119,949,5,4,0,NA,NA,NA,NA,1
45,119,950,6,1,0,25,30,7,Hybrid,0
80,119,950,6,2,0,20,30,8,Electric,0
40,119,950,6,3,1,15,25,7,Hybrid,0
0,119,950,6,4,0,NA,NA,NA,NA,1
30,119,951,7,1,0,25,20,6,Hybrid,0
66,119,951,7,2,0,25,20,7,Electric,0
8,119,951,7,3,1,20,30,6,Gasoline,0
0,119,951,7,4,0,NA,NA,NA,NA,1
69,119,952,8,1,0,25,25,7,Electric,0
26,119,952,8,2,1,20,30,8,Gasoline,0
62,119,952,8,3,0,20,30,6,Electric,0
0,119,952,8,4,0,NA,NA,NA,NA,1
46,120,953,1,1,1,15,20,8,Hybrid,0
45,120,953,1,2,0,25,30,7,Hybrid,0
68,120,953,1,3,0,20,25,7,Electric,0
0,120,953,1,4,0,NA,NA,NA,NA,1
16,120,954,2,1,1,15,30,7,Gasoline,0
49,120,954,2,2,0,15,25,8,Hybrid,0
50,120,954,2,3,0,20,25,8,Hybrid,0
0,120,954,2,4,0,NA,NA,NA,NA,1
55,120,955,3,1,0,15,20,6,Electric,0
36,120,955,3,2,0,25,30,6,Hybrid,0
7,120,955,3,3,1,15,30,6,Gasoline,0
0,120,955,3,4,0,NA,NA,NA,NA,1
56,120,956,4,1,0,20,20,6,Electric,0
53,120,956,4,2,1,20,30,8,Hybrid,0
48,120,956,4,3,0,25,20,8,Hybrid,0
0,120,956,4,4,0,NA,NA,NA,NA,1
29,120,957,5,1,0,20,20,6,Hybrid,0
69,120,957,5,2,0,25,25,7,Electric,0
62,120,957,5,3,0,20,30,6,Electric,0
0,120,957,5,4,1,NA,NA,NA,NA,1
70,120,958,6,1,0,15,30,7,Electric,0
43,120,958,6,2,1,15,30,7,Hybrid,0
51,120,958,6,3,0,25,25,8,Hybrid,0
0,120,958,6,4,0,NA,NA,NA,NA,1
63,120,959,7,1,0,25,30,6,Electric,0
1,120,959,7,2,0,15,20,6,Gasoline,0
44,120,959,7,3,1,20,30,7,Hybrid,0
0,120,959,7,4,0,NA,NA,NA,NA,1
8,120,960,8,1,0,20,30,6,Gasoline,0
50,120,960,8,2,0,20,25,8,Hybrid,0
37,120,960,8,3,1,15,20,7,Hybrid,0
0,120,960,8,4,0,NA,NA,NA,NA,1
68,121,961,1,1,0,20,25,7,Electric,0
59,121,961,1,2,0,20,25,6,Electric,0
14,121,961,1,3,1,20,25,7,Gasoline,0
0,121,961,1,4,0,NA,NA,NA,NA,1
57,121,962,2,1,0,25,20,6,Electric,0
51,121,962,2,2,0,25,25,8,Hybrid,0
46,121,962,2,3,1,15,20,8,Hybrid,0
0,121,962,2,4,0,NA,NA,NA,NA,1
64,121,963,3,1,0,15,20,7,Electric,0
14,121,963,3,2,0,20,25,7,Gasoline,0
32,121,963,3,3,1,20,25,6,Hybrid,0
0,121,963,3,4,0,NA,NA,NA,NA,1
78,121,964,4,1,0,25,25,8,Electric,0
71,121,964,4,2,0,20,30,7,Electric,0
49,121,964,4,3,1,15,25,8,Hybrid,0
0,121,964,4,4,0,NA,NA,NA,NA,1
54,121,965,5,1,0,25,30,8,Hybrid,0
38,121,965,5,2,1,20,20,7,Hybrid,0
50,121,965,5,3,0,20,25,8,Hybrid,0
0,121,965,5,4,0,NA,NA,NA,NA,1
75,121,966,6,1,0,25,20,8,Electric,0
74,121,966,6,2,0,20,20,8,Electric,0
80,121,966,6,3,0,20,30,8,Electric,0
0,121,966,6,4,1,NA,NA,NA,NA,1
11,121,967,7,1,0,20,20,7,Gasoline,0
22,121,967,7,2,1,15,25,8,Gasoline,0
21,121,967,7,3,0,25,20,8,Gasoline,0
0,121,967,7,4,0,NA,NA,NA,NA,1
38,121,968,8,1,0,20,20,7,Hybrid,0
26,121,968,8,2,0,20,30,8,Gasoline,0
1,121,968,8,3,1,15,20,6,Gasoline,0
0,121,968,8,4,0,NA,NA,NA,NA,1
42,122,969,1,1,0,25,25,7,Hybrid,0
47,122,969,1,2,0,20,20,8,Hybrid,0
16,122,969,1,3,1,15,30,7,Gasoline,0
0,122,969,1,4,0,NA,NA,NA,NA,1
17,122,970,2,1,1,20,30,7,Gasoline,0
80,122,970,2,2,0,20,30,8,Electric,0
58,122,970,2,3,0,15,25,6,Electric,0
0,122,970,2,4,0,NA,NA,NA,NA,1
4,122,971,3,1,0,15,25,6,Gasoline,0
30,122,971,3,2,0,25,20,6,Hybrid,0
13,122,971,3,3,1,15,25,7,Gasoline,0
0,122,971,3,4,0,NA,NA,NA,NA,1
49,122,972,4,1,1,15,25,8,Hybrid,0
32,122,972,4,2,0,20,25,6,Hybrid,0
1,122,972,4,3,0,15,20,6,Gasoline,0
0,122,972,4,4,0,NA,NA,NA,NA,1
24,122,973,5,1,0,25,25,8,Gasoline,0
10,122,973,5,2,1,15,20,7,Gasoline,0
62,122,973,5,3,0,20,30,6,Electric,0
0,122,973,5,4,0,NA,NA,NA,NA,1
2,122,974,6,1,1,20,20,6,Gasoline,0
36,122,974,6,2,0,25,30,6,Hybrid,0
73,122,974,6,3,0,15,20,8,Electric,0
0,122,974,6,4,0,NA,NA,NA,NA,1
65,122,975,7,1,0,20,20,7,Electric,0
28,122,975,7,2,1,15,20,6,Hybrid,0
30,122,975,7,3,0,25,20,6,Hybrid,0
0,122,975,7,4,0,NA,NA,NA,NA,1
63,122,976,8,1,0,25,30,6,Electric,0
33,122,976,8,2,0,25,25,6,Hybrid,0
53,122,976,8,3,1,20,30,8,Hybrid,0
0,122,976,8,4,0,NA,NA,NA,NA,1
73,123,977,1,1,0,15,20,8,Electric,0
67,123,977,1,2,1,15,25,7,Electric,0
75,123,977,1,3,0,25,20,8,Electric,0
0,123,977,1,4,0,NA,NA,NA,NA,1
61,123,978,2,1,0,15,30,6,Electric,0
63,123,978,2,2,0,25,30,6,Electric,0
13,123,978,2,3,1,15,25,7,Gasoline,0
0,123,978,2,4,0,NA,NA,NA,NA,1
6,123,979,3,1,0,25,25,6,Gasoline,0
58,123,979,3,2,0,15,25,6,Electric,0
47,123,979,3,3,1,20,20,8,Hybrid,0
0,123,979,3,4,0,NA,NA,NA,NA,1
2,123,980,4,1,1,20,20,6,Gasoline,0
42,123,980,4,2,0,25,25,7,Hybrid,0
18,123,980,4,3,0,25,30,7,Gasoline,0
0,123,980,4,4,0,NA,NA,NA,NA,1
19,123,981,5,1,0,15,20,8,Gasoline,0
1,123,981,5,2,1,15,20,6,Gasoline,0
57,123,981,5,3,0,25,20,6,Electric,0
0,123,981,5,4,0,NA,NA,NA,NA,1
63,123,982,6,1,0,25,30,6,Electric,0
11,123,982,6,2,0,20,20,7,Gasoline,0
47,123,982,6,3,1,20,20,8,Hybrid,0
0,123,982,6,4,0,NA,NA,NA,NA,1
33,123,983,7,1,0,25,25,6,Hybrid,0
58,123,983,7,2,1,15,25,6,Electric,0
68,123,983,7,3,0,20,25,7,Electric,0
0,123,983,7,4,0,NA,NA,NA,NA,1
4,123,984,8,1,1,15,25,6,Gasoline,0
75,123,984,8,2,0,25,20,8,Electric,0
44,123,984,8,3,0,20,30,7,Hybrid,0
0,123,984,8,4,0,NA,NA,NA,NA,1
50,124,985,1,1,0,20,25,8,Hybrid,0
13,124,985,1,2,1,15,25,7,Gasoline,0
15,124,985,1,3,0,25,25,7,Gasoline,0
0,124,985,1,4,0,NA,NA,NA,NA,1
16,124,986,2,1,1,15,30,7,Gasoline,0
69,124,986,2,2,0,25,25,7,Electric,0
60,124,986,2,3,0,25,25,6,Electric,0
0,124,986,2,4,0,NA,NA,NA,NA,1
75,124,987,3,1,0,25,20,8,Electric,0
8,124,987,3,2,1,20,30,6,Gasoline,0
73,124,987,3,3,0,15,20,8,Electric,0
0,124,987,3,4,0,NA,NA,NA,NA,1
70,124,988,4,1,0,15,30,7,Electric,0
11,124,988,4,2,1,20,20,7,Gasoline,0
75,124,988,4,3,0,25,20,8,Electric,0
0,124,988,4,4,0,NA,NA,NA,NA,1
65,124,989,5,1,0,20,20,7,Electric,0
52,124,989,5,2,1,15,30,8,Hybrid,0
32,124,989,5,3,0,20,25,6,Hybrid,0
0,124,989,5,4,0,NA,NA,NA,NA,1
41,124,990,6,1,0,20,25,7,Hybrid,0
59,124,990,6,2,0,20,25,6,Electric,0
46,124,990,6,3,1,15,20,8,Hybrid,0
0,124,990,6,4,0,NA,NA,NA,NA,1
32,124,991,7,1,0,20,25,6,Hybrid,0
56,124,991,7,2,0,20,20,6,Electric,0
13,124,991,7,3,1,15,25,7,Gasoline,0
0,124,991,7,4,0,NA,NA,NA,NA,1
39,124,992,8,1,0,25,20,7,Hybrid,0
28,124,992,8,2,1,15,20,6,Hybrid,0
27,124,992,8,3,0,25,30,8,Gasoline,0
0,124,992,8,4,0,NA,NA,NA,NA,1
66,125,993,1,1,0,25,20,7,Electric,0
11,125,993,1,2,0,20,20,7,Gasoline,0
32,125,993,1,3,1,20,25,6,Hybrid,0
0,125,993,1,4,0,NA,NA,NA,NA,1
25,125,994,2,1,0,15,30,8,Gasoline,0
51,125,994,2,2,0,25,25,8,Hybrid,0
49,125,994,2,3,1,15,25,8,Hybrid,0
0,125,994,2,4,0,NA,NA,NA,NA,1
47,125,995,3,1,0,20,20,8,Hybrid,0
64,125,995,3,2,1,15,20,7,Electric,0
27,125,995,3,3,0,25,30,8,Gasoline,0
0,125,995,3,4,0,NA,NA,NA,NA,1
61,125,996,4,1,0,15,30,6,Electric,0
30,125,996,4,2,0,25,20,6,Hybrid,0
31,125,996,4,3,1,15,25,6,Hybrid,0
0,125,996,4,4,0,NA,NA,NA,NA,1
14,125,997,5,1,1,20,25,7,Gasoline,0
3,125,997,5,2,0,25,20,6,Gasoline,0
60,125,997,5,3,0,25,25,6,Electric,0
0,125,997,5,4,0,NA,NA,NA,NA,1
62,125,998,6,1,0,20,30,6,Electric,0
57,125,998,6,2,0,25,20,6,Electric,0
49,125,998,6,3,1,15,25,8,Hybrid,0
0,125,998,6,4,0,NA,NA,NA,NA,1
47,125,999,7,1,0,20,20,8,Hybrid,0
25,125,999,7,2,1,15,30,8,Gasoline,0
71,125,999,7,3,0,20,30,7,Electric,0
0,125,999,7,4,0,NA,NA,NA,NA,1
45,125,1000,8,1,0,25,30,7,Hybrid,0
67,125,1000,8,2,1,15,25,7,Electric,0
41,125,1000,8,3,0,20,25,7,Hybrid,0
0,125,1000,8,4,0,NA,NA,NA,NA,1
71,126,1001,1,1,0,20,30,7,Electric,0
68,126,1001,1,2,0,20,25,7,Electric,0
62,126,1001,1,3,1,20,30,6,Electric,0
0,126,1001,1,4,0,NA,NA,NA,NA,1
45,126,1002,2,1,0,25,30,7,Hybrid,0
48,126,1002,2,2,0,25,20,8,Hybrid,0
7,126,1002,2,3,1,15,30,6,Gasoline,0
0,126,1002,2,4,0,NA,NA,NA,NA,1
4,126,1003,3,1,0,15,25,6,Gasoline,0
10,126,1003,3,2,0,15,20,7,Gasoline,0
34,126,1003,3,3,1,15,30,6,Hybrid,0
0,126,1003,3,4,0,NA,NA,NA,NA,1
49,126,1004,4,1,1,15,25,8,Hybrid,0
17,126,1004,4,2,0,20,30,7,Gasoline,0
32,126,1004,4,3,0,20,25,6,Hybrid,0
0,126,1004,4,4,0,NA,NA,NA,NA,1
1,126,1005,5,1,0,15,20,6,Gasoline,0
43,126,1005,5,2,1,15,30,7,Hybrid,0
26,126,1005,5,3,0,20,30,8,Gasoline,0
0,126,1005,5,4,0,NA,NA,NA,NA,1
69,126,1006,6,1,0,25,25,7,Electric,0
24,126,1006,6,2,0,25,25,8,Gasoline,0
74,126,1006,6,3,0,20,20,8,Electric,0
0,126,1006,6,4,1,NA,NA,NA,NA,1
45,126,1007,7,1,0,25,30,7,Hybrid,0
17,126,1007,7,2,1,20,30,7,Gasoline,0
44,126,1007,7,3,0,20,30,7,Hybrid,0
0,126,1007,7,4,0,NA,NA,NA,NA,1
62,126,1008,8,1,0,20,30,6,Electric,0
41,126,1008,8,2,0,20,25,7,Hybrid,0
34,126,1008,8,3,1,15,30,6,Hybrid,0
0,126,1008,8,4,0,NA,NA,NA,NA,1
77,127,1009,1,1,0,20,25,8,Electric,0
47,127,1009,1,2,1,20,20,8,Hybrid,0
57,127,1009,1,3,0,25,20,6,Electric,0
0,127,1009,1,4,0,NA,NA,NA,NA,1
11,127,1010,2,1,0,20,20,7,Gasoline,0
22,127,1010,2,2,1,15,25,8,Gasoline,0
2,127,1010,2,3,0,20,20,6,Gasoline,0
0,127,1010,2,4,0,NA,NA,NA,NA,1
35,127,1011,3,1,0,20,30,6,Hybrid,0
27,127,1011,3,2,0,25,30,8,Gasoline,0
4,127,1011,3,3,1,15,25,6,Gasoline,0
0,127,1011,3,4,0,NA,NA,NA,NA,1
72,127,1012,4,1,0,25,30,7,Electric,0
2,127,1012,4,2,0,20,20,6,Gasoline,0
14,127,1012,4,3,1,20,25,7,Gasoline,0
0,127,1012,4,4,0,NA,NA,NA,NA,1
50,127,1013,5,1,0,20,25,8,Hybrid,0
61,127,1013,5,2,0,15,30,6,Electric,0
56,127,1013,5,3,0,20,20,6,Electric,0
0,127,1013,5,4,1,NA,NA,NA,NA,1
49,127,1014,6,1,1,15,25,8,Hybrid,0
18,127,1014,6,2,0,25,30,7,Gasoline,0
63,127,1014,6,3,0,25,30,6,Electric,0
0,127,1014,6,4,0,NA,NA,NA,NA,1
15,127,1015,7,1,0,25,25,7,Gasoline,0
71,127,1015,7,2,0,20,30,7,Electric,0
38,127,1015,7,3,1,20,20,7,Hybrid,0
0,127,1015,7,4,0,NA,NA,NA,NA,1
45,127,1016,8,1,0,25,30,7,Hybrid,0
47,127,1016,8,2,0,20,20,8,Hybrid,0
42,127,1016,8,3,0,25,25,7,Hybrid,0
0,127,1016,8,4,1,NA,NA,NA,NA,1
45,128,1017,1,1,0,25,30,7,Hybrid,0
36,128,1017,1,2,0,25,30,6,Hybrid,0
25,128,1017,1,3,1,15,30,8,Gasoline,0
0,128,1017,1,4,0,NA,NA,NA,NA,1
55,128,1018,2,1,1,15,20,6,Electric,0
75,128,1018,2,2,0,25,20,8,Electric,0
58,128,1018,2,3,0,15,25,6,Electric,0
0,128,1018,2,4,0,NA,NA,NA,NA,1
45,128,1019,3,1,0,25,30,7,Hybrid,0
29,128,1019,3,2,1,20,20,6,Hybrid,0
48,128,1019,3,3,0,25,20,8,Hybrid,0
0,128,1019,3,4,0,NA,NA,NA,NA,1
37,128,1020,4,1,1,15,20,7,Hybrid,0
24,128,1020,4,2,0,25,25,8,Gasoline,0
59,128,1020,4,3,0,20,25,6,Electric,0
0,128,1020,4,4,0,NA,NA,NA,NA,1
28,128,1021,5,1,0,15,20,6,Hybrid,0
8,128,1021,5,2,0,20,30,6,Gasoline,0
1,128,1021,5,3,1,15,20,6,Gasoline,0
0,128,1021,5,4,0,NA,NA,NA,NA,1
78,128,1022,6,1,0,25,25,8,Electric,0
33,128,1022,6,2,1,25,25,6,Hybrid,0
73,128,1022,6,3,0,15,20,8,Electric,0
0,128,1022,6,4,0,NA,NA,NA,NA,1
44,128,1023,7,1,0,20,30,7,Hybrid,0
41,128,1023,7,2,1,20,25,7,Hybrid,0
79,128,1023,7,3,0,15,30,8,Electric,0
0,128,1023,7,4,0,NA,NA,NA,NA,1
60,128,1024,8,1,0,25,25,6,Electric,0
52,128,1024,8,2,1,15,30,8,Hybrid,0
68,128,1024,8,3,0,20,25,7,Electric,0
0,128,1024,8,4,0,NA,NA,NA,NA,1
18,129,1025,1,1,0,25,30,7,Gasoline,0
26,129,1025,1,2,1,20,30,8,Gasoline,0
15,129,1025,1,3,0,25,25,7,Gasoline,0
0,129,1025,1,4,0,NA,NA,NA,NA,1
25,129,1026,2,1,1,15,30,8,Gasoline,0
33,129,1026,2,2,0,25,25,6,Hybrid,0
17,129,1026,2,3,0,20,30,7,Gasoline,0
0,129,1026,2,4,0,NA,NA,NA,NA,1
22,129,1027,3,1,1,15,25,8,Gasoline,0
37,129,1027,3,2,0,15,20,7,Hybrid,0
60,129,1027,3,3,0,25,25,6,Electric,0
0,129,1027,3,4,0,NA,NA,NA,NA,1
20,129,1028,4,1,1,20,20,8,Gasoline,0
50,129,1028,4,2,0,20,25,8,Hybrid,0
56,129,1028,4,3,0,20,20,6,Electric,0
0,129,1028,4,4,0,NA,NA,NA,NA,1
36,129,1029,5,1,0,25,30,6,Hybrid,0
13,129,1029,5,2,1,15,25,7,Gasoline,0
27,129,1029,5,3,0,25,30,8,Gasoline,0
0,129,1029,5,4,0,NA,NA,NA,NA,1
48,129,1030,6,1,0,25,20,8,Hybrid,0
69,129,1030,6,2,0,25,25,7,Electric,0
16,129,1030,6,3,1,15,30,7,Gasoline,0
0,129,1030,6,4,0,NA,NA,NA,NA,1
6,129,1031,7,1,0,25,25,6,Gasoline,0
47,129,1031,7,2,0,20,20,8,Hybrid,0
40,129,1031,7,3,1,15,25,7,Hybrid,0
0,129,1031,7,4,0,NA,NA,NA,NA,1
69,129,1032,8,1,0,25,25,7,Electric,0
66,129,1032,8,2,0,25,20,7,Electric,0
11,129,1032,8,3,1,20,20,7,Gasoline,0
0,129,1032,8,4,0,NA,NA,NA,NA,1
46,130,1033,1,1,0,15,20,8,Hybrid,0
43,130,1033,1,2,0,15,30,7,Hybrid,0
52,130,1033,1,3,1,15,30,8,Hybrid,0
0,130,1033,1,4,0,NA,NA,NA,NA,1
40,130,1034,2,1,1,15,25,7,Hybrid,0
16,130,1034,2,2,0,15,30,7,Gasoline,0
13,130,1034,2,3,0,15,25,7,Gasoline,0
0,130,1034,2,4,0,NA,NA,NA,NA,1
57,130,1035,3,1,0,25,20,6,Electric,0
33,130,1035,3,2,0,25,25,6,Hybrid,0
28,130,1035,3,3,1,15,20,6,Hybrid,0
0,130,1035,3,4,0,NA,NA,NA,NA,1
17,130,1036,4,1,0,20,30,7,Gasoline,0
10,130,1036,4,2,0,15,20,7,Gasoline,0
34,130,1036,4,3,1,15,30,6,Hybrid,0
0,130,1036,4,4,0,NA,NA,NA,NA,1
23,130,1037,5,1,1,20,25,8,Gasoline,0
71,130,1037,5,2,0,20,30,7,Electric,0
79,130,1037,5,3,0,15,30,8,Electric,0
0,130,1037,5,4,0,NA,NA,NA,NA,1
56,130,1038,6,1,0,20,20,6,Electric,0
66,130,1038,6,2,0,25,20,7,Electric,0
20,130,1038,6,3,1,20,20,8,Gasoline,0
0,130,1038,6,4,0,NA,NA,NA,NA,1
77,130,1039,7,1,0,20,25,8,Electric,0
9,130,1039,7,2,0,25,30,6,Gasoline,0
8,130,1039,7,3,1,20,30,6,Gasoline,0
0,130,1039,7,4,0,NA,NA,NA,NA,1
79,130,1040,8,1,1,15,30,8,Electric,0
36,130,1040,8,2,0,25,30,6,Hybrid,0
56,130,1040,8,3,0,20,20,6,Electric,0
0,130,1040,8,4,0,NA,NA,NA,NA,1
71,131,1041,1,1,0,20,30,7,Electric,0
72,131,1041,1,2,0,25,30,7,Electric,0
3,131,1041,1,3,0,25,20,6,Gasoline,0
0,131,1041,1,4,1,NA,NA,NA,NA,1
32,131,1042,2,1,1,20,25,6,Hybrid,0
73,131,1042,2,2,0,15,20,8,Electric,0
58,131,1042,2,3,0,15,25,6,Electric,0
0,131,1042,2,4,0,NA,NA,NA,NA,1
64,131,1043,3,1,0,15,20,7,Electric,0
53,131,1043,3,2,0,20,30,8,Hybrid,0
49,131,1043,3,3,1,15,25,8,Hybrid,0
0,131,1043,3,4,0,NA,NA,NA,NA,1
16,131,1044,4,1,1,15,30,7,Gasoline,0
58,131,1044,4,2,0,15,25,6,Electric,0
36,131,1044,4,3,0,25,30,6,Hybrid,0
0,131,1044,4,4,0,NA,NA,NA,NA,1
3,131,1045,5,1,0,25,20,6,Gasoline,0
32,131,1045,5,2,1,20,25,6,Hybrid,0
63,131,1045,5,3,0,25,30,6,Electric,0
0,131,1045,5,4,0,NA,NA,NA,NA,1
28,131,1046,6,1,1,15,20,6,Hybrid,0
33,131,1046,6,2,0,25,25,6,Hybrid,0
32,131,1046,6,3,0,20,25,6,Hybrid,0
0,131,1046,6,4,0,NA,NA,NA,NA,1
68,131,1047,7,1,0,20,25,7,Electric,0
30,131,1047,7,2,0,25,20,6,Hybrid,0
19,131,1047,7,3,1,15,20,8,Gasoline,0
0,131,1047,7,4,0,NA,NA,NA,NA,1
66,131,1048,8,1,0,25,20,7,Electric,0
18,131,1048,8,2,0,25,30,7,Gasoline,0
73,131,1048,8,3,1,15,20,8,Electric,0
0,131,1048,8,4,0,NA,NA,NA,NA,1
72,132,1049,1,1,0,25,30,7,Electric,0
33,132,1049,1,2,0,25,25,6,Hybrid,0
25,132,1049,1,3,1,15,30,8,Gasoline,0
0,132,1049,1,4,0,NA,NA,NA,NA,1
69,132,1050,2,1,0,25,25,7,Electric,0
41,132,1050,2,2,1,20,25,7,Hybrid,0
11,132,1050,2,3,0,20,20,7,Gasoline,0
0,132,1050,2,4,0,NA,NA,NA,NA,1
5,132,1051,3,1,0,20,25,6,Gasoline,0
57,132,1051,3,2,0,25,20,6,Electric,0
16,132,1051,3,3,1,15,30,7,Gasoline,0
0,132,1051,3,4,0,NA,NA,NA,NA,1
69,132,1052,4,1,0,25,25,7,Electric,0
20,132,1052,4,2,1,20,20,8,Gasoline,0
9,132,1052,4,3,0,25,30,6,Gasoline,0
0,132,1052,4,4,0,NA,NA,NA,NA,1
9,132,1053,5,1,0,25,30,6,Gasoline,0
7,132,1053,5,2,1,15,30,6,Gasoline,0
32,132,1053,5,3,0,20,25,6,Hybrid,0
0,132,1053,5,4,0,NA,NA,NA,NA,1
42,132,1054,6,1,1,25,25,7,Hybrid,0
26,132,1054,6,2,0,20,30,8,Gasoline,0
70,132,1054,6,3,0,15,30,7,Electric,0
0,132,1054,6,4,0,NA,NA,NA,NA,1
62,132,1055,7,1,0,20,30,6,Electric,0
63,132,1055,7,2,0,25,30,6,Electric,0
16,132,1055,7,3,1,15,30,7,Gasoline,0
0,132,1055,7,4,0,NA,NA,NA,NA,1
74,132,1056,8,1,0,20,20,8,Electric,0
10,132,1056,8,2,1,15,20,7,Gasoline,0
26,132,1056,8,3,0,20,30,8,Gasoline,0
0,132,1056,8,4,0,NA,NA,NA,NA,1
46,133,1057,1,1,1,15,20,8,Hybrid,0
11,133,1057,1,2,0,20,20,7,Gasoline,0
78,133,1057,1,3,0,25,25,8,Electric,0
0,133,1057,1,4,0,NA,NA,NA,NA,1
9,133,1058,2,1,0,25,30,6,Gasoline,0
10,133,1058,2,2,0,15,20,7,Gasoline,0
49,133,1058,2,3,1,15,25,8,Hybrid,0
0,133,1058,2,4,0,NA,NA,NA,NA,1
24,133,1059,3,1,0,25,25,8,Gasoline,0
78,133,1059,3,2,0,25,25,8,Electric,0
58,133,1059,3,3,1,15,25,6,Electric,0
0,133,1059,3,4,0,NA,NA,NA,NA,1
63,133,1060,4,1,0,25,30,6,Electric,0
19,133,1060,4,2,1,15,20,8,Gasoline,0
33,133,1060,4,3,0,25,25,6,Hybrid,0
0,133,1060,4,4,0,NA,NA,NA,NA,1
77,133,1061,5,1,0,20,25,8,Electric,0
8,133,1061,5,2,1,20,30,6,Gasoline,0
32,133,1061,5,3,0,20,25,6,Hybrid,0
0,133,1061,5,4,0,NA,NA,NA,NA,1
54,133,1062,6,1,1,25,30,8,Hybrid,0
80,133,1062,6,2,0,20,30,8,Electric,0
9,133,1062,6,3,0,25,30,6,Gasoline,0
0,133,1062,6,4,0,NA,NA,NA,NA,1
49,133,1063,7,1,1,15,25,8,Hybrid,0
56,133,1063,7,2,0,20,20,6,Electric,0
35,133,1063,7,3,0,20,30,6,Hybrid,0
0,133,1063,7,4,0,NA,NA,NA,NA,1
25,133,1064,8,1,1,15,30,8,Gasoline,0
35,133,1064,8,2,0,20,30,6,Hybrid,0
18,133,1064,8,3,0,25,30,7,Gasoline,0
0,133,1064,8,4,0,NA,NA,NA,NA,1
50,134,1065,1,1,0,20,25,8,Hybrid,0
12,134,1065,1,2,0,25,20,7,Gasoline,0
76,134,1065,1,3,1,15,25,8,Electric,0
0,134,1065,1,4,0,NA,NA,NA,NA,1
62,134,1066,2,1,0,20,30,6,Electric,0
63,134,1066,2,2,0,25,30,6,Electric,0
1,134,1066,2,3,1,15,20,6,Gasoline,0
0,134,1066,2,4,0,NA,NA,NA,NA,1
11,134,1067,3,1,1,20,20,7,Gasoline,0
60,134,1067,3,2,0,25,25,6,Electric,0
78,134,1067,3,3,0,25,25,8,Electric,0
0,134,1067,3,4,0,NA,NA,NA,NA,1
23,134,1068,4,1,0,20,25,8,Gasoline,0
20,134,1068,4,2,0,20,20,8,Gasoline,0
52,134,1068,4,3,1,15,30,8,Hybrid,0
0,134,1068,4,4,0,NA,NA,NA,NA,1
71,134,1069,5,1,0,20,30,7,Electric,0
19,134,1069,5,2,1,15,20,8,Gasoline,0
47,134,1069,5,3,0,20,20,8,Hybrid,0
0,134,1069,5,4,0,NA,NA,NA,NA,1
63,134,1070,6,1,0,25,30,6,Electric,0
64,134,1070,6,2,1,15,20,7,Electric,0
57,134,1070,6,3,0,25,20,6,Electric,0
0,134,1070,6,4,0,NA,NA,NA,NA,1
77,134,1071,7,1,0,20,25,8,Electric,0
69,134,1071,7,2,0,25,25,7,Electric,0
81,134,1071,7,3,0,25,30,8,Electric,0
0,134,1071,7,4,1,NA,NA,NA,NA,1
14,134,1072,8,1,0,20,25,7,Gasoline,0
71,134,1072,8,2,0,20,30,7,Electric,0
38,134,1072,8,3,1,20,20,7,Hybrid,0
0,134,1072,8,4,0,NA,NA,NA,NA,1
31,135,1073,1,1,1,15,25,6,Hybrid,0
71,135,1073,1,2,0,20,30,7,Electric,0
56,135,1073,1,3,0,20,20,6,Electric,0
0,135,1073,1,4,0,NA,NA,NA,NA,1
17,135,1074,2,1,0,20,30,7,Gasoline,0
57,135,1074,2,2,0,25,20,6,Electric,0
37,135,1074,2,3,1,15,20,7,Hybrid,0
0,135,1074,2,4,0,NA,NA,NA,NA,1
11,135,1075,3,1,1,20,20,7,Gasoline,0
22,135,1075,3,2,0,15,25,8,Gasoline,0
32,135,1075,3,3,0,20,25,6,Hybrid,0
0,135,1075,3,4,0,NA,NA,NA,NA,1
74,135,1076,4,1,0,20,20,8,Electric,0
19,135,1076,4,2,1,15,20,8,Gasoline,0
9,135,1076,4,3,0,25,30,6,Gasoline,0
0,135,1076,4,4,0,NA,NA,NA,NA,1
1,135,1077,5,1,0,15,20,6,Gasoline,0
40,135,1077,5,2,1,15,25,7,Hybrid,0
12,135,1077,5,3,0,25,20,7,Gasoline,0
0,135,1077,5,4,0,NA,NA,NA,NA,1
78,135,1078,6,1,0,25,25,8,Electric,0
12,135,1078,6,2,0,25,20,7,Gasoline,0
72,135,1078,6,3,0,25,30,7,Electric,0
0,135,1078,6,4,1,NA,NA,NA,NA,1
25,135,1079,7,1,1,15,30,8,Gasoline,0
58,135,1079,7,2,0,15,25,6,Electric,0
81,135,1079,7,3,0,25,30,8,Electric,0
0,135,1079,7,4,0,NA,NA,NA,NA,1
8,135,1080,8,1,0,20,30,6,Gasoline,0
20,135,1080,8,2,1,20,20,8,Gasoline,0
73,135,1080,8,3,0,15,20,8,Electric,0
0,135,1080,8,4,0,NA,NA,NA,NA,1
20,136,1081,1,1,0,20,20,8,Gasoline,0
8,136,1081,1,2,1,20,30,6,Gasoline,0
41,136,1081,1,3,0,20,25,7,Hybrid,0
0,136,1081,1,4,0,NA,NA,NA,NA,1
39,136,1082,2,1,0,25,20,7,Hybrid,0
18,136,1082,2,2,0,25,30,7,Gasoline,0
42,136,1082,2,3,0,25,25,7,Hybrid,0
0,136,1082,2,4,1,NA,NA,NA,NA,1
13,136,1083,3,1,1,15,25,7,Gasoline,0
5,136,1083,3,2,0,20,25,6,Gasoline,0
19,136,1083,3,3,0,15,20,8,Gasoline,0
0,136,1083,3,4,0,NA,NA,NA,NA,1
4,136,1084,4,1,0,15,25,6,Gasoline,0
81,136,1084,4,2,0,25,30,8,Electric,0
31,136,1084,4,3,1,15,25,6,Hybrid,0
0,136,1084,4,4,0,NA,NA,NA,NA,1
19,136,1085,5,1,1,15,20,8,Gasoline,0
81,136,1085,5,2,0,25,30,8,Electric,0
33,136,1085,5,3,0,25,25,6,Hybrid,0
0,136,1085,5,4,0,NA,NA,NA,NA,1
74,136,1086,6,1,0,20,20,8,Electric,0
47,136,1086,6,2,0,20,20,8,Hybrid,0
43,136,1086,6,3,1,15,30,7,Hybrid,0
0,136,1086,6,4,0,NA,NA,NA,NA,1
48,136,1087,7,1,0,25,20,8,Hybrid,0
79,136,1087,7,2,1,15,30,8,Electric,0
75,136,1087,7,3,0,25,20,8,Electric,0
0,136,1087,7,4,0,NA,NA,NA,NA,1
19,136,1088,8,1,1,15,20,8,Gasoline,0
58,136,1088,8,2,0,15,25,6,Electric,0
24,136,1088,8,3,0,25,25,8,Gasoline,0
0,136,1088,8,4,0,NA,NA,NA,NA,1
10,137,1089,1,1,1,15,20,7,Gasoline,0
27,137,1089,1,2,0,25,30,8,Gasoline,0
36,137,1089,1,3,0,25,30,6,Hybrid,0
0,137,1089,1,4,0,NA,NA,NA,NA,1
36,137,1090,2,1,0,25,30,6,Hybrid,0
52,137,1090,2,2,1,15,30,8,Hybrid,0
19,137,1090,2,3,0,15,20,8,Gasoline,0
0,137,1090,2,4,0,NA,NA,NA,NA,1
19,137,1091,3,1,1,15,20,8,Gasoline,0
13,137,1091,3,2,0,15,25,7,Gasoline,0
29,137,1091,3,3,0,20,20,6,Hybrid,0
0,137,1091,3,4,0,NA,NA,NA,NA,1
75,137,1092,4,1,0,25,20,8,Electric,0
13,137,1092,4,2,1,15,25,7,Gasoline,0
66,137,1092,4,3,0,25,20,7,Electric,0
0,137,1092,4,4,0,NA,NA,NA,NA,1
29,137,1093,5,1,1,20,20,6,Hybrid,0
72,137,1093,5,2,0,25,30,7,Electric,0
74,137,1093,5,3,0,20,20,8,Electric,0
0,137,1093,5,4,0,NA,NA,NA,NA,1
7,137,1094,6,1,1,15,30,6,Gasoline,0
40,137,1094,6,2,0,15,25,7,Hybrid,0
70,137,1094,6,3,0,15,30,7,Electric,0
0,137,1094,6,4,0,NA,NA,NA,NA,1
50,137,1095,7,1,1,20,25,8,Hybrid,0
26,137,1095,7,2,0,20,30,8,Gasoline,0
39,137,1095,7,3,0,25,20,7,Hybrid,0
0,137,1095,7,4,0,NA,NA,NA,NA,1
30,137,1096,8,1,0,25,20,6,Hybrid,0
25,137,1096,8,2,1,15,30,8,Gasoline,0
12,137,1096,8,3,0,25,20,7,Gasoline,0
0,137,1096,8,4,0,NA,NA,NA,NA,1
66,138,1097,1,1,0,25,20,7,Electric,0
26,138,1097,1,2,1,20,30,8,Gasoline,0
69,138,1097,1,3,0,25,25,7,Electric,0
0,138,1097,1,4,0,NA,NA,NA,NA,1
23,138,1098,2,1,0,20,25,8,Gasoline,0
31,138,1098,2,2,1,15,25,6,Hybrid,0
77,138,1098,2,3,0,20,25,8,Electric,0
0,138,1098,2,4,0,NA,NA,NA,NA,1
37,138,1099,3,1,1,15,20,7,Hybrid,0
81,138,1099,3,2,0,25,30,8,Electric,0
24,138,1099,3,3,0,25,25,8,Gasoline,0
0,138,1099,3,4,0,NA,NA,NA,NA,1
70,138,1100,4,1,0,15,30,7,Electric,0
19,138,1100,4,2,1,15,20,8,Gasoline,0
48,138,1100,4,3,0,25,20,8,Hybrid,0
0,138,1100,4,4,0,NA,NA,NA,NA,1
19,138,1101,5,1,1,15,20,8,Gasoline,0
44,138,1101,5,2,0,20,30,7,Hybrid,0
72,138,1101,5,3,0,25,30,7,Electric,0
0,138,1101,5,4,0,NA,NA,NA,NA,1
30,138,1102,6,1,0,25,20,6,Hybrid,0
29,138,1102,6,2,1,20,20,6,Hybrid,0
80,138,1102,6,3,0,20,30,8,Electric,0
0,138,1102,6,4,0,NA,NA,NA,NA,1
61,138,1103,7,1,1,15,30,6,Electric,0
1,138,1103,7,2,0,15,20,6,Gasoline,0
57,138,1103,7,3,0,25,20,6,Electric,0
0,138,1103,7,4,0,NA,NA,NA,NA,1
18,138,1104,8,1,0,25,30,7,Gasoline,0
26,138,1104,8,2,0,20,30,8,Gasoline,0
25,138,1104,8,3,1,15,30,8,Gasoline,0
0,138,1104,8,4,0,NA,NA,NA,NA,1
48,139,1105,1,1,0,25,20,8,Hybrid,0
18,139,1105,1,2,0,25,30,7,Gasoline,0
57,139,1105,1,3,0,25,20,6,Electric,0
0,139,1105,1,4,1,NA,NA,NA,NA,1
42,139,1106,2,1,0,25,25,7,Hybrid,0
27,139,1106,2,2,0,25,30,8,Gasoline,0
66,139,1106,2,3,0,25,20,7,Electric,0
0,139,1106,2,4,1,NA,NA,NA,NA,1
61,139,1107,3,1,0,15,30,6,Electric,0
71,139,1107,3,2,0,20,30,7,Electric,0
58,139,1107,3,3,1,15,25,6,Electric,0
0,139,1107,3,4,0,NA,NA,NA,NA,1
2,139,1108,4,1,0,20,20,6,Gasoline,0
79,139,1108,4,2,1,15,30,8,Electric,0
61,139,1108,4,3,0,15,30,6,Electric,0
0,139,1108,4,4,0,NA,NA,NA,NA,1
21,139,1109,5,1,0,25,20,8,Gasoline,0
28,139,1109,5,2,1,15,20,6,Hybrid,0
11,139,1109,5,3,0,20,20,7,Gasoline,0
0,139,1109,5,4,0,NA,NA,NA,NA,1
29,139,1110,6,1,1,20,20,6,Hybrid,0
55,139,1110,6,2,0,15,20,6,Electric,0
12,139,1110,6,3,0,25,20,7,Gasoline,0
0,139,1110,6,4,0,NA,NA,NA,NA,1
52,139,1111,7,1,1,15,30,8,Hybrid,0
54,139,1111,7,2,0,25,30,8,Hybrid,0
70,139,1111,7,3,0,15,30,7,Electric,0
0,139,1111,7,4,0,NA,NA,NA,NA,1
5,139,1112,8,1,1,20,25,6,Gasoline,0
61,139,1112,8,2,0,15,30,6,Electric,0
72,139,1112,8,3,0,25,30,7,Electric,0
0,139,1112,8,4,0,NA,NA,NA,NA,1
78,140,1113,1,1,0,25,25,8,Electric,0
7,140,1113,1,2,1,15,30,6,Gasoline,0
15,140,1113,1,3,0,25,25,7,Gasoline,0
0,140,1113,1,4,0,NA,NA,NA,NA,1
59,140,1114,2,1,0,20,25,6,Electric,0
75,140,1114,2,2,0,25,20,8,Electric,0
55,140,1114,2,3,0,15,20,6,Electric,0
0,140,1114,2,4,1,NA,NA,NA,NA,1
57,140,1115,3,1,0,25,20,6,Electric,0
51,140,1115,3,2,0,25,25,8,Hybrid,0
4,140,1115,3,3,1,15,25,6,Gasoline,0
0,140,1115,3,4,0,NA,NA,NA,NA,1
68,140,1116,4,1,0,20,25,7,Electric,0
62,140,1116,4,2,0,20,30,6,Electric,0
66,140,1116,4,3,0,25,20,7,Electric,0
0,140,1116,4,4,1,NA,NA,NA,NA,1
29,140,1117,5,1,0,20,20,6,Hybrid,0
1,140,1117,5,2,1,15,20,6,Gasoline,0
17,140,1117,5,3,0,20,30,7,Gasoline,0
0,140,1117,5,4,0,NA,NA,NA,NA,1
65,140,1118,6,1,0,20,20,7,Electric,0
2,140,1118,6,2,0,20,20,6,Gasoline,0
17,140,1118,6,3,1,20,30,7,Gasoline,0
0,140,1118,6,4,0,NA,NA,NA,NA,1
44,140,1119,7,1,0,20,30,7,Hybrid,0
78,140,1119,7,2,0,25,25,8,Electric,0
19,140,1119,7,3,1,15,20,8,Gasoline,0
0,140,1119,7,4,0,NA,NA,NA,NA,1
68,140,1120,8,1,0,20,25,7,Electric,0
8,140,1120,8,2,1,20,30,6,Gasoline,0
72,140,1120,8,3,0,25,30,7,Electric,0
0,140,1120,8,4,0,NA,NA,NA,NA,1
17,141,1121,1,1,1,20,30,7,Gasoline,0
21,141,1121,1,2,0,25,20,8,Gasoline,0
41,141,1121,1,3,0,20,25,7,Hybrid,0
0,141,1121,1,4,0,NA,NA,NA,NA,1
62,141,1122,2,1,0,20,30,6,Electric,0
36,141,1122,2,2,0,25,30,6,Hybrid,0
67,141,1122,2,3,0,15,25,7,Electric,0
0,141,1122,2,4,1,NA,NA,NA,NA,1
9,141,1123,3,1,0,25,30,6,Gasoline,0
4,141,1123,3,2,1,15,25,6,Gasoline,0
43,141,1123,3,3,0,15,30,7,Hybrid,0
0,141,1123,3,4,0,NA,NA,NA,NA,1
17,141,1124,4,1,0,20,30,7,Gasoline,0
19,141,1124,4,2,1,15,20,8,Gasoline,0
71,141,1124,4,3,0,20,30,7,Electric,0
0,141,1124,4,4,0,NA,NA,NA,NA,1
81,141,1125,5,1,0,25,30,8,Electric,0
45,141,1125,5,2,0,25,30,7,Hybrid,0
39,141,1125,5,3,0,25,20,7,Hybrid,0
0,141,1125,5,4,1,NA,NA,NA,NA,1
1,141,1126,6,1,1,15,20,6,Gasoline,0
38,141,1126,6,2,0,20,20,7,Hybrid,0
6,141,1126,6,3,0,25,25,6,Gasoline,0
0,141,1126,6,4,0,NA,NA,NA,NA,1
11,141,1127,7,1,1,20,20,7,Gasoline,0
63,141,1127,7,2,0,25,30,6,Electric,0
20,141,1127,7,3,0,20,20,8,Gasoline,0
0,141,1127,7,4,0,NA,NA,NA,NA,1
68,141,1128,8,1,0,20,25,7,Electric,0
63,141,1128,8,2,0,25,30,6,Electric,0
55,141,1128,8,3,1,15,20,6,Electric,0
0,141,1128,8,4,0,NA,NA,NA,NA,1
73,142,1129,1,1,0,15,20,8,Electric,0
48,142,1129,1,2,0,25,20,8,Hybrid,0
78,142,1129,1,3,0,25,25,8,Electric,0
0,142,1129,1,4,1,NA,NA,NA,NA,1
79,142,1130,2,1,1,15,30,8,Electric,0
48,142,1130,2,2,0,25,20,8,Hybrid,0
80,142,1130,2,3,0,20,30,8,Electric,0
0,142,1130,2,4,0,NA,NA,NA,NA,1
75,142,1131,3,1,0,25,20,8,Electric,0
19,142,1131,3,2,1,15,20,8,Gasoline,0
44,142,1131,3,3,0,20,30,7,Hybrid,0
0,142,1131,3,4,0,NA,NA,NA,NA,1
38,142,1132,4,1,1,20,20,7,Hybrid,0
24,142,1132,4,2,0,25,25,8,Gasoline,0
27,142,1132,4,3,0,25,30,8,Gasoline,0
0,142,1132,4,4,0,NA,NA,NA,NA,1
25,142,1133,5,1,1,15,30,8,Gasoline,0
63,142,1133,5,2,0,25,30,6,Electric,0
42,142,1133,5,3,0,25,25,7,Hybrid,0
0,142,1133,5,4,0,NA,NA,NA,NA,1
57,142,1134,6,1,0,25,20,6,Electric,0
51,142,1134,6,2,0,25,25,8,Hybrid,0
69,142,1134,6,3,0,25,25,7,Electric,0
0,142,1134,6,4,1,NA,NA,NA,NA,1
33,142,1135,7,1,0,25,25,6,Hybrid,0
77,142,1135,7,2,0,20,25,8,Electric,0
20,142,1135,7,3,0,20,20,8,Gasoline,0
0,142,1135,7,4,1,NA,NA,NA,NA,1
25,142,1136,8,1,1,15,30,8,Gasoline,0
65,142,1136,8,2,0,20,20,7,Electric,0
63,142,1136,8,3,0,25,30,6,Electric,0
0,142,1136,8,4,0,NA,NA,NA,NA,1
29,143,1137,1,1,1,20,20,6,Hybrid,0
64,143,1137,1,2,0,15,20,7,Electric,0
39,143,1137,1,3,0,25,20,7,Hybrid,0
0,143,1137,1,4,0,NA,NA,NA,NA,1
51,143,1138,2,1,0,25,25,8,Hybrid,0
2,143,1138,2,2,0,20,20,6,Gasoline,0
29,143,1138,2,3,1,20,20,6,Hybrid,0
0,143,1138,2,4,0,NA,NA,NA,NA,1
17,143,1139,3,1,0,20,30,7,Gasoline,0
39,143,1139,3,2,0,25,20,7,Hybrid,0
19,143,1139,3,3,1,15,20,8,Gasoline,0
0,143,1139,3,4,0,NA,NA,NA,NA,1
10,143,1140,4,1,1,15,20,7,Gasoline,0
68,143,1140,4,2,0,20,25,7,Electric,0
35,143,1140,4,3,0,20,30,6,Hybrid,0
0,143,1140,4,4,0,NA,NA,NA,NA,1
80,143,1141,5,1,0,20,30,8,Electric,0
10,143,1141,5,2,1,15,20,7,Gasoline,0
72,143,1141,5,3,0,25,30,7,Electric,0
0,143,1141,5,4,0,NA,NA,NA,NA,1
11,143,1142,6,1,0,20,20,7,Gasoline,0
61,143,1142,6,2,1,15,30,6,Electric,0
39,143,1142,6,3,0,25,20,7,Hybrid,0
0,143,1142,6,4,0,NA,NA,NA,NA,1
20,143,1143,7,1,0,20,20,8,Gasoline,0
57,143,1143,7,2,0,25,20,6,Electric,0
4,143,1143,7,3,1,15,25,6,Gasoline,0
0,143,1143,7,4,0,NA,NA,NA,NA,1
35,143,1144,8,1,1,20,30,6,Hybrid,0
70,143,1144,8,2,0,15,30,7,Electric,0
62,143,1144,8,3,0,20,30,6,Electric,0
0,143,1144,8,4,0,NA,NA,NA,NA,1
76,144,1145,1,1,0,15,25,8,Electric,0
31,144,1145,1,2,1,15,25,6,Hybrid,0
47,144,1145,1,3,0,20,20,8,Hybrid,0
0,144,1145,1,4,0,NA,NA,NA,NA,1
14,144,1146,2,1,1,20,25,7,Gasoline,0
55,144,1146,2,2,0,15,20,6,Electric,0
44,144,1146,2,3,0,20,30,7,Hybrid,0
0,144,1146,2,4,0,NA,NA,NA,NA,1
55,144,1147,3,1,0,15,20,6,Electric,0
70,144,1147,3,2,0,15,30,7,Electric,0
34,144,1147,3,3,1,15,30,6,Hybrid,0
0,144,1147,3,4,0,NA,NA,NA,NA,1
78,144,1148,4,1,0,25,25,8,Electric,0
13,144,1148,4,2,1,15,25,7,Gasoline,0
79,144,1148,4,3,0,15,30,8,Electric,0
0,144,1148,4,4,0,NA,NA,NA,NA,1
65,144,1149,5,1,0,20,20,7,Electric,0
81,144,1149,5,2,0,25,30,8,Electric,0
78,144,1149,5,3,0,25,25,8,Electric,0
0,144,1149,5,4,1,NA,NA,NA,NA,1
65,144,1150,6,1,0,20,20,7,Electric,0
9,144,1150,6,2,0,25,30,6,Gasoline,0
50,144,1150,6,3,1,20,25,8,Hybrid,0
0,144,1150,6,4,0,NA,NA,NA,NA,1
31,144,1151,7,1,1,15,25,6,Hybrid,0
25,144,1151,7,2,0,15,30,8,Gasoline,0
4,144,1151,7,3,0,15,25,6,Gasoline,0
0,144,1151,7,4,0,NA,NA,NA,NA,1
32,144,1152,8,1,0,20,25,6,Hybrid,0
49,144,1152,8,2,1,15,25,8,Hybrid,0
65,144,1152,8,3,0,20,20,7,Electric,0
0,144,1152,8,4,0,NA,NA,NA,NA,1
32,145,1153,1,1,0,20,25,6,Hybrid,0
44,145,1153,1,2,1,20,30,7,Hybrid,0
30,145,1153,1,3,0,25,20,6,Hybrid,0
0,145,1153,1,4,0,NA,NA,NA,NA,1
9,145,1154,2,1,0,25,30,6,Gasoline,0
70,145,1154,2,2,1,15,30,7,Electric,0
64,145,1154,2,3,0,15,20,7,Electric,0
0,145,1154,2,4,0,NA,NA,NA,NA,1
75,145,1155,3,1,0,25,20,8,Electric,0
42,145,1155,3,2,1,25,25,7,Hybrid,0
69,145,1155,3,3,0,25,25,7,Electric,0
0,145,1155,3,4,0,NA,NA,NA,NA,1
51,145,1156,4,1,0,25,25,8,Hybrid,0
72,145,1156,4,2,0,25,30,7,Electric,0
66,145,1156,4,3,0,25,20,7,Electric,0
0,145,1156,4,4,1,NA,NA,NA,NA,1
63,145,1157,5,1,0,25,30,6,Electric,0
61,145,1157,5,2,1,15,30,6,Electric,0
59,145,1157,5,3,0,20,25,6,Electric,0
0,145,1157,5,4,0,NA,NA,NA,NA,1
80,145,1158,6,1,0,20,30,8,Electric,0
26,145,1158,6,2,1,20,30,8,Gasoline,0
33,145,1158,6,3,0,25,25,6,Hybrid,0
0,145,1158,6,4,0,NA,NA,NA,NA,1
32,145,1159,7,1,1,20,25,6,Hybrid,0
27,145,1159,7,2,0,25,30,8,Gasoline,0
67,145,1159,7,3,0,15,25,7,Electric,0
0,145,1159,7,4,0,NA,NA,NA,NA,1
69,145,1160,8,1,0,25,25,7,Electric,0
49,145,1160,8,2,1,15,25,8,Hybrid,0
13,145,1160,8,3,0,15,25,7,Gasoline,0
0,145,1160,8,4,0,NA,NA,NA,NA,1
31,146,1161,1,1,1,15,25,6,Hybrid,0
79,146,1161,1,2,0,15,30,8,Electric,0
55,146,1161,1,3,0,15,20,6,Electric,0
0,146,1161,1,4,0,NA,NA,NA,NA,1
36,146,1162,2,1,0,25,30,6,Hybrid,0
61,146,1162,2,2,0,15,30,6,Electric,0
22,146,1162,2,3,1,15,25,8,Gasoline,0
0,146,1162,2,4,0,NA,NA,NA,NA,1
5,146,1163,3,1,1,20,25,6,Gasoline,0
36,146,1163,3,2,0,25,30,6,Hybrid,0
21,146,1163,3,3,0,25,20,8,Gasoline,0
0,146,1163,3,4,0,NA,NA,NA,NA,1
57,146,1164,4,1,0,25,20,6,Electric,0
1,146,1164,4,2,1,15,20,6,Gasoline,0
37,146,1164,4,3,0,15,20,7,Hybrid,0
0,146,1164,4,4,0,NA,NA,NA,NA,1
20,146,1165,5,1,0,20,20,8,Gasoline,0
7,146,1165,5,2,1,15,30,6,Gasoline,0
51,146,1165,5,3,0,25,25,8,Hybrid,0
0,146,1165,5,4,0,NA,NA,NA,NA,1
8,146,1166,6,1,0,20,30,6,Gasoline,0
43,146,1166,6,2,0,15,30,7,Hybrid,0
7,146,1166,6,3,1,15,30,6,Gasoline,0
0,146,1166,6,4,0,NA,NA,NA,NA,1
4,146,1167,7,1,1,15,25,6,Gasoline,0
51,146,1167,7,2,0,25,25,8,Hybrid,0
10,146,1167,7,3,0,15,20,7,Gasoline,0
0,146,1167,7,4,0,NA,NA,NA,NA,1
42,146,1168,8,1,0,25,25,7,Hybrid,0
64,146,1168,8,2,0,15,20,7,Electric,0
18,146,1168,8,3,0,25,30,7,Gasoline,0
0,146,1168,8,4,1,NA,NA,NA,NA,1
26,147,1169,1,1,0,20,30,8,Gasoline,0
34,147,1169,1,2,1,15,30,6,Hybrid,0
81,147,1169,1,3,0,25,30,8,Electric,0
0,147,1169,1,4,0,NA,NA,NA,NA,1
29,147,1170,2,1,0,20,20,6,Hybrid,0
33,147,1170,2,2,0,25,25,6,Hybrid,0
31,147,1170,2,3,1,15,25,6,Hybrid,0
0,147,1170,2,4,0,NA,NA,NA,NA,1
77,147,1171,3,1,0,20,25,8,Electric,0
43,147,1171,3,2,1,15,30,7,Hybrid,0
10,147,1171,3,3,0,15,20,7,Gasoline,0
0,147,1171,3,4,0,NA,NA,NA,NA,1
34,147,1172,4,1,1,15,30,6,Hybrid,0
46,147,1172,4,2,0,15,20,8,Hybrid,0
6,147,1172,4,3,0,25,25,6,Gasoline,0
0,147,1172,4,4,0,NA,NA,NA,NA,1
2,147,1173,5,1,0,20,20,6,Gasoline,0
72,147,1173,5,2,0,25,30,7,Electric,0
58,147,1173,5,3,1,15,25,6,Electric,0
0,147,1173,5,4,0,NA,NA,NA,NA,1
47,147,1174,6,1,0,20,20,8,Hybrid,0
38,147,1174,6,2,0,20,20,7,Hybrid,0
4,147,1174,6,3,1,15,25,6,Gasoline,0
0,147,1174,6,4,0,NA,NA,NA,NA,1
60,147,1175,7,1,0,25,25,6,Electric,0
31,147,1175,7,2,1,15,25,6,Hybrid,0
62,147,1175,7,3,0,20,30,6,Electric,0
0,147,1175,7,4,0,NA,NA,NA,NA,1
36,147,1176,8,1,0,25,30,6,Hybrid,0
48,147,1176,8,2,0,25,20,8,Hybrid,0
45,147,1176,8,3,0,25,30,7,Hybrid,0
0,147,1176,8,4,1,NA,NA,NA,NA,1
35,148,1177,1,1,0,20,30,6,Hybrid,0
57,148,1177,1,2,0,25,20,6,Electric,0
10,148,1177,1,3,1,15,20,7,Gasoline,0
0,148,1177,1,4,0,NA,NA,NA,NA,1
47,148,1178,2,1,0,20,20,8,Hybrid,0
67,148,1178,2,2,0,15,25,7,Electric,0
31,148,1178,2,3,1,15,25,6,Hybrid,0
0,148,1178,2,4,0,NA,NA,NA,NA,1
47,148,1179,3,1,1,20,20,8,Hybrid,0
74,148,1179,3,2,0,20,20,8,Electric,0
75,148,1179,3,3,0,25,20,8,Electric,0
0,148,1179,3,4,0,NA,NA,NA,NA,1
80,148,1180,4,1,0,20,30,8,Electric,0
60,148,1180,4,2,0,25,25,6,Electric,0
78,148,1180,4,3,0,25,25,8,Electric,0
0,148,1180,4,4,1,NA,NA,NA,NA,1
64,148,1181,5,1,0,15,20,7,Electric,0
5,148,1181,5,2,0,20,25,6,Gasoline,0
23,148,1181,5,3,1,20,25,8,Gasoline,0
0,148,1181,5,4,0,NA,NA,NA,NA,1
49,148,1182,6,1,1,15,25,8,Hybrid,0
77,148,1182,6,2,0,20,25,8,Electric,0
68,148,1182,6,3,0,20,25,7,Electric,0
0,148,1182,6,4,0,NA,NA,NA,NA,1
42,148,1183,7,1,0,25,25,7,Hybrid,0
53,148,1183,7,2,1,20,30,8,Hybrid,0
74,148,1183,7,3,0,20,20,8,Electric,0
0,148,1183,7,4,0,NA,NA,NA,NA,1
47,148,1184,8,1,0,20,20,8,Hybrid,0
4,148,1184,8,2,1,15,25,6,Gasoline,0
18,148,1184,8,3,0,25,30,7,Gasoline,0
0,148,1184,8,4,0,NA,NA,NA,NA,1
58,149,1185,1,1,1,15,25,6,Electric,0
69,149,1185,1,2,0,25,25,7,Electric,0
64,149,1185,1,3,0,15,20,7,Electric,0
0,149,1185,1,4,0,NA,NA,NA,NA,1
65,149,1186,2,1,0,20,20,7,Electric,0
63,149,1186,2,2,0,25,30,6,Electric,0
35,149,1186,2,3,1,20,30,6,Hybrid,0
0,149,1186,2,4,0,NA,NA,NA,NA,1
56,149,1187,3,1,0,20,20,6,Electric,0
72,149,1187,3,2,0,25,30,7,Electric,0
54,149,1187,3,3,1,25,30,8,Hybrid,0
0,149,1187,3,4,0,NA,NA,NA,NA,1
33,149,1188,4,1,0,25,25,6,Hybrid,0
34,149,1188,4,2,1,15,30,6,Hybrid,0
72,149,1188,4,3,0,25,30,7,Electric,0
0,149,1188,4,4,0,NA,NA,NA,NA,1
38,149,1189,5,1,0,20,20,7,Hybrid,0
31,149,1189,5,2,1,15,25,6,Hybrid,0
74,149,1189,5,3,0,20,20,8,Electric,0
0,149,1189,5,4,0,NA,NA,NA,NA,1
65,149,1190,6,1,0,20,20,7,Electric,0
39,149,1190,6,2,0,25,20,7,Hybrid,0
61,149,1190,6,3,1,15,30,6,Electric,0
0,149,1190,6,4,0,NA,NA,NA,NA,1
17,149,1191,7,1,1,20,30,7,Gasoline,0
74,149,1191,7,2,0,20,20,8,Electric,0
11,149,1191,7,3,0,20,20,7,Gasoline,0
0,149,1191,7,4,0,NA,NA,NA,NA,1
57,149,1192,8,1,0,25,20,6,Electric,0
68,149,1192,8,2,0,20,25,7,Electric,0
40,149,1192,8,3,1,15,25,7,Hybrid,0
0,149,1192,8,4,0,NA,NA,NA,NA,1
15,150,1193,1,1,0,25,25,7,Gasoline,0
78,150,1193,1,2,0,25,25,8,Electric,0
70,150,1193,1,3,1,15,30,7,Electric,0
0,150,1193,1,4,0,NA,NA,NA,NA,1
20,150,1194,2,1,0,20,20,8,Gasoline,0
70,150,1194,2,2,1,15,30,7,Electric,0
12,150,1194,2,3,0,25,20,7,Gasoline,0
0,150,1194,2,4,0,NA,NA,NA,NA,1
79,150,1195,3,1,1,15,30,8,Electric,0
48,150,1195,3,2,0,25,20,8,Hybrid,0
39,150,1195,3,3,0,25,20,7,Hybrid,0
0,150,1195,3,4,0,NA,NA,NA,NA,1
67,150,1196,4,1,0,15,25,7,Electric,0
12,150,1196,4,2,0,25,20,7,Gasoline,0
41,150,1196,4,3,1,20,25,7,Hybrid,0
0,150,1196,4,4,0,NA,NA,NA,NA,1
66,150,1197,5,1,0,25,20,7,Electric,0
27,150,1197,5,2,0,25,30,8,Gasoline,0
56,150,1197,5,3,0,20,20,6,Electric,0
0,150,1197,5,4,1,NA,NA,NA,NA,1
80,150,1198,6,1,0,20,30,8,Electric,0
54,150,1198,6,2,0,25,30,8,Hybrid,0
59,150,1198,6,3,0,20,25,6,Electric,0
0,150,1198,6,4,1,NA,NA,NA,NA,1
19,150,1199,7,1,1,15,20,8,Gasoline,0
47,150,1199,7,2,0,20,20,8,Hybrid,0
48,150,1199,7,3,0,25,20,8,Hybrid,0
0,150,1199,7,4,0,NA,NA,NA,NA,1
74,150,1200,8,1,0,20,20,8,Electric,0
70,150,1200,8,2,0,15,30,7,Electric,0
40,150,1200,8,3,1,15,25,7,Hybrid,0
0,150,1200,8,4,0,NA,NA,NA,NA,1
43,151,1201,1,1,1,15,30,7,Hybrid,0
48,151,1201,1,2,0,25,20,8,Hybrid,0
44,151,1201,1,3,0,20,30,7,Hybrid,0
0,151,1201,1,4,0,NA,NA,NA,NA,1
15,151,1202,2,1,0,25,25,7,Gasoline,0
42,151,1202,2,2,0,25,25,7,Hybrid,0
50,151,1202,2,3,1,20,25,8,Hybrid,0
0,151,1202,2,4,0,NA,NA,NA,NA,1
45,151,1203,3,1,0,25,30,7,Hybrid,0
5,151,1203,3,2,1,20,25,6,Gasoline,0
32,151,1203,3,3,0,20,25,6,Hybrid,0
0,151,1203,3,4,0,NA,NA,NA,NA,1
6,151,1204,4,1,0,25,25,6,Gasoline,0
23,151,1204,4,2,0,20,25,8,Gasoline,0
49,151,1204,4,3,1,15,25,8,Hybrid,0
0,151,1204,4,4,0,NA,NA,NA,NA,1
60,151,1205,5,1,0,25,25,6,Electric,0
19,151,1205,5,2,1,15,20,8,Gasoline,0
81,151,1205,5,3,0,25,30,8,Electric,0
0,151,1205,5,4,0,NA,NA,NA,NA,1
31,151,1206,6,1,1,15,25,6,Hybrid,0
38,151,1206,6,2,0,20,20,7,Hybrid,0
14,151,1206,6,3,0,20,25,7,Gasoline,0
0,151,1206,6,4,0,NA,NA,NA,NA,1
70,151,1207,7,1,0,15,30,7,Electric,0
16,151,1207,7,2,1,15,30,7,Gasoline,0
59,151,1207,7,3,0,20,25,6,Electric,0
0,151,1207,7,4,0,NA,NA,NA,NA,1
76,151,1208,8,1,0,15,25,8,Electric,0
32,151,1208,8,2,0,20,25,6,Hybrid,0
22,151,1208,8,3,1,15,25,8,Gasoline,0
0,151,1208,8,4,0,NA,NA,NA,NA,1
81,152,1209,1,1,0,25,30,8,Electric,0
51,152,1209,1,2,1,25,25,8,Hybrid,0
61,152,1209,1,3,0,15,30,6,Electric,0
0,152,1209,1,4,0,NA,NA,NA,NA,1
22,152,1210,2,1,1,15,25,8,Gasoline,0
18,152,1210,2,2,0,25,30,7,Gasoline,0
21,152,1210,2,3,0,25,20,8,Gasoline,0
0,152,1210,2,4,0,NA,NA,NA,NA,1
80,152,1211,3,1,0,20,30,8,Electric,0
46,152,1211,3,2,1,15,20,8,Hybrid,0
3,152,1211,3,3,0,25,20,6,Gasoline,0
0,152,1211,3,4,0,NA,NA,NA,NA,1
19,152,1212,4,1,0,15,20,8,Gasoline,0
23,152,1212,4,2,1,20,25,8,Gasoline,0
24,152,1212,4,3,0,25,25,8,Gasoline,0
0,152,1212,4,4,0,NA,NA,NA,NA,1
57,152,1213,5,1,0,25,20,6,Electric,0
37,152,1213,5,2,1,15,20,7,Hybrid,0
1,152,1213,5,3,0,15,20,6,Gasoline,0
0,152,1213,5,4,0,NA,NA,NA,NA,1
74,152,1214,6,1,0,20,20,8,Electric,0
63,152,1214,6,2,0,25,30,6,Electric,0
39,152,1214,6,3,0,25,20,7,Hybrid,0
0,152,1214,6,4,1,NA,NA,NA,NA,1
11,152,1215,7,1,0,20,20,7,Gasoline,0
70,152,1215,7,2,1,15,30,7,Electric,0
77,152,1215,7,3,0,20,25,8,Electric,0
0,152,1215,7,4,0,NA,NA,NA,NA,1
57,152,1216,8,1,0,25,20,6,Electric,0
37,152,1216,8,2,1,15,20,7,Hybrid,0
72,152,1216,8,3,0,25,30,7,Electric,0
0,152,1216,8,4,0,NA,NA,NA,NA,1
40,153,1217,1,1,0,15,25,7,Hybrid,0
48,153,1217,1,2,0,25,20,8,Hybrid,0
46,153,1217,1,3,1,15,20,8,Hybrid,0
0,153,1217,1,4,0,NA,NA,NA,NA,1
59,153,1218,2,1,0,20,25,6,Electric,0
15,153,1218,2,2,0,25,25,7,Gasoline,0
33,153,1218,2,3,1,25,25,6,Hybrid,0
0,153,1218,2,4,0,NA,NA,NA,NA,1
47,153,1219,3,1,0,20,20,8,Hybrid,0
10,153,1219,3,2,1,15,20,7,Gasoline,0
57,153,1219,3,3,0,25,20,6,Electric,0
0,153,1219,3,4,0,NA,NA,NA,NA,1
22,153,1220,4,1,1,15,25,8,Gasoline,0
56,153,1220,4,2,0,20,20,6,Electric,0
3,153,1220,4,3,0,25,20,6,Gasoline,0
0,153,1220,4,4,0,NA,NA,NA,NA,1
59,153,1221,5,1,0,20,25,6,Electric,0
11,153,1221,5,2,0,20,20,7,Gasoline,0
5,153,1221,5,3,1,20,25,6,Gasoline,0
0,153,1221,5,4,0,NA,NA,NA,NA,1
34,153,1222,6,1,1,15,30,6,Hybrid,0
70,153,1222,6,2,0,15,30,7,Electric,0
67,153,1222,6,3,0,15,25,7,Electric,0
0,153,1222,6,4,0,NA,NA,NA,NA,1
51,153,1223,7,1,0,25,25,8,Hybrid,0
41,153,1223,7,2,1,20,25,7,Hybrid,0
63,153,1223,7,3,0,25,30,6,Electric,0
0,153,1223,7,4,0,NA,NA,NA,NA,1
66,153,1224,8,1,0,25,20,7,Electric,0
32,153,1224,8,2,1,20,25,6,Hybrid,0
12,153,1224,8,3,0,25,20,7,Gasoline,0
0,153,1224,8,4,0,NA,NA,NA,NA,1
30,154,1225,1,1,0,25,20,6,Hybrid,0
1,154,1225,1,2,1,15,20,6,Gasoline,0
68,154,1225,1,3,0,20,25,7,Electric,0
0,154,1225,1,4,0,NA,NA,NA,NA,1
12,154,1226,2,1,0,25,20,7,Gasoline,0
68,154,1226,2,2,0,20,25,7,Electric,0
63,154,1226,2,3,0,25,30,6,Electric,0
0,154,1226,2,4,1,NA,NA,NA,NA,1
8,154,1227,3,1,0,20,30,6,Gasoline,0
74,154,1227,3,2,0,20,20,8,Electric,0
35,154,1227,3,3,1,20,30,6,Hybrid,0
0,154,1227,3,4,0,NA,NA,NA,NA,1
61,154,1228,4,1,0,15,30,6,Electric,0
57,154,1228,4,2,0,25,20,6,Electric,0
38,154,1228,4,3,1,20,20,7,Hybrid,0
0,154,1228,4,4,0,NA,NA,NA,NA,1
75,154,1229,5,1,0,25,20,8,Electric,0
24,154,1229,5,2,0,25,25,8,Gasoline,0
33,154,1229,5,3,0,25,25,6,Hybrid,0
0,154,1229,5,4,1,NA,NA,NA,NA,1
8,154,1230,6,1,1,20,30,6,Gasoline,0
36,154,1230,6,2,0,25,30,6,Hybrid,0
9,154,1230,6,3,0,25,30,6,Gasoline,0
0,154,1230,6,4,0,NA,NA,NA,NA,1
68,154,1231,7,1,1,20,25,7,Electric,0
71,154,1231,7,2,0,20,30,7,Electric,0
3,154,1231,7,3,0,25,20,6,Gasoline,0
0,154,1231,7,4,0,NA,NA,NA,NA,1
55,154,1232,8,1,0,15,20,6,Electric,0
73,154,1232,8,2,0,15,20,8,Electric,0
7,154,1232,8,3,1,15,30,6,Gasoline,0
0,154,1232,8,4,0,NA,NA,NA,NA,1
21,155,1233,1,1,0,25,20,8,Gasoline,0
57,155,1233,1,2,0,25,20,6,Electric,0
60,155,1233,1,3,0,25,25,6,Electric,0
0,155,1233,1,4,1,NA,NA,NA,NA,1
11,155,1234,2,1,0,20,20,7,Gasoline,0
16,155,1234,2,2,1,15,30,7,Gasoline,0
74,155,1234,2,3,0,20,20,8,Electric,0
0,155,1234,2,4,0,NA,NA,NA,NA,1
73,155,1235,3,1,0,15,20,8,Electric,0
48,155,1235,3,2,0,25,20,8,Hybrid,0
22,155,1235,3,3,1,15,25,8,Gasoline,0
0,155,1235,3,4,0,NA,NA,NA,NA,1
6,155,1236,4,1,0,25,25,6,Gasoline,0
62,155,1236,4,2,0,20,30,6,Electric,0
67,155,1236,4,3,1,15,25,7,Electric,0
0,155,1236,4,4,0,NA,NA,NA,NA,1
30,155,1237,5,1,0,25,20,6,Hybrid,0
81,155,1237,5,2,0,25,30,8,Electric,0
25,155,1237,5,3,1,15,30,8,Gasoline,0
0,155,1237,5,4,0,NA,NA,NA,NA,1
67,155,1238,6,1,0,15,25,7,Electric,0
77,155,1238,6,2,0,20,25,8,Electric,0
28,155,1238,6,3,1,15,20,6,Hybrid,0
0,155,1238,6,4,0,NA,NA,NA,NA,1
28,155,1239,7,1,1,15,20,6,Hybrid,0
58,155,1239,7,2,0,15,25,6,Electric,0
13,155,1239,7,3,0,15,25,7,Gasoline,0
0,155,1239,7,4,0,NA,NA,NA,NA,1
25,155,1240,8,1,1,15,30,8,Gasoline,0
4,155,1240,8,2,0,15,25,6,Gasoline,0
52,155,1240,8,3,0,15,30,8,Hybrid,0
0,155,1240,8,4,0,NA,NA,NA,NA,1
69,156,1241,1,1,0,25,25,7,Electric,0
60,156,1241,1,2,0,25,25,6,Electric,0
67,156,1241,1,3,1,15,25,7,Electric,0
0,156,1241,1,4,0,NA,NA,NA,NA,1
71,156,1242,2,1,0,20,30,7,Electric,0
59,156,1242,2,2,0,20,25,6,Electric,0
66,156,1242,2,3,0,25,20,7,Electric,0
0,156,1242,2,4,1,NA,NA,NA,NA,1
38,156,1243,3,1,1,20,20,7,Hybrid,0
24,156,1243,3,2,0,25,25,8,Gasoline,0
78,156,1243,3,3,0,25,25,8,Electric,0
0,156,1243,3,4,0,NA,NA,NA,NA,1
54,156,1244,4,1,0,25,30,8,Hybrid,0
51,156,1244,4,2,0,25,25,8,Hybrid,0
66,156,1244,4,3,0,25,20,7,Electric,0
0,156,1244,4,4,1,NA,NA,NA,NA,1
29,156,1245,5,1,0,20,20,6,Hybrid,0
75,156,1245,5,2,0,25,20,8,Electric,0
35,156,1245,5,3,1,20,30,6,Hybrid,0
0,156,1245,5,4,0,NA,NA,NA,NA,1
71,156,1246,6,1,0,20,30,7,Electric,0
14,156,1246,6,2,0,20,25,7,Gasoline,0
5,156,1246,6,3,1,20,25,6,Gasoline,0
0,156,1246,6,4,0,NA,NA,NA,NA,1
74,156,1247,7,1,0,20,20,8,Electric,0
10,156,1247,7,2,0,15,20,7,Gasoline,0
43,156,1247,7,3,1,15,30,7,Hybrid,0
0,156,1247,7,4,0,NA,NA,NA,NA,1
28,156,1248,8,1,1,15,20,6,Hybrid,0
78,156,1248,8,2,0,25,25,8,Electric,0
39,156,1248,8,3,0,25,20,7,Hybrid,0
0,156,1248,8,4,0,NA,NA,NA,NA,1
20,157,1249,1,1,0,20,20,8,Gasoline,0
22,157,1249,1,2,0,15,25,8,Gasoline,0
49,157,1249,1,3,1,15,25,8,Hybrid,0
0,157,1249,1,4,0,NA,NA,NA,NA,1
50,157,1250,2,1,0,20,25,8,Hybrid,0
40,157,1250,2,2,1,15,25,7,Hybrid,0
26,157,1250,2,3,0,20,30,8,Gasoline,0
0,157,1250,2,4,0,NA,NA,NA,NA,1
14,157,1251,3,1,1,20,25,7,Gasoline,0
18,157,1251,3,2,0,25,30,7,Gasoline,0
62,157,1251,3,3,0,20,30,6,Electric,0
0,157,1251,3,4,0,NA,NA,NA,NA,1
76,157,1252,4,1,0,15,25,8,Electric,0
22,157,1252,4,2,1,15,25,8,Gasoline,0
80,157,1252,4,3,0,20,30,8,Electric,0
0,157,1252,4,4,0,NA,NA,NA,NA,1
25,157,1253,5,1,1,15,30,8,Gasoline,0
77,157,1253,5,2,0,20,25,8,Electric,0
40,157,1253,5,3,0,15,25,7,Hybrid,0
0,157,1253,5,4,0,NA,NA,NA,NA,1
66,157,1254,6,1,0,25,20,7,Electric,0
26,157,1254,6,2,1,20,30,8,Gasoline,0
9,157,1254,6,3,0,25,30,6,Gasoline,0
0,157,1254,6,4,0,NA,NA,NA,NA,1
42,157,1255,7,1,0,25,25,7,Hybrid,0
30,157,1255,7,2,0,25,20,6,Hybrid,0
67,157,1255,7,3,1,15,25,7,Electric,0
0,157,1255,7,4,0,NA,NA,NA,NA,1
8,157,1256,8,1,1,20,30,6,Gasoline,0
41,157,1256,8,2,0,20,25,7,Hybrid,0
62,157,1256,8,3,0,20,30,6,Electric,0
0,157,1256,8,4,0,NA,NA,NA,NA,1
45,158,1257,1,1,0,25,30,7,Hybrid,0
38,158,1257,1,2,0,20,20,7,Hybrid,0
1,158,1257,1,3,1,15,20,6,Gasoline,0
0,158,1257,1,4,0,NA,NA,NA,NA,1
53,158,1258,2,1,0,20,30,8,Hybrid,0
9,158,1258,2,2,0,25,30,6,Gasoline,0
38,158,1258,2,3,1,20,20,7,Hybrid,0
0,158,1258,2,4,0,NA,NA,NA,NA,1
14,158,1259,3,1,0,20,25,7,Gasoline,0
22,158,1259,3,2,1,15,25,8,Gasoline,0
37,158,1259,3,3,0,15,20,7,Hybrid,0
0,158,1259,3,4,0,NA,NA,NA,NA,1
45,158,1260,4,1,0,25,30,7,Hybrid,0
65,158,1260,4,2,0,20,20,7,Electric,0
7,158,1260,4,3,1,15,30,6,Gasoline,0
0,158,1260,4,4,0,NA,NA,NA,NA,1
73,158,1261,5,1,0,15,20,8,Electric,0
16,158,1261,5,2,1,15,30,7,Gasoline,0
8,158,1261,5,3,0,20,30,6,Gasoline,0
0,158,1261,5,4,0,NA,NA,NA,NA,1
47,158,1262,6,1,0,20,20,8,Hybrid,0
10,158,1262,6,2,0,15,20,7,Gasoline,0
25,158,1262,6,3,1,15,30,8,Gasoline,0
0,158,1262,6,4,0,NA,NA,NA,NA,1
81,158,1263,7,1,0,25,30,8,Electric,0
15,158,1263,7,2,0,25,25,7,Gasoline,0
19,158,1263,7,3,1,15,20,8,Gasoline,0
0,158,1263,7,4,0,NA,NA,NA,NA,1
8,158,1264,8,1,0,20,30,6,Gasoline,0
52,158,1264,8,2,1,15,30,8,Hybrid,0
76,158,1264,8,3,0,15,25,8,Electric,0
0,158,1264,8,4,0,NA,NA,NA,NA,1
17,159,1265,1,1,0,20,30,7,Gasoline,0
3,159,1265,1,2,0,25,20,6,Gasoline,0
67,159,1265,1,3,1,15,25,7,Electric,0
0,159,1265,1,4,0,NA,NA,NA,NA,1
63,159,1266,2,1,0,25,30,6,Electric,0
36,159,1266,2,2,0,25,30,6,Hybrid,0
4,159,1266,2,3,1,15,25,6,Gasoline,0
0,159,1266,2,4,0,NA,NA,NA,NA,1
60,159,1267,3,1,0,25,25,6,Electric,0
51,159,1267,3,2,0,25,25,8,Hybrid,0
53,159,1267,3,3,1,20,30,8,Hybrid,0
0,159,1267,3,4,0,NA,NA,NA,NA,1
24,159,1268,4,1,0,25,25,8,Gasoline,0
71,159,1268,4,2,0,20,30,7,Electric,0
72,159,1268,4,3,0,25,30,7,Electric,0
0,159,1268,4,4,1,NA,NA,NA,NA,1
68,159,1269,5,1,0,20,25,7,Electric,0
79,159,1269,5,2,1,15,30,8,Electric,0
8,159,1269,5,3,0,20,30,6,Gasoline,0
0,159,1269,5,4,0,NA,NA,NA,NA,1
17,159,1270,6,1,0,20,30,7,Gasoline,0
13,159,1270,6,2,1,15,25,7,Gasoline,0
12,159,1270,6,3,0,25,20,7,Gasoline,0
0,159,1270,6,4,0,NA,NA,NA,NA,1
66,159,1271,7,1,0,25,20,7,Electric,0
10,159,1271,7,2,1,15,20,7,Gasoline,0
69,159,1271,7,3,0,25,25,7,Electric,0
0,159,1271,7,4,0,NA,NA,NA,NA,1
9,159,1272,8,1,0,25,30,6,Gasoline,0
28,159,1272,8,2,1,15,20,6,Hybrid,0
79,159,1272,8,3,0,15,30,8,Electric,0
0,159,1272,8,4,0,NA,NA,NA,NA,1
70,160,1273,1,1,0,15,30,7,Electric,0
73,160,1273,1,2,0,15,20,8,Electric,0
52,160,1273,1,3,1,15,30,8,Hybrid,0
0,160,1273,1,4,0,NA,NA,NA,NA,1
45,160,1274,2,1,0,25,30,7,Hybrid,0
79,160,1274,2,2,0,15,30,8,Electric,0
43,160,1274,2,3,1,15,30,7,Hybrid,0
0,160,1274,2,4,0,NA,NA,NA,NA,1
17,160,1275,3,1,0,20,30,7,Gasoline,0
28,160,1275,3,2,1,15,20,6,Hybrid,0
62,160,1275,3,3,0,20,30,6,Electric,0
0,160,1275,3,4,0,NA,NA,NA,NA,1
79,160,1276,4,1,1,15,30,8,Electric,0
49,160,1276,4,2,0,15,25,8,Hybrid,0
62,160,1276,4,3,0,20,30,6,Electric,0
0,160,1276,4,4,0,NA,NA,NA,NA,1
4,160,1277,5,1,1,15,25,6,Gasoline,0
1,160,1277,5,2,0,15,20,6,Gasoline,0
80,160,1277,5,3,0,20,30,8,Electric,0
0,160,1277,5,4,0,NA,NA,NA,NA,1
50,160,1278,6,1,0,20,25,8,Hybrid,0
42,160,1278,6,2,0,25,25,7,Hybrid,0
37,160,1278,6,3,1,15,20,7,Hybrid,0
0,160,1278,6,4,0,NA,NA,NA,NA,1
72,160,1279,7,1,0,25,30,7,Electric,0
64,160,1279,7,2,1,15,20,7,Electric,0
18,160,1279,7,3,0,25,30,7,Gasoline,0
0,160,1279,7,4,0,NA,NA,NA,NA,1
10,160,1280,8,1,1,15,20,7,Gasoline,0
46,160,1280,8,2,0,15,20,8,Hybrid,0
60,160,1280,8,3,0,25,25,6,Electric,0
0,160,1280,8,4,0,NA,NA,NA,NA,1
24,161,1281,1,1,0,25,25,8,Gasoline,0
44,161,1281,1,2,1,20,30,7,Hybrid,0
73,161,1281,1,3,0,15,20,8,Electric,0
0,161,1281,1,4,0,NA,NA,NA,NA,1
41,161,1282,2,1,0,20,25,7,Hybrid,0
58,161,1282,2,2,0,15,25,6,Electric,0
8,161,1282,2,3,1,20,30,6,Gasoline,0
0,161,1282,2,4,0,NA,NA,NA,NA,1
43,161,1283,3,1,1,15,30,7,Hybrid,0
41,161,1283,3,2,0,20,25,7,Hybrid,0
74,161,1283,3,3,0,20,20,8,Electric,0
0,161,1283,3,4,0,NA,NA,NA,NA,1
20,161,1284,4,1,1,20,20,8,Gasoline,0
6,161,1284,4,2,0,25,25,6,Gasoline,0
55,161,1284,4,3,0,15,20,6,Electric,0
0,161,1284,4,4,0,NA,NA,NA,NA,1
24,161,1285,5,1,0,25,25,8,Gasoline,0
18,161,1285,5,2,0,25,30,7,Gasoline,0
66,161,1285,5,3,0,25,20,7,Electric,0
0,161,1285,5,4,1,NA,NA,NA,NA,1
19,161,1286,6,1,1,15,20,8,Gasoline,0
69,161,1286,6,2,0,25,25,7,Electric,0
6,161,1286,6,3,0,25,25,6,Gasoline,0
0,161,1286,6,4,0,NA,NA,NA,NA,1
60,161,1287,7,1,0,25,25,6,Electric,0
35,161,1287,7,2,1,20,30,6,Hybrid,0
12,161,1287,7,3,0,25,20,7,Gasoline,0
0,161,1287,7,4,0,NA,NA,NA,NA,1
67,161,1288,8,1,0,15,25,7,Electric,0
41,161,1288,8,2,1,20,25,7,Hybrid,0
76,161,1288,8,3,0,15,25,8,Electric,0
0,161,1288,8,4,0,NA,NA,NA,NA,1
64,162,1289,1,1,0,15,20,7,Electric,0
16,162,1289,1,2,1,15,30,7,Gasoline,0
49,162,1289,1,3,0,15,25,8,Hybrid,0
0,162,1289,1,4,0,NA,NA,NA,NA,1
26,162,1290,2,1,1,20,30,8,Gasoline,0
24,162,1290,2,2,0,25,25,8,Gasoline,0
21,162,1290,2,3,0,25,20,8,Gasoline,0
0,162,1290,2,4,0,NA,NA,NA,NA,1
9,162,1291,3,1,0,25,30,6,Gasoline,0
59,162,1291,3,2,0,20,25,6,Electric,0
37,162,1291,3,3,1,15,20,7,Hybrid,0
0,162,1291,3,4,0,NA,NA,NA,NA,1
67,162,1292,4,1,0,15,25,7,Electric,0
57,162,1292,4,2,0,25,20,6,Electric,0
52,162,1292,4,3,1,15,30,8,Hybrid,0
0,162,1292,4,4,0,NA,NA,NA,NA,1
28,162,1293,5,1,1,15,20,6,Hybrid,0
41,162,1293,5,2,0,20,25,7,Hybrid,0
35,162,1293,5,3,0,20,30,6,Hybrid,0
0,162,1293,5,4,0,NA,NA,NA,NA,1
20,162,1294,6,1,0,20,20,8,Gasoline,0
80,162,1294,6,2,0,20,30,8,Electric,0
8,162,1294,6,3,1,20,30,6,Gasoline,0
0,162,1294,6,4,0,NA,NA,NA,NA,1
76,162,1295,7,1,0,15,25,8,Electric,0
34,162,1295,7,2,1,15,30,6,Hybrid,0
47,162,1295,7,3,0,20,20,8,Hybrid,0
0,162,1295,7,4,0,NA,NA,NA,NA,1
45,162,1296,8,1,0,25,30,7,Hybrid,0
32,162,1296,8,2,0,20,25,6,Hybrid,0
26,162,1296,8,3,1,20,30,8,Gasoline,0
0,162,1296,8,4,0,NA,NA,NA,NA,1
32,163,1297,1,1,1,20,25,6,Hybrid,0
73,163,1297,1,2,0,15,20,8,Electric,0
6,163,1297,1,3,0,25,25,6,Gasoline,0
0,163,1297,1,4,0,NA,NA,NA,NA,1
71,163,1298,2,1,0,20,30,7,Electric,0
36,163,1298,2,2,0,25,30,6,Hybrid,0
69,163,1298,2,3,0,25,25,7,Electric,0
0,163,1298,2,4,1,NA,NA,NA,NA,1
27,163,1299,3,1,0,25,30,8,Gasoline,0
67,163,1299,3,2,0,15,25,7,Electric,0
47,163,1299,3,3,1,20,20,8,Hybrid,0
0,163,1299,3,4,0,NA,NA,NA,NA,1
55,163,1300,4,1,0,15,20,6,Electric,0
17,163,1300,4,2,0,20,30,7,Gasoline,0
62,163,1300,4,3,0,20,30,6,Electric,0
0,163,1300,4,4,1,NA,NA,NA,NA,1
36,163,1301,5,1,0,25,30,6,Hybrid,0
25,163,1301,5,2,1,15,30,8,Gasoline,0
57,163,1301,5,3,0,25,20,6,Electric,0
0,163,1301,5,4,0,NA,NA,NA,NA,1
61,163,1302,6,1,0,15,30,6,Electric,0
16,163,1302,6,2,1,15,30,7,Gasoline,0
5,163,1302,6,3,0,20,25,6,Gasoline,0
0,163,1302,6,4,0,NA,NA,NA,NA,1
76,163,1303,7,1,1,15,25,8,Electric,0
21,163,1303,7,2,0,25,20,8,Gasoline,0
51,163,1303,7,3,0,25,25,8,Hybrid,0
0,163,1303,7,4,0,NA,NA,NA,NA,1
54,163,1304,8,1,0,25,30,8,Hybrid,0
2,163,1304,8,2,1,20,20,6,Gasoline,0
42,163,1304,8,3,0,25,25,7,Hybrid,0
0,163,1304,8,4,0,NA,NA,NA,NA,1
64,164,1305,1,1,0,15,20,7,Electric,0
63,164,1305,1,2,0,25,30,6,Electric,0
18,164,1305,1,3,0,25,30,7,Gasoline,0
0,164,1305,1,4,1,NA,NA,NA,NA,1
35,164,1306,2,1,1,20,30,6,Hybrid,0
20,164,1306,2,2,0,20,20,8,Gasoline,0
6,164,1306,2,3,0,25,25,6,Gasoline,0
0,164,1306,2,4,0,NA,NA,NA,NA,1
9,164,1307,3,1,0,25,30,6,Gasoline,0
16,164,1307,3,2,1,15,30,7,Gasoline,0
39,164,1307,3,3,0,25,20,7,Hybrid,0
0,164,1307,3,4,0,NA,NA,NA,NA,1
81,164,1308,4,1,0,25,30,8,Electric,0
26,164,1308,4,2,1,20,30,8,Gasoline,0
72,164,1308,4,3,0,25,30,7,Electric,0
0,164,1308,4,4,0,NA,NA,NA,NA,1
48,164,1309,5,1,0,25,20,8,Hybrid,0
58,164,1309,5,2,0,15,25,6,Electric,0
28,164,1309,5,3,1,15,20,6,Hybrid,0
0,164,1309,5,4,0,NA,NA,NA,NA,1
4,164,1310,6,1,0,15,25,6,Gasoline,0
11,164,1310,6,2,0,20,20,7,Gasoline,0
19,164,1310,6,3,1,15,20,8,Gasoline,0
0,164,1310,6,4,0,NA,NA,NA,NA,1
71,164,1311,7,1,0,20,30,7,Electric,0
80,164,1311,7,2,0,20,30,8,Electric,0
66,164,1311,7,3,0,25,20,7,Electric,0
0,164,1311,7,4,1,NA,NA,NA,NA,1
81,164,1312,8,1,0,25,30,8,Electric,0
57,164,1312,8,2,0,25,20,6,Electric,0
4,164,1312,8,3,1,15,25,6,Gasoline,0
0,164,1312,8,4,0,NA,NA,NA,NA,1
5,165,1313,1,1,0,20,25,6,Gasoline,0
51,165,1313,1,2,0,25,25,8,Hybrid,0
8,165,1313,1,3,1,20,30,6,Gasoline,0
0,165,1313,1,4,0,NA,NA,NA,NA,1
40,165,1314,2,1,1,15,25,7,Hybrid,0
42,165,1314,2,2,0,25,25,7,Hybrid,0
79,165,1314,2,3,0,15,30,8,Electric,0
0,165,1314,2,4,0,NA,NA,NA,NA,1
58,165,1315,3,1,0,15,25,6,Electric,0
69,165,1315,3,2,0,25,25,7,Electric,0
7,165,1315,3,3,1,15,30,6,Gasoline,0
0,165,1315,3,4,0,NA,NA,NA,NA,1
42,165,1316,4,1,0,25,25,7,Hybrid,0
64,165,1316,4,2,1,15,20,7,Electric,0
72,165,1316,4,3,0,25,30,7,Electric,0
0,165,1316,4,4,0,NA,NA,NA,NA,1
74,165,1317,5,1,0,20,20,8,Electric,0
79,165,1317,5,2,0,15,30,8,Electric,0
61,165,1317,5,3,1,15,30,6,Electric,0
0,165,1317,5,4,0,NA,NA,NA,NA,1
32,165,1318,6,1,0,20,25,6,Hybrid,0
18,165,1318,6,2,0,25,30,7,Gasoline,0
4,165,1318,6,3,1,15,25,6,Gasoline,0
0,165,1318,6,4,0,NA,NA,NA,NA,1
57,165,1319,7,1,0,25,20,6,Electric,0
28,165,1319,7,2,1,15,20,6,Hybrid,0
3,165,1319,7,3,0,25,20,6,Gasoline,0
0,165,1319,7,4,0,NA,NA,NA,NA,1
10,165,1320,8,1,0,15,20,7,Gasoline,0
72,165,1320,8,2,0,25,30,7,Electric,0
19,165,1320,8,3,1,15,20,8,Gasoline,0
0,165,1320,8,4,0,NA,NA,NA,NA,1
74,166,1321,1,1,0,20,20,8,Electric,0
1,166,1321,1,2,1,15,20,6,Gasoline,0
48,166,1321,1,3,0,25,20,8,Hybrid,0
0,166,1321,1,4,0,NA,NA,NA,NA,1
27,166,1322,2,1,0,25,30,8,Gasoline,0
56,166,1322,2,2,1,20,20,6,Electric,0
48,166,1322,2,3,0,25,20,8,Hybrid,0
0,166,1322,2,4,0,NA,NA,NA,NA,1
77,166,1323,3,1,0,20,25,8,Electric,0
67,166,1323,3,2,0,15,25,7,Electric,0
47,166,1323,3,3,1,20,20,8,Hybrid,0
0,166,1323,3,4,0,NA,NA,NA,NA,1
29,166,1324,4,1,0,20,20,6,Hybrid,0
40,166,1324,4,2,1,15,25,7,Hybrid,0
27,166,1324,4,3,0,25,30,8,Gasoline,0
0,166,1324,4,4,0,NA,NA,NA,NA,1
64,166,1325,5,1,0,15,20,7,Electric,0
71,166,1325,5,2,0,20,30,7,Electric,0
50,166,1325,5,3,1,20,25,8,Hybrid,0
0,166,1325,5,4,0,NA,NA,NA,NA,1
43,166,1326,6,1,1,15,30,7,Hybrid,0
15,166,1326,6,2,0,25,25,7,Gasoline,0
80,166,1326,6,3,0,20,30,8,Electric,0
0,166,1326,6,4,0,NA,NA,NA,NA,1
2,166,1327,7,1,0,20,20,6,Gasoline,0
80,166,1327,7,2,0,20,30,8,Electric,0
49,166,1327,7,3,1,15,25,8,Hybrid,0
0,166,1327,7,4,0,NA,NA,NA,NA,1
61,166,1328,8,1,1,15,30,6,Electric,0
36,166,1328,8,2,0,25,30,6,Hybrid,0
58,166,1328,8,3,0,15,25,6,Electric,0
0,166,1328,8,4,0,NA,NA,NA,NA,1
47,167,1329,1,1,1,20,20,8,Hybrid,0
6,167,1329,1,2,0,25,25,6,Gasoline,0
81,167,1329,1,3,0,25,30,8,Electric,0
0,167,1329,1,4,0,NA,NA,NA,NA,1
40,167,1330,2,1,0,15,25,7,Hybrid,0
19,167,1330,2,2,0,15,20,8,Gasoline,0
34,167,1330,2,3,1,15,30,6,Hybrid,0
0,167,1330,2,4,0,NA,NA,NA,NA,1
32,167,1331,3,1,1,20,25,6,Hybrid,0
80,167,1331,3,2,0,20,30,8,Electric,0
15,167,1331,3,3,0,25,25,7,Gasoline,0
0,167,1331,3,4,0,NA,NA,NA,NA,1
56,167,1332,4,1,0,20,20,6,Electric,0
51,167,1332,4,2,0,25,25,8,Hybrid,0
58,167,1332,4,3,1,15,25,6,Electric,0
0,167,1332,4,4,0,NA,NA,NA,NA,1
55,167,1333,5,1,0,15,20,6,Electric,0
37,167,1333,5,2,1,15,20,7,Hybrid,0
63,167,1333,5,3,0,25,30,6,Electric,0
0,167,1333,5,4,0,NA,NA,NA,NA,1
6,167,1334,6,1,0,25,25,6,Gasoline,0
21,167,1334,6,2,0,25,20,8,Gasoline,0
36,167,1334,6,3,1,25,30,6,Hybrid,0
0,167,1334,6,4,0,NA,NA,NA,NA,1
51,167,1335,7,1,0,25,25,8,Hybrid,0
64,167,1335,7,2,1,15,20,7,Electric,0
13,167,1335,7,3,0,15,25,7,Gasoline,0
0,167,1335,7,4,0,NA,NA,NA,NA,1
15,167,1336,8,1,0,25,25,7,Gasoline,0
51,167,1336,8,2,0,25,25,8,Hybrid,0
34,167,1336,8,3,1,15,30,6,Hybrid,0
0,167,1336,8,4,0,NA,NA,NA,NA,1
27,168,1337,1,1,1,25,30,8,Gasoline,0
3,168,1337,1,2,0,25,20,6,Gasoline,0
69,168,1337,1,3,0,25,25,7,Electric,0
0,168,1337,1,4,0,NA,NA,NA,NA,1
71,168,1338,2,1,0,20,30,7,Electric,0
46,168,1338,2,2,1,15,20,8,Hybrid,0
60,168,1338,2,3,0,25,25,6,Electric,0
0,168,1338,2,4,0,NA,NA,NA,NA,1
3,168,1339,3,1,0,25,20,6,Gasoline,0
29,168,1339,3,2,1,20,20,6,Hybrid,0
27,168,1339,3,3,0,25,30,8,Gasoline,0
0,168,1339,3,4,0,NA,NA,NA,NA,1
63,168,1340,4,1,0,25,30,6,Electric,0
46,168,1340,4,2,1,15,20,8,Hybrid,0
70,168,1340,4,3,0,15,30,7,Electric,0
0,168,1340,4,4,0,NA,NA,NA,NA,1
74,168,1341,5,1,0,20,20,8,Electric,0
19,168,1341,5,2,0,15,20,8,Gasoline,0
22,168,1341,5,3,1,15,25,8,Gasoline,0
0,168,1341,5,4,0,NA,NA,NA,NA,1
37,168,1342,6,1,1,15,20,7,Hybrid,0
19,168,1342,6,2,0,15,20,8,Gasoline,0
36,168,1342,6,3,0,25,30,6,Hybrid,0
0,168,1342,6,4,0,NA,NA,NA,NA,1
24,168,1343,7,1,0,25,25,8,Gasoline,0
14,168,1343,7,2,1,20,25,7,Gasoline,0
33,168,1343,7,3,0,25,25,6,Hybrid,0
0,168,1343,7,4,0,NA,NA,NA,NA,1
31,168,1344,8,1,1,15,25,6,Hybrid,0
35,168,1344,8,2,0,20,30,6,Hybrid,0
45,168,1344,8,3,0,25,30,7,Hybrid,0
0,168,1344,8,4,0,NA,NA,NA,NA,1
53,169,1345,1,1,1,20,30,8,Hybrid,0
59,169,1345,1,2,0,20,25,6,Electric,0
9,169,1345,1,3,0,25,30,6,Gasoline,0
0,169,1345,1,4,0,NA,NA,NA,NA,1
58,169,1346,2,1,1,15,25,6,Electric,0
15,169,1346,2,2,0,25,25,7,Gasoline,0
57,169,1346,2,3,0,25,20,6,Electric,0
0,169,1346,2,4,0,NA,NA,NA,NA,1
49,169,1347,3,1,1,15,25,8,Hybrid,0
37,169,1347,3,2,0,15,20,7,Hybrid,0
39,169,1347,3,3,0,25,20,7,Hybrid,0
0,169,1347,3,4,0,NA,NA,NA,NA,1
81,169,1348,4,1,0,25,30,8,Electric,0
64,169,1348,4,2,0,15,20,7,Electric,0
55,169,1348,4,3,0,15,20,6,Electric,0
0,169,1348,4,4,1,NA,NA,NA,NA,1
60,169,1349,5,1,0,25,25,6,Electric,0
31,169,1349,5,2,1,15,25,6,Hybrid,0
27,169,1349,5,3,0,25,30,8,Gasoline,0
0,169,1349,5,4,0,NA,NA,NA,NA,1
7,169,1350,6,1,1,15,30,6,Gasoline,0
28,169,1350,6,2,0,15,20,6,Hybrid,0
8,169,1350,6,3,0,20,30,6,Gasoline,0
0,169,1350,6,4,0,NA,NA,NA,NA,1
62,169,1351,7,1,0,20,30,6,Electric,0
16,169,1351,7,2,0,15,30,7,Gasoline,0
43,169,1351,7,3,1,15,30,7,Hybrid,0
0,169,1351,7,4,0,NA,NA,NA,NA,1
66,169,1352,8,1,0,25,20,7,Electric,0
19,169,1352,8,2,0,15,20,8,Gasoline,0
20,169,1352,8,3,1,20,20,8,Gasoline,0
0,169,1352,8,4,0,NA,NA,NA,NA,1
49,170,1353,1,1,0,15,25,8,Hybrid,0
3,170,1353,1,2,0,25,20,6,Gasoline,0
28,170,1353,1,3,1,15,20,6,Hybrid,0
0,170,1353,1,4,0,NA,NA,NA,NA,1
44,170,1354,2,1,1,20,30,7,Hybrid,0
24,170,1354,2,2,0,25,25,8,Gasoline,0
55,170,1354,2,3,0,15,20,6,Electric,0
0,170,1354,2,4,0,NA,NA,NA,NA,1
48,170,1355,3,1,0,25,20,8,Hybrid,0
10,170,1355,3,2,1,15,20,7,Gasoline,0
49,170,1355,3,3,0,15,25,8,Hybrid,0
0,170,1355,3,4,0,NA,NA,NA,NA,1
77,170,1356,4,1,0,20,25,8,Electric,0
80,170,1356,4,2,0,20,30,8,Electric,0
33,170,1356,4,3,1,25,25,6,Hybrid,0
0,170,1356,4,4,0,NA,NA,NA,NA,1
60,170,1357,5,1,0,25,25,6,Electric,0
67,170,1357,5,2,1,15,25,7,Electric,0
9,170,1357,5,3,0,25,30,6,Gasoline,0
0,170,1357,5,4,0,NA,NA,NA,NA,1
32,170,1358,6,1,0,20,25,6,Hybrid,0
13,170,1358,6,2,1,15,25,7,Gasoline,0
74,170,1358,6,3,0,20,20,8,Electric,0
0,170,1358,6,4,0,NA,NA,NA,NA,1
66,170,1359,7,1,0,25,20,7,Electric,0
54,170,1359,7,2,0,25,30,8,Hybrid,0
29,170,1359,7,3,1,20,20,6,Hybrid,0
0,170,1359,7,4,0,NA,NA,NA,NA,1
12,170,1360,8,1,0,25,20,7,Gasoline,0
37,170,1360,8,2,1,15,20,7,Hybrid,0
47,170,1360,8,3,0,20,20,8,Hybrid,0
0,170,1360,8,4,0,NA,NA,NA,NA,1
44,171,1361,1,1,0,20,30,7,Hybrid,0
24,171,1361,1,2,0,25,25,8,Gasoline,0
49,171,1361,1,3,1,15,25,8,Hybrid,0
0,171,1361,1,4,0,NA,NA,NA,NA,1
47,171,1362,2,1,0,20,20,8,Hybrid,0
44,171,1362,2,2,1,20,30,7,Hybrid,0
79,171,1362,2,3,0,15,30,8,Electric,0
0,171,1362,2,4,0,NA,NA,NA,NA,1
78,171,1363,3,1,0,25,25,8,Electric,0
29,171,1363,3,2,1,20,20,6,Hybrid,0
24,171,1363,3,3,0,25,25,8,Gasoline,0
0,171,1363,3,4,0,NA,NA,NA,NA,1
24,171,1364,4,1,0,25,25,8,Gasoline,0
40,171,1364,4,2,1,15,25,7,Hybrid,0
69,171,1364,4,3,0,25,25,7,Electric,0
0,171,1364,4,4,0,NA,NA,NA,NA,1
9,171,1365,5,1,0,25,30,6,Gasoline,0
16,171,1365,5,2,1,15,30,7,Gasoline,0
6,171,1365,5,3,0,25,25,6,Gasoline,0
0,171,1365,5,4,0,NA,NA,NA,NA,1
44,171,1366,6,1,0,20,30,7,Hybrid,0
29,171,1366,6,2,0,20,20,6,Hybrid,0
49,171,1366,6,3,1,15,25,8,Hybrid,0
0,171,1366,6,4,0,NA,NA,NA,NA,1
38,171,1367,7,1,1,20,20,7,Hybrid,0
69,171,1367,7,2,0,25,25,7,Electric,0
15,171,1367,7,3,0,25,25,7,Gasoline,0
0,171,1367,7,4,0,NA,NA,NA,NA,1
62,171,1368,8,1,0,20,30,6,Electric,0
34,171,1368,8,2,1,15,30,6,Hybrid,0
73,171,1368,8,3,0,15,20,8,Electric,0
0,171,1368,8,4,0,NA,NA,NA,NA,1
57,172,1369,1,1,0,25,20,6,Electric,0
39,172,1369,1,2,0,25,20,7,Hybrid,0
32,172,1369,1,3,1,20,25,6,Hybrid,0
0,172,1369,1,4,0,NA,NA,NA,NA,1
14,172,1370,2,1,0,20,25,7,Gasoline,0
28,172,1370,2,2,1,15,20,6,Hybrid,0
62,172,1370,2,3,0,20,30,6,Electric,0
0,172,1370,2,4,0,NA,NA,NA,NA,1
57,172,1371,3,1,0,25,20,6,Electric,0
21,172,1371,3,2,0,25,20,8,Gasoline,0
24,172,1371,3,3,0,25,25,8,Gasoline,0
0,172,1371,3,4,1,NA,NA,NA,NA,1
69,172,1372,4,1,0,25,25,7,Electric,0
30,172,1372,4,2,0,25,20,6,Hybrid,0
49,172,1372,4,3,1,15,25,8,Hybrid,0
0,172,1372,4,4,0,NA,NA,NA,NA,1
15,172,1373,5,1,0,25,25,7,Gasoline,0
37,172,1373,5,2,1,15,20,7,Hybrid,0
57,172,1373,5,3,0,25,20,6,Electric,0
0,172,1373,5,4,0,NA,NA,NA,NA,1
25,172,1374,6,1,1,15,30,8,Gasoline,0
31,172,1374,6,2,0,15,25,6,Hybrid,0
55,172,1374,6,3,0,15,20,6,Electric,0
0,172,1374,6,4,0,NA,NA,NA,NA,1
22,172,1375,7,1,0,15,25,8,Gasoline,0
37,172,1375,7,2,1,15,20,7,Hybrid,0
18,172,1375,7,3,0,25,30,7,Gasoline,0
0,172,1375,7,4,0,NA,NA,NA,NA,1
40,172,1376,8,1,0,15,25,7,Hybrid,0
58,172,1376,8,2,0,15,25,6,Electric,0
47,172,1376,8,3,1,20,20,8,Hybrid,0
0,172,1376,8,4,0,NA,NA,NA,NA,1
14,173,1377,1,1,0,20,25,7,Gasoline,0
17,173,1377,1,2,1,20,30,7,Gasoline,0
3,173,1377,1,3,0,25,20,6,Gasoline,0
0,173,1377,1,4,0,NA,NA,NA,NA,1
41,173,1378,2,1,0,20,25,7,Hybrid,0
43,173,1378,2,2,1,15,30,7,Hybrid,0
46,173,1378,2,3,0,15,20,8,Hybrid,0
0,173,1378,2,4,0,NA,NA,NA,NA,1
76,173,1379,3,1,1,15,25,8,Electric,0
61,173,1379,3,2,0,15,30,6,Electric,0
56,173,1379,3,3,0,20,20,6,Electric,0
0,173,1379,3,4,0,NA,NA,NA,NA,1
65,173,1380,4,1,0,20,20,7,Electric,0
42,173,1380,4,2,0,25,25,7,Hybrid,0
58,173,1380,4,3,1,15,25,6,Electric,0
0,173,1380,4,4,0,NA,NA,NA,NA,1
16,173,1381,5,1,1,15,30,7,Gasoline,0
75,173,1381,5,2,0,25,20,8,Electric,0
51,173,1381,5,3,0,25,25,8,Hybrid,0
0,173,1381,5,4,0,NA,NA,NA,NA,1
35,173,1382,6,1,0,20,30,6,Hybrid,0
3,173,1382,6,2,0,25,20,6,Gasoline,0
53,173,1382,6,3,1,20,30,8,Hybrid,0
0,173,1382,6,4,0,NA,NA,NA,NA,1
56,173,1383,7,1,0,20,20,6,Electric,0
75,173,1383,7,2,0,25,20,8,Electric,0
42,173,1383,7,3,1,25,25,7,Hybrid,0
0,173,1383,7,4,0,NA,NA,NA,NA,1
57,173,1384,8,1,0,25,20,6,Electric,0
69,173,1384,8,2,0,25,25,7,Electric,0
44,173,1384,8,3,1,20,30,7,Hybrid,0
0,173,1384,8,4,0,NA,NA,NA,NA,1
81,174,1385,1,1,0,25,30,8,Electric,0
72,174,1385,1,2,0,25,30,7,Electric,0
79,174,1385,1,3,1,15,30,8,Electric,0
0,174,1385,1,4,0,NA,NA,NA,NA,1
22,174,1386,2,1,0,15,25,8,Gasoline,0
52,174,1386,2,2,1,15,30,8,Hybrid,0
75,174,1386,2,3,0,25,20,8,Electric,0
0,174,1386,2,4,0,NA,NA,NA,NA,1
45,174,1387,3,1,0,25,30,7,Hybrid,0
40,174,1387,3,2,1,15,25,7,Hybrid,0
70,174,1387,3,3,0,15,30,7,Electric,0
0,174,1387,3,4,0,NA,NA,NA,NA,1
39,174,1388,4,1,0,25,20,7,Hybrid,0
3,174,1388,4,2,0,25,20,6,Gasoline,0
46,174,1388,4,3,1,15,20,8,Hybrid,0
0,174,1388,4,4,0,NA,NA,NA,NA,1
66,174,1389,5,1,0,25,20,7,Electric,0
65,174,1389,5,2,0,20,20,7,Electric,0
80,174,1389,5,3,0,20,30,8,Electric,0
0,174,1389,5,4,1,NA,NA,NA,NA,1
38,174,1390,6,1,1,20,20,7,Hybrid,0
3,174,1390,6,2,0,25,20,6,Gasoline,0
66,174,1390,6,3,0,25,20,7,Electric,0
0,174,1390,6,4,0,NA,NA,NA,NA,1
39,174,1391,7,1,0,25,20,7,Hybrid,0
52,174,1391,7,2,0,15,30,8,Hybrid,0
7,174,1391,7,3,1,15,30,6,Gasoline,0
0,174,1391,7,4,0,NA,NA,NA,NA,1
17,174,1392,8,1,0,20,30,7,Gasoline,0
13,174,1392,8,2,1,15,25,7,Gasoline,0
69,174,1392,8,3,0,25,25,7,Electric,0
0,174,1392,8,4,0,NA,NA,NA,NA,1
64,175,1393,1,1,1,15,20,7,Electric,0
41,175,1393,1,2,0,20,25,7,Hybrid,0
60,175,1393,1,3,0,25,25,6,Electric,0
0,175,1393,1,4,0,NA,NA,NA,NA,1
61,175,1394,2,1,1,15,30,6,Electric,0
21,175,1394,2,2,0,25,20,8,Gasoline,0
14,175,1394,2,3,0,20,25,7,Gasoline,0
0,175,1394,2,4,0,NA,NA,NA,NA,1
51,175,1395,3,1,0,25,25,8,Hybrid,0
69,175,1395,3,2,0,25,25,7,Electric,0
68,175,1395,3,3,0,20,25,7,Electric,0
0,175,1395,3,4,1,NA,NA,NA,NA,1
56,175,1396,4,1,0,20,20,6,Electric,0
40,175,1396,4,2,1,15,25,7,Hybrid,0
42,175,1396,4,3,0,25,25,7,Hybrid,0
0,175,1396,4,4,0,NA,NA,NA,NA,1
2,175,1397,5,1,0,20,20,6,Gasoline,0
25,175,1397,5,2,1,15,30,8,Gasoline,0
47,175,1397,5,3,0,20,20,8,Hybrid,0
0,175,1397,5,4,0,NA,NA,NA,NA,1
81,175,1398,6,1,0,25,30,8,Electric,0
44,175,1398,6,2,1,20,30,7,Hybrid,0
72,175,1398,6,3,0,25,30,7,Electric,0
0,175,1398,6,4,0,NA,NA,NA,NA,1
46,175,1399,7,1,1,15,20,8,Hybrid,0
48,175,1399,7,2,0,25,20,8,Hybrid,0
45,175,1399,7,3,0,25,30,7,Hybrid,0
0,175,1399,7,4,0,NA,NA,NA,NA,1
79,175,1400,8,1,1,15,30,8,Electric,0
12,175,1400,8,2,0,25,20,7,Gasoline,0
80,175,1400,8,3,0,20,30,8,Electric,0
0,175,1400,8,4,0,NA,NA,NA,NA,1
50,176,1401,1,1,0,20,25,8,Hybrid,0
54,176,1401,1,2,0,25,30,8,Hybrid,0
49,176,1401,1,3,1,15,25,8,Hybrid,0
0,176,1401,1,4,0,NA,NA,NA,NA,1
77,176,1402,2,1,0,20,25,8,Electric,0
10,176,1402,2,2,1,15,20,7,Gasoline,0
66,176,1402,2,3,0,25,20,7,Electric,0
0,176,1402,2,4,0,NA,NA,NA,NA,1
21,176,1403,3,1,0,25,20,8,Gasoline,0
75,176,1403,3,2,0,25,20,8,Electric,0
54,176,1403,3,3,0,25,30,8,Hybrid,0
0,176,1403,3,4,1,NA,NA,NA,NA,1
25,176,1404,4,1,0,15,30,8,Gasoline,0
10,176,1404,4,2,1,15,20,7,Gasoline,0
4,176,1404,4,3,0,15,25,6,Gasoline,0
0,176,1404,4,4,0,NA,NA,NA,NA,1
19,176,1405,5,1,1,15,20,8,Gasoline,0
73,176,1405,5,2,0,15,20,8,Electric,0
64,176,1405,5,3,0,15,20,7,Electric,0
0,176,1405,5,4,0,NA,NA,NA,NA,1
24,176,1406,6,1,0,25,25,8,Gasoline,0
35,176,1406,6,2,0,20,30,6,Hybrid,0
76,176,1406,6,3,1,15,25,8,Electric,0
0,176,1406,6,4,0,NA,NA,NA,NA,1
57,176,1407,7,1,0,25,20,6,Electric,0
22,176,1407,7,2,1,15,25,8,Gasoline,0
32,176,1407,7,3,0,20,25,6,Hybrid,0
0,176,1407,7,4,0,NA,NA,NA,NA,1
6,176,1408,8,1,0,25,25,6,Gasoline,0
75,176,1408,8,2,0,25,20,8,Electric,0
10,176,1408,8,3,1,15,20,7,Gasoline,0
0,176,1408,8,4,0,NA,NA,NA,NA,1
44,177,1409,1,1,0,20,30,7,Hybrid,0
1,177,1409,1,2,1,15,20,6,Gasoline,0
20,177,1409,1,3,0,20,20,8,Gasoline,0
0,177,1409,1,4,0,NA,NA,NA,NA,1
32,177,1410,2,1,1,20,25,6,Hybrid,0
21,177,1410,2,2,0,25,20,8,Gasoline,0
48,177,1410,2,3,0,25,20,8,Hybrid,0
0,177,1410,2,4,0,NA,NA,NA,NA,1
53,177,1411,3,1,0,20,30,8,Hybrid,0
10,177,1411,3,2,1,15,20,7,Gasoline,0
32,177,1411,3,3,0,20,25,6,Hybrid,0
0,177,1411,3,4,0,NA,NA,NA,NA,1
73,177,1412,4,1,0,15,20,8,Electric,0
62,177,1412,4,2,1,20,30,6,Electric,0
67,177,1412,4,3,0,15,25,7,Electric,0
0,177,1412,4,4,0,NA,NA,NA,NA,1
16,177,1413,5,1,1,15,30,7,Gasoline,0
11,177,1413,5,2,0,20,20,7,Gasoline,0
50,177,1413,5,3,0,20,25,8,Hybrid,0
0,177,1413,5,4,0,NA,NA,NA,NA,1
14,177,1414,6,1,1,20,25,7,Gasoline,0
48,177,1414,6,2,0,25,20,8,Hybrid,0
27,177,1414,6,3,0,25,30,8,Gasoline,0
0,177,1414,6,4,0,NA,NA,NA,NA,1
23,177,1415,7,1,0,20,25,8,Gasoline,0
80,177,1415,7,2,0,20,30,8,Electric,0
14,177,1415,7,3,1,20,25,7,Gasoline,0
0,177,1415,7,4,0,NA,NA,NA,NA,1
2,177,1416,8,1,0,20,20,6,Gasoline,0
67,177,1416,8,2,0,15,25,7,Electric,0
16,177,1416,8,3,1,15,30,7,Gasoline,0
0,177,1416,8,4,0,NA,NA,NA,NA,1
17,178,1417,1,1,1,20,30,7,Gasoline,0
6,178,1417,1,2,0,25,25,6,Gasoline,0
47,178,1417,1,3,0,20,20,8,Hybrid,0
0,178,1417,1,4,0,NA,NA,NA,NA,1
42,178,1418,2,1,0,25,25,7,Hybrid,0
78,178,1418,2,2,0,25,25,8,Electric,0
14,178,1418,2,3,1,20,25,7,Gasoline,0
0,178,1418,2,4,0,NA,NA,NA,NA,1
3,178,1419,3,1,0,25,20,6,Gasoline,0
53,178,1419,3,2,1,20,30,8,Hybrid,0
35,178,1419,3,3,0,20,30,6,Hybrid,0
0,178,1419,3,4,0,NA,NA,NA,NA,1
33,178,1420,4,1,1,25,25,6,Hybrid,0
24,178,1420,4,2,0,25,25,8,Gasoline,0
77,178,1420,4,3,0,20,25,8,Electric,0
0,178,1420,4,4,0,NA,NA,NA,NA,1
25,178,1421,5,1,1,15,30,8,Gasoline,0
35,178,1421,5,2,0,20,30,6,Hybrid,0
23,178,1421,5,3,0,20,25,8,Gasoline,0
0,178,1421,5,4,0,NA,NA,NA,NA,1
25,178,1422,6,1,1,15,30,8,Gasoline,0
53,178,1422,6,2,0,20,30,8,Hybrid,0
41,178,1422,6,3,0,20,25,7,Hybrid,0
0,178,1422,6,4,0,NA,NA,NA,NA,1
70,178,1423,7,1,1,15,30,7,Electric,0
56,178,1423,7,2,0,20,20,6,Electric,0
20,178,1423,7,3,0,20,20,8,Gasoline,0
0,178,1423,7,4,0,NA,NA,NA,NA,1
27,178,1424,8,1,0,25,30,8,Gasoline,0
18,178,1424,8,2,0,25,30,7,Gasoline,0
67,178,1424,8,3,1,15,25,7,Electric,0
0,178,1424,8,4,0,NA,NA,NA,NA,1
73,179,1425,1,1,0,15,20,8,Electric,0
55,179,1425,1,2,1,15,20,6,Electric,0
75,179,1425,1,3,0,25,20,8,Electric,0
0,179,1425,1,4,0,NA,NA,NA,NA,1
6,179,1426,2,1,0,25,25,6,Gasoline,0
50,179,1426,2,2,1,20,25,8,Hybrid,0
24,179,1426,2,3,0,25,25,8,Gasoline,0
0,179,1426,2,4,0,NA,NA,NA,NA,1
17,179,1427,3,1,0,20,30,7,Gasoline,0
37,179,1427,3,2,0,15,20,7,Hybrid,0
22,179,1427,3,3,1,15,25,8,Gasoline,0
0,179,1427,3,4,0,NA,NA,NA,NA,1
81,179,1428,4,1,0,25,30,8,Electric,0
43,179,1428,4,2,1,15,30,7,Hybrid,0
18,179,1428,4,3,0,25,30,7,Gasoline,0
0,179,1428,4,4,0,NA,NA,NA,NA,1
48,179,1429,5,1,0,25,20,8,Hybrid,0
71,179,1429,5,2,1,20,30,7,Electric,0
39,179,1429,5,3,0,25,20,7,Hybrid,0
0,179,1429,5,4,0,NA,NA,NA,NA,1
58,179,1430,6,1,0,15,25,6,Electric,0
16,179,1430,6,2,1,15,30,7,Gasoline,0
27,179,1430,6,3,0,25,30,8,Gasoline,0
0,179,1430,6,4,0,NA,NA,NA,NA,1
79,179,1431,7,1,0,15,30,8,Electric,0
43,179,1431,7,2,1,15,30,7,Hybrid,0
24,179,1431,7,3,0,25,25,8,Gasoline,0
0,179,1431,7,4,0,NA,NA,NA,NA,1
2,179,1432,8,1,0,20,20,6,Gasoline,0
64,179,1432,8,2,0,15,20,7,Electric,0
43,179,1432,8,3,1,15,30,7,Hybrid,0
0,179,1432,8,4,0,NA,NA,NA,NA,1
51,180,1433,1,1,0,25,25,8,Hybrid,0
39,180,1433,1,2,1,25,20,7,Hybrid,0
68,180,1433,1,3,0,20,25,7,Electric,0
0,180,1433,1,4,0,NA,NA,NA,NA,1
45,180,1434,2,1,0,25,30,7,Hybrid,0
16,180,1434,2,2,1,15,30,7,Gasoline,0
81,180,1434,2,3,0,25,30,8,Electric,0
0,180,1434,2,4,0,NA,NA,NA,NA,1
40,180,1435,3,1,1,15,25,7,Hybrid,0
31,180,1435,3,2,0,15,25,6,Hybrid,0
65,180,1435,3,3,0,20,20,7,Electric,0
0,180,1435,3,4,0,NA,NA,NA,NA,1
79,180,1436,4,1,0,15,30,8,Electric,0
31,180,1436,4,2,0,15,25,6,Hybrid,0
49,180,1436,4,3,1,15,25,8,Hybrid,0
0,180,1436,4,4,0,NA,NA,NA,NA,1
33,180,1437,5,1,0,25,25,6,Hybrid,0
45,180,1437,5,2,0,25,30,7,Hybrid,0
68,180,1437,5,3,0,20,25,7,Electric,0
0,180,1437,5,4,1,NA,NA,NA,NA,1
41,180,1438,6,1,1,20,25,7,Hybrid,0
78,180,1438,6,2,0,25,25,8,Electric,0
20,180,1438,6,3,0,20,20,8,Gasoline,0
0,180,1438,6,4,0,NA,NA,NA,NA,1
58,180,1439,7,1,0,15,25,6,Electric,0
46,180,1439,7,2,1,15,20,8,Hybrid,0
54,180,1439,7,3,0,25,30,8,Hybrid,0
0,180,1439,7,4,0,NA,NA,NA,NA,1
17,180,1440,8,1,1,20,30,7,Gasoline,0
39,180,1440,8,2,0,25,20,7,Hybrid,0
66,180,1440,8,3,0,25,20,7,Electric,0
0,180,1440,8,4,0,NA,NA,NA,NA,1
48,181,1441,1,1,0,25,20,8,Hybrid,0
42,181,1441,1,2,0,25,25,7,Hybrid,0
37,181,1441,1,3,1,15,20,7,Hybrid,0
0,181,1441,1,4,0,NA,NA,NA,NA,1
31,181,1442,2,1,1,15,25,6,Hybrid,0
25,181,1442,2,2,0,15,30,8,Gasoline,0
7,181,1442,2,3,0,15,30,6,Gasoline,0
0,181,1442,2,4,0,NA,NA,NA,NA,1
7,181,1443,3,1,0,15,30,6,Gasoline,0
52,181,1443,3,2,1,15,30,8,Hybrid,0
71,181,1443,3,3,0,20,30,7,Electric,0
0,181,1443,3,4,0,NA,NA,NA,NA,1
60,181,1444,4,1,0,25,25,6,Electric,0
48,181,1444,4,2,0,25,20,8,Hybrid,0
34,181,1444,4,3,1,15,30,6,Hybrid,0
0,181,1444,4,4,0,NA,NA,NA,NA,1
70,181,1445,5,1,0,15,30,7,Electric,0
10,181,1445,5,2,1,15,20,7,Gasoline,0
58,181,1445,5,3,0,15,25,6,Electric,0
0,181,1445,5,4,0,NA,NA,NA,NA,1
62,181,1446,6,1,0,20,30,6,Electric,0
3,181,1446,6,2,0,25,20,6,Gasoline,0
44,181,1446,6,3,1,20,30,7,Hybrid,0
0,181,1446,6,4,0,NA,NA,NA,NA,1
38,181,1447,7,1,0,20,20,7,Hybrid,0
55,181,1447,7,2,1,15,20,6,Electric,0
9,181,1447,7,3,0,25,30,6,Gasoline,0
0,181,1447,7,4,0,NA,NA,NA,NA,1
67,181,1448,8,1,1,15,25,7,Electric,0
50,181,1448,8,2,0,20,25,8,Hybrid,0
60,181,1448,8,3,0,25,25,6,Electric,0
0,181,1448,8,4,0,NA,NA,NA,NA,1
20,182,1449,1,1,0,20,20,8,Gasoline,0
25,182,1449,1,2,1,15,30,8,Gasoline,0
80,182,1449,1,3,0,20,30,8,Electric,0
0,182,1449,1,4,0,NA,NA,NA,NA,1
45,182,1450,2,1,0,25,30,7,Hybrid,0
64,182,1450,2,2,0,15,20,7,Electric,0
5,182,1450,2,3,1,20,25,6,Gasoline,0
0,182,1450,2,4,0,NA,NA,NA,NA,1
27,182,1451,3,1,0,25,30,8,Gasoline,0
12,182,1451,3,2,0,25,20,7,Gasoline,0
1,182,1451,3,3,1,15,20,6,Gasoline,0
0,182,1451,3,4,0,NA,NA,NA,NA,1
36,182,1452,4,1,0,25,30,6,Hybrid,0
44,182,1452,4,2,1,20,30,7,Hybrid,0
60,182,1452,4,3,0,25,25,6,Electric,0
0,182,1452,4,4,0,NA,NA,NA,NA,1
5,182,1453,5,1,1,20,25,6,Gasoline,0
23,182,1453,5,2,0,20,25,8,Gasoline,0
74,182,1453,5,3,0,20,20,8,Electric,0
0,182,1453,5,4,0,NA,NA,NA,NA,1
11,182,1454,6,1,1,20,20,7,Gasoline,0
48,182,1454,6,2,0,25,20,8,Hybrid,0
23,182,1454,6,3,0,20,25,8,Gasoline,0
0,182,1454,6,4,0,NA,NA,NA,NA,1
16,182,1455,7,1,1,15,30,7,Gasoline,0
60,182,1455,7,2,0,25,25,6,Electric,0
59,182,1455,7,3,0,20,25,6,Electric,0
0,182,1455,7,4,0,NA,NA,NA,NA,1
29,182,1456,8,1,0,20,20,6,Hybrid,0
43,182,1456,8,2,0,15,30,7,Hybrid,0
19,182,1456,8,3,1,15,20,8,Gasoline,0
0,182,1456,8,4,0,NA,NA,NA,NA,1
7,183,1457,1,1,0,15,30,6,Gasoline,0
67,183,1457,1,2,0,15,25,7,Electric,0
49,183,1457,1,3,1,15,25,8,Hybrid,0
0,183,1457,1,4,0,NA,NA,NA,NA,1
63,183,1458,2,1,0,25,30,6,Electric,0
78,183,1458,2,2,0,25,25,8,Electric,0
77,183,1458,2,3,0,20,25,8,Electric,0
0,183,1458,2,4,1,NA,NA,NA,NA,1
78,183,1459,3,1,0,25,25,8,Electric,0
75,183,1459,3,2,0,25,20,8,Electric,0
18,183,1459,3,3,0,25,30,7,Gasoline,0
0,183,1459,3,4,1,NA,NA,NA,NA,1
10,183,1460,4,1,0,15,20,7,Gasoline,0
3,183,1460,4,2,0,25,20,6,Gasoline,0
31,183,1460,4,3,1,15,25,6,Hybrid,0
0,183,1460,4,4,0,NA,NA,NA,NA,1
35,183,1461,5,1,0,20,30,6,Hybrid,0
22,183,1461,5,2,1,15,25,8,Gasoline,0
12,183,1461,5,3,0,25,20,7,Gasoline,0
0,183,1461,5,4,0,NA,NA,NA,NA,1
27,183,1462,6,1,0,25,30,8,Gasoline,0
78,183,1462,6,2,0,25,25,8,Electric,0
47,183,1462,6,3,1,20,20,8,Hybrid,0
0,183,1462,6,4,0,NA,NA,NA,NA,1
51,183,1463,7,1,0,25,25,8,Hybrid,0
50,183,1463,7,2,0,20,25,8,Hybrid,0
23,183,1463,7,3,1,20,25,8,Gasoline,0
0,183,1463,7,4,0,NA,NA,NA,NA,1
56,183,1464,8,1,0,20,20,6,Electric,0
68,183,1464,8,2,0,20,25,7,Electric,0
74,183,1464,8,3,0,20,20,8,Electric,0
0,183,1464,8,4,1,NA,NA,NA,NA,1
38,184,1465,1,1,0,20,20,7,Hybrid,0
6,184,1465,1,2,0,25,25,6,Gasoline,0
19,184,1465,1,3,1,15,20,8,Gasoline,0
0,184,1465,1,4,0,NA,NA,NA,NA,1
58,184,1466,2,1,0,15,25,6,Electric,0
46,184,1466,2,2,1,15,20,8,Hybrid,0
6,184,1466,2,3,0,25,25,6,Gasoline,0
0,184,1466,2,4,0,NA,NA,NA,NA,1
18,184,1467,3,1,0,25,30,7,Gasoline,0
57,184,1467,3,2,0,25,20,6,Electric,0
3,184,1467,3,3,0,25,20,6,Gasoline,0
0,184,1467,3,4,1,NA,NA,NA,NA,1
17,184,1468,4,1,1,20,30,7,Gasoline,0
6,184,1468,4,2,0,25,25,6,Gasoline,0
56,184,1468,4,3,0,20,20,6,Electric,0
0,184,1468,4,4,0,NA,NA,NA,NA,1
71,184,1469,5,1,0,20,30,7,Electric,0
36,184,1469,5,2,0,25,30,6,Hybrid,0
1,184,1469,5,3,1,15,20,6,Gasoline,0
0,184,1469,5,4,0,NA,NA,NA,NA,1
72,184,1470,6,1,0,25,30,7,Electric,0
50,184,1470,6,2,1,20,25,8,Hybrid,0
73,184,1470,6,3,0,15,20,8,Electric,0
0,184,1470,6,4,0,NA,NA,NA,NA,1
30,184,1471,7,1,0,25,20,6,Hybrid,0
33,184,1471,7,2,0,25,25,6,Hybrid,0
66,184,1471,7,3,0,25,20,7,Electric,0
0,184,1471,7,4,1,NA,NA,NA,NA,1
24,184,1472,8,1,0,25,25,8,Gasoline,0
17,184,1472,8,2,0,20,30,7,Gasoline,0
44,184,1472,8,3,1,20,30,7,Hybrid,0
0,184,1472,8,4,0,NA,NA,NA,NA,1
23,185,1473,1,1,1,20,25,8,Gasoline,0
80,185,1473,1,2,0,20,30,8,Electric,0
20,185,1473,1,3,0,20,20,8,Gasoline,0
0,185,1473,1,4,0,NA,NA,NA,NA,1
7,185,1474,2,1,1,15,30,6,Gasoline,0
8,185,1474,2,2,0,20,30,6,Gasoline,0
13,185,1474,2,3,0,15,25,7,Gasoline,0
0,185,1474,2,4,0,NA,NA,NA,NA,1
12,185,1475,3,1,0,25,20,7,Gasoline,0
74,185,1475,3,2,0,20,20,8,Electric,0
11,185,1475,3,3,1,20,20,7,Gasoline,0
0,185,1475,3,4,0,NA,NA,NA,NA,1
31,185,1476,4,1,1,15,25,6,Hybrid,0
6,185,1476,4,2,0,25,25,6,Gasoline,0
72,185,1476,4,3,0,25,30,7,Electric,0
0,185,1476,4,4,0,NA,NA,NA,NA,1
36,185,1477,5,1,0,25,30,6,Hybrid,0
65,185,1477,5,2,0,20,20,7,Electric,0
25,185,1477,5,3,1,15,30,8,Gasoline,0
0,185,1477,5,4,0,NA,NA,NA,NA,1
40,185,1478,6,1,1,15,25,7,Hybrid,0
56,185,1478,6,2,0,20,20,6,Electric,0
80,185,1478,6,3,0,20,30,8,Electric,0
0,185,1478,6,4,0,NA,NA,NA,NA,1
28,185,1479,7,1,1,15,20,6,Hybrid,0
73,185,1479,7,2,0,15,20,8,Electric,0
57,185,1479,7,3,0,25,20,6,Electric,0
0,185,1479,7,4,0,NA,NA,NA,NA,1
50,185,1480,8,1,0,20,25,8,Hybrid,0
4,185,1480,8,2,1,15,25,6,Gasoline,0
63,185,1480,8,3,0,25,30,6,Electric,0
0,185,1480,8,4,0,NA,NA,NA,NA,1
43,186,1481,1,1,1,15,30,7,Hybrid,0
44,186,1481,1,2,0,20,30,7,Hybrid,0
74,186,1481,1,3,0,20,20,8,Electric,0
0,186,1481,1,4,0,NA,NA,NA,NA,1
10,186,1482,2,1,1,15,20,7,Gasoline,0
18,186,1482,2,2,0,25,30,7,Gasoline,0
50,186,1482,2,3,0,20,25,8,Hybrid,0
0,186,1482,2,4,0,NA,NA,NA,NA,1
33,186,1483,3,1,0,25,25,6,Hybrid,0
15,186,1483,3,2,0,25,25,7,Gasoline,0
16,186,1483,3,3,1,15,30,7,Gasoline,0
0,186,1483,3,4,0,NA,NA,NA,NA,1
61,186,1484,4,1,0,15,30,6,Electric,0
4,186,1484,4,2,1,15,25,6,Gasoline,0
18,186,1484,4,3,0,25,30,7,Gasoline,0
0,186,1484,4,4,0,NA,NA,NA,NA,1
52,186,1485,5,1,1,15,30,8,Hybrid,0
57,186,1485,5,2,0,25,20,6,Electric,0
75,186,1485,5,3,0,25,20,8,Electric,0
0,186,1485,5,4,0,NA,NA,NA,NA,1
19,186,1486,6,1,1,15,20,8,Gasoline,0
26,186,1486,6,2,0,20,30,8,Gasoline,0
39,186,1486,6,3,0,25,20,7,Hybrid,0
0,186,1486,6,4,0,NA,NA,NA,NA,1
9,186,1487,7,1,0,25,30,6,Gasoline,0
28,186,1487,7,2,1,15,20,6,Hybrid,0
29,186,1487,7,3,0,20,20,6,Hybrid,0
0,186,1487,7,4,0,NA,NA,NA,NA,1
49,186,1488,8,1,1,15,25,8,Hybrid,0
4,186,1488,8,2,0,15,25,6,Gasoline,0
51,186,1488,8,3,0,25,25,8,Hybrid,0
0,186,1488,8,4,0,NA,NA,NA,NA,1
24,187,1489,1,1,0,25,25,8,Gasoline,0
73,187,1489,1,2,1,15,20,8,Electric,0
71,187,1489,1,3,0,20,30,7,Electric,0
0,187,1489,1,4,0,NA,NA,NA,NA,1
71,187,1490,2,1,0,20,30,7,Electric,0
19,187,1490,2,2,1,15,20,8,Gasoline,0
29,187,1490,2,3,0,20,20,6,Hybrid,0
0,187,1490,2,4,0,NA,NA,NA,NA,1
70,187,1491,3,1,1,15,30,7,Electric,0
20,187,1491,3,2,0,20,20,8,Gasoline,0
36,187,1491,3,3,0,25,30,6,Hybrid,0
0,187,1491,3,4,0,NA,NA,NA,NA,1
76,187,1492,4,1,1,15,25,8,Electric,0
6,187,1492,4,2,0,25,25,6,Gasoline,0
80,187,1492,4,3,0,20,30,8,Electric,0
0,187,1492,4,4,0,NA,NA,NA,NA,1
38,187,1493,5,1,0,20,20,7,Hybrid,0
58,187,1493,5,2,0,15,25,6,Electric,0
40,187,1493,5,3,1,15,25,7,Hybrid,0
0,187,1493,5,4,0,NA,NA,NA,NA,1
57,187,1494,6,1,0,25,20,6,Electric,0
33,187,1494,6,2,1,25,25,6,Hybrid,0
69,187,1494,6,3,0,25,25,7,Electric,0
0,187,1494,6,4,0,NA,NA,NA,NA,1
39,187,1495,7,1,0,25,20,7,Hybrid,0
64,187,1495,7,2,1,15,20,7,Electric,0
57,187,1495,7,3,0,25,20,6,Electric,0
0,187,1495,7,4,0,NA,NA,NA,NA,1
8,187,1496,8,1,1,20,30,6,Gasoline,0
43,187,1496,8,2,0,15,30,7,Hybrid,0
81,187,1496,8,3,0,25,30,8,Electric,0
0,187,1496,8,4,0,NA,NA,NA,NA,1
26,188,1497,1,1,0,20,30,8,Gasoline,0
79,188,1497,1,2,0,15,30,8,Electric,0
27,188,1497,1,3,0,25,30,8,Gasoline,0
0,188,1497,1,4,1,NA,NA,NA,NA,1
74,188,1498,2,1,0,20,20,8,Electric,0
11,188,1498,2,2,0,20,20,7,Gasoline,0
44,188,1498,2,3,1,20,30,7,Hybrid,0
0,188,1498,2,4,0,NA,NA,NA,NA,1
76,188,1499,3,1,0,15,25,8,Electric,0
28,188,1499,3,2,1,15,20,6,Hybrid,0
62,188,1499,3,3,0,20,30,6,Electric,0
0,188,1499,3,4,0,NA,NA,NA,NA,1
73,188,1500,4,1,0,15,20,8,Electric,0
34,188,1500,4,2,1,15,30,6,Hybrid,0
18,188,1500,4,3,0,25,30,7,Gasoline,0
0,188,1500,4,4,0,NA,NA,NA,NA,1
53,188,1501,5,1,1,20,30,8,Hybrid,0
38,188,1501,5,2,0,20,20,7,Hybrid,0
73,188,1501,5,3,0,15,20,8,Electric,0
0,188,1501,5,4,0,NA,NA,NA,NA,1
23,188,1502,6,1,0,20,25,8,Gasoline,0
41,188,1502,6,2,1,20,25,7,Hybrid,0
61,188,1502,6,3,0,15,30,6,Electric,0
0,188,1502,6,4,0,NA,NA,NA,NA,1
44,188,1503,7,1,1,20,30,7,Hybrid,0
57,188,1503,7,2,0,25,20,6,Electric,0
67,188,1503,7,3,0,15,25,7,Electric,0
0,188,1503,7,4,0,NA,NA,NA,NA,1
78,188,1504,8,1,0,25,25,8,Electric,0
69,188,1504,8,2,0,25,25,7,Electric,0
23,188,1504,8,3,1,20,25,8,Gasoline,0
0,188,1504,8,4,0,NA,NA,NA,NA,1
46,189,1505,1,1,0,15,20,8,Hybrid,0
22,189,1505,1,2,1,15,25,8,Gasoline,0
23,189,1505,1,3,0,20,25,8,Gasoline,0
0,189,1505,1,4,0,NA,NA,NA,NA,1
52,189,1506,2,1,1,15,30,8,Hybrid,0
71,189,1506,2,2,0,20,30,7,Electric,0
12,189,1506,2,3,0,25,20,7,Gasoline,0
0,189,1506,2,4,0,NA,NA,NA,NA,1
80,189,1507,3,1,0,20,30,8,Electric,0
12,189,1507,3,2,0,25,20,7,Gasoline,0
44,189,1507,3,3,1,20,30,7,Hybrid,0
0,189,1507,3,4,0,NA,NA,NA,NA,1
29,189,1508,4,1,1,20,20,6,Hybrid,0
3,189,1508,4,2,0,25,20,6,Gasoline,0
33,189,1508,4,3,0,25,25,6,Hybrid,0
0,189,1508,4,4,0,NA,NA,NA,NA,1
80,189,1509,5,1,0,20,30,8,Electric,0
66,189,1509,5,2,0,25,20,7,Electric,0
78,189,1509,5,3,0,25,25,8,Electric,0
0,189,1509,5,4,1,NA,NA,NA,NA,1
15,189,1510,6,1,0,25,25,7,Gasoline,0
27,189,1510,6,2,0,25,30,8,Gasoline,0
61,189,1510,6,3,1,15,30,6,Electric,0
0,189,1510,6,4,0,NA,NA,NA,NA,1
72,189,1511,7,1,0,25,30,7,Electric,0
29,189,1511,7,2,1,20,20,6,Hybrid,0
48,189,1511,7,3,0,25,20,8,Hybrid,0
0,189,1511,7,4,0,NA,NA,NA,NA,1
32,189,1512,8,1,1,20,25,6,Hybrid,0
59,189,1512,8,2,0,20,25,6,Electric,0
81,189,1512,8,3,0,25,30,8,Electric,0
0,189,1512,8,4,0,NA,NA,NA,NA,1
11,190,1513,1,1,0,20,20,7,Gasoline,0
53,190,1513,1,2,1,20,30,8,Hybrid,0
33,190,1513,1,3,0,25,25,6,Hybrid,0
0,190,1513,1,4,0,NA,NA,NA,NA,1
4,190,1514,2,1,0,15,25,6,Gasoline,0
2,190,1514,2,2,0,20,20,6,Gasoline,0
7,190,1514,2,3,1,15,30,6,Gasoline,0
0,190,1514,2,4,0,NA,NA,NA,NA,1
4,190,1515,3,1,1,15,25,6,Gasoline,0
80,190,1515,3,2,0,20,30,8,Electric,0
70,190,1515,3,3,0,15,30,7,Electric,0
0,190,1515,3,4,0,NA,NA,NA,NA,1
57,190,1516,4,1,0,25,20,6,Electric,0
17,190,1516,4,2,1,20,30,7,Gasoline,0
79,190,1516,4,3,0,15,30,8,Electric,0
0,190,1516,4,4,0,NA,NA,NA,NA,1
34,190,1517,5,1,1,15,30,6,Hybrid,0
74,190,1517,5,2,0,20,20,8,Electric,0
18,190,1517,5,3,0,25,30,7,Gasoline,0
0,190,1517,5,4,0,NA,NA,NA,NA,1
24,190,1518,6,1,0,25,25,8,Gasoline,0
19,190,1518,6,2,1,15,20,8,Gasoline,0
41,190,1518,6,3,0,20,25,7,Hybrid,0
0,190,1518,6,4,0,NA,NA,NA,NA,1
24,190,1519,7,1,0,25,25,8,Gasoline,0
41,190,1519,7,2,0,20,25,7,Hybrid,0
40,190,1519,7,3,1,15,25,7,Hybrid,0
0,190,1519,7,4,0,NA,NA,NA,NA,1
18,190,1520,8,1,0,25,30,7,Gasoline,0
24,190,1520,8,2,0,25,25,8,Gasoline,0
78,190,1520,8,3,0,25,25,8,Electric,0
0,190,1520,8,4,1,NA,NA,NA,NA,1
18,191,1521,1,1,0,25,30,7,Gasoline,0
43,191,1521,1,2,1,15,30,7,Hybrid,0
9,191,1521,1,3,0,25,30,6,Gasoline,0
0,191,1521,1,4,0,NA,NA,NA,NA,1
4,191,1522,2,1,1,15,25,6,Gasoline,0
71,191,1522,2,2,0,20,30,7,Electric,0
57,191,1522,2,3,0,25,20,6,Electric,0
0,191,1522,2,4,0,NA,NA,NA,NA,1
20,191,1523,3,1,0,20,20,8,Gasoline,0
39,191,1523,3,2,0,25,20,7,Hybrid,0
64,191,1523,3,3,0,15,20,7,Electric,0
0,191,1523,3,4,1,NA,NA,NA,NA,1
69,191,1524,4,1,0,25,25,7,Electric,0
66,191,1524,4,2,0,25,20,7,Electric,0
81,191,1524,4,3,0,25,30,8,Electric,0
0,191,1524,4,4,1,NA,NA,NA,NA,1
27,191,1525,5,1,0,25,30,8,Gasoline,0
2,191,1525,5,2,0,20,20,6,Gasoline,0
34,191,1525,5,3,1,15,30,6,Hybrid,0
0,191,1525,5,4,0,NA,NA,NA,NA,1
37,191,1526,6,1,0,15,20,7,Hybrid,0
16,191,1526,6,2,1,15,30,7,Gasoline,0
2,191,1526,6,3,0,20,20,6,Gasoline,0
0,191,1526,6,4,0,NA,NA,NA,NA,1
59,191,1527,7,1,0,20,25,6,Electric,0
79,191,1527,7,2,0,15,30,8,Electric,0
47,191,1527,7,3,1,20,20,8,Hybrid,0
0,191,1527,7,4,0,NA,NA,NA,NA,1
47,191,1528,8,1,0,20,20,8,Hybrid,0
67,191,1528,8,2,0,15,25,7,Electric,0
43,191,1528,8,3,1,15,30,7,Hybrid,0
0,191,1528,8,4,0,NA,NA,NA,NA,1
6,192,1529,1,1,0,25,25,6,Gasoline,0
61,192,1529,1,2,0,15,30,6,Electric,0
34,192,1529,1,3,1,15,30,6,Hybrid,0
0,192,1529,1,4,0,NA,NA,NA,NA,1
32,192,1530,2,1,0,20,25,6,Hybrid,0
20,192,1530,2,2,0,20,20,8,Gasoline,0
1,192,1530,2,3,1,15,20,6,Gasoline,0
0,192,1530,2,4,0,NA,NA,NA,NA,1
21,192,1531,3,1,0,25,20,8,Gasoline,0
66,192,1531,3,2,0,25,20,7,Electric,0
3,192,1531,3,3,0,25,20,6,Gasoline,0
0,192,1531,3,4,1,NA,NA,NA,NA,1
20,192,1532,4,1,0,20,20,8,Gasoline,0
49,192,1532,4,2,1,15,25,8,Hybrid,0
60,192,1532,4,3,0,25,25,6,Electric,0
0,192,1532,4,4,0,NA,NA,NA,NA,1
79,192,1533,5,1,1,15,30,8,Electric,0
59,192,1533,5,2,0,20,25,6,Electric,0
63,192,1533,5,3,0,25,30,6,Electric,0
0,192,1533,5,4,0,NA,NA,NA,NA,1
26,192,1534,6,1,1,20,30,8,Gasoline,0
44,192,1534,6,2,0,20,30,7,Hybrid,0
76,192,1534,6,3,0,15,25,8,Electric,0
0,192,1534,6,4,0,NA,NA,NA,NA,1
53,192,1535,7,1,0,20,30,8,Hybrid,0
40,192,1535,7,2,1,15,25,7,Hybrid,0
41,192,1535,7,3,0,20,25,7,Hybrid,0
0,192,1535,7,4,0,NA,NA,NA,NA,1
30,192,1536,8,1,0,25,20,6,Hybrid,0
72,192,1536,8,2,0,25,30,7,Electric,0
45,192,1536,8,3,1,25,30,7,Hybrid,0
0,192,1536,8,4,0,NA,NA,NA,NA,1
9,193,1537,1,1,1,25,30,6,Gasoline,0
29,193,1537,1,2,0,20,20,6,Hybrid,0
69,193,1537,1,3,0,25,25,7,Electric,0
0,193,1537,1,4,0,NA,NA,NA,NA,1
47,193,1538,2,1,1,20,20,8,Hybrid,0
68,193,1538,2,2,0,20,25,7,Electric,0
64,193,1538,2,3,0,15,20,7,Electric,0
0,193,1538,2,4,0,NA,NA,NA,NA,1
55,193,1539,3,1,0,15,20,6,Electric,0
50,193,1539,3,2,1,20,25,8,Hybrid,0
29,193,1539,3,3,0,20,20,6,Hybrid,0
0,193,1539,3,4,0,NA,NA,NA,NA,1
68,193,1540,4,1,0,20,25,7,Electric,0
57,193,1540,4,2,0,25,20,6,Electric,0
69,193,1540,4,3,0,25,25,7,Electric,0
0,193,1540,4,4,1,NA,NA,NA,NA,1
20,193,1541,5,1,0,20,20,8,Gasoline,0
74,193,1541,5,2,0,20,20,8,Electric,0
28,193,1541,5,3,1,15,20,6,Hybrid,0
0,193,1541,5,4,0,NA,NA,NA,NA,1
75,193,1542,6,1,0,25,20,8,Electric,0
13,193,1542,6,2,1,15,25,7,Gasoline,0
55,193,1542,6,3,0,15,20,6,Electric,0
0,193,1542,6,4,0,NA,NA,NA,NA,1
39,193,1543,7,1,0,25,20,7,Hybrid,0
79,193,1543,7,2,1,15,30,8,Electric,0
74,193,1543,7,3,0,20,20,8,Electric,0
0,193,1543,7,4,0,NA,NA,NA,NA,1
44,193,1544,8,1,0,20,30,7,Hybrid,0
25,193,1544,8,2,1,15,30,8,Gasoline,0
26,193,1544,8,3,0,20,30,8,Gasoline,0
0,193,1544,8,4,0,NA,NA,NA,NA,1
80,194,1545,1,1,0,20,30,8,Electric,0
50,194,1545,1,2,1,20,25,8,Hybrid,0
66,194,1545,1,3,0,25,20,7,Electric,0
0,194,1545,1,4,0,NA,NA,NA,NA,1
40,194,1546,2,1,1,15,25,7,Hybrid,0
10,194,1546,2,2,0,15,20,7,Gasoline,0
58,194,1546,2,3,0,15,25,6,Electric,0
0,194,1546,2,4,0,NA,NA,NA,NA,1
77,194,1547,3,1,0,20,25,8,Electric,0
45,194,1547,3,2,0,25,30,7,Hybrid,0
7,194,1547,3,3,1,15,30,6,Gasoline,0
0,194,1547,3,4,0,NA,NA,NA,NA,1
46,194,1548,4,1,1,15,20,8,Hybrid,0
6,194,1548,4,2,0,25,25,6,Gasoline,0
71,194,1548,4,3,0,20,30,7,Electric,0
0,194,1548,4,4,0,NA,NA,NA,NA,1
19,194,1549,5,1,1,15,20,8,Gasoline,0
23,194,1549,5,2,0,20,25,8,Gasoline,0
51,194,1549,5,3,0,25,25,8,Hybrid,0
0,194,1549,5,4,0,NA,NA,NA,NA,1
15,194,1550,6,1,0,25,25,7,Gasoline,0
13,194,1550,6,2,1,15,25,7,Gasoline,0
55,194,1550,6,3,0,15,20,6,Electric,0
0,194,1550,6,4,0,NA,NA,NA,NA,1
31,194,1551,7,1,1,15,25,6,Hybrid,0
59,194,1551,7,2,0,20,25,6,Electric,0
60,194,1551,7,3,0,25,25,6,Electric,0
0,194,1551,7,4,0,NA,NA,NA,NA,1
10,194,1552,8,1,1,15,20,7,Gasoline,0
76,194,1552,8,2,0,15,25,8,Electric,0
3,194,1552,8,3,0,25,20,6,Gasoline,0
0,194,1552,8,4,0,NA,NA,NA,NA,1
55,195,1553,1,1,0,15,20,6,Electric,0
29,195,1553,1,2,1,20,20,6,Hybrid,0
2,195,1553,1,3,0,20,20,6,Gasoline,0
0,195,1553,1,4,0,NA,NA,NA,NA,1
10,195,1554,2,1,1,15,20,7,Gasoline,0
73,195,1554,2,2,0,15,20,8,Electric,0
68,195,1554,2,3,0,20,25,7,Electric,0
0,195,1554,2,4,0,NA,NA,NA,NA,1
63,195,1555,3,1,0,25,30,6,Electric,0
11,195,1555,3,2,1,20,20,7,Gasoline,0
64,195,1555,3,3,0,15,20,7,Electric,0
0,195,1555,3,4,0,NA,NA,NA,NA,1
13,195,1556,4,1,1,15,25,7,Gasoline,0
17,195,1556,4,2,0,20,30,7,Gasoline,0
62,195,1556,4,3,0,20,30,6,Electric,0
0,195,1556,4,4,0,NA,NA,NA,NA,1
80,195,1557,5,1,0,20,30,8,Electric,0
46,195,1557,5,2,0,15,20,8,Hybrid,0
7,195,1557,5,3,1,15,30,6,Gasoline,0
0,195,1557,5,4,0,NA,NA,NA,NA,1
32,195,1558,6,1,1,20,25,6,Hybrid,0
71,195,1558,6,2,0,20,30,7,Electric,0
58,195,1558,6,3,0,15,25,6,Electric,0
0,195,1558,6,4,0,NA,NA,NA,NA,1
36,195,1559,7,1,0,25,30,6,Hybrid,0
11,195,1559,7,2,0,20,20,7,Gasoline,0
43,195,1559,7,3,1,15,30,7,Hybrid,0
0,195,1559,7,4,0,NA,NA,NA,NA,1
64,195,1560,8,1,0,15,20,7,Electric,0
53,195,1560,8,2,1,20,30,8,Hybrid,0
66,195,1560,8,3,0,25,20,7,Electric,0
0,195,1560,8,4,0,NA,NA,NA,NA,1
27,196,1561,1,1,0,25,30,8,Gasoline,0
13,196,1561,1,2,1,15,25,7,Gasoline,0
69,196,1561,1,3,0,25,25,7,Electric,0
0,196,1561,1,4,0,NA,NA,NA,NA,1
54,196,1562,2,1,1,25,30,8,Hybrid,0
56,196,1562,2,2,0,20,20,6,Electric,0
66,196,1562,2,3,0,25,20,7,Electric,0
0,196,1562,2,4,0,NA,NA,NA,NA,1
64,196,1563,3,1,0,15,20,7,Electric,0
36,196,1563,3,2,0,25,30,6,Hybrid,0
49,196,1563,3,3,1,15,25,8,Hybrid,0
0,196,1563,3,4,0,NA,NA,NA,NA,1
64,196,1564,4,1,0,15,20,7,Electric,0
26,196,1564,4,2,0,20,30,8,Gasoline,0
1,196,1564,4,3,1,15,20,6,Gasoline,0
0,196,1564,4,4,0,NA,NA,NA,NA,1
56,196,1565,5,1,0,20,20,6,Electric,0
80,196,1565,5,2,0,20,30,8,Electric,0
42,196,1565,5,3,1,25,25,7,Hybrid,0
0,196,1565,5,4,0,NA,NA,NA,NA,1
79,196,1566,6,1,0,15,30,8,Electric,0
11,196,1566,6,2,0,20,20,7,Gasoline,0
31,196,1566,6,3,1,15,25,6,Hybrid,0
0,196,1566,6,4,0,NA,NA,NA,NA,1
62,196,1567,7,1,0,20,30,6,Electric,0
35,196,1567,7,2,1,20,30,6,Hybrid,0
66,196,1567,7,3,0,25,20,7,Electric,0
0,196,1567,7,4,0,NA,NA,NA,NA,1
15,196,1568,8,1,0,25,25,7,Gasoline,0
12,196,1568,8,2,0,25,20,7,Gasoline,0
51,196,1568,8,3,0,25,25,8,Hybrid,0
0,196,1568,8,4,1,NA,NA,NA,NA,1
43,197,1569,1,1,1,15,30,7,Hybrid,0
75,197,1569,1,2,0,25,20,8,Electric,0
21,197,1569,1,3,0,25,20,8,Gasoline,0
0,197,1569,1,4,0,NA,NA,NA,NA,1
23,197,1570,2,1,1,20,25,8,Gasoline,0
79,197,1570,2,2,0,15,30,8,Electric,0
42,197,1570,2,3,0,25,25,7,Hybrid,0
0,197,1570,2,4,0,NA,NA,NA,NA,1
22,197,1571,3,1,1,15,25,8,Gasoline,0
61,197,1571,3,2,0,15,30,6,Electric,0
36,197,1571,3,3,0,25,30,6,Hybrid,0
0,197,1571,3,4,0,NA,NA,NA,NA,1
19,197,1572,4,1,1,15,20,8,Gasoline,0
29,197,1572,4,2,0,20,20,6,Hybrid,0
71,197,1572,4,3,0,20,30,7,Electric,0
0,197,1572,4,4,0,NA,NA,NA,NA,1
42,197,1573,5,1,0,25,25,7,Hybrid,0
6,197,1573,5,2,1,25,25,6,Gasoline,0
77,197,1573,5,3,0,20,25,8,Electric,0
0,197,1573,5,4,0,NA,NA,NA,NA,1
20,197,1574,6,1,0,20,20,8,Gasoline,0
38,197,1574,6,2,0,20,20,7,Hybrid,0
32,197,1574,6,3,1,20,25,6,Hybrid,0
0,197,1574,6,4,0,NA,NA,NA,NA,1
54,197,1575,7,1,0,25,30,8,Hybrid,0
22,197,1575,7,2,1,15,25,8,Gasoline,0
38,197,1575,7,3,0,20,20,7,Hybrid,0
0,197,1575,7,4,0,NA,NA,NA,NA,1
25,197,1576,8,1,1,15,30,8,Gasoline,0
19,197,1576,8,2,0,15,20,8,Gasoline,0
54,197,1576,8,3,0,25,30,8,Hybrid,0
0,197,1576,8,4,0,NA,NA,NA,NA,1
81,198,1577,1,1,0,25,30,8,Electric,0
41,198,1577,1,2,0,20,25,7,Hybrid,0
70,198,1577,1,3,1,15,30,7,Electric,0
0,198,1577,1,4,0,NA,NA,NA,NA,1
33,198,1578,2,1,0,25,25,6,Hybrid,0
1,198,1578,2,2,1,15,20,6,Gasoline,0
19,198,1578,2,3,0,15,20,8,Gasoline,0
0,198,1578,2,4,0,NA,NA,NA,NA,1
56,198,1579,3,1,0,20,20,6,Electric,0
45,198,1579,3,2,0,25,30,7,Hybrid,0
57,198,1579,3,3,0,25,20,6,Electric,0
0,198,1579,3,4,1,NA,NA,NA,NA,1
7,198,1580,4,1,1,15,30,6,Gasoline,0
17,198,1580,4,2,0,20,30,7,Gasoline,0
60,198,1580,4,3,0,25,25,6,Electric,0
0,198,1580,4,4,0,NA,NA,NA,NA,1
4,198,1581,5,1,1,15,25,6,Gasoline,0
21,198,1581,5,2,0,25,20,8,Gasoline,0
39,198,1581,5,3,0,25,20,7,Hybrid,0
0,198,1581,5,4,0,NA,NA,NA,NA,1
75,198,1582,6,1,0,25,20,8,Electric,0
17,198,1582,6,2,1,20,30,7,Gasoline,0
47,198,1582,6,3,0,20,20,8,Hybrid,0
0,198,1582,6,4,0,NA,NA,NA,NA,1
79,198,1583,7,1,0,15,30,8,Electric,0
47,198,1583,7,2,1,20,20,8,Hybrid,0
71,198,1583,7,3,0,20,30,7,Electric,0
0,198,1583,7,4,0,NA,NA,NA,NA,1
19,198,1584,8,1,1,15,20,8,Gasoline,0
68,198,1584,8,2,0,20,25,7,Electric,0
40,198,1584,8,3,0,15,25,7,Hybrid,0
0,198,1584,8,4,0,NA,NA,NA,NA,1
42,199,1585,1,1,0,25,25,7,Hybrid,0
43,199,1585,1,2,1,15,30,7,Hybrid,0
66,199,1585,1,3,0,25,20,7,Electric,0
0,199,1585,1,4,0,NA,NA,NA,NA,1
44,199,1586,2,1,0,20,30,7,Hybrid,0
63,199,1586,2,2,0,25,30,6,Electric,0
17,199,1586,2,3,1,20,30,7,Gasoline,0
0,199,1586,2,4,0,NA,NA,NA,NA,1
49,199,1587,3,1,1,15,25,8,Hybrid,0
70,199,1587,3,2,0,15,30,7,Electric,0
8,199,1587,3,3,0,20,30,6,Gasoline,0
0,199,1587,3,4,0,NA,NA,NA,NA,1
67,199,1588,4,1,1,15,25,7,Electric,0
51,199,1588,4,2,0,25,25,8,Hybrid,0
24,199,1588,4,3,0,25,25,8,Gasoline,0
0,199,1588,4,4,0,NA,NA,NA,NA,1
1,199,1589,5,1,1,15,20,6,Gasoline,0
67,199,1589,5,2,0,15,25,7,Electric,0
37,199,1589,5,3,0,15,20,7,Hybrid,0
0,199,1589,5,4,0,NA,NA,NA,NA,1
46,199,1590,6,1,1,15,20,8,Hybrid,0
72,199,1590,6,2,0,25,30,7,Electric,0
79,199,1590,6,3,0,15,30,8,Electric,0
0,199,1590,6,4,0,NA,NA,NA,NA,1
27,199,1591,7,1,0,25,30,8,Gasoline,0
34,199,1591,7,2,1,15,30,6,Hybrid,0
30,199,1591,7,3,0,25,20,6,Hybrid,0
0,199,1591,7,4,0,NA,NA,NA,NA,1
36,199,1592,8,1,0,25,30,6,Hybrid,0
13,199,1592,8,2,1,15,25,7,Gasoline,0
63,199,1592,8,3,0,25,30,6,Electric,0
0,199,1592,8,4,0,NA,NA,NA,NA,1
40,200,1593,1,1,1,15,25,7,Hybrid,0
43,200,1593,1,2,0,15,30,7,Hybrid,0
59,200,1593,1,3,0,20,25,6,Electric,0
0,200,1593,1,4,0,NA,NA,NA,NA,1
11,200,1594,2,1,0,20,20,7,Gasoline,0
53,200,1594,2,2,0,20,30,8,Hybrid,0
22,200,1594,2,3,1,15,25,8,Gasoline,0
0,200,1594,2,4,0,NA,NA,NA,NA,1
76,200,1595,3,1,0,15,25,8,Electric,0
80,200,1595,3,2,0,20,30,8,Electric,0
64,200,1595,3,3,1,15,20,7,Electric,0
0,200,1595,3,4,0,NA,NA,NA,NA,1
44,200,1596,4,1,1,20,30,7,Hybrid,0
29,200,1596,4,2,0,20,20,6,Hybrid,0
63,200,1596,4,3,0,25,30,6,Electric,0
0,200,1596,4,4,0,NA,NA,NA,NA,1
68,200,1597,5,1,0,20,25,7,Electric,0
46,200,1597,5,2,1,15,20,8,Hybrid,0
17,200,1597,5,3,0,20,30,7,Gasoline,0
0,200,1597,5,4,0,NA,NA,NA,NA,1
22,200,1598,6,1,1,15,25,8,Gasoline,0
17,200,1598,6,2,0,20,30,7,Gasoline,0
23,200,1598,6,3,0,20,25,8,Gasoline,0
0,200,1598,6,4,0,NA,NA,NA,NA,1
38,200,1599,7,1,1,20,20,7,Hybrid,0
62,200,1599,7,2,0,20,30,6,Electric,0
56,200,1599,7,3,0,20,20,6,Electric,0
0,200,1599,7,4,0,NA,NA,NA,NA,1
40,200,1600,8,1,0,15,25,7,Hybrid,0
61,200,1600,8,2,0,15,30,6,Electric,0
34,200,1600,8,3,1,15,30,6,Hybrid,0
0,200,1600,8,4,0,NA,NA,NA,NA,1
1,201,1601,1,1,0,15,20,6,Gasoline,0
57,201,1601,1,2,0,25,20,6,Electric,0
31,201,1601,1,3,1,15,25,6,Hybrid,0
0,201,1601,1,4,0,NA,NA,NA,NA,1
75,201,1602,2,1,0,25,20,8,Electric,0
21,201,1602,2,2,0,25,20,8,Gasoline,0
51,201,1602,2,3,0,25,25,8,Hybrid,0
0,201,1602,2,4,1,NA,NA,NA,NA,1
35,201,1603,3,1,1,20,30,6,Hybrid,0
73,201,1603,3,2,0,15,20,8,Electric,0
62,201,1603,3,3,0,20,30,6,Electric,0
0,201,1603,3,4,0,NA,NA,NA,NA,1
40,201,1604,4,1,1,15,25,7,Hybrid,0
39,201,1604,4,2,0,25,20,7,Hybrid,0
38,201,1604,4,3,0,20,20,7,Hybrid,0
0,201,1604,4,4,0,NA,NA,NA,NA,1
67,201,1605,5,1,0,15,25,7,Electric,0
52,201,1605,5,2,1,15,30,8,Hybrid,0
80,201,1605,5,3,0,20,30,8,Electric,0
0,201,1605,5,4,0,NA,NA,NA,NA,1
67,201,1606,6,1,1,15,25,7,Electric,0
65,201,1606,6,2,0,20,20,7,Electric,0
2,201,1606,6,3,0,20,20,6,Gasoline,0
0,201,1606,6,4,0,NA,NA,NA,NA,1
73,201,1607,7,1,1,15,20,8,Electric,0
59,201,1607,7,2,0,20,25,6,Electric,0
20,201,1607,7,3,0,20,20,8,Gasoline,0
0,201,1607,7,4,0,NA,NA,NA,NA,1
4,201,1608,8,1,1,15,25,6,Gasoline,0
55,201,1608,8,2,0,15,20,6,Electric,0
68,201,1608,8,3,0,20,25,7,Electric,0
0,201,1608,8,4,0,NA,NA,NA,NA,1
56,202,1609,1,1,0,20,20,6,Electric,0
69,202,1609,1,2,0,25,25,7,Electric,0
60,202,1609,1,3,0,25,25,6,Electric,0
0,202,1609,1,4,1,NA,NA,NA,NA,1
44,202,1610,2,1,0,20,30,7,Hybrid,0
76,202,1610,2,2,0,15,25,8,Electric,0
37,202,1610,2,3,1,15,20,7,Hybrid,0
0,202,1610,2,4,0,NA,NA,NA,NA,1
71,202,1611,3,1,0,20,30,7,Electric,0
66,202,1611,3,2,0,25,20,7,Electric,0
38,202,1611,3,3,1,20,20,7,Hybrid,0
0,202,1611,3,4,0,NA,NA,NA,NA,1
27,202,1612,4,1,0,25,30,8,Gasoline,0
31,202,1612,4,2,1,15,25,6,Hybrid,0
61,202,1612,4,3,0,15,30,6,Electric,0
0,202,1612,4,4,0,NA,NA,NA,NA,1
27,202,1613,5,1,0,25,30,8,Gasoline,0
74,202,1613,5,2,0,20,20,8,Electric,0
29,202,1613,5,3,1,20,20,6,Hybrid,0
0,202,1613,5,4,0,NA,NA,NA,NA,1
66,202,1614,6,1,0,25,20,7,Electric,0
62,202,1614,6,2,0,20,30,6,Electric,0
65,202,1614,6,3,0,20,20,7,Electric,0
0,202,1614,6,4,1,NA,NA,NA,NA,1
70,202,1615,7,1,0,15,30,7,Electric,0
52,202,1615,7,2,0,15,30,8,Hybrid,0
28,202,1615,7,3,1,15,20,6,Hybrid,0
0,202,1615,7,4,0,NA,NA,NA,NA,1
2,202,1616,8,1,0,20,20,6,Gasoline,0
22,202,1616,8,2,0,15,25,8,Gasoline,0
7,202,1616,8,3,1,15,30,6,Gasoline,0
0,202,1616,8,4,0,NA,NA,NA,NA,1
4,203,1617,1,1,1,15,25,6,Gasoline,0
69,203,1617,1,2,0,25,25,7,Electric,0
26,203,1617,1,3,0,20,30,8,Gasoline,0
0,203,1617,1,4,0,NA,NA,NA,NA,1
42,203,1618,2,1,0,25,25,7,Hybrid,0
13,203,1618,2,2,1,15,25,7,Gasoline,0
80,203,1618,2,3,0,20,30,8,Electric,0
0,203,1618,2,4,0,NA,NA,NA,NA,1
61,203,1619,3,1,1,15,30,6,Electric,0
47,203,1619,3,2,0,20,20,8,Hybrid,0
66,203,1619,3,3,0,25,20,7,Electric,0
0,203,1619,3,4,0,NA,NA,NA,NA,1
16,203,1620,4,1,0,15,30,7,Gasoline,0
40,203,1620,4,2,1,15,25,7,Hybrid,0
76,203,1620,4,3,0,15,25,8,Electric,0
0,203,1620,4,4,0,NA,NA,NA,NA,1
26,203,1621,5,1,0,20,30,8,Gasoline,0
17,203,1621,5,2,0,20,30,7,Gasoline,0
49,203,1621,5,3,1,15,25,8,Hybrid,0
0,203,1621,5,4,0,NA,NA,NA,NA,1
50,203,1622,6,1,0,20,25,8,Hybrid,0
7,203,1622,6,2,1,15,30,6,Gasoline,0
43,203,1622,6,3,0,15,30,7,Hybrid,0
0,203,1622,6,4,0,NA,NA,NA,NA,1
47,203,1623,7,1,1,20,20,8,Hybrid,0
81,203,1623,7,2,0,25,30,8,Electric,0
78,203,1623,7,3,0,25,25,8,Electric,0
0,203,1623,7,4,0,NA,NA,NA,NA,1
14,203,1624,8,1,0,20,25,7,Gasoline,0
3,203,1624,8,2,0,25,20,6,Gasoline,0
61,203,1624,8,3,1,15,30,6,Electric,0
0,203,1624,8,4,0,NA,NA,NA,NA,1
15,204,1625,1,1,0,25,25,7,Gasoline,0
43,204,1625,1,2,1,15,30,7,Hybrid,0
13,204,1625,1,3,0,15,25,7,Gasoline,0
0,204,1625,1,4,0,NA,NA,NA,NA,1
12,204,1626,2,1,0,25,20,7,Gasoline,0
15,204,1626,2,2,0,25,25,7,Gasoline,0
17,204,1626,2,3,1,20,30,7,Gasoline,0
0,204,1626,2,4,0,NA,NA,NA,NA,1
47,204,1627,3,1,1,20,20,8,Hybrid,0
39,204,1627,3,2,0,25,20,7,Hybrid,0
77,204,1627,3,3,0,20,25,8,Electric,0
0,204,1627,3,4,0,NA,NA,NA,NA,1
8,204,1628,4,1,0,20,30,6,Gasoline,0
24,204,1628,4,2,0,25,25,8,Gasoline,0
33,204,1628,4,3,0,25,25,6,Hybrid,0
0,204,1628,4,4,1,NA,NA,NA,NA,1
18,204,1629,5,1,0,25,30,7,Gasoline,0
22,204,1629,5,2,1,15,25,8,Gasoline,0
1,204,1629,5,3,0,15,20,6,Gasoline,0
0,204,1629,5,4,0,NA,NA,NA,NA,1
17,204,1630,6,1,0,20,30,7,Gasoline,0
46,204,1630,6,2,0,15,20,8,Hybrid,0
22,204,1630,6,3,1,15,25,8,Gasoline,0
0,204,1630,6,4,0,NA,NA,NA,NA,1
46,204,1631,7,1,1,15,20,8,Hybrid,0
61,204,1631,7,2,0,15,30,6,Electric,0
44,204,1631,7,3,0,20,30,7,Hybrid,0
0,204,1631,7,4,0,NA,NA,NA,NA,1
76,204,1632,8,1,1,15,25,8,Electric,0
9,204,1632,8,2,0,25,30,6,Gasoline,0
36,204,1632,8,3,0,25,30,6,Hybrid,0
0,204,1632,8,4,0,NA,NA,NA,NA,1
53,205,1633,1,1,1,20,30,8,Hybrid,0
8,205,1633,1,2,0,20,30,6,Gasoline,0
62,205,1633,1,3,0,20,30,6,Electric,0
0,205,1633,1,4,0,NA,NA,NA,NA,1
33,205,1634,2,1,0,25,25,6,Hybrid,0
46,205,1634,2,2,1,15,20,8,Hybrid,0
2,205,1634,2,3,0,20,20,6,Gasoline,0
0,205,1634,2,4,0,NA,NA,NA,NA,1
37,205,1635,3,1,1,15,20,7,Hybrid,0
57,205,1635,3,2,0,25,20,6,Electric,0
15,205,1635,3,3,0,25,25,7,Gasoline,0
0,205,1635,3,4,0,NA,NA,NA,NA,1
55,205,1636,4,1,0,15,20,6,Electric,0
75,205,1636,4,2,0,25,20,8,Electric,0
14,205,1636,4,3,1,20,25,7,Gasoline,0
0,205,1636,4,4,0,NA,NA,NA,NA,1
51,205,1637,5,1,0,25,25,8,Hybrid,0
81,205,1637,5,2,0,25,30,8,Electric,0
47,205,1637,5,3,1,20,20,8,Hybrid,0
0,205,1637,5,4,0,NA,NA,NA,NA,1
41,205,1638,6,1,0,20,25,7,Hybrid,0
32,205,1638,6,2,0,20,25,6,Hybrid,0
28,205,1638,6,3,1,15,20,6,Hybrid,0
0,205,1638,6,4,0,NA,NA,NA,NA,1
31,205,1639,7,1,0,15,25,6,Hybrid,0
44,205,1639,7,2,0,20,30,7,Hybrid,0
37,205,1639,7,3,1,15,20,7,Hybrid,0
0,205,1639,7,4,0,NA,NA,NA,NA,1
52,205,1640,8,1,1,15,30,8,Hybrid,0
63,205,1640,8,2,0,25,30,6,Electric,0
8,205,1640,8,3,0,20,30,6,Gasoline,0
0,205,1640,8,4,0,NA,NA,NA,NA,1
22,206,1641,1,1,0,15,25,8,Gasoline,0
7,206,1641,1,2,1,15,30,6,Gasoline,0
9,206,1641,1,3,0,25,30,6,Gasoline,0
0,206,1641,1,4,0,NA,NA,NA,NA,1
11,206,1642,2,1,0,20,20,7,Gasoline,0
61,206,1642,2,2,1,15,30,6,Electric,0
38,206,1642,2,3,0,20,20,7,Hybrid,0
0,206,1642,2,4,0,NA,NA,NA,NA,1
79,206,1643,3,1,0,15,30,8,Electric,0
10,206,1643,3,2,1,15,20,7,Gasoline,0
76,206,1643,3,3,0,15,25,8,Electric,0
0,206,1643,3,4,0,NA,NA,NA,NA,1
69,206,1644,4,1,0,25,25,7,Electric,0
43,206,1644,4,2,1,15,30,7,Hybrid,0
74,206,1644,4,3,0,20,20,8,Electric,0
0,206,1644,4,4,0,NA,NA,NA,NA,1
21,206,1645,5,1,0,25,20,8,Gasoline,0
50,206,1645,5,2,1,20,25,8,Hybrid,0
78,206,1645,5,3,0,25,25,8,Electric,0
0,206,1645,5,4,0,NA,NA,NA,NA,1
60,206,1646,6,1,0,25,25,6,Electric,0
4,206,1646,6,2,1,15,25,6,Gasoline,0
66,206,1646,6,3,0,25,20,7,Electric,0
0,206,1646,6,4,0,NA,NA,NA,NA,1
11,206,1647,7,1,0,20,20,7,Gasoline,0
72,206,1647,7,2,0,25,30,7,Electric,0
70,206,1647,7,3,0,15,30,7,Electric,0
0,206,1647,7,4,1,NA,NA,NA,NA,1
73,206,1648,8,1,0,15,20,8,Electric,0
58,206,1648,8,2,0,15,25,6,Electric,0
6,206,1648,8,3,0,25,25,6,Gasoline,0
0,206,1648,8,4,1,NA,NA,NA,NA,1
46,207,1649,1,1,0,15,20,8,Hybrid,0
25,207,1649,1,2,1,15,30,8,Gasoline,0
71,207,1649,1,3,0,20,30,7,Electric,0
0,207,1649,1,4,0,NA,NA,NA,NA,1
3,207,1650,2,1,0,25,20,6,Gasoline,0
32,207,1650,2,2,1,20,25,6,Hybrid,0
56,207,1650,2,3,0,20,20,6,Electric,0
0,207,1650,2,4,0,NA,NA,NA,NA,1
9,207,1651,3,1,1,25,30,6,Gasoline,0
30,207,1651,3,2,0,25,20,6,Hybrid,0
65,207,1651,3,3,0,20,20,7,Electric,0
0,207,1651,3,4,0,NA,NA,NA,NA,1
16,207,1652,4,1,1,15,30,7,Gasoline,0
67,207,1652,4,2,0,15,25,7,Electric,0
6,207,1652,4,3,0,25,25,6,Gasoline,0
0,207,1652,4,4,0,NA,NA,NA,NA,1
46,207,1653,5,1,1,15,20,8,Hybrid,0
54,207,1653,5,2,0,25,30,8,Hybrid,0
14,207,1653,5,3,0,20,25,7,Gasoline,0
0,207,1653,5,4,0,NA,NA,NA,NA,1
18,207,1654,6,1,1,25,30,7,Gasoline,0
62,207,1654,6,2,0,20,30,6,Electric,0
72,207,1654,6,3,0,25,30,7,Electric,0
0,207,1654,6,4,0,NA,NA,NA,NA,1
1,207,1655,7,1,1,15,20,6,Gasoline,0
32,207,1655,7,2,0,20,25,6,Hybrid,0
40,207,1655,7,3,0,15,25,7,Hybrid,0
0,207,1655,7,4,0,NA,NA,NA,NA,1
44,207,1656,8,1,1,20,30,7,Hybrid,0
57,207,1656,8,2,0,25,20,6,Electric,0
60,207,1656,8,3,0,25,25,6,Electric,0
0,207,1656,8,4,0,NA,NA,NA,NA,1
80,208,1657,1,1,0,20,30,8,Electric,0
2,208,1657,1,2,1,20,20,6,Gasoline,0
39,208,1657,1,3,0,25,20,7,Hybrid,0
0,208,1657,1,4,0,NA,NA,NA,NA,1
46,208,1658,2,1,1,15,20,8,Hybrid,0
36,208,1658,2,2,0,25,30,6,Hybrid,0
58,208,1658,2,3,0,15,25,6,Electric,0
0,208,1658,2,4,0,NA,NA,NA,NA,1
32,208,1659,3,1,0,20,25,6,Hybrid,0
49,208,1659,3,2,1,15,25,8,Hybrid,0
22,208,1659,3,3,0,15,25,8,Gasoline,0
0,208,1659,3,4,0,NA,NA,NA,NA,1
28,208,1660,4,1,0,15,20,6,Hybrid,0
22,208,1660,4,2,1,15,25,8,Gasoline,0
57,208,1660,4,3,0,25,20,6,Electric,0
0,208,1660,4,4,0,NA,NA,NA,NA,1
2,208,1661,5,1,1,20,20,6,Gasoline,0
17,208,1661,5,2,0,20,30,7,Gasoline,0
81,208,1661,5,3,0,25,30,8,Electric,0
0,208,1661,5,4,0,NA,NA,NA,NA,1
74,208,1662,6,1,0,20,20,8,Electric,0
10,208,1662,6,2,1,15,20,7,Gasoline,0
50,208,1662,6,3,0,20,25,8,Hybrid,0
0,208,1662,6,4,0,NA,NA,NA,NA,1
69,208,1663,7,1,0,25,25,7,Electric,0
3,208,1663,7,2,0,25,20,6,Gasoline,0
63,208,1663,7,3,0,25,30,6,Electric,0
0,208,1663,7,4,1,NA,NA,NA,NA,1
59,208,1664,8,1,0,20,25,6,Electric,0
23,208,1664,8,2,0,20,25,8,Gasoline,0
19,208,1664,8,3,1,15,20,8,Gasoline,0
0,208,1664,8,4,0,NA,NA,NA,NA,1
68,209,1665,1,1,0,20,25,7,Electric,0
40,209,1665,1,2,1,15,25,7,Hybrid,0
2,209,1665,1,3,0,20,20,6,Gasoline,0
0,209,1665,1,4,0,NA,NA,NA,NA,1
71,209,1666,2,1,0,20,30,7,Electric,0
22,209,1666,2,2,0,15,25,8,Gasoline,0
25,209,1666,2,3,1,15,30,8,Gasoline,0
0,209,1666,2,4,0,NA,NA,NA,NA,1
15,209,1667,3,1,0,25,25,7,Gasoline,0
39,209,1667,3,2,0,25,20,7,Hybrid,0
10,209,1667,3,3,1,15,20,7,Gasoline,0
0,209,1667,3,4,0,NA,NA,NA,NA,1
73,209,1668,4,1,0,15,20,8,Electric,0
31,209,1668,4,2,1,15,25,6,Hybrid,0
47,209,1668,4,3,0,20,20,8,Hybrid,0
0,209,1668,4,4,0,NA,NA,NA,NA,1
26,209,1669,5,1,1,20,30,8,Gasoline,0
74,209,1669,5,2,0,20,20,8,Electric,0
48,209,1669,5,3,0,25,20,8,Hybrid,0
0,209,1669,5,4,0,NA,NA,NA,NA,1
14,209,1670,6,1,0,20,25,7,Gasoline,0
28,209,1670,6,2,1,15,20,6,Hybrid,0
70,209,1670,6,3,0,15,30,7,Electric,0
0,209,1670,6,4,0,NA,NA,NA,NA,1
79,209,1671,7,1,0,15,30,8,Electric,0
52,209,1671,7,2,1,15,30,8,Hybrid,0
42,209,1671,7,3,0,25,25,7,Hybrid,0
0,209,1671,7,4,0,NA,NA,NA,NA,1
54,209,1672,8,1,0,25,30,8,Hybrid,0
53,209,1672,8,2,1,20,30,8,Hybrid,0
17,209,1672,8,3,0,20,30,7,Gasoline,0
0,209,1672,8,4,0,NA,NA,NA,NA,1
61,210,1673,1,1,0,15,30,6,Electric,0
14,210,1673,1,2,0,20,25,7,Gasoline,0
52,210,1673,1,3,1,15,30,8,Hybrid,0
0,210,1673,1,4,0,NA,NA,NA,NA,1
21,210,1674,2,1,0,25,20,8,Gasoline,0
39,210,1674,2,2,0,25,20,7,Hybrid,0
24,210,1674,2,3,0,25,25,8,Gasoline,0
0,210,1674,2,4,1,NA,NA,NA,NA,1
55,210,1675,3,1,1,15,20,6,Electric,0
18,210,1675,3,2,0,25,30,7,Gasoline,0
5,210,1675,3,3,0,20,25,6,Gasoline,0
0,210,1675,3,4,0,NA,NA,NA,NA,1
20,210,1676,4,1,1,20,20,8,Gasoline,0
36,210,1676,4,2,0,25,30,6,Hybrid,0
62,210,1676,4,3,0,20,30,6,Electric,0
0,210,1676,4,4,0,NA,NA,NA,NA,1
10,210,1677,5,1,1,15,20,7,Gasoline,0
51,210,1677,5,2,0,25,25,8,Hybrid,0
62,210,1677,5,3,0,20,30,6,Electric,0
0,210,1677,5,4,0,NA,NA,NA,NA,1
64,210,1678,6,1,1,15,20,7,Electric,0
42,210,1678,6,2,0,25,25,7,Hybrid,0
80,210,1678,6,3,0,20,30,8,Electric,0
0,210,1678,6,4,0,NA,NA,NA,NA,1
23,210,1679,7,1,0,20,25,8,Gasoline,0
26,210,1679,7,2,0,20,30,8,Gasoline,0
16,210,1679,7,3,1,15,30,7,Gasoline,0
0,210,1679,7,4,0,NA,NA,NA,NA,1
66,210,1680,8,1,0,25,20,7,Electric,0
44,210,1680,8,2,1,20,30,7,Hybrid,0
8,210,1680,8,3,0,20,30,6,Gasoline,0
0,210,1680,8,4,0,NA,NA,NA,NA,1
14,211,1681,1,1,0,20,25,7,Gasoline,0
46,211,1681,1,2,1,15,20,8,Hybrid,0
56,211,1681,1,3,0,20,20,6,Electric,0
0,211,1681,1,4,0,NA,NA,NA,NA,1
42,211,1682,2,1,0,25,25,7,Hybrid,0
34,211,1682,2,2,1,15,30,6,Hybrid,0
8,211,1682,2,3,0,20,30,6,Gasoline,0
0,211,1682,2,4,0,NA,NA,NA,NA,1
23,211,1683,3,1,0,20,25,8,Gasoline,0
61,211,1683,3,2,1,15,30,6,Electric,0
30,211,1683,3,3,0,25,20,6,Hybrid,0
0,211,1683,3,4,0,NA,NA,NA,NA,1
9,211,1684,4,1,0,25,30,6,Gasoline,0
66,211,1684,4,2,0,25,20,7,Electric,0
54,211,1684,4,3,1,25,30,8,Hybrid,0
0,211,1684,4,4,0,NA,NA,NA,NA,1
30,211,1685,5,1,0,25,20,6,Hybrid,0
66,211,1685,5,2,0,25,20,7,Electric,0
54,211,1685,5,3,1,25,30,8,Hybrid,0
0,211,1685,5,4,0,NA,NA,NA,NA,1
67,211,1686,6,1,1,15,25,7,Electric,0
57,211,1686,6,2,0,25,20,6,Electric,0
3,211,1686,6,3,0,25,20,6,Gasoline,0
0,211,1686,6,4,0,NA,NA,NA,NA,1
45,211,1687,7,1,0,25,30,7,Hybrid,0
20,211,1687,7,2,0,20,20,8,Gasoline,0
28,211,1687,7,3,1,15,20,6,Hybrid,0
0,211,1687,7,4,0,NA,NA,NA,NA,1
7,211,1688,8,1,1,15,30,6,Gasoline,0
19,211,1688,8,2,0,15,20,8,Gasoline,0
67,211,1688,8,3,0,15,25,7,Electric,0
0,211,1688,8,4,0,NA,NA,NA,NA,1
3,212,1689,1,1,0,25,20,6,Gasoline,0
22,212,1689,1,2,0,15,25,8,Gasoline,0
61,212,1689,1,3,1,15,30,6,Electric,0
0,212,1689,1,4,0,NA,NA,NA,NA,1
21,212,1690,2,1,1,25,20,8,Gasoline,0
60,212,1690,2,2,0,25,25,6,Electric,0
65,212,1690,2,3,0,20,20,7,Electric,0
0,212,1690,2,4,0,NA,NA,NA,NA,1
15,212,1691,3,1,0,25,25,7,Gasoline,0
31,212,1691,3,2,1,15,25,6,Hybrid,0
51,212,1691,3,3,0,25,25,8,Hybrid,0
0,212,1691,3,4,0,NA,NA,NA,NA,1
16,212,1692,4,1,1,15,30,7,Gasoline,0
66,212,1692,4,2,0,25,20,7,Electric,0
42,212,1692,4,3,0,25,25,7,Hybrid,0
0,212,1692,4,4,0,NA,NA,NA,NA,1
23,212,1693,5,1,0,20,25,8,Gasoline,0
19,212,1693,5,2,1,15,20,8,Gasoline,0
78,212,1693,5,3,0,25,25,8,Electric,0
0,212,1693,5,4,0,NA,NA,NA,NA,1
43,212,1694,6,1,1,15,30,7,Hybrid,0
24,212,1694,6,2,0,25,25,8,Gasoline,0
19,212,1694,6,3,0,15,20,8,Gasoline,0
0,212,1694,6,4,0,NA,NA,NA,NA,1
59,212,1695,7,1,0,20,25,6,Electric,0
41,212,1695,7,2,0,20,25,7,Hybrid,0
58,212,1695,7,3,1,15,25,6,Electric,0
0,212,1695,7,4,0,NA,NA,NA,NA,1
44,212,1696,8,1,0,20,30,7,Hybrid,0
16,212,1696,8,2,1,15,30,7,Gasoline,0
58,212,1696,8,3,0,15,25,6,Electric,0
0,212,1696,8,4,0,NA,NA,NA,NA,1
39,213,1697,1,1,0,25,20,7,Hybrid,0
75,213,1697,1,2,0,25,20,8,Electric,0
28,213,1697,1,3,1,15,20,6,Hybrid,0
0,213,1697,1,4,0,NA,NA,NA,NA,1
58,213,1698,2,1,1,15,25,6,Electric,0
14,213,1698,2,2,0,20,25,7,Gasoline,0
32,213,1698,2,3,0,20,25,6,Hybrid,0
0,213,1698,2,4,0,NA,NA,NA,NA,1
65,213,1699,3,1,0,20,20,7,Electric,0
29,213,1699,3,2,1,20,20,6,Hybrid,0
63,213,1699,3,3,0,25,30,6,Electric,0
0,213,1699,3,4,0,NA,NA,NA,NA,1
1,213,1700,4,1,1,15,20,6,Gasoline,0
58,213,1700,4,2,0,15,25,6,Electric,0
10,213,1700,4,3,0,15,20,7,Gasoline,0
0,213,1700,4,4,0,NA,NA,NA,NA,1
40,213,1701,5,1,1,15,25,7,Hybrid,0
29,213,1701,5,2,0,20,20,6,Hybrid,0
60,213,1701,5,3,0,25,25,6,Electric,0
0,213,1701,5,4,0,NA,NA,NA,NA,1
43,213,1702,6,1,1,15,30,7,Hybrid,0
32,213,1702,6,2,0,20,25,6,Hybrid,0
35,213,1702,6,3,0,20,30,6,Hybrid,0
0,213,1702,6,4,0,NA,NA,NA,NA,1
81,213,1703,7,1,0,25,30,8,Electric,0
29,213,1703,7,2,1,20,20,6,Hybrid,0
38,213,1703,7,3,0,20,20,7,Hybrid,0
0,213,1703,7,4,0,NA,NA,NA,NA,1
69,213,1704,8,1,0,25,25,7,Electric,0
28,213,1704,8,2,1,15,20,6,Hybrid,0
30,213,1704,8,3,0,25,20,6,Hybrid,0
0,213,1704,8,4,0,NA,NA,NA,NA,1
16,214,1705,1,1,1,15,30,7,Gasoline,0
66,214,1705,1,2,0,25,20,7,Electric,0
76,214,1705,1,3,0,15,25,8,Electric,0
0,214,1705,1,4,0,NA,NA,NA,NA,1
5,214,1706,2,1,0,20,25,6,Gasoline,0
47,214,1706,2,2,0,20,20,8,Hybrid,0
35,214,1706,2,3,1,20,30,6,Hybrid,0
0,214,1706,2,4,0,NA,NA,NA,NA,1
75,214,1707,3,1,0,25,20,8,Electric,0
18,214,1707,3,2,0,25,30,7,Gasoline,0
58,214,1707,3,3,0,15,25,6,Electric,0
0,214,1707,3,4,1,NA,NA,NA,NA,1
71,214,1708,4,1,0,20,30,7,Electric,0
23,214,1708,4,2,1,20,25,8,Gasoline,0
9,214,1708,4,3,0,25,30,6,Gasoline,0
0,214,1708,4,4,0,NA,NA,NA,NA,1
51,214,1709,5,1,0,25,25,8,Hybrid,0
42,214,1709,5,2,0,25,25,7,Hybrid,0
41,214,1709,5,3,0,20,25,7,Hybrid,0
0,214,1709,5,4,1,NA,NA,NA,NA,1
20,214,1710,6,1,0,20,20,8,Gasoline,0
28,214,1710,6,2,1,15,20,6,Hybrid,0
33,214,1710,6,3,0,25,25,6,Hybrid,0
0,214,1710,6,4,0,NA,NA,NA,NA,1
36,214,1711,7,1,0,25,30,6,Hybrid,0
1,214,1711,7,2,1,15,20,6,Gasoline,0
39,214,1711,7,3,0,25,20,7,Hybrid,0
0,214,1711,7,4,0,NA,NA,NA,NA,1
77,214,1712,8,1,0,20,25,8,Electric,0
60,214,1712,8,2,0,25,25,6,Electric,0
13,214,1712,8,3,1,15,25,7,Gasoline,0
0,214,1712,8,4,0,NA,NA,NA,NA,1
33,215,1713,1,1,0,25,25,6,Hybrid,0
57,215,1713,1,2,0,25,20,6,Electric,0
24,215,1713,1,3,0,25,25,8,Gasoline,0
0,215,1713,1,4,1,NA,NA,NA,NA,1
71,215,1714,2,1,1,20,30,7,Electric,0
76,215,1714,2,2,0,15,25,8,Electric,0
81,215,1714,2,3,0,25,30,8,Electric,0
0,215,1714,2,4,0,NA,NA,NA,NA,1
22,215,1715,3,1,1,15,25,8,Gasoline,0
6,215,1715,3,2,0,25,25,6,Gasoline,0
68,215,1715,3,3,0,20,25,7,Electric,0
0,215,1715,3,4,0,NA,NA,NA,NA,1
50,215,1716,4,1,0,20,25,8,Hybrid,0
74,215,1716,4,2,0,20,20,8,Electric,0
34,215,1716,4,3,1,15,30,6,Hybrid,0
0,215,1716,4,4,0,NA,NA,NA,NA,1
15,215,1717,5,1,0,25,25,7,Gasoline,0
3,215,1717,5,2,0,25,20,6,Gasoline,0
36,215,1717,5,3,1,25,30,6,Hybrid,0
0,215,1717,5,4,0,NA,NA,NA,NA,1
72,215,1718,6,1,0,25,30,7,Electric,0
71,215,1718,6,2,0,20,30,7,Electric,0
46,215,1718,6,3,1,15,20,8,Hybrid,0
0,215,1718,6,4,0,NA,NA,NA,NA,1
26,215,1719,7,1,1,20,30,8,Gasoline,0
33,215,1719,7,2,0,25,25,6,Hybrid,0
29,215,1719,7,3,0,20,20,6,Hybrid,0
0,215,1719,7,4,0,NA,NA,NA,NA,1
69,215,1720,8,1,0,25,25,7,Electric,0
55,215,1720,8,2,1,15,20,6,Electric,0
65,215,1720,8,3,0,20,20,7,Electric,0
0,215,1720,8,4,0,NA,NA,NA,NA,1
23,216,1721,1,1,1,20,25,8,Gasoline,0
60,216,1721,1,2,0,25,25,6,Electric,0
3,216,1721,1,3,0,25,20,6,Gasoline,0
0,216,1721,1,4,0,NA,NA,NA,NA,1
29,216,1722,2,1,1,20,20,6,Hybrid,0
65,216,1722,2,2,0,20,20,7,Electric,0
42,216,1722,2,3,0,25,25,7,Hybrid,0
0,216,1722,2,4,0,NA,NA,NA,NA,1
80,216,1723,3,1,0,20,30,8,Electric,0
58,216,1723,3,2,0,15,25,6,Electric,0
35,216,1723,3,3,1,20,30,6,Hybrid,0
0,216,1723,3,4,0,NA,NA,NA,NA,1
74,216,1724,4,1,0,20,20,8,Electric,0
38,216,1724,4,2,1,20,20,7,Hybrid,0
54,216,1724,4,3,0,25,30,8,Hybrid,0
0,216,1724,4,4,0,NA,NA,NA,NA,1
20,216,1725,5,1,0,20,20,8,Gasoline,0
16,216,1725,5,2,1,15,30,7,Gasoline,0
27,216,1725,5,3,0,25,30,8,Gasoline,0
0,216,1725,5,4,0,NA,NA,NA,NA,1
36,216,1726,6,1,0,25,30,6,Hybrid,0
7,216,1726,6,2,1,15,30,6,Gasoline,0
27,216,1726,6,3,0,25,30,8,Gasoline,0
0,216,1726,6,4,0,NA,NA,NA,NA,1
48,216,1727,7,1,0,25,20,8,Hybrid,0
5,216,1727,7,2,0,20,25,6,Gasoline,0
61,216,1727,7,3,1,15,30,6,Electric,0
0,216,1727,7,4,0,NA,NA,NA,NA,1
73,216,1728,8,1,0,15,20,8,Electric,0
1,216,1728,8,2,1,15,20,6,Gasoline,0
36,216,1728,8,3,0,25,30,6,Hybrid,0
0,216,1728,8,4,0,NA,NA,NA,NA,1
23,217,1729,1,1,0,20,25,8,Gasoline,0
4,217,1729,1,2,0,15,25,6,Gasoline,0
52,217,1729,1,3,1,15,30,8,Hybrid,0
0,217,1729,1,4,0,NA,NA,NA,NA,1
26,217,1730,2,1,1,20,30,8,Gasoline,0
39,217,1730,2,2,0,25,20,7,Hybrid,0
9,217,1730,2,3,0,25,30,6,Gasoline,0
0,217,1730,2,4,0,NA,NA,NA,NA,1
58,217,1731,3,1,1,15,25,6,Electric,0
6,217,1731,3,2,0,25,25,6,Gasoline,0
44,217,1731,3,3,0,20,30,7,Hybrid,0
0,217,1731,3,4,0,NA,NA,NA,NA,1
74,217,1732,4,1,0,20,20,8,Electric,0
69,217,1732,4,2,0,25,25,7,Electric,0
2,217,1732,4,3,1,20,20,6,Gasoline,0
0,217,1732,4,4,0,NA,NA,NA,NA,1
43,217,1733,5,1,1,15,30,7,Hybrid,0
22,217,1733,5,2,0,15,25,8,Gasoline,0
16,217,1733,5,3,0,15,30,7,Gasoline,0
0,217,1733,5,4,0,NA,NA,NA,NA,1
68,217,1734,6,1,1,20,25,7,Electric,0
21,217,1734,6,2,0,25,20,8,Gasoline,0
12,217,1734,6,3,0,25,20,7,Gasoline,0
0,217,1734,6,4,0,NA,NA,NA,NA,1
63,217,1735,7,1,0,25,30,6,Electric,0
80,217,1735,7,2,0,20,30,8,Electric,0
21,217,1735,7,3,0,25,20,8,Gasoline,0
0,217,1735,7,4,1,NA,NA,NA,NA,1
19,217,1736,8,1,0,15,20,8,Gasoline,0
30,217,1736,8,2,0,25,20,6,Hybrid,0
46,217,1736,8,3,1,15,20,8,Hybrid,0
0,217,1736,8,4,0,NA,NA,NA,NA,1
35,218,1737,1,1,1,20,30,6,Hybrid,0
42,218,1737,1,2,0,25,25,7,Hybrid,0
72,218,1737,1,3,0,25,30,7,Electric,0
0,218,1737,1,4,0,NA,NA,NA,NA,1
48,218,1738,2,1,0,25,20,8,Hybrid,0
28,218,1738,2,2,1,15,20,6,Hybrid,0
54,218,1738,2,3,0,25,30,8,Hybrid,0
0,218,1738,2,4,0,NA,NA,NA,NA,1
20,218,1739,3,1,0,20,20,8,Gasoline,0
59,218,1739,3,2,0,20,25,6,Electric,0
26,218,1739,3,3,1,20,30,8,Gasoline,0
0,218,1739,3,4,0,NA,NA,NA,NA,1
56,218,1740,4,1,0,20,20,6,Electric,0
70,218,1740,4,2,1,15,30,7,Electric,0
66,218,1740,4,3,0,25,20,7,Electric,0
0,218,1740,4,4,0,NA,NA,NA,NA,1
13,218,1741,5,1,1,15,25,7,Gasoline,0
9,218,1741,5,2,0,25,30,6,Gasoline,0
39,218,1741,5,3,0,25,20,7,Hybrid,0
0,218,1741,5,4,0,NA,NA,NA,NA,1
65,218,1742,6,1,0,20,20,7,Electric,0
66,218,1742,6,2,0,25,20,7,Electric,0
53,218,1742,6,3,1,20,30,8,Hybrid,0
0,218,1742,6,4,0,NA,NA,NA,NA,1
29,218,1743,7,1,0,20,20,6,Hybrid,0
20,218,1743,7,2,1,20,20,8,Gasoline,0
80,218,1743,7,3,0,20,30,8,Electric,0
0,218,1743,7,4,0,NA,NA,NA,NA,1
35,218,1744,8,1,0,20,30,6,Hybrid,0
19,218,1744,8,2,0,15,20,8,Gasoline,0
40,218,1744,8,3,1,15,25,7,Hybrid,0
0,218,1744,8,4,0,NA,NA,NA,NA,1
70,219,1745,1,1,0,15,30,7,Electric,0
75,219,1745,1,2,0,25,20,8,Electric,0
66,219,1745,1,3,0,25,20,7,Electric,0
0,219,1745,1,4,1,NA,NA,NA,NA,1
28,219,1746,2,1,1,15,20,6,Hybrid,0
17,219,1746,2,2,0,20,30,7,Gasoline,0
37,219,1746,2,3,0,15,20,7,Hybrid,0
0,219,1746,2,4,0,NA,NA,NA,NA,1
16,219,1747,3,1,0,15,30,7,Gasoline,0
53,219,1747,3,2,0,20,30,8,Hybrid,0
40,219,1747,3,3,1,15,25,7,Hybrid,0
0,219,1747,3,4,0,NA,NA,NA,NA,1
80,219,1748,4,1,0,20,30,8,Electric,0
27,219,1748,4,2,0,25,30,8,Gasoline,0
9,219,1748,4,3,0,25,30,6,Gasoline,0
0,219,1748,4,4,1,NA,NA,NA,NA,1
39,219,1749,5,1,0,25,20,7,Hybrid,0
2,219,1749,5,2,1,20,20,6,Gasoline,0
33,219,1749,5,3,0,25,25,6,Hybrid,0
0,219,1749,5,4,0,NA,NA,NA,NA,1
42,219,1750,6,1,0,25,25,7,Hybrid,0
7,219,1750,6,2,1,15,30,6,Gasoline,0
38,219,1750,6,3,0,20,20,7,Hybrid,0
0,219,1750,6,4,0,NA,NA,NA,NA,1
50,219,1751,7,1,0,20,25,8,Hybrid,0
29,219,1751,7,2,1,20,20,6,Hybrid,0
42,219,1751,7,3,0,25,25,7,Hybrid,0
0,219,1751,7,4,0,NA,NA,NA,NA,1
2,219,1752,8,1,0,20,20,6,Gasoline,0
24,219,1752,8,2,0,25,25,8,Gasoline,0
80,219,1752,8,3,0,20,30,8,Electric,0
0,219,1752,8,4,1,NA,NA,NA,NA,1
33,220,1753,1,1,0,25,25,6,Hybrid,0
10,220,1753,1,2,1,15,20,7,Gasoline,0
44,220,1753,1,3,0,20,30,7,Hybrid,0
0,220,1753,1,4,0,NA,NA,NA,NA,1
37,220,1754,2,1,1,15,20,7,Hybrid,0
6,220,1754,2,2,0,25,25,6,Gasoline,0
53,220,1754,2,3,0,20,30,8,Hybrid,0
0,220,1754,2,4,0,NA,NA,NA,NA,1
65,220,1755,3,1,0,20,20,7,Electric,0
43,220,1755,3,2,1,15,30,7,Hybrid,0
1,220,1755,3,3,0,15,20,6,Gasoline,0
0,220,1755,3,4,0,NA,NA,NA,NA,1
34,220,1756,4,1,1,15,30,6,Hybrid,0
67,220,1756,4,2,0,15,25,7,Electric,0
22,220,1756,4,3,0,15,25,8,Gasoline,0
0,220,1756,4,4,0,NA,NA,NA,NA,1
74,220,1757,5,1,0,20,20,8,Electric,0
45,220,1757,5,2,0,25,30,7,Hybrid,0
71,220,1757,5,3,0,20,30,7,Electric,0
0,220,1757,5,4,1,NA,NA,NA,NA,1
22,220,1758,6,1,1,15,25,8,Gasoline,0
76,220,1758,6,2,0,15,25,8,Electric,0
74,220,1758,6,3,0,20,20,8,Electric,0
0,220,1758,6,4,0,NA,NA,NA,NA,1
38,220,1759,7,1,0,20,20,7,Hybrid,0
29,220,1759,7,2,0,20,20,6,Hybrid,0
17,220,1759,7,3,1,20,30,7,Gasoline,0
0,220,1759,7,4,0,NA,NA,NA,NA,1
15,220,1760,8,1,0,25,25,7,Gasoline,0
80,220,1760,8,2,0,20,30,8,Electric,0
9,220,1760,8,3,1,25,30,6,Gasoline,0
0,220,1760,8,4,0,NA,NA,NA,NA,1
16,221,1761,1,1,1,15,30,7,Gasoline,0
71,221,1761,1,2,0,20,30,7,Electric,0
65,221,1761,1,3,0,20,20,7,Electric,0
0,221,1761,1,4,0,NA,NA,NA,NA,1
25,221,1762,2,1,1,15,30,8,Gasoline,0
6,221,1762,2,2,0,25,25,6,Gasoline,0
70,221,1762,2,3,0,15,30,7,Electric,0
0,221,1762,2,4,0,NA,NA,NA,NA,1
18,221,1763,3,1,0,25,30,7,Gasoline,0
13,221,1763,3,2,1,15,25,7,Gasoline,0
68,221,1763,3,3,0,20,25,7,Electric,0
0,221,1763,3,4,0,NA,NA,NA,NA,1
44,221,1764,4,1,1,20,30,7,Hybrid,0
69,221,1764,4,2,0,25,25,7,Electric,0
12,221,1764,4,3,0,25,20,7,Gasoline,0
0,221,1764,4,4,0,NA,NA,NA,NA,1
15,221,1765,5,1,0,25,25,7,Gasoline,0
63,221,1765,5,2,0,25,30,6,Electric,0
35,221,1765,5,3,1,20,30,6,Hybrid,0
0,221,1765,5,4,0,NA,NA,NA,NA,1
20,221,1766,6,1,1,20,20,8,Gasoline,0
57,221,1766,6,2,0,25,20,6,Electric,0
6,221,1766,6,3,0,25,25,6,Gasoline,0
0,221,1766,6,4,0,NA,NA,NA,NA,1
60,221,1767,7,1,0,25,25,6,Electric,0
58,221,1767,7,2,0,15,25,6,Electric,0
13,221,1767,7,3,1,15,25,7,Gasoline,0
0,221,1767,7,4,0,NA,NA,NA,NA,1
48,221,1768,8,1,0,25,20,8,Hybrid,0
47,221,1768,8,2,0,20,20,8,Hybrid,0
2,221,1768,8,3,1,20,20,6,Gasoline,0
0,221,1768,8,4,0,NA,NA,NA,NA,1
53,222,1769,1,1,0,20,30,8,Hybrid,0
62,222,1769,1,2,0,20,30,6,Electric,0
46,222,1769,1,3,1,15,20,8,Hybrid,0
0,222,1769,1,4,0,NA,NA,NA,NA,1
77,222,1770,2,1,0,20,25,8,Electric,0
62,222,1770,2,2,0,20,30,6,Electric,0
36,222,1770,2,3,0,25,30,6,Hybrid,0
0,222,1770,2,4,1,NA,NA,NA,NA,1
19,222,1771,3,1,1,15,20,8,Gasoline,0
5,222,1771,3,2,0,20,25,6,Gasoline,0
74,222,1771,3,3,0,20,20,8,Electric,0
0,222,1771,3,4,0,NA,NA,NA,NA,1
32,222,1772,4,1,0,20,25,6,Hybrid,0
20,222,1772,4,2,1,20,20,8,Gasoline,0
64,222,1772,4,3,0,15,20,7,Electric,0
0,222,1772,4,4,0,NA,NA,NA,NA,1
52,222,1773,5,1,1,15,30,8,Hybrid,0
34,222,1773,5,2,0,15,30,6,Hybrid,0
20,222,1773,5,3,0,20,20,8,Gasoline,0
0,222,1773,5,4,0,NA,NA,NA,NA,1
9,222,1774,6,1,0,25,30,6,Gasoline,0
35,222,1774,6,2,1,20,30,6,Hybrid,0
77,222,1774,6,3,0,20,25,8,Electric,0
0,222,1774,6,4,0,NA,NA,NA,NA,1
61,222,1775,7,1,0,15,30,6,Electric,0
43,222,1775,7,2,1,15,30,7,Hybrid,0
8,222,1775,7,3,0,20,30,6,Gasoline,0
0,222,1775,7,4,0,NA,NA,NA,NA,1
7,222,1776,8,1,1,15,30,6,Gasoline,0
37,222,1776,8,2,0,15,20,7,Hybrid,0
38,222,1776,8,3,0,20,20,7,Hybrid,0
0,222,1776,8,4,0,NA,NA,NA,NA,1
61,223,1777,1,1,1,15,30,6,Electric,0
11,223,1777,1,2,0,20,20,7,Gasoline,0
38,223,1777,1,3,0,20,20,7,Hybrid,0
0,223,1777,1,4,0,NA,NA,NA,NA,1
27,223,1778,2,1,0,25,30,8,Gasoline,0
68,223,1778,2,2,0,20,25,7,Electric,0
57,223,1778,2,3,0,25,20,6,Electric,0
0,223,1778,2,4,1,NA,NA,NA,NA,1
14,223,1779,3,1,0,20,25,7,Gasoline,0
34,223,1779,3,2,1,15,30,6,Hybrid,0
60,223,1779,3,3,0,25,25,6,Electric,0
0,223,1779,3,4,0,NA,NA,NA,NA,1
42,223,1780,4,1,0,25,25,7,Hybrid,0
50,223,1780,4,2,0,20,25,8,Hybrid,0
11,223,1780,4,3,1,20,20,7,Gasoline,0
0,223,1780,4,4,0,NA,NA,NA,NA,1
78,223,1781,5,1,0,25,25,8,Electric,0
22,223,1781,5,2,1,15,25,8,Gasoline,0
79,223,1781,5,3,0,15,30,8,Electric,0
0,223,1781,5,4,0,NA,NA,NA,NA,1
75,223,1782,6,1,0,25,20,8,Electric,0
28,223,1782,6,2,0,15,20,6,Hybrid,0
25,223,1782,6,3,1,15,30,8,Gasoline,0
0,223,1782,6,4,0,NA,NA,NA,NA,1
16,223,1783,7,1,1,15,30,7,Gasoline,0
57,223,1783,7,2,0,25,20,6,Electric,0
45,223,1783,7,3,0,25,30,7,Hybrid,0
0,223,1783,7,4,0,NA,NA,NA,NA,1
63,223,1784,8,1,0,25,30,6,Electric,0
10,223,1784,8,2,0,15,20,7,Gasoline,0
37,223,1784,8,3,1,15,20,7,Hybrid,0
0,223,1784,8,4,0,NA,NA,NA,NA,1
29,224,1785,1,1,0,20,20,6,Hybrid,0
20,224,1785,1,2,0,20,20,8,Gasoline,0
37,224,1785,1,3,1,15,20,7,Hybrid,0
0,224,1785,1,4,0,NA,NA,NA,NA,1
35,224,1786,2,1,1,20,30,6,Hybrid,0
6,224,1786,2,2,0,25,25,6,Gasoline,0
32,224,1786,2,3,0,20,25,6,Hybrid,0
0,224,1786,2,4,0,NA,NA,NA,NA,1
33,224,1787,3,1,0,25,25,6,Hybrid,0
7,224,1787,3,2,1,15,30,6,Gasoline,0
70,224,1787,3,3,0,15,30,7,Electric,0
0,224,1787,3,4,0,NA,NA,NA,NA,1
69,224,1788,4,1,0,25,25,7,Electric,0
39,224,1788,4,2,0,25,20,7,Hybrid,0
61,224,1788,4,3,1,15,30,6,Electric,0
0,224,1788,4,4,0,NA,NA,NA,NA,1
43,224,1789,5,1,1,15,30,7,Hybrid,0
71,224,1789,5,2,0,20,30,7,Electric,0
58,224,1789,5,3,0,15,25,6,Electric,0
0,224,1789,5,4,0,NA,NA,NA,NA,1
12,224,1790,6,1,0,25,20,7,Gasoline,0
43,224,1790,6,2,1,15,30,7,Hybrid,0
11,224,1790,6,3,0,20,20,7,Gasoline,0
0,224,1790,6,4,0,NA,NA,NA,NA,1
9,224,1791,7,1,0,25,30,6,Gasoline,0
37,224,1791,7,2,1,15,20,7,Hybrid,0
10,224,1791,7,3,0,15,20,7,Gasoline,0
0,224,1791,7,4,0,NA,NA,NA,NA,1
28,224,1792,8,1,1,15,20,6,Hybrid,0
29,224,1792,8,2,0,20,20,6,Hybrid,0
14,224,1792,8,3,0,20,25,7,Gasoline,0
0,224,1792,8,4,0,NA,NA,NA,NA,1
31,225,1793,1,1,1,15,25,6,Hybrid,0
30,225,1793,1,2,0,25,20,6,Hybrid,0
56,225,1793,1,3,0,20,20,6,Electric,0
0,225,1793,1,4,0,NA,NA,NA,NA,1
2,225,1794,2,1,1,20,20,6,Gasoline,0
20,225,1794,2,2,0,20,20,8,Gasoline,0
21,225,1794,2,3,0,25,20,8,Gasoline,0
0,225,1794,2,4,0,NA,NA,NA,NA,1
47,225,1795,3,1,0,20,20,8,Hybrid,0
32,225,1795,3,2,1,20,25,6,Hybrid,0
38,225,1795,3,3,0,20,20,7,Hybrid,0
0,225,1795,3,4,0,NA,NA,NA,NA,1
8,225,1796,4,1,1,20,30,6,Gasoline,0
64,225,1796,4,2,0,15,20,7,Electric,0
39,225,1796,4,3,0,25,20,7,Hybrid,0
0,225,1796,4,4,0,NA,NA,NA,NA,1
31,225,1797,5,1,1,15,25,6,Hybrid,0
10,225,1797,5,2,0,15,20,7,Gasoline,0
36,225,1797,5,3,0,25,30,6,Hybrid,0
0,225,1797,5,4,0,NA,NA,NA,NA,1
41,225,1798,6,1,0,20,25,7,Hybrid,0
67,225,1798,6,2,0,15,25,7,Electric,0
25,225,1798,6,3,1,15,30,8,Gasoline,0
0,225,1798,6,4,0,NA,NA,NA,NA,1
80,225,1799,7,1,0,20,30,8,Electric,0
47,225,1799,7,2,1,20,20,8,Hybrid,0
3,225,1799,7,3,0,25,20,6,Gasoline,0
0,225,1799,7,4,0,NA,NA,NA,NA,1
28,225,1800,8,1,1,15,20,6,Hybrid,0
76,225,1800,8,2,0,15,25,8,Electric,0
64,225,1800,8,3,0,15,20,7,Electric,0
0,225,1800,8,4,0,NA,NA,NA,NA,1
1,226,1801,1,1,1,15,20,6,Gasoline,0
41,226,1801,1,2,0,20,25,7,Hybrid,0
74,226,1801,1,3,0,20,20,8,Electric,0
0,226,1801,1,4,0,NA,NA,NA,NA,1
45,226,1802,2,1,0,25,30,7,Hybrid,0
19,226,1802,2,2,1,15,20,8,Gasoline,0
68,226,1802,2,3,0,20,25,7,Electric,0
0,226,1802,2,4,0,NA,NA,NA,NA,1
57,226,1803,3,1,0,25,20,6,Electric,0
60,226,1803,3,2,0,25,25,6,Electric,0
12,226,1803,3,3,1,25,20,7,Gasoline,0
0,226,1803,3,4,0,NA,NA,NA,NA,1
76,226,1804,4,1,1,15,25,8,Electric,0
45,226,1804,4,2,0,25,30,7,Hybrid,0
69,226,1804,4,3,0,25,25,7,Electric,0
0,226,1804,4,4,0,NA,NA,NA,NA,1
19,226,1805,5,1,0,15,20,8,Gasoline,0
35,226,1805,5,2,1,20,30,6,Hybrid,0
13,226,1805,5,3,0,15,25,7,Gasoline,0
0,226,1805,5,4,0,NA,NA,NA,NA,1
49,226,1806,6,1,1,15,25,8,Hybrid,0
18,226,1806,6,2,0,25,30,7,Gasoline,0
26,226,1806,6,3,0,20,30,8,Gasoline,0
0,226,1806,6,4,0,NA,NA,NA,NA,1
76,226,1807,7,1,0,15,25,8,Electric,0
44,226,1807,7,2,0,20,30,7,Hybrid,0
52,226,1807,7,3,1,15,30,8,Hybrid,0
0,226,1807,7,4,0,NA,NA,NA,NA,1
34,226,1808,8,1,1,15,30,6,Hybrid,0
74,226,1808,8,2,0,20,20,8,Electric,0
39,226,1808,8,3,0,25,20,7,Hybrid,0
0,226,1808,8,4,0,NA,NA,NA,NA,1
60,227,1809,1,1,0,25,25,6,Electric,0
47,227,1809,1,2,0,20,20,8,Hybrid,0
46,227,1809,1,3,1,15,20,8,Hybrid,0
0,227,1809,1,4,0,NA,NA,NA,NA,1
22,227,1810,2,1,1,15,25,8,Gasoline,0
48,227,1810,2,2,0,25,20,8,Hybrid,0
65,227,1810,2,3,0,20,20,7,Electric,0
0,227,1810,2,4,0,NA,NA,NA,NA,1
5,227,1811,3,1,0,20,25,6,Gasoline,0
26,227,1811,3,2,0,20,30,8,Gasoline,0
14,227,1811,3,3,1,20,25,7,Gasoline,0
0,227,1811,3,4,0,NA,NA,NA,NA,1
66,227,1812,4,1,0,25,20,7,Electric,0
79,227,1812,4,2,0,15,30,8,Electric,0
55,227,1812,4,3,1,15,20,6,Electric,0
0,227,1812,4,4,0,NA,NA,NA,NA,1
1,227,1813,5,1,1,15,20,6,Gasoline,0
68,227,1813,5,2,0,20,25,7,Electric,0
23,227,1813,5,3,0,20,25,8,Gasoline,0
0,227,1813,5,4,0,NA,NA,NA,NA,1
58,227,1814,6,1,0,15,25,6,Electric,0
80,227,1814,6,2,0,20,30,8,Electric,0
37,227,1814,6,3,1,15,20,7,Hybrid,0
0,227,1814,6,4,0,NA,NA,NA,NA,1
4,227,1815,7,1,0,15,25,6,Gasoline,0
52,227,1815,7,2,1,15,30,8,Hybrid,0
73,227,1815,7,3,0,15,20,8,Electric,0
0,227,1815,7,4,0,NA,NA,NA,NA,1
76,227,1816,8,1,1,15,25,8,Electric,0
71,227,1816,8,2,0,20,30,7,Electric,0
62,227,1816,8,3,0,20,30,6,Electric,0
0,227,1816,8,4,0,NA,NA,NA,NA,1
37,228,1817,1,1,0,15,20,7,Hybrid,0
17,228,1817,1,2,0,20,30,7,Gasoline,0
40,228,1817,1,3,1,15,25,7,Hybrid,0
0,228,1817,1,4,0,NA,NA,NA,NA,1
3,228,1818,2,1,0,25,20,6,Gasoline,0
71,228,1818,2,2,0,20,30,7,Electric,0
7,228,1818,2,3,1,15,30,6,Gasoline,0
0,228,1818,2,4,0,NA,NA,NA,NA,1
79,228,1819,3,1,0,15,30,8,Electric,0
31,228,1819,3,2,1,15,25,6,Hybrid,0
80,228,1819,3,3,0,20,30,8,Electric,0
0,228,1819,3,4,0,NA,NA,NA,NA,1
76,228,1820,4,1,0,15,25,8,Electric,0
46,228,1820,4,2,1,15,20,8,Hybrid,0
72,228,1820,4,3,0,25,30,7,Electric,0
0,228,1820,4,4,0,NA,NA,NA,NA,1
74,228,1821,5,1,0,20,20,8,Electric,0
9,228,1821,5,2,0,25,30,6,Gasoline,0
29,228,1821,5,3,1,20,20,6,Hybrid,0
0,228,1821,5,4,0,NA,NA,NA,NA,1
35,228,1822,6,1,0,20,30,6,Hybrid,0
33,228,1822,6,2,0,25,25,6,Hybrid,0
46,228,1822,6,3,1,15,20,8,Hybrid,0
0,228,1822,6,4,0,NA,NA,NA,NA,1
30,228,1823,7,1,0,25,20,6,Hybrid,0
78,228,1823,7,2,0,25,25,8,Electric,0
19,228,1823,7,3,1,15,20,8,Gasoline,0
0,228,1823,7,4,0,NA,NA,NA,NA,1
71,228,1824,8,1,0,20,30,7,Electric,0
41,228,1824,8,2,1,20,25,7,Hybrid,0
67,228,1824,8,3,0,15,25,7,Electric,0
0,228,1824,8,4,0,NA,NA,NA,NA,1
20,229,1825,1,1,0,20,20,8,Gasoline,0
22,229,1825,1,2,1,15,25,8,Gasoline,0
40,229,1825,1,3,0,15,25,7,Hybrid,0
0,229,1825,1,4,0,NA,NA,NA,NA,1
35,229,1826,2,1,0,20,30,6,Hybrid,0
5,229,1826,2,2,0,20,25,6,Gasoline,0
43,229,1826,2,3,1,15,30,7,Hybrid,0
0,229,1826,2,4,0,NA,NA,NA,NA,1
81,229,1827,3,1,0,25,30,8,Electric,0
36,229,1827,3,2,0,25,30,6,Hybrid,0
16,229,1827,3,3,1,15,30,7,Gasoline,0
0,229,1827,3,4,0,NA,NA,NA,NA,1
18,229,1828,4,1,0,25,30,7,Gasoline,0
79,229,1828,4,2,1,15,30,8,Electric,0
8,229,1828,4,3,0,20,30,6,Gasoline,0
0,229,1828,4,4,0,NA,NA,NA,NA,1
72,229,1829,5,1,0,25,30,7,Electric,0
78,229,1829,5,2,0,25,25,8,Electric,0
38,229,1829,5,3,1,20,20,7,Hybrid,0
0,229,1829,5,4,0,NA,NA,NA,NA,1
15,229,1830,6,1,0,25,25,7,Gasoline,0
31,229,1830,6,2,1,15,25,6,Hybrid,0
13,229,1830,6,3,0,15,25,7,Gasoline,0
0,229,1830,6,4,0,NA,NA,NA,NA,1
10,229,1831,7,1,1,15,20,7,Gasoline,0
65,229,1831,7,2,0,20,20,7,Electric,0
54,229,1831,7,3,0,25,30,8,Hybrid,0
0,229,1831,7,4,0,NA,NA,NA,NA,1
40,229,1832,8,1,1,15,25,7,Hybrid,0
55,229,1832,8,2,0,15,20,6,Electric,0
71,229,1832,8,3,0,20,30,7,Electric,0
0,229,1832,8,4,0,NA,NA,NA,NA,1
16,230,1833,1,1,1,15,30,7,Gasoline,0
48,230,1833,1,2,0,25,20,8,Hybrid,0
29,230,1833,1,3,0,20,20,6,Hybrid,0
0,230,1833,1,4,0,NA,NA,NA,NA,1
48,230,1834,2,1,0,25,20,8,Hybrid,0
26,230,1834,2,2,1,20,30,8,Gasoline,0
5,230,1834,2,3,0,20,25,6,Gasoline,0
0,230,1834,2,4,0,NA,NA,NA,NA,1
3,230,1835,3,1,0,25,20,6,Gasoline,0
61,230,1835,3,2,1,15,30,6,Electric,0
18,230,1835,3,3,0,25,30,7,Gasoline,0
0,230,1835,3,4,0,NA,NA,NA,NA,1
68,230,1836,4,1,1,20,25,7,Electric,0
54,230,1836,4,2,0,25,30,8,Hybrid,0
60,230,1836,4,3,0,25,25,6,Electric,0
0,230,1836,4,4,0,NA,NA,NA,NA,1
44,230,1837,5,1,1,20,30,7,Hybrid,0
76,230,1837,5,2,0,15,25,8,Electric,0
6,230,1837,5,3,0,25,25,6,Gasoline,0
0,230,1837,5,4,0,NA,NA,NA,NA,1
64,230,1838,6,1,0,15,20,7,Electric,0
36,230,1838,6,2,0,25,30,6,Hybrid,0
42,230,1838,6,3,0,25,25,7,Hybrid,0
0,230,1838,6,4,1,NA,NA,NA,NA,1
41,230,1839,7,1,0,20,25,7,Hybrid,0
55,230,1839,7,2,1,15,20,6,Electric,0
18,230,1839,7,3,0,25,30,7,Gasoline,0
0,230,1839,7,4,0,NA,NA,NA,NA,1
40,230,1840,8,1,1,15,25,7,Hybrid,0
73,230,1840,8,2,0,15,20,8,Electric,0
44,230,1840,8,3,0,20,30,7,Hybrid,0
0,230,1840,8,4,0,NA,NA,NA,NA,1
69,231,1841,1,1,0,25,25,7,Electric,0
17,231,1841,1,2,0,20,30,7,Gasoline,0
43,231,1841,1,3,1,15,30,7,Hybrid,0
0,231,1841,1,4,0,NA,NA,NA,NA,1
44,231,1842,2,1,0,20,30,7,Hybrid,0
19,231,1842,2,2,1,15,20,8,Gasoline,0
67,231,1842,2,3,0,15,25,7,Electric,0
0,231,1842,2,4,0,NA,NA,NA,NA,1
45,231,1843,3,1,0,25,30,7,Hybrid,0
3,231,1843,3,2,0,25,20,6,Gasoline,0
32,231,1843,3,3,1,20,25,6,Hybrid,0
0,231,1843,3,4,0,NA,NA,NA,NA,1
7,231,1844,4,1,1,15,30,6,Gasoline,0
28,231,1844,4,2,0,15,20,6,Hybrid,0
69,231,1844,4,3,0,25,25,7,Electric,0
0,231,1844,4,4,0,NA,NA,NA,NA,1
45,231,1845,5,1,0,25,30,7,Hybrid,0
59,231,1845,5,2,0,20,25,6,Electric,0
8,231,1845,5,3,1,20,30,6,Gasoline,0
0,231,1845,5,4,0,NA,NA,NA,NA,1
68,231,1846,6,1,0,20,25,7,Electric,0
15,231,1846,6,2,0,25,25,7,Gasoline,0
37,231,1846,6,3,1,15,20,7,Hybrid,0
0,231,1846,6,4,0,NA,NA,NA,NA,1
21,231,1847,7,1,0,25,20,8,Gasoline,0
69,231,1847,7,2,0,25,25,7,Electric,0
7,231,1847,7,3,1,15,30,6,Gasoline,0
0,231,1847,7,4,0,NA,NA,NA,NA,1
34,231,1848,8,1,1,15,30,6,Hybrid,0
15,231,1848,8,2,0,25,25,7,Gasoline,0
80,231,1848,8,3,0,20,30,8,Electric,0
0,231,1848,8,4,0,NA,NA,NA,NA,1
2,232,1849,1,1,1,20,20,6,Gasoline,0
54,232,1849,1,2,0,25,30,8,Hybrid,0
66,232,1849,1,3,0,25,20,7,Electric,0
0,232,1849,1,4,0,NA,NA,NA,NA,1
3,232,1850,2,1,0,25,20,6,Gasoline,0
26,232,1850,2,2,0,20,30,8,Gasoline,0
13,232,1850,2,3,1,15,25,7,Gasoline,0
0,232,1850,2,4,0,NA,NA,NA,NA,1
47,232,1851,3,1,1,20,20,8,Hybrid,0
15,232,1851,3,2,0,25,25,7,Gasoline,0
21,232,1851,3,3,0,25,20,8,Gasoline,0
0,232,1851,3,4,0,NA,NA,NA,NA,1
59,232,1852,4,1,0,20,25,6,Electric,0
74,232,1852,4,2,0,20,20,8,Electric,0
67,232,1852,4,3,1,15,25,7,Electric,0
0,232,1852,4,4,0,NA,NA,NA,NA,1
58,232,1853,5,1,0,15,25,6,Electric,0
13,232,1853,5,2,1,15,25,7,Gasoline,0
24,232,1853,5,3,0,25,25,8,Gasoline,0
0,232,1853,5,4,0,NA,NA,NA,NA,1
74,232,1854,6,1,0,20,20,8,Electric,0
49,232,1854,6,2,1,15,25,8,Hybrid,0
39,232,1854,6,3,0,25,20,7,Hybrid,0
0,232,1854,6,4,0,NA,NA,NA,NA,1
9,232,1855,7,1,0,25,30,6,Gasoline,0
79,232,1855,7,2,1,15,30,8,Electric,0
57,232,1855,7,3,0,25,20,6,Electric,0
0,232,1855,7,4,0,NA,NA,NA,NA,1
53,232,1856,8,1,1,20,30,8,Hybrid,0
11,232,1856,8,2,0,20,20,7,Gasoline,0
39,232,1856,8,3,0,25,20,7,Hybrid,0
0,232,1856,8,4,0,NA,NA,NA,NA,1
30,233,1857,1,1,0,25,20,6,Hybrid,0
6,233,1857,1,2,0,25,25,6,Gasoline,0
49,233,1857,1,3,1,15,25,8,Hybrid,0
0,233,1857,1,4,0,NA,NA,NA,NA,1
17,233,1858,2,1,0,20,30,7,Gasoline,0
22,233,1858,2,2,1,15,25,8,Gasoline,0
79,233,1858,2,3,0,15,30,8,Electric,0
0,233,1858,2,4,0,NA,NA,NA,NA,1
70,233,1859,3,1,1,15,30,7,Electric,0
77,233,1859,3,2,0,20,25,8,Electric,0
21,233,1859,3,3,0,25,20,8,Gasoline,0
0,233,1859,3,4,0,NA,NA,NA,NA,1
25,233,1860,4,1,1,15,30,8,Gasoline,0
30,233,1860,4,2,0,25,20,6,Hybrid,0
72,233,1860,4,3,0,25,30,7,Electric,0
0,233,1860,4,4,0,NA,NA,NA,NA,1
7,233,1861,5,1,1,15,30,6,Gasoline,0
55,233,1861,5,2,0,15,20,6,Electric,0
35,233,1861,5,3,0,20,30,6,Hybrid,0
0,233,1861,5,4,0,NA,NA,NA,NA,1
61,233,1862,6,1,0,15,30,6,Electric,0
64,233,1862,6,2,1,15,20,7,Electric,0
77,233,1862,6,3,0,20,25,8,Electric,0
0,233,1862,6,4,0,NA,NA,NA,NA,1
73,233,1863,7,1,0,15,20,8,Electric,0
77,233,1863,7,2,0,20,25,8,Electric,0
65,233,1863,7,3,0,20,20,7,Electric,0
0,233,1863,7,4,1,NA,NA,NA,NA,1
34,233,1864,8,1,1,15,30,6,Hybrid,0
9,233,1864,8,2,0,25,30,6,Gasoline,0
54,233,1864,8,3,0,25,30,8,Hybrid,0
0,233,1864,8,4,0,NA,NA,NA,NA,1
28,234,1865,1,1,1,15,20,6,Hybrid,0
70,234,1865,1,2,0,15,30,7,Electric,0
37,234,1865,1,3,0,15,20,7,Hybrid,0
0,234,1865,1,4,0,NA,NA,NA,NA,1
68,234,1866,2,1,0,20,25,7,Electric,0
9,234,1866,2,2,0,25,30,6,Gasoline,0
18,234,1866,2,3,0,25,30,7,Gasoline,0
0,234,1866,2,4,1,NA,NA,NA,NA,1
71,234,1867,3,1,0,20,30,7,Electric,0
18,234,1867,3,2,0,25,30,7,Gasoline,0
60,234,1867,3,3,0,25,25,6,Electric,0
0,234,1867,3,4,1,NA,NA,NA,NA,1
78,234,1868,4,1,0,25,25,8,Electric,0
8,234,1868,4,2,1,20,30,6,Gasoline,0
71,234,1868,4,3,0,20,30,7,Electric,0
0,234,1868,4,4,0,NA,NA,NA,NA,1
47,234,1869,5,1,0,20,20,8,Hybrid,0
24,234,1869,5,2,0,25,25,8,Gasoline,0
35,234,1869,5,3,1,20,30,6,Hybrid,0
0,234,1869,5,4,0,NA,NA,NA,NA,1
28,234,1870,6,1,0,15,20,6,Hybrid,0
79,234,1870,6,2,0,15,30,8,Electric,0
25,234,1870,6,3,1,15,30,8,Gasoline,0
0,234,1870,6,4,0,NA,NA,NA,NA,1
60,234,1871,7,1,0,25,25,6,Electric,0
18,234,1871,7,2,0,25,30,7,Gasoline,0
48,234,1871,7,3,0,25,20,8,Hybrid,0
0,234,1871,7,4,1,NA,NA,NA,NA,1
29,234,1872,8,1,0,20,20,6,Hybrid,0
34,234,1872,8,2,0,15,30,6,Hybrid,0
9,234,1872,8,3,0,25,30,6,Gasoline,0
0,234,1872,8,4,1,NA,NA,NA,NA,1
17,235,1873,1,1,1,20,30,7,Gasoline,0
70,235,1873,1,2,0,15,30,7,Electric,0
76,235,1873,1,3,0,15,25,8,Electric,0
0,235,1873,1,4,0,NA,NA,NA,NA,1
6,235,1874,2,1,0,25,25,6,Gasoline,0
5,235,1874,2,2,0,20,25,6,Gasoline,0
38,235,1874,2,3,1,20,20,7,Hybrid,0
0,235,1874,2,4,0,NA,NA,NA,NA,1
49,235,1875,3,1,0,15,25,8,Hybrid,0
80,235,1875,3,2,0,20,30,8,Electric,0
22,235,1875,3,3,1,15,25,8,Gasoline,0
0,235,1875,3,4,0,NA,NA,NA,NA,1
22,235,1876,4,1,1,15,25,8,Gasoline,0
45,235,1876,4,2,0,25,30,7,Hybrid,0
57,235,1876,4,3,0,25,20,6,Electric,0
0,235,1876,4,4,0,NA,NA,NA,NA,1
29,235,1877,5,1,1,20,20,6,Hybrid,0
26,235,1877,5,2,0,20,30,8,Gasoline,0
77,235,1877,5,3,0,20,25,8,Electric,0
0,235,1877,5,4,0,NA,NA,NA,NA,1
11,235,1878,6,1,0,20,20,7,Gasoline,0
28,235,1878,6,2,0,15,20,6,Hybrid,0
44,235,1878,6,3,1,20,30,7,Hybrid,0
0,235,1878,6,4,0,NA,NA,NA,NA,1
19,235,1879,7,1,1,15,20,8,Gasoline,0
3,235,1879,7,2,0,25,20,6,Gasoline,0
79,235,1879,7,3,0,15,30,8,Electric,0
0,235,1879,7,4,0,NA,NA,NA,NA,1
17,235,1880,8,1,1,20,30,7,Gasoline,0
21,235,1880,8,2,0,25,20,8,Gasoline,0
36,235,1880,8,3,0,25,30,6,Hybrid,0
0,235,1880,8,4,0,NA,NA,NA,NA,1
10,236,1881,1,1,0,15,20,7,Gasoline,0
25,236,1881,1,2,1,15,30,8,Gasoline,0
81,236,1881,1,3,0,25,30,8,Electric,0
0,236,1881,1,4,0,NA,NA,NA,NA,1
34,236,1882,2,1,1,15,30,6,Hybrid,0
57,236,1882,2,2,0,25,20,6,Electric,0
73,236,1882,2,3,0,15,20,8,Electric,0
0,236,1882,2,4,0,NA,NA,NA,NA,1
72,236,1883,3,1,0,25,30,7,Electric,0
71,236,1883,3,2,0,20,30,7,Electric,0
2,236,1883,3,3,1,20,20,6,Gasoline,0
0,236,1883,3,4,0,NA,NA,NA,NA,1
79,236,1884,4,1,0,15,30,8,Electric,0
33,236,1884,4,2,0,25,25,6,Hybrid,0
23,236,1884,4,3,1,20,25,8,Gasoline,0
0,236,1884,4,4,0,NA,NA,NA,NA,1
19,236,1885,5,1,0,15,20,8,Gasoline,0
60,236,1885,5,2,0,25,25,6,Electric,0
28,236,1885,5,3,1,15,20,6,Hybrid,0
0,236,1885,5,4,0,NA,NA,NA,NA,1
5,236,1886,6,1,1,20,25,6,Gasoline,0
26,236,1886,6,2,0,20,30,8,Gasoline,0
20,236,1886,6,3,0,20,20,8,Gasoline,0
0,236,1886,6,4,0,NA,NA,NA,NA,1
30,236,1887,7,1,0,25,20,6,Hybrid,0
5,236,1887,7,2,0,20,25,6,Gasoline,0
19,236,1887,7,3,1,15,20,8,Gasoline,0
0,236,1887,7,4,0,NA,NA,NA,NA,1
42,236,1888,8,1,0,25,25,7,Hybrid,0
73,236,1888,8,2,0,15,20,8,Electric,0
4,236,1888,8,3,1,15,25,6,Gasoline,0
0,236,1888,8,4,0,NA,NA,NA,NA,1
20,237,1889,1,1,1,20,20,8,Gasoline,0
39,237,1889,1,2,0,25,20,7,Hybrid,0
21,237,1889,1,3,0,25,20,8,Gasoline,0
0,237,1889,1,4,0,NA,NA,NA,NA,1
1,237,1890,2,1,0,15,20,6,Gasoline,0
14,237,1890,2,2,0,20,25,7,Gasoline,0
52,237,1890,2,3,1,15,30,8,Hybrid,0
0,237,1890,2,4,0,NA,NA,NA,NA,1
49,237,1891,3,1,1,15,25,8,Hybrid,0
68,237,1891,3,2,0,20,25,7,Electric,0
16,237,1891,3,3,0,15,30,7,Gasoline,0
0,237,1891,3,4,0,NA,NA,NA,NA,1
70,237,1892,4,1,1,15,30,7,Electric,0
65,237,1892,4,2,0,20,20,7,Electric,0
5,237,1892,4,3,0,20,25,6,Gasoline,0
0,237,1892,4,4,0,NA,NA,NA,NA,1
47,237,1893,5,1,0,20,20,8,Hybrid,0
76,237,1893,5,2,1,15,25,8,Electric,0
57,237,1893,5,3,0,25,20,6,Electric,0
0,237,1893,5,4,0,NA,NA,NA,NA,1
23,237,1894,6,1,1,20,25,8,Gasoline,0
59,237,1894,6,2,0,20,25,6,Electric,0
81,237,1894,6,3,0,25,30,8,Electric,0
0,237,1894,6,4,0,NA,NA,NA,NA,1
49,237,1895,7,1,1,15,25,8,Hybrid,0
37,237,1895,7,2,0,15,20,7,Hybrid,0
71,237,1895,7,3,0,20,30,7,Electric,0
0,237,1895,7,4,0,NA,NA,NA,NA,1
73,237,1896,8,1,0,15,20,8,Electric,0
61,237,1896,8,2,1,15,30,6,Electric,0
81,237,1896,8,3,0,25,30,8,Electric,0
0,237,1896,8,4,0,NA,NA,NA,NA,1
31,238,1897,1,1,1,15,25,6,Hybrid,0
72,238,1897,1,2,0,25,30,7,Electric,0
60,238,1897,1,3,0,25,25,6,Electric,0
0,238,1897,1,4,0,NA,NA,NA,NA,1
26,238,1898,2,1,1,20,30,8,Gasoline,0
9,238,1898,2,2,0,25,30,6,Gasoline,0
8,238,1898,2,3,0,20,30,6,Gasoline,0
0,238,1898,2,4,0,NA,NA,NA,NA,1
7,238,1899,3,1,1,15,30,6,Gasoline,0
8,238,1899,3,2,0,20,30,6,Gasoline,0
49,238,1899,3,3,0,15,25,8,Hybrid,0
0,238,1899,3,4,0,NA,NA,NA,NA,1
25,238,1900,4,1,1,15,30,8,Gasoline,0
5,238,1900,4,2,0,20,25,6,Gasoline,0
36,238,1900,4,3,0,25,30,6,Hybrid,0
0,238,1900,4,4,0,NA,NA,NA,NA,1
41,238,1901,5,1,1,20,25,7,Hybrid,0
59,238,1901,5,2,0,20,25,6,Electric,0
29,238,1901,5,3,0,20,20,6,Hybrid,0
0,238,1901,5,4,0,NA,NA,NA,NA,1
61,238,1902,6,1,0,15,30,6,Electric,0
79,238,1902,6,2,0,15,30,8,Electric,0
12,238,1902,6,3,0,25,20,7,Gasoline,0
0,238,1902,6,4,1,NA,NA,NA,NA,1
70,238,1903,7,1,0,15,30,7,Electric,0
14,238,1903,7,2,0,20,25,7,Gasoline,0
63,238,1903,7,3,0,25,30,6,Electric,0
0,238,1903,7,4,1,NA,NA,NA,NA,1
17,238,1904,8,1,0,20,30,7,Gasoline,0
68,238,1904,8,2,0,20,25,7,Electric,0
37,238,1904,8,3,1,15,20,7,Hybrid,0
0,238,1904,8,4,0,NA,NA,NA,NA,1
79,239,1905,1,1,0,15,30,8,Electric,0
19,239,1905,1,2,1,15,20,8,Gasoline,0
80,239,1905,1,3,0,20,30,8,Electric,0
0,239,1905,1,4,0,NA,NA,NA,NA,1
58,239,1906,2,1,0,15,25,6,Electric,0
37,239,1906,2,2,1,15,20,7,Hybrid,0
53,239,1906,2,3,0,20,30,8,Hybrid,0
0,239,1906,2,4,0,NA,NA,NA,NA,1
4,239,1907,3,1,1,15,25,6,Gasoline,0
67,239,1907,3,2,0,15,25,7,Electric,0
14,239,1907,3,3,0,20,25,7,Gasoline,0
0,239,1907,3,4,0,NA,NA,NA,NA,1
68,239,1908,4,1,0,20,25,7,Electric,0
60,239,1908,4,2,0,25,25,6,Electric,0
74,239,1908,4,3,0,20,20,8,Electric,0
0,239,1908,4,4,1,NA,NA,NA,NA,1
69,239,1909,5,1,0,25,25,7,Electric,0
61,239,1909,5,2,0,15,30,6,Electric,0
4,239,1909,5,3,1,15,25,6,Gasoline,0
0,239,1909,5,4,0,NA,NA,NA,NA,1
16,239,1910,6,1,1,15,30,7,Gasoline,0
79,239,1910,6,2,0,15,30,8,Electric,0
56,239,1910,6,3,0,20,20,6,Electric,0
0,239,1910,6,4,0,NA,NA,NA,NA,1
66,239,1911,7,1,0,25,20,7,Electric,0
14,239,1911,7,2,1,20,25,7,Gasoline,0
21,239,1911,7,3,0,25,20,8,Gasoline,0
0,239,1911,7,4,0,NA,NA,NA,NA,1
73,239,1912,8,1,0,15,20,8,Electric,0
46,239,1912,8,2,1,15,20,8,Hybrid,0
55,239,1912,8,3,0,15,20,6,Electric,0
0,239,1912,8,4,0,NA,NA,NA,NA,1
27,240,1913,1,1,0,25,30,8,Gasoline,0
48,240,1913,1,2,0,25,20,8,Hybrid,0
1,240,1913,1,3,1,15,20,6,Gasoline,0
0,240,1913,1,4,0,NA,NA,NA,NA,1
17,240,1914,2,1,1,20,30,7,Gasoline,0
62,240,1914,2,2,0,20,30,6,Electric,0
58,240,1914,2,3,0,15,25,6,Electric,0
0,240,1914,2,4,0,NA,NA,NA,NA,1
41,240,1915,3,1,0,20,25,7,Hybrid,0
13,240,1915,3,2,1,15,25,7,Gasoline,0
45,240,1915,3,3,0,25,30,7,Hybrid,0
0,240,1915,3,4,0,NA,NA,NA,NA,1
19,240,1916,4,1,1,15,20,8,Gasoline,0
7,240,1916,4,2,0,15,30,6,Gasoline,0
67,240,1916,4,3,0,15,25,7,Electric,0
0,240,1916,4,4,0,NA,NA,NA,NA,1
62,240,1917,5,1,0,20,30,6,Electric,0
15,240,1917,5,2,0,25,25,7,Gasoline,0
41,240,1917,5,3,1,20,25,7,Hybrid,0
0,240,1917,5,4,0,NA,NA,NA,NA,1
14,240,1918,6,1,1,20,25,7,Gasoline,0
74,240,1918,6,2,0,20,20,8,Electric,0
30,240,1918,6,3,0,25,20,6,Hybrid,0
0,240,1918,6,4,0,NA,NA,NA,NA,1
22,240,1919,7,1,1,15,25,8,Gasoline,0
50,240,1919,7,2,0,20,25,8,Hybrid,0
65,240,1919,7,3,0,20,20,7,Electric,0
0,240,1919,7,4,0,NA,NA,NA,NA,1
33,240,1920,8,1,0,25,25,6,Hybrid,0
40,240,1920,8,2,1,15,25,7,Hybrid,0
81,240,1920,8,3,0,25,30,8,Electric,0
0,240,1920,8,4,0,NA,NA,NA,NA,1
24,241,1921,1,1,0,25,25,8,Gasoline,0
62,241,1921,1,2,0,20,30,6,Electric,0
51,241,1921,1,3,0,25,25,8,Hybrid,0
0,241,1921,1,4,1,NA,NA,NA,NA,1
77,241,1922,2,1,0,20,25,8,Electric,0
42,241,1922,2,2,1,25,25,7,Hybrid,0
35,241,1922,2,3,0,20,30,6,Hybrid,0
0,241,1922,2,4,0,NA,NA,NA,NA,1
30,241,1923,3,1,0,25,20,6,Hybrid,0
66,241,1923,3,2,0,25,20,7,Electric,0
60,241,1923,3,3,0,25,25,6,Electric,0
0,241,1923,3,4,1,NA,NA,NA,NA,1
64,241,1924,4,1,0,15,20,7,Electric,0
22,241,1924,4,2,1,15,25,8,Gasoline,0
66,241,1924,4,3,0,25,20,7,Electric,0
0,241,1924,4,4,0,NA,NA,NA,NA,1
21,241,1925,5,1,0,25,20,8,Gasoline,0
74,241,1925,5,2,0,20,20,8,Electric,0
29,241,1925,5,3,1,20,20,6,Hybrid,0
0,241,1925,5,4,0,NA,NA,NA,NA,1
62,241,1926,6,1,0,20,30,6,Electric,0
80,241,1926,6,2,0,20,30,8,Electric,0
22,241,1926,6,3,1,15,25,8,Gasoline,0
0,241,1926,6,4,0,NA,NA,NA,NA,1
14,241,1927,7,1,0,20,25,7,Gasoline,0
58,241,1927,7,2,1,15,25,6,Electric,0
72,241,1927,7,3,0,25,30,7,Electric,0
0,241,1927,7,4,0,NA,NA,NA,NA,1
65,241,1928,8,1,0,20,20,7,Electric,0
19,241,1928,8,2,1,15,20,8,Gasoline,0
41,241,1928,8,3,0,20,25,7,Hybrid,0
0,241,1928,8,4,0,NA,NA,NA,NA,1
31,242,1929,1,1,0,15,25,6,Hybrid,0
53,242,1929,1,2,0,20,30,8,Hybrid,0
37,242,1929,1,3,1,15,20,7,Hybrid,0
0,242,1929,1,4,0,NA,NA,NA,NA,1
26,242,1930,2,1,0,20,30,8,Gasoline,0
66,242,1930,2,2,0,25,20,7,Electric,0
14,242,1930,2,3,1,20,25,7,Gasoline,0
0,242,1930,2,4,0,NA,NA,NA,NA,1
28,242,1931,3,1,1,15,20,6,Hybrid,0
74,242,1931,3,2,0,20,20,8,Electric,0
33,242,1931,3,3,0,25,25,6,Hybrid,0
0,242,1931,3,4,0,NA,NA,NA,NA,1
35,242,1932,4,1,0,20,30,6,Hybrid,0
38,242,1932,4,2,1,20,20,7,Hybrid,0
67,242,1932,4,3,0,15,25,7,Electric,0
0,242,1932,4,4,0,NA,NA,NA,NA,1
45,242,1933,5,1,0,25,30,7,Hybrid,0
49,242,1933,5,2,1,15,25,8,Hybrid,0
57,242,1933,5,3,0,25,20,6,Electric,0
0,242,1933,5,4,0,NA,NA,NA,NA,1
34,242,1934,6,1,1,15,30,6,Hybrid,0
45,242,1934,6,2,0,25,30,7,Hybrid,0
50,242,1934,6,3,0,20,25,8,Hybrid,0
0,242,1934,6,4,0,NA,NA,NA,NA,1
47,242,1935,7,1,0,20,20,8,Hybrid,0
39,242,1935,7,2,0,25,20,7,Hybrid,0
58,242,1935,7,3,1,15,25,6,Electric,0
0,242,1935,7,4,0,NA,NA,NA,NA,1
64,242,1936,8,1,0,15,20,7,Electric,0
72,242,1936,8,2,0,25,30,7,Electric,0
70,242,1936,8,3,0,15,30,7,Electric,0
0,242,1936,8,4,1,NA,NA,NA,NA,1
51,243,1937,1,1,0,25,25,8,Hybrid,0
81,243,1937,1,2,0,25,30,8,Electric,0
42,243,1937,1,3,1,25,25,7,Hybrid,0
0,243,1937,1,4,0,NA,NA,NA,NA,1
16,243,1938,2,1,0,15,30,7,Gasoline,0
52,243,1938,2,2,1,15,30,8,Hybrid,0
80,243,1938,2,3,0,20,30,8,Electric,0
0,243,1938,2,4,0,NA,NA,NA,NA,1
9,243,1939,3,1,0,25,30,6,Gasoline,0
10,243,1939,3,2,1,15,20,7,Gasoline,0
54,243,1939,3,3,0,25,30,8,Hybrid,0
0,243,1939,3,4,0,NA,NA,NA,NA,1
8,243,1940,4,1,1,20,30,6,Gasoline,0
23,243,1940,4,2,0,20,25,8,Gasoline,0
72,243,1940,4,3,0,25,30,7,Electric,0
0,243,1940,4,4,0,NA,NA,NA,NA,1
46,243,1941,5,1,1,15,20,8,Hybrid,0
20,243,1941,5,2,0,20,20,8,Gasoline,0
18,243,1941,5,3,0,25,30,7,Gasoline,0
0,243,1941,5,4,0,NA,NA,NA,NA,1
38,243,1942,6,1,0,20,20,7,Hybrid,0
40,243,1942,6,2,1,15,25,7,Hybrid,0
29,243,1942,6,3,0,20,20,6,Hybrid,0
0,243,1942,6,4,0,NA,NA,NA,NA,1
56,243,1943,7,1,0,20,20,6,Electric,0
43,243,1943,7,2,1,15,30,7,Hybrid,0
72,243,1943,7,3,0,25,30,7,Electric,0
0,243,1943,7,4,0,NA,NA,NA,NA,1
27,243,1944,8,1,0,25,30,8,Gasoline,0
13,243,1944,8,2,1,15,25,7,Gasoline,0
41,243,1944,8,3,0,20,25,7,Hybrid,0
0,243,1944,8,4,0,NA,NA,NA,NA,1
7,244,1945,1,1,1,15,30,6,Gasoline,0
75,244,1945,1,2,0,25,20,8,Electric,0
12,244,1945,1,3,0,25,20,7,Gasoline,0
0,244,1945,1,4,0,NA,NA,NA,NA,1
14,244,1946,2,1,1,20,25,7,Gasoline,0
21,244,1946,2,2,0,25,20,8,Gasoline,0
64,244,1946,2,3,0,15,20,7,Electric,0
0,244,1946,2,4,0,NA,NA,NA,NA,1
39,244,1947,3,1,0,25,20,7,Hybrid,0
80,244,1947,3,2,0,20,30,8,Electric,0
44,244,1947,3,3,1,20,30,7,Hybrid,0
0,244,1947,3,4,0,NA,NA,NA,NA,1
78,244,1948,4,1,0,25,25,8,Electric,0
6,244,1948,4,2,0,25,25,6,Gasoline,0
69,244,1948,4,3,0,25,25,7,Electric,0
0,244,1948,4,4,1,NA,NA,NA,NA,1
30,244,1949,5,1,0,25,20,6,Hybrid,0
38,244,1949,5,2,1,20,20,7,Hybrid,0
66,244,1949,5,3,0,25,20,7,Electric,0
0,244,1949,5,4,0,NA,NA,NA,NA,1
74,244,1950,6,1,0,20,20,8,Electric,0
65,244,1950,6,2,0,20,20,7,Electric,0
76,244,1950,6,3,0,15,25,8,Electric,0
0,244,1950,6,4,1,NA,NA,NA,NA,1
7,244,1951,7,1,1,15,30,6,Gasoline,0
11,244,1951,7,2,0,20,20,7,Gasoline,0
14,244,1951,7,3,0,20,25,7,Gasoline,0
0,244,1951,7,4,0,NA,NA,NA,NA,1
52,244,1952,8,1,1,15,30,8,Hybrid,0
19,244,1952,8,2,0,15,20,8,Gasoline,0
6,244,1952,8,3,0,25,25,6,Gasoline,0
0,244,1952,8,4,0,NA,NA,NA,NA,1
1,245,1953,1,1,1,15,20,6,Gasoline,0
70,245,1953,1,2,0,15,30,7,Electric,0
65,245,1953,1,3,0,20,20,7,Electric,0
0,245,1953,1,4,0,NA,NA,NA,NA,1
55,245,1954,2,1,0,15,20,6,Electric,0
80,245,1954,2,2,0,20,30,8,Electric,0
2,245,1954,2,3,1,20,20,6,Gasoline,0
0,245,1954,2,4,0,NA,NA,NA,NA,1
12,245,1955,3,1,0,25,20,7,Gasoline,0
50,245,1955,3,2,1,20,25,8,Hybrid,0
45,245,1955,3,3,0,25,30,7,Hybrid,0
0,245,1955,3,4,0,NA,NA,NA,NA,1
33,245,1956,4,1,0,25,25,6,Hybrid,0
28,245,1956,4,2,1,15,20,6,Hybrid,0
71,245,1956,4,3,0,20,30,7,Electric,0
0,245,1956,4,4,0,NA,NA,NA,NA,1
81,245,1957,5,1,0,25,30,8,Electric,0
37,245,1957,5,2,1,15,20,7,Hybrid,0
33,245,1957,5,3,0,25,25,6,Hybrid,0
0,245,1957,5,4,0,NA,NA,NA,NA,1
58,245,1958,6,1,1,15,25,6,Electric,0
29,245,1958,6,2,0,20,20,6,Hybrid,0
8,245,1958,6,3,0,20,30,6,Gasoline,0
0,245,1958,6,4,0,NA,NA,NA,NA,1
19,245,1959,7,1,1,15,20,8,Gasoline,0
24,245,1959,7,2,0,25,25,8,Gasoline,0
74,245,1959,7,3,0,20,20,8,Electric,0
0,245,1959,7,4,0,NA,NA,NA,NA,1
24,245,1960,8,1,0,25,25,8,Gasoline,0
19,245,1960,8,2,0,15,20,8,Gasoline,0
40,245,1960,8,3,1,15,25,7,Hybrid,0
0,245,1960,8,4,0,NA,NA,NA,NA,1
77,246,1961,1,1,0,20,25,8,Electric,0
28,246,1961,1,2,1,15,20,6,Hybrid,0
6,246,1961,1,3,0,25,25,6,Gasoline,0
0,246,1961,1,4,0,NA,NA,NA,NA,1
61,246,1962,2,1,1,15,30,6,Electric,0
74,246,1962,2,2,0,20,20,8,Electric,0
3,246,1962,2,3,0,25,20,6,Gasoline,0
0,246,1962,2,4,0,NA,NA,NA,NA,1
67,246,1963,3,1,0,15,25,7,Electric,0
19,246,1963,3,2,0,15,20,8,Gasoline,0
4,246,1963,3,3,1,15,25,6,Gasoline,0
0,246,1963,3,4,0,NA,NA,NA,NA,1
61,246,1964,4,1,0,15,30,6,Electric,0
20,246,1964,4,2,1,20,20,8,Gasoline,0
35,246,1964,4,3,0,20,30,6,Hybrid,0
0,246,1964,4,4,0,NA,NA,NA,NA,1
32,246,1965,5,1,1,20,25,6,Hybrid,0
57,246,1965,5,2,0,25,20,6,Electric,0
69,246,1965,5,3,0,25,25,7,Electric,0
0,246,1965,5,4,0,NA,NA,NA,NA,1
44,246,1966,6,1,0,20,30,7,Hybrid,0
79,246,1966,6,2,1,15,30,8,Electric,0
51,246,1966,6,3,0,25,25,8,Hybrid,0
0,246,1966,6,4,0,NA,NA,NA,NA,1
75,246,1967,7,1,0,25,20,8,Electric,0
44,246,1967,7,2,1,20,30,7,Hybrid,0
3,246,1967,7,3,0,25,20,6,Gasoline,0
0,246,1967,7,4,0,NA,NA,NA,NA,1
79,246,1968,8,1,0,15,30,8,Electric,0
77,246,1968,8,2,0,20,25,8,Electric,0
7,246,1968,8,3,1,15,30,6,Gasoline,0
0,246,1968,8,4,0,NA,NA,NA,NA,1
22,247,1969,1,1,1,15,25,8,Gasoline,0
33,247,1969,1,2,0,25,25,6,Hybrid,0
20,247,1969,1,3,0,20,20,8,Gasoline,0
0,247,1969,1,4,0,NA,NA,NA,NA,1
56,247,1970,2,1,0,20,20,6,Electric,0
62,247,1970,2,2,0,20,30,6,Electric,0
77,247,1970,2,3,0,20,25,8,Electric,0
0,247,1970,2,4,1,NA,NA,NA,NA,1
57,247,1971,3,1,0,25,20,6,Electric,0
71,247,1971,3,2,0,20,30,7,Electric,0
73,247,1971,3,3,1,15,20,8,Electric,0
0,247,1971,3,4,0,NA,NA,NA,NA,1
75,247,1972,4,1,0,25,20,8,Electric,0
4,247,1972,4,2,1,15,25,6,Gasoline,0
47,247,1972,4,3,0,20,20,8,Hybrid,0
0,247,1972,4,4,0,NA,NA,NA,NA,1
21,247,1973,5,1,0,25,20,8,Gasoline,0
55,247,1973,5,2,1,15,20,6,Electric,0
71,247,1973,5,3,0,20,30,7,Electric,0
0,247,1973,5,4,0,NA,NA,NA,NA,1
74,247,1974,6,1,0,20,20,8,Electric,0
2,247,1974,6,2,0,20,20,6,Gasoline,0
17,247,1974,6,3,1,20,30,7,Gasoline,0
0,247,1974,6,4,0,NA,NA,NA,NA,1
35,247,1975,7,1,0,20,30,6,Hybrid,0
47,247,1975,7,2,0,20,20,8,Hybrid,0
25,247,1975,7,3,1,15,30,8,Gasoline,0
0,247,1975,7,4,0,NA,NA,NA,NA,1
4,247,1976,8,1,0,15,25,6,Gasoline,0
25,247,1976,8,2,1,15,30,8,Gasoline,0
3,247,1976,8,3,0,25,20,6,Gasoline,0
0,247,1976,8,4,0,NA,NA,NA,NA,1
37,248,1977,1,1,1,15,20,7,Hybrid,0
7,248,1977,1,2,0,15,30,6,Gasoline,0
18,248,1977,1,3,0,25,30,7,Gasoline,0
0,248,1977,1,4,0,NA,NA,NA,NA,1
65,248,1978,2,1,0,20,20,7,Electric,0
4,248,1978,2,2,1,15,25,6,Gasoline,0
54,248,1978,2,3,0,25,30,8,Hybrid,0
0,248,1978,2,4,0,NA,NA,NA,NA,1
40,248,1979,3,1,1,15,25,7,Hybrid,0
39,248,1979,3,2,0,25,20,7,Hybrid,0
38,248,1979,3,3,0,20,20,7,Hybrid,0
0,248,1979,3,4,0,NA,NA,NA,NA,1
16,248,1980,4,1,1,15,30,7,Gasoline,0
17,248,1980,4,2,0,20,30,7,Gasoline,0
24,248,1980,4,3,0,25,25,8,Gasoline,0
0,248,1980,4,4,0,NA,NA,NA,NA,1
10,248,1981,5,1,0,15,20,7,Gasoline,0
56,248,1981,5,2,0,20,20,6,Electric,0
28,248,1981,5,3,1,15,20,6,Hybrid,0
0,248,1981,5,4,0,NA,NA,NA,NA,1
27,248,1982,6,1,0,25,30,8,Gasoline,0
54,248,1982,6,2,0,25,30,8,Hybrid,0
44,248,1982,6,3,1,20,30,7,Hybrid,0
0,248,1982,6,4,0,NA,NA,NA,NA,1
6,248,1983,7,1,0,25,25,6,Gasoline,0
46,248,1983,7,2,1,15,20,8,Hybrid,0
51,248,1983,7,3,0,25,25,8,Hybrid,0
0,248,1983,7,4,0,NA,NA,NA,NA,1
64,248,1984,8,1,1,15,20,7,Electric,0
77,248,1984,8,2,0,20,25,8,Electric,0
20,248,1984,8,3,0,20,20,8,Gasoline,0
0,248,1984,8,4,0,NA,NA,NA,NA,1
53,249,1985,1,1,0,20,30,8,Hybrid,0
35,249,1985,1,2,0,20,30,6,Hybrid,0
1,249,1985,1,3,1,15,20,6,Gasoline,0
0,249,1985,1,4,0,NA,NA,NA,NA,1
33,249,1986,2,1,0,25,25,6,Hybrid,0
66,249,1986,2,2,0,25,20,7,Electric,0
72,249,1986,2,3,0,25,30,7,Electric,0
0,249,1986,2,4,1,NA,NA,NA,NA,1
7,249,1987,3,1,1,15,30,6,Gasoline,0
65,249,1987,3,2,0,20,20,7,Electric,0
42,249,1987,3,3,0,25,25,7,Hybrid,0
0,249,1987,3,4,0,NA,NA,NA,NA,1
81,249,1988,4,1,0,25,30,8,Electric,0
35,249,1988,4,2,1,20,30,6,Hybrid,0
15,249,1988,4,3,0,25,25,7,Gasoline,0
0,249,1988,4,4,0,NA,NA,NA,NA,1
11,249,1989,5,1,0,20,20,7,Gasoline,0
26,249,1989,5,2,1,20,30,8,Gasoline,0
5,249,1989,5,3,0,20,25,6,Gasoline,0
0,249,1989,5,4,0,NA,NA,NA,NA,1
51,249,1990,6,1,0,25,25,8,Hybrid,0
1,249,1990,6,2,1,15,20,6,Gasoline,0
48,249,1990,6,3,0,25,20,8,Hybrid,0
0,249,1990,6,4,0,NA,NA,NA,NA,1
28,249,1991,7,1,1,15,20,6,Hybrid,0
54,249,1991,7,2,0,25,30,8,Hybrid,0
68,249,1991,7,3,0,20,25,7,Electric,0
0,249,1991,7,4,0,NA,NA,NA,NA,1
50,249,1992,8,1,0,20,25,8,Hybrid,0
42,249,1992,8,2,0,25,25,7,Hybrid,0
32,249,1992,8,3,1,20,25,6,Hybrid,0
0,249,1992,8,4,0,NA,NA,NA,NA,1
57,250,1993,1,1,0,25,20,6,Electric,0
25,250,1993,1,2,1,15,30,8,Gasoline,0
10,250,1993,1,3,0,15,20,7,Gasoline,0
0,250,1993,1,4,0,NA,NA,NA,NA,1
17,250,1994,2,1,1,20,30,7,Gasoline,0
61,250,1994,2,2,0,15,30,6,Electric,0
15,250,1994,2,3,0,25,25,7,Gasoline,0
0,250,1994,2,4,0,NA,NA,NA,NA,1
70,250,1995,3,1,1,15,30,7,Electric,0
63,250,1995,3,2,0,25,30,6,Electric,0
66,250,1995,3,3,0,25,20,7,Electric,0
0,250,1995,3,4,0,NA,NA,NA,NA,1
39,250,1996,4,1,0,25,20,7,Hybrid,0
65,250,1996,4,2,0,20,20,7,Electric,0
36,250,1996,4,3,0,25,30,6,Hybrid,0
0,250,1996,4,4,1,NA,NA,NA,NA,1
37,250,1997,5,1,1,15,20,7,Hybrid,0
41,250,1997,5,2,0,20,25,7,Hybrid,0
63,250,1997,5,3,0,25,30,6,Electric,0
0,250,1997,5,4,0,NA,NA,NA,NA,1
72,250,1998,6,1,0,25,30,7,Electric,0
48,250,1998,6,2,0,25,20,8,Hybrid,0
66,250,1998,6,3,0,25,20,7,Electric,0
0,250,1998,6,4,1,NA,NA,NA,NA,1
51,250,1999,7,1,0,25,25,8,Hybrid,0
55,250,1999,7,2,0,15,20,6,Electric,0
7,250,1999,7,3,1,15,30,6,Gasoline,0
0,250,1999,7,4,0,NA,NA,NA,NA,1
63,250,2000,8,1,0,25,30,6,Electric,0
21,250,2000,8,2,0,25,20,8,Gasoline,0
81,250,2000,8,3,0,25,30,8,Electric,0
0,250,2000,8,4,1,NA,NA,NA,NA,1
17,251,2001,1,1,0,20,30,7,Gasoline,0
49,251,2001,1,2,1,15,25,8,Hybrid,0
45,251,2001,1,3,0,25,30,7,Hybrid,0
0,251,2001,1,4,0,NA,NA,NA,NA,1
14,251,2002,2,1,1,20,25,7,Gasoline,0
41,251,2002,2,2,0,20,25,7,Hybrid,0
26,251,2002,2,3,0,20,30,8,Gasoline,0
0,251,2002,2,4,0,NA,NA,NA,NA,1
9,251,2003,3,1,0,25,30,6,Gasoline,0
37,251,2003,3,2,1,15,20,7,Hybrid,0
2,251,2003,3,3,0,20,20,6,Gasoline,0
0,251,2003,3,4,0,NA,NA,NA,NA,1
55,251,2004,4,1,0,15,20,6,Electric,0
2,251,2004,4,2,1,20,20,6,Gasoline,0
80,251,2004,4,3,0,20,30,8,Electric,0
0,251,2004,4,4,0,NA,NA,NA,NA,1
28,251,2005,5,1,1,15,20,6,Hybrid,0
23,251,2005,5,2,0,20,25,8,Gasoline,0
71,251,2005,5,3,0,20,30,7,Electric,0
0,251,2005,5,4,0,NA,NA,NA,NA,1
55,251,2006,6,1,0,15,20,6,Electric,0
3,251,2006,6,2,0,25,20,6,Gasoline,0
49,251,2006,6,3,1,15,25,8,Hybrid,0
0,251,2006,6,4,0,NA,NA,NA,NA,1
74,251,2007,7,1,0,20,20,8,Electric,0
59,251,2007,7,2,0,20,25,6,Electric,0
48,251,2007,7,3,1,25,20,8,Hybrid,0
0,251,2007,7,4,0,NA,NA,NA,NA,1
56,251,2008,8,1,0,20,20,6,Electric,0
51,251,2008,8,2,0,25,25,8,Hybrid,0
16,251,2008,8,3,1,15,30,7,Gasoline,0
0,251,2008,8,4,0,NA,NA,NA,NA,1
10,252,2009,1,1,1,15,20,7,Gasoline,0
75,252,2009,1,2,0,25,20,8,Electric,0
70,252,2009,1,3,0,15,30,7,Electric,0
0,252,2009,1,4,0,NA,NA,NA,NA,1
1,252,2010,2,1,1,15,20,6,Gasoline,0
57,252,2010,2,2,0,25,20,6,Electric,0
14,252,2010,2,3,0,20,25,7,Gasoline,0
0,252,2010,2,4,0,NA,NA,NA,NA,1
9,252,2011,3,1,0,25,30,6,Gasoline,0
38,252,2011,3,2,0,20,20,7,Hybrid,0
52,252,2011,3,3,1,15,30,8,Hybrid,0
0,252,2011,3,4,0,NA,NA,NA,NA,1
50,252,2012,4,1,0,20,25,8,Hybrid,0
13,252,2012,4,2,1,15,25,7,Gasoline,0
23,252,2012,4,3,0,20,25,8,Gasoline,0
0,252,2012,4,4,0,NA,NA,NA,NA,1
12,252,2013,5,1,0,25,20,7,Gasoline,0
72,252,2013,5,2,0,25,30,7,Electric,0
20,252,2013,5,3,1,20,20,8,Gasoline,0
0,252,2013,5,4,0,NA,NA,NA,NA,1
4,252,2014,6,1,1,15,25,6,Gasoline,0
32,252,2014,6,2,0,20,25,6,Hybrid,0
44,252,2014,6,3,0,20,30,7,Hybrid,0
0,252,2014,6,4,0,NA,NA,NA,NA,1
71,252,2015,7,1,0,20,30,7,Electric,0
56,252,2015,7,2,0,20,20,6,Electric,0
26,252,2015,7,3,1,20,30,8,Gasoline,0
0,252,2015,7,4,0,NA,NA,NA,NA,1
72,252,2016,8,1,0,25,30,7,Electric,0
74,252,2016,8,2,0,20,20,8,Electric,0
56,252,2016,8,3,0,20,20,6,Electric,0
0,252,2016,8,4,1,NA,NA,NA,NA,1
73,253,2017,1,1,0,15,20,8,Electric,0
61,253,2017,1,2,1,15,30,6,Electric,0
39,253,2017,1,3,0,25,20,7,Hybrid,0
0,253,2017,1,4,0,NA,NA,NA,NA,1
23,253,2018,2,1,0,20,25,8,Gasoline,0
19,253,2018,2,2,0,15,20,8,Gasoline,0
49,253,2018,2,3,1,15,25,8,Hybrid,0
0,253,2018,2,4,0,NA,NA,NA,NA,1
10,253,2019,3,1,1,15,20,7,Gasoline,0
5,253,2019,3,2,0,20,25,6,Gasoline,0
76,253,2019,3,3,0,15,25,8,Electric,0
0,253,2019,3,4,0,NA,NA,NA,NA,1
18,253,2020,4,1,0,25,30,7,Gasoline,0
53,253,2020,4,2,0,20,30,8,Hybrid,0
38,253,2020,4,3,1,20,20,7,Hybrid,0
0,253,2020,4,4,0,NA,NA,NA,NA,1
62,253,2021,5,1,0,20,30,6,Electric,0
44,253,2021,5,2,1,20,30,7,Hybrid,0
2,253,2021,5,3,0,20,20,6,Gasoline,0
0,253,2021,5,4,0,NA,NA,NA,NA,1
11,253,2022,6,1,0,20,20,7,Gasoline,0
23,253,2022,6,2,0,20,25,8,Gasoline,0
46,253,2022,6,3,1,15,20,8,Hybrid,0
0,253,2022,6,4,0,NA,NA,NA,NA,1
57,253,2023,7,1,0,25,20,6,Electric,0
46,253,2023,7,2,1,15,20,8,Hybrid,0
75,253,2023,7,3,0,25,20,8,Electric,0
0,253,2023,7,4,0,NA,NA,NA,NA,1
26,253,2024,8,1,0,20,30,8,Gasoline,0
61,253,2024,8,2,0,15,30,6,Electric,0
1,253,2024,8,3,1,15,20,6,Gasoline,0
0,253,2024,8,4,0,NA,NA,NA,NA,1
7,254,2025,1,1,1,15,30,6,Gasoline,0
44,254,2025,1,2,0,20,30,7,Hybrid,0
66,254,2025,1,3,0,25,20,7,Electric,0
0,254,2025,1,4,0,NA,NA,NA,NA,1
2,254,2026,2,1,0,20,20,6,Gasoline,0
43,254,2026,2,2,1,15,30,7,Hybrid,0
52,254,2026,2,3,0,15,30,8,Hybrid,0
0,254,2026,2,4,0,NA,NA,NA,NA,1
46,254,2027,3,1,1,15,20,8,Hybrid,0
18,254,2027,3,2,0,25,30,7,Gasoline,0
42,254,2027,3,3,0,25,25,7,Hybrid,0
0,254,2027,3,4,0,NA,NA,NA,NA,1
19,254,2028,4,1,1,15,20,8,Gasoline,0
9,254,2028,4,2,0,25,30,6,Gasoline,0
30,254,2028,4,3,0,25,20,6,Hybrid,0
0,254,2028,4,4,0,NA,NA,NA,NA,1
13,254,2029,5,1,1,15,25,7,Gasoline,0
19,254,2029,5,2,0,15,20,8,Gasoline,0
54,254,2029,5,3,0,25,30,8,Hybrid,0
0,254,2029,5,4,0,NA,NA,NA,NA,1
70,254,2030,6,1,1,15,30,7,Electric,0
50,254,2030,6,2,0,20,25,8,Hybrid,0
9,254,2030,6,3,0,25,30,6,Gasoline,0
0,254,2030,6,4,0,NA,NA,NA,NA,1
42,254,2031,7,1,0,25,25,7,Hybrid,0
46,254,2031,7,2,1,15,20,8,Hybrid,0
68,254,2031,7,3,0,20,25,7,Electric,0
0,254,2031,7,4,0,NA,NA,NA,NA,1
29,254,2032,8,1,1,20,20,6,Hybrid,0
24,254,2032,8,2,0,25,25,8,Gasoline,0
15,254,2032,8,3,0,25,25,7,Gasoline,0
0,254,2032,8,4,0,NA,NA,NA,NA,1
23,255,2033,1,1,1,20,25,8,Gasoline,0
51,255,2033,1,2,0,25,25,8,Hybrid,0
35,255,2033,1,3,0,20,30,6,Hybrid,0
0,255,2033,1,4,0,NA,NA,NA,NA,1
73,255,2034,2,1,0,15,20,8,Electric,0
3,255,2034,2,2,0,25,20,6,Gasoline,0
70,255,2034,2,3,1,15,30,7,Electric,0
0,255,2034,2,4,0,NA,NA,NA,NA,1
37,255,2035,3,1,1,15,20,7,Hybrid,0
70,255,2035,3,2,0,15,30,7,Electric,0
2,255,2035,3,3,0,20,20,6,Gasoline,0
0,255,2035,3,4,0,NA,NA,NA,NA,1
17,255,2036,4,1,1,20,30,7,Gasoline,0
20,255,2036,4,2,0,20,20,8,Gasoline,0
71,255,2036,4,3,0,20,30,7,Electric,0
0,255,2036,4,4,0,NA,NA,NA,NA,1
74,255,2037,5,1,0,20,20,8,Electric,0
22,255,2037,5,2,1,15,25,8,Gasoline,0
60,255,2037,5,3,0,25,25,6,Electric,0
0,255,2037,5,4,0,NA,NA,NA,NA,1
20,255,2038,6,1,0,20,20,8,Gasoline,0
26,255,2038,6,2,0,20,30,8,Gasoline,0
31,255,2038,6,3,1,15,25,6,Hybrid,0
0,255,2038,6,4,0,NA,NA,NA,NA,1
78,255,2039,7,1,0,25,25,8,Electric,0
61,255,2039,7,2,0,15,30,6,Electric,0
79,255,2039,7,3,1,15,30,8,Electric,0
0,255,2039,7,4,0,NA,NA,NA,NA,1
57,255,2040,8,1,0,25,20,6,Electric,0
76,255,2040,8,2,1,15,25,8,Electric,0
66,255,2040,8,3,0,25,20,7,Electric,0
0,255,2040,8,4,0,NA,NA,NA,NA,1
36,256,2041,1,1,0,25,30,6,Hybrid,0
56,256,2041,1,2,0,20,20,6,Electric,0
47,256,2041,1,3,1,20,20,8,Hybrid,0
0,256,2041,1,4,0,NA,NA,NA,NA,1
57,256,2042,2,1,0,25,20,6,Electric,0
69,256,2042,2,2,0,25,25,7,Electric,0
35,256,2042,2,3,1,20,30,6,Hybrid,0
0,256,2042,2,4,0,NA,NA,NA,NA,1
50,256,2043,3,1,0,20,25,8,Hybrid,0
48,256,2043,3,2,0,25,20,8,Hybrid,0
22,256,2043,3,3,1,15,25,8,Gasoline,0
0,256,2043,3,4,0,NA,NA,NA,NA,1
69,256,2044,4,1,0,25,25,7,Electric,0
48,256,2044,4,2,0,25,20,8,Hybrid,0
65,256,2044,4,3,0,20,20,7,Electric,0
0,256,2044,4,4,1,NA,NA,NA,NA,1
81,256,2045,5,1,0,25,30,8,Electric,0
78,256,2045,5,2,0,25,25,8,Electric,0
55,256,2045,5,3,1,15,20,6,Electric,0
0,256,2045,5,4,0,NA,NA,NA,NA,1
76,256,2046,6,1,0,15,25,8,Electric,0
37,256,2046,6,2,1,15,20,7,Hybrid,0
49,256,2046,6,3,0,15,25,8,Hybrid,0
0,256,2046,6,4,0,NA,NA,NA,NA,1
48,256,2047,7,1,0,25,20,8,Hybrid,0
58,256,2047,7,2,0,15,25,6,Electric,0
43,256,2047,7,3,1,15,30,7,Hybrid,0
0,256,2047,7,4,0,NA,NA,NA,NA,1
60,256,2048,8,1,0,25,25,6,Electric,0
80,256,2048,8,2,0,20,30,8,Electric,0
47,256,2048,8,3,1,20,20,8,Hybrid,0
0,256,2048,8,4,0,NA,NA,NA,NA,1
36,257,2049,1,1,0,25,30,6,Hybrid,0
3,257,2049,1,2,0,25,20,6,Gasoline,0
5,257,2049,1,3,1,20,25,6,Gasoline,0
0,257,2049,1,4,0,NA,NA,NA,NA,1
69,257,2050,2,1,0,25,25,7,Electric,0
18,257,2050,2,2,0,25,30,7,Gasoline,0
58,257,2050,2,3,1,15,25,6,Electric,0
0,257,2050,2,4,0,NA,NA,NA,NA,1
65,257,2051,3,1,0,20,20,7,Electric,0
63,257,2051,3,2,0,25,30,6,Electric,0
54,257,2051,3,3,1,25,30,8,Hybrid,0
0,257,2051,3,4,0,NA,NA,NA,NA,1
63,257,2052,4,1,0,25,30,6,Electric,0
59,257,2052,4,2,0,20,25,6,Electric,0
9,257,2052,4,3,1,25,30,6,Gasoline,0
0,257,2052,4,4,0,NA,NA,NA,NA,1
69,257,2053,5,1,0,25,25,7,Electric,0
28,257,2053,5,2,1,15,20,6,Hybrid,0
58,257,2053,5,3,0,15,25,6,Electric,0
0,257,2053,5,4,0,NA,NA,NA,NA,1
50,257,2054,6,1,0,20,25,8,Hybrid,0
60,257,2054,6,2,0,25,25,6,Electric,0
31,257,2054,6,3,1,15,25,6,Hybrid,0
0,257,2054,6,4,0,NA,NA,NA,NA,1
3,257,2055,7,1,0,25,20,6,Gasoline,0
76,257,2055,7,2,0,15,25,8,Electric,0
11,257,2055,7,3,1,20,20,7,Gasoline,0
0,257,2055,7,4,0,NA,NA,NA,NA,1
12,257,2056,8,1,0,25,20,7,Gasoline,0
27,257,2056,8,2,0,25,30,8,Gasoline,0
39,257,2056,8,3,1,25,20,7,Hybrid,0
0,257,2056,8,4,0,NA,NA,NA,NA,1
26,258,2057,1,1,0,20,30,8,Gasoline,0
79,258,2057,1,2,1,15,30,8,Electric,0
21,258,2057,1,3,0,25,20,8,Gasoline,0
0,258,2057,1,4,0,NA,NA,NA,NA,1
14,258,2058,2,1,1,20,25,7,Gasoline,0
72,258,2058,2,2,0,25,30,7,Electric,0
73,258,2058,2,3,0,15,20,8,Electric,0
0,258,2058,2,4,0,NA,NA,NA,NA,1
6,258,2059,3,1,0,25,25,6,Gasoline,0
33,258,2059,3,2,0,25,25,6,Hybrid,0
43,258,2059,3,3,1,15,30,7,Hybrid,0
0,258,2059,3,4,0,NA,NA,NA,NA,1
27,258,2060,4,1,0,25,30,8,Gasoline,0
9,258,2060,4,2,1,25,30,6,Gasoline,0
24,258,2060,4,3,0,25,25,8,Gasoline,0
0,258,2060,4,4,0,NA,NA,NA,NA,1
13,258,2061,5,1,1,15,25,7,Gasoline,0
78,258,2061,5,2,0,25,25,8,Electric,0
46,258,2061,5,3,0,15,20,8,Hybrid,0
0,258,2061,5,4,0,NA,NA,NA,NA,1
60,258,2062,6,1,0,25,25,6,Electric,0
15,258,2062,6,2,0,25,25,7,Gasoline,0
64,258,2062,6,3,1,15,20,7,Electric,0
0,258,2062,6,4,0,NA,NA,NA,NA,1
5,258,2063,7,1,0,20,25,6,Gasoline,0
46,258,2063,7,2,1,15,20,8,Hybrid,0
7,258,2063,7,3,0,15,30,6,Gasoline,0
0,258,2063,7,4,0,NA,NA,NA,NA,1
59,258,2064,8,1,0,20,25,6,Electric,0
80,258,2064,8,2,0,20,30,8,Electric,0
8,258,2064,8,3,1,20,30,6,Gasoline,0
0,258,2064,8,4,0,NA,NA,NA,NA,1
54,259,2065,1,1,0,25,30,8,Hybrid,0
75,259,2065,1,2,0,25,20,8,Electric,0
20,259,2065,1,3,1,20,20,8,Gasoline,0
0,259,2065,1,4,0,NA,NA,NA,NA,1
78,259,2066,2,1,0,25,25,8,Electric,0
15,259,2066,2,2,0,25,25,7,Gasoline,0
24,259,2066,2,3,0,25,25,8,Gasoline,0
0,259,2066,2,4,1,NA,NA,NA,NA,1
5,259,2067,3,1,0,20,25,6,Gasoline,0
42,259,2067,3,2,0,25,25,7,Hybrid,0
49,259,2067,3,3,1,15,25,8,Hybrid,0
0,259,2067,3,4,0,NA,NA,NA,NA,1
71,259,2068,4,1,0,20,30,7,Electric,0
76,259,2068,4,2,1,15,25,8,Electric,0
58,259,2068,4,3,0,15,25,6,Electric,0
0,259,2068,4,4,0,NA,NA,NA,NA,1
51,259,2069,5,1,0,25,25,8,Hybrid,0
24,259,2069,5,2,0,25,25,8,Gasoline,0
23,259,2069,5,3,1,20,25,8,Gasoline,0
0,259,2069,5,4,0,NA,NA,NA,NA,1
74,259,2070,6,1,0,20,20,8,Electric,0
69,259,2070,6,2,0,25,25,7,Electric,0
1,259,2070,6,3,1,15,20,6,Gasoline,0
0,259,2070,6,4,0,NA,NA,NA,NA,1
29,259,2071,7,1,0,20,20,6,Hybrid,0
1,259,2071,7,2,1,15,20,6,Gasoline,0
54,259,2071,7,3,0,25,30,8,Hybrid,0
0,259,2071,7,4,0,NA,NA,NA,NA,1
75,259,2072,8,1,0,25,20,8,Electric,0
62,259,2072,8,2,0,20,30,6,Electric,0
70,259,2072,8,3,1,15,30,7,Electric,0
0,259,2072,8,4,0,NA,NA,NA,NA,1
22,260,2073,1,1,1,15,25,8,Gasoline,0
58,260,2073,1,2,0,15,25,6,Electric,0
57,260,2073,1,3,0,25,20,6,Electric,0
0,260,2073,1,4,0,NA,NA,NA,NA,1
75,260,2074,2,1,0,25,20,8,Electric,0
53,260,2074,2,2,1,20,30,8,Hybrid,0
66,260,2074,2,3,0,25,20,7,Electric,0
0,260,2074,2,4,0,NA,NA,NA,NA,1
58,260,2075,3,1,0,15,25,6,Electric,0
30,260,2075,3,2,0,25,20,6,Hybrid,0
5,260,2075,3,3,1,20,25,6,Gasoline,0
0,260,2075,3,4,0,NA,NA,NA,NA,1
14,260,2076,4,1,0,20,25,7,Gasoline,0
50,260,2076,4,2,0,20,25,8,Hybrid,0
25,260,2076,4,3,1,15,30,8,Gasoline,0
0,260,2076,4,4,0,NA,NA,NA,NA,1
6,260,2077,5,1,0,25,25,6,Gasoline,0
1,260,2077,5,2,0,15,20,6,Gasoline,0
75,260,2077,5,3,0,25,20,8,Electric,0
0,260,2077,5,4,1,NA,NA,NA,NA,1
59,260,2078,6,1,0,20,25,6,Electric,0
67,260,2078,6,2,1,15,25,7,Electric,0
56,260,2078,6,3,0,20,20,6,Electric,0
0,260,2078,6,4,0,NA,NA,NA,NA,1
72,260,2079,7,1,0,25,30,7,Electric,0
78,260,2079,7,2,0,25,25,8,Electric,0
55,260,2079,7,3,1,15,20,6,Electric,0
0,260,2079,7,4,0,NA,NA,NA,NA,1
66,260,2080,8,1,0,25,20,7,Electric,0
33,260,2080,8,2,1,25,25,6,Hybrid,0
45,260,2080,8,3,0,25,30,7,Hybrid,0
0,260,2080,8,4,0,NA,NA,NA,NA,1
65,261,2081,1,1,0,20,20,7,Electric,0
39,261,2081,1,2,0,25,20,7,Hybrid,0
9,261,2081,1,3,0,25,30,6,Gasoline,0
0,261,2081,1,4,1,NA,NA,NA,NA,1
66,261,2082,2,1,0,25,20,7,Electric,0
11,261,2082,2,2,0,20,20,7,Gasoline,0
26,261,2082,2,3,1,20,30,8,Gasoline,0
0,261,2082,2,4,0,NA,NA,NA,NA,1
75,261,2083,3,1,0,25,20,8,Electric,0
37,261,2083,3,2,0,15,20,7,Hybrid,0
76,261,2083,3,3,1,15,25,8,Electric,0
0,261,2083,3,4,0,NA,NA,NA,NA,1
14,261,2084,4,1,0,20,25,7,Gasoline,0
22,261,2084,4,2,1,15,25,8,Gasoline,0
67,261,2084,4,3,0,15,25,7,Electric,0
0,261,2084,4,4,0,NA,NA,NA,NA,1
9,261,2085,5,1,0,25,30,6,Gasoline,0
71,261,2085,5,2,0,20,30,7,Electric,0
13,261,2085,5,3,1,15,25,7,Gasoline,0
0,261,2085,5,4,0,NA,NA,NA,NA,1
65,261,2086,6,1,0,20,20,7,Electric,0
29,261,2086,6,2,0,20,20,6,Hybrid,0
44,261,2086,6,3,1,20,30,7,Hybrid,0
0,261,2086,6,4,0,NA,NA,NA,NA,1
18,261,2087,7,1,0,25,30,7,Gasoline,0
74,261,2087,7,2,0,20,20,8,Electric,0
53,261,2087,7,3,1,20,30,8,Hybrid,0
0,261,2087,7,4,0,NA,NA,NA,NA,1
10,261,2088,8,1,0,15,20,7,Gasoline,0
29,261,2088,8,2,0,20,20,6,Hybrid,0
7,261,2088,8,3,1,15,30,6,Gasoline,0
0,261,2088,8,4,0,NA,NA,NA,NA,1
14,262,2089,1,1,1,20,25,7,Gasoline,0
15,262,2089,1,2,0,25,25,7,Gasoline,0
38,262,2089,1,3,0,20,20,7,Hybrid,0
0,262,2089,1,4,0,NA,NA,NA,NA,1
65,262,2090,2,1,0,20,20,7,Electric,0
74,262,2090,2,2,0,20,20,8,Electric,0
35,262,2090,2,3,1,20,30,6,Hybrid,0
0,262,2090,2,4,0,NA,NA,NA,NA,1
1,262,2091,3,1,1,15,20,6,Gasoline,0
12,262,2091,3,2,0,25,20,7,Gasoline,0
53,262,2091,3,3,0,20,30,8,Hybrid,0
0,262,2091,3,4,0,NA,NA,NA,NA,1
68,262,2092,4,1,0,20,25,7,Electric,0
4,262,2092,4,2,1,15,25,6,Gasoline,0
55,262,2092,4,3,0,15,20,6,Electric,0
0,262,2092,4,4,0,NA,NA,NA,NA,1
5,262,2093,5,1,1,20,25,6,Gasoline,0
18,262,2093,5,2,0,25,30,7,Gasoline,0
67,262,2093,5,3,0,15,25,7,Electric,0
0,262,2093,5,4,0,NA,NA,NA,NA,1
12,262,2094,6,1,1,25,20,7,Gasoline,0
68,262,2094,6,2,0,20,25,7,Electric,0
54,262,2094,6,3,0,25,30,8,Hybrid,0
0,262,2094,6,4,0,NA,NA,NA,NA,1
72,262,2095,7,1,0,25,30,7,Electric,0
39,262,2095,7,2,0,25,20,7,Hybrid,0
21,262,2095,7,3,1,25,20,8,Gasoline,0
0,262,2095,7,4,0,NA,NA,NA,NA,1
73,262,2096,8,1,0,15,20,8,Electric,0
36,262,2096,8,2,0,25,30,6,Hybrid,0
46,262,2096,8,3,1,15,20,8,Hybrid,0
0,262,2096,8,4,0,NA,NA,NA,NA,1
46,263,2097,1,1,0,15,20,8,Hybrid,0
61,263,2097,1,2,0,15,30,6,Electric,0
52,263,2097,1,3,1,15,30,8,Hybrid,0
0,263,2097,1,4,0,NA,NA,NA,NA,1
52,263,2098,2,1,0,15,30,8,Hybrid,0
8,263,2098,2,2,0,20,30,6,Gasoline,0
16,263,2098,2,3,1,15,30,7,Gasoline,0
0,263,2098,2,4,0,NA,NA,NA,NA,1
64,263,2099,3,1,1,15,20,7,Electric,0
67,263,2099,3,2,0,15,25,7,Electric,0
45,263,2099,3,3,0,25,30,7,Hybrid,0
0,263,2099,3,4,0,NA,NA,NA,NA,1
5,263,2100,4,1,0,20,25,6,Gasoline,0
49,263,2100,4,2,1,15,25,8,Hybrid,0
45,263,2100,4,3,0,25,30,7,Hybrid,0
0,263,2100,4,4,0,NA,NA,NA,NA,1
75,263,2101,5,1,0,25,20,8,Electric,0
44,263,2101,5,2,1,20,30,7,Hybrid,0
1,263,2101,5,3,0,15,20,6,Gasoline,0
0,263,2101,5,4,0,NA,NA,NA,NA,1
65,263,2102,6,1,0,20,20,7,Electric,0
62,263,2102,6,2,0,20,30,6,Electric,0
57,263,2102,6,3,0,25,20,6,Electric,0
0,263,2102,6,4,1,NA,NA,NA,NA,1
29,263,2103,7,1,1,20,20,6,Hybrid,0
73,263,2103,7,2,0,15,20,8,Electric,0
53,263,2103,7,3,0,20,30,8,Hybrid,0
0,263,2103,7,4,0,NA,NA,NA,NA,1
30,263,2104,8,1,0,25,20,6,Hybrid,0
26,263,2104,8,2,0,20,30,8,Gasoline,0
10,263,2104,8,3,1,15,20,7,Gasoline,0
0,263,2104,8,4,0,NA,NA,NA,NA,1
78,264,2105,1,1,0,25,25,8,Electric,0
72,264,2105,1,2,0,25,30,7,Electric,0
29,264,2105,1,3,1,20,20,6,Hybrid,0
0,264,2105,1,4,0,NA,NA,NA,NA,1
5,264,2106,2,1,0,20,25,6,Gasoline,0
66,264,2106,2,2,0,25,20,7,Electric,0
28,264,2106,2,3,1,15,20,6,Hybrid,0
0,264,2106,2,4,0,NA,NA,NA,NA,1
40,264,2107,3,1,1,15,25,7,Hybrid,0
61,264,2107,3,2,0,15,30,6,Electric,0
57,264,2107,3,3,0,25,20,6,Electric,0
0,264,2107,3,4,0,NA,NA,NA,NA,1
37,264,2108,4,1,1,15,20,7,Hybrid,0
55,264,2108,4,2,0,15,20,6,Electric,0
72,264,2108,4,3,0,25,30,7,Electric,0
0,264,2108,4,4,0,NA,NA,NA,NA,1
1,264,2109,5,1,1,15,20,6,Gasoline,0
65,264,2109,5,2,0,20,20,7,Electric,0
72,264,2109,5,3,0,25,30,7,Electric,0
0,264,2109,5,4,0,NA,NA,NA,NA,1
38,264,2110,6,1,1,20,20,7,Hybrid,0
47,264,2110,6,2,0,20,20,8,Hybrid,0
39,264,2110,6,3,0,25,20,7,Hybrid,0
0,264,2110,6,4,0,NA,NA,NA,NA,1
75,264,2111,7,1,0,25,20,8,Electric,0
41,264,2111,7,2,1,20,25,7,Hybrid,0
24,264,2111,7,3,0,25,25,8,Gasoline,0
0,264,2111,7,4,0,NA,NA,NA,NA,1
77,264,2112,8,1,0,20,25,8,Electric,0
38,264,2112,8,2,1,20,20,7,Hybrid,0
59,264,2112,8,3,0,20,25,6,Electric,0
0,264,2112,8,4,0,NA,NA,NA,NA,1
24,265,2113,1,1,0,25,25,8,Gasoline,0
7,265,2113,1,2,1,15,30,6,Gasoline,0
21,265,2113,1,3,0,25,20,8,Gasoline,0
0,265,2113,1,4,0,NA,NA,NA,NA,1
50,265,2114,2,1,1,20,25,8,Hybrid,0
54,265,2114,2,2,0,25,30,8,Hybrid,0
68,265,2114,2,3,0,20,25,7,Electric,0
0,265,2114,2,4,0,NA,NA,NA,NA,1
36,265,2115,3,1,1,25,30,6,Hybrid,0
69,265,2115,3,2,0,25,25,7,Electric,0
71,265,2115,3,3,0,20,30,7,Electric,0
0,265,2115,3,4,0,NA,NA,NA,NA,1
11,265,2116,4,1,0,20,20,7,Gasoline,0
36,265,2116,4,2,0,25,30,6,Hybrid,0
72,265,2116,4,3,0,25,30,7,Electric,0
0,265,2116,4,4,1,NA,NA,NA,NA,1
29,265,2117,5,1,0,20,20,6,Hybrid,0
1,265,2117,5,2,1,15,20,6,Gasoline,0
44,265,2117,5,3,0,20,30,7,Hybrid,0
0,265,2117,5,4,0,NA,NA,NA,NA,1
38,265,2118,6,1,0,20,20,7,Hybrid,0
8,265,2118,6,2,1,20,30,6,Gasoline,0
76,265,2118,6,3,0,15,25,8,Electric,0
0,265,2118,6,4,0,NA,NA,NA,NA,1
80,265,2119,7,1,1,20,30,8,Electric,0
58,265,2119,7,2,0,15,25,6,Electric,0
19,265,2119,7,3,0,15,20,8,Gasoline,0
0,265,2119,7,4,0,NA,NA,NA,NA,1
44,265,2120,8,1,1,20,30,7,Hybrid,0
8,265,2120,8,2,0,20,30,6,Gasoline,0
59,265,2120,8,3,0,20,25,6,Electric,0
0,265,2120,8,4,0,NA,NA,NA,NA,1
79,266,2121,1,1,0,15,30,8,Electric,0
48,266,2121,1,2,0,25,20,8,Hybrid,0
35,266,2121,1,3,1,20,30,6,Hybrid,0
0,266,2121,1,4,0,NA,NA,NA,NA,1
64,266,2122,2,1,0,15,20,7,Electric,0
35,266,2122,2,2,1,20,30,6,Hybrid,0
70,266,2122,2,3,0,15,30,7,Electric,0
0,266,2122,2,4,0,NA,NA,NA,NA,1
22,266,2123,3,1,1,15,25,8,Gasoline,0
48,266,2123,3,2,0,25,20,8,Hybrid,0
53,266,2123,3,3,0,20,30,8,Hybrid,0
0,266,2123,3,4,0,NA,NA,NA,NA,1
27,266,2124,4,1,0,25,30,8,Gasoline,0
18,266,2124,4,2,0,25,30,7,Gasoline,0
74,266,2124,4,3,0,20,20,8,Electric,0
0,266,2124,4,4,1,NA,NA,NA,NA,1
25,266,2125,5,1,1,15,30,8,Gasoline,0
70,266,2125,5,2,0,15,30,7,Electric,0
57,266,2125,5,3,0,25,20,6,Electric,0
0,266,2125,5,4,0,NA,NA,NA,NA,1
64,266,2126,6,1,1,15,20,7,Electric,0
42,266,2126,6,2,0,25,25,7,Hybrid,0
2,266,2126,6,3,0,20,20,6,Gasoline,0
0,266,2126,6,4,0,NA,NA,NA,NA,1
11,266,2127,7,1,0,20,20,7,Gasoline,0
3,266,2127,7,2,0,25,20,6,Gasoline,0
4,266,2127,7,3,1,15,25,6,Gasoline,0
0,266,2127,7,4,0,NA,NA,NA,NA,1
40,266,2128,8,1,1,15,25,7,Hybrid,0
37,266,2128,8,2,0,15,20,7,Hybrid,0
81,266,2128,8,3,0,25,30,8,Electric,0
0,266,2128,8,4,0,NA,NA,NA,NA,1
58,267,2129,1,1,0,15,25,6,Electric,0
10,267,2129,1,2,1,15,20,7,Gasoline,0
80,267,2129,1,3,0,20,30,8,Electric,0
0,267,2129,1,4,0,NA,NA,NA,NA,1
21,267,2130,2,1,0,25,20,8,Gasoline,0
40,267,2130,2,2,1,15,25,7,Hybrid,0
9,267,2130,2,3,0,25,30,6,Gasoline,0
0,267,2130,2,4,0,NA,NA,NA,NA,1
45,267,2131,3,1,0,25,30,7,Hybrid,0
1,267,2131,3,2,1,15,20,6,Gasoline,0
37,267,2131,3,3,0,15,20,7,Hybrid,0
0,267,2131,3,4,0,NA,NA,NA,NA,1
14,267,2132,4,1,1,20,25,7,Gasoline,0
15,267,2132,4,2,0,25,25,7,Gasoline,0
6,267,2132,4,3,0,25,25,6,Gasoline,0
0,267,2132,4,4,0,NA,NA,NA,NA,1
70,267,2133,5,1,0,15,30,7,Electric,0
15,267,2133,5,2,0,25,25,7,Gasoline,0
1,267,2133,5,3,1,15,20,6,Gasoline,0
0,267,2133,5,4,0,NA,NA,NA,NA,1
9,267,2134,6,1,0,25,30,6,Gasoline,0
20,267,2134,6,2,0,20,20,8,Gasoline,0
22,267,2134,6,3,1,15,25,8,Gasoline,0
0,267,2134,6,4,0,NA,NA,NA,NA,1
49,267,2135,7,1,1,15,25,8,Hybrid,0
53,267,2135,7,2,0,20,30,8,Hybrid,0
19,267,2135,7,3,0,15,20,8,Gasoline,0
0,267,2135,7,4,0,NA,NA,NA,NA,1
72,267,2136,8,1,0,25,30,7,Electric,0
12,267,2136,8,2,0,25,20,7,Gasoline,0
21,267,2136,8,3,1,25,20,8,Gasoline,0
0,267,2136,8,4,0,NA,NA,NA,NA,1
46,268,2137,1,1,1,15,20,8,Hybrid,0
6,268,2137,1,2,0,25,25,6,Gasoline,0
57,268,2137,1,3,0,25,20,6,Electric,0
0,268,2137,1,4,0,NA,NA,NA,NA,1
61,268,2138,2,1,1,15,30,6,Electric,0
63,268,2138,2,2,0,25,30,6,Electric,0
66,268,2138,2,3,0,25,20,7,Electric,0
0,268,2138,2,4,0,NA,NA,NA,NA,1
8,268,2139,3,1,1,20,30,6,Gasoline,0
74,268,2139,3,2,0,20,20,8,Electric,0
26,268,2139,3,3,0,20,30,8,Gasoline,0
0,268,2139,3,4,0,NA,NA,NA,NA,1
39,268,2140,4,1,0,25,20,7,Hybrid,0
17,268,2140,4,2,1,20,30,7,Gasoline,0
42,268,2140,4,3,0,25,25,7,Hybrid,0
0,268,2140,4,4,0,NA,NA,NA,NA,1
21,268,2141,5,1,0,25,20,8,Gasoline,0
30,268,2141,5,2,0,25,20,6,Hybrid,0
69,268,2141,5,3,0,25,25,7,Electric,0
0,268,2141,5,4,1,NA,NA,NA,NA,1
33,268,2142,6,1,0,25,25,6,Hybrid,0
16,268,2142,6,2,1,15,30,7,Gasoline,0
80,268,2142,6,3,0,20,30,8,Electric,0
0,268,2142,6,4,0,NA,NA,NA,NA,1
29,268,2143,7,1,0,20,20,6,Hybrid,0
61,268,2143,7,2,1,15,30,6,Electric,0
57,268,2143,7,3,0,25,20,6,Electric,0
0,268,2143,7,4,0,NA,NA,NA,NA,1
74,268,2144,8,1,0,20,20,8,Electric,0
57,268,2144,8,2,0,25,20,6,Electric,0
56,268,2144,8,3,0,20,20,6,Electric,0
0,268,2144,8,4,1,NA,NA,NA,NA,1
44,269,2145,1,1,0,20,30,7,Hybrid,0
35,269,2145,1,2,0,20,30,6,Hybrid,0
7,269,2145,1,3,1,15,30,6,Gasoline,0
0,269,2145,1,4,0,NA,NA,NA,NA,1
12,269,2146,2,1,1,25,20,7,Gasoline,0
2,269,2146,2,2,0,20,20,6,Gasoline,0
62,269,2146,2,3,0,20,30,6,Electric,0
0,269,2146,2,4,0,NA,NA,NA,NA,1
49,269,2147,3,1,0,15,25,8,Hybrid,0
30,269,2147,3,2,0,25,20,6,Hybrid,0
40,269,2147,3,3,1,15,25,7,Hybrid,0
0,269,2147,3,4,0,NA,NA,NA,NA,1
64,269,2148,4,1,1,15,20,7,Electric,0
41,269,2148,4,2,0,20,25,7,Hybrid,0
9,269,2148,4,3,0,25,30,6,Gasoline,0
0,269,2148,4,4,0,NA,NA,NA,NA,1
80,269,2149,5,1,0,20,30,8,Electric,0
31,269,2149,5,2,1,15,25,6,Hybrid,0
8,269,2149,5,3,0,20,30,6,Gasoline,0
0,269,2149,5,4,0,NA,NA,NA,NA,1
45,269,2150,6,1,0,25,30,7,Hybrid,0
27,269,2150,6,2,0,25,30,8,Gasoline,0
70,269,2150,6,3,1,15,30,7,Electric,0
0,269,2150,6,4,0,NA,NA,NA,NA,1
55,269,2151,7,1,0,15,20,6,Electric,0
22,269,2151,7,2,1,15,25,8,Gasoline,0
42,269,2151,7,3,0,25,25,7,Hybrid,0
0,269,2151,7,4,0,NA,NA,NA,NA,1
73,269,2152,8,1,0,15,20,8,Electric,0
27,269,2152,8,2,0,25,30,8,Gasoline,0
29,269,2152,8,3,1,20,20,6,Hybrid,0
0,269,2152,8,4,0,NA,NA,NA,NA,1
13,270,2153,1,1,1,15,25,7,Gasoline,0
58,270,2153,1,2,0,15,25,6,Electric,0
20,270,2153,1,3,0,20,20,8,Gasoline,0
0,270,2153,1,4,0,NA,NA,NA,NA,1
11,270,2154,2,1,0,20,20,7,Gasoline,0
68,270,2154,2,2,0,20,25,7,Electric,0
64,270,2154,2,3,1,15,20,7,Electric,0
0,270,2154,2,4,0,NA,NA,NA,NA,1
73,270,2155,3,1,0,15,20,8,Electric,0
14,270,2155,3,2,1,20,25,7,Gasoline,0
57,270,2155,3,3,0,25,20,6,Electric,0
0,270,2155,3,4,0,NA,NA,NA,NA,1
62,270,2156,4,1,0,20,30,6,Electric,0
19,270,2156,4,2,1,15,20,8,Gasoline,0
72,270,2156,4,3,0,25,30,7,Electric,0
0,270,2156,4,4,0,NA,NA,NA,NA,1
52,270,2157,5,1,1,15,30,8,Hybrid,0
71,270,2157,5,2,0,20,30,7,Electric,0
59,270,2157,5,3,0,20,25,6,Electric,0
0,270,2157,5,4,0,NA,NA,NA,NA,1
48,270,2158,6,1,0,25,20,8,Hybrid,0
63,270,2158,6,2,0,25,30,6,Electric,0
78,270,2158,6,3,0,25,25,8,Electric,0
0,270,2158,6,4,1,NA,NA,NA,NA,1
17,270,2159,7,1,1,20,30,7,Gasoline,0
27,270,2159,7,2,0,25,30,8,Gasoline,0
14,270,2159,7,3,0,20,25,7,Gasoline,0
0,270,2159,7,4,0,NA,NA,NA,NA,1
22,270,2160,8,1,1,15,25,8,Gasoline,0
15,270,2160,8,2,0,25,25,7,Gasoline,0
55,270,2160,8,3,0,15,20,6,Electric,0
0,270,2160,8,4,0,NA,NA,NA,NA,1
53,271,2161,1,1,1,20,30,8,Hybrid,0
17,271,2161,1,2,0,20,30,7,Gasoline,0
56,271,2161,1,3,0,20,20,6,Electric,0
0,271,2161,1,4,0,NA,NA,NA,NA,1
55,271,2162,2,1,0,15,20,6,Electric,0
19,271,2162,2,2,1,15,20,8,Gasoline,0
76,271,2162,2,3,0,15,25,8,Electric,0
0,271,2162,2,4,0,NA,NA,NA,NA,1
81,271,2163,3,1,0,25,30,8,Electric,0
49,271,2163,3,2,1,15,25,8,Hybrid,0
72,271,2163,3,3,0,25,30,7,Electric,0
0,271,2163,3,4,0,NA,NA,NA,NA,1
49,271,2164,4,1,1,15,25,8,Hybrid,0
81,271,2164,4,2,0,25,30,8,Electric,0
60,271,2164,4,3,0,25,25,6,Electric,0
0,271,2164,4,4,0,NA,NA,NA,NA,1
58,271,2165,5,1,1,15,25,6,Electric,0
75,271,2165,5,2,0,25,20,8,Electric,0
65,271,2165,5,3,0,20,20,7,Electric,0
0,271,2165,5,4,0,NA,NA,NA,NA,1
3,271,2166,6,1,0,25,20,6,Gasoline,0
2,271,2166,6,2,0,20,20,6,Gasoline,0
38,271,2166,6,3,1,20,20,7,Hybrid,0
0,271,2166,6,4,0,NA,NA,NA,NA,1
11,271,2167,7,1,1,20,20,7,Gasoline,0
17,271,2167,7,2,0,20,30,7,Gasoline,0
67,271,2167,7,3,0,15,25,7,Electric,0
0,271,2167,7,4,0,NA,NA,NA,NA,1
66,271,2168,8,1,0,25,20,7,Electric,0
67,271,2168,8,2,0,15,25,7,Electric,0
53,271,2168,8,3,1,20,30,8,Hybrid,0
0,271,2168,8,4,0,NA,NA,NA,NA,1
61,272,2169,1,1,1,15,30,6,Electric,0
59,272,2169,1,2,0,20,25,6,Electric,0
15,272,2169,1,3,0,25,25,7,Gasoline,0
0,272,2169,1,4,0,NA,NA,NA,NA,1
77,272,2170,2,1,0,20,25,8,Electric,0
13,272,2170,2,2,1,15,25,7,Gasoline,0
21,272,2170,2,3,0,25,20,8,Gasoline,0
0,272,2170,2,4,0,NA,NA,NA,NA,1
68,272,2171,3,1,0,20,25,7,Electric,0
32,272,2171,3,2,1,20,25,6,Hybrid,0
78,272,2171,3,3,0,25,25,8,Electric,0
0,272,2171,3,4,0,NA,NA,NA,NA,1
9,272,2172,4,1,0,25,30,6,Gasoline,0
28,272,2172,4,2,1,15,20,6,Hybrid,0
71,272,2172,4,3,0,20,30,7,Electric,0
0,272,2172,4,4,0,NA,NA,NA,NA,1
15,272,2173,5,1,0,25,25,7,Gasoline,0
4,272,2173,5,2,1,15,25,6,Gasoline,0
63,272,2173,5,3,0,25,30,6,Electric,0
0,272,2173,5,4,0,NA,NA,NA,NA,1
36,272,2174,6,1,0,25,30,6,Hybrid,0
57,272,2174,6,2,0,25,20,6,Electric,0
5,272,2174,6,3,1,20,25,6,Gasoline,0
0,272,2174,6,4,0,NA,NA,NA,NA,1
57,272,2175,7,1,0,25,20,6,Electric,0
56,272,2175,7,2,0,20,20,6,Electric,0
12,272,2175,7,3,1,25,20,7,Gasoline,0
0,272,2175,7,4,0,NA,NA,NA,NA,1
50,272,2176,8,1,1,20,25,8,Hybrid,0
61,272,2176,8,2,0,15,30,6,Electric,0
39,272,2176,8,3,0,25,20,7,Hybrid,0
0,272,2176,8,4,0,NA,NA,NA,NA,1
17,273,2177,1,1,1,20,30,7,Gasoline,0
58,273,2177,1,2,0,15,25,6,Electric,0
47,273,2177,1,3,0,20,20,8,Hybrid,0
0,273,2177,1,4,0,NA,NA,NA,NA,1
28,273,2178,2,1,0,15,20,6,Hybrid,0
7,273,2178,2,2,1,15,30,6,Gasoline,0
44,273,2178,2,3,0,20,30,7,Hybrid,0
0,273,2178,2,4,0,NA,NA,NA,NA,1
8,273,2179,3,1,1,20,30,6,Gasoline,0
32,273,2179,3,2,0,20,25,6,Hybrid,0
35,273,2179,3,3,0,20,30,6,Hybrid,0
0,273,2179,3,4,0,NA,NA,NA,NA,1
18,273,2180,4,1,0,25,30,7,Gasoline,0
29,273,2180,4,2,0,20,20,6,Hybrid,0
76,273,2180,4,3,1,15,25,8,Electric,0
0,273,2180,4,4,0,NA,NA,NA,NA,1
63,273,2181,5,1,0,25,30,6,Electric,0
76,273,2181,5,2,0,15,25,8,Electric,0
58,273,2181,5,3,1,15,25,6,Electric,0
0,273,2181,5,4,0,NA,NA,NA,NA,1
22,273,2182,6,1,1,15,25,8,Gasoline,0
21,273,2182,6,2,0,25,20,8,Gasoline,0
12,273,2182,6,3,0,25,20,7,Gasoline,0
0,273,2182,6,4,0,NA,NA,NA,NA,1
24,273,2183,7,1,0,25,25,8,Gasoline,0
72,273,2183,7,2,0,25,30,7,Electric,0
15,273,2183,7,3,1,25,25,7,Gasoline,0
0,273,2183,7,4,0,NA,NA,NA,NA,1
56,273,2184,8,1,0,20,20,6,Electric,0
49,273,2184,8,2,1,15,25,8,Hybrid,0
40,273,2184,8,3,0,15,25,7,Hybrid,0
0,273,2184,8,4,0,NA,NA,NA,NA,1
54,274,2185,1,1,0,25,30,8,Hybrid,0
79,274,2185,1,2,0,15,30,8,Electric,0
76,274,2185,1,3,0,15,25,8,Electric,0
0,274,2185,1,4,1,NA,NA,NA,NA,1
35,274,2186,2,1,0,20,30,6,Hybrid,0
53,274,2186,2,2,0,20,30,8,Hybrid,0
52,274,2186,2,3,1,15,30,8,Hybrid,0
0,274,2186,2,4,0,NA,NA,NA,NA,1
20,274,2187,3,1,1,20,20,8,Gasoline,0
12,274,2187,3,2,0,25,20,7,Gasoline,0
30,274,2187,3,3,0,25,20,6,Hybrid,0
0,274,2187,3,4,0,NA,NA,NA,NA,1
19,274,2188,4,1,1,15,20,8,Gasoline,0
72,274,2188,4,2,0,25,30,7,Electric,0
70,274,2188,4,3,0,15,30,7,Electric,0
0,274,2188,4,4,0,NA,NA,NA,NA,1
22,274,2189,5,1,1,15,25,8,Gasoline,0
71,274,2189,5,2,0,20,30,7,Electric,0
50,274,2189,5,3,0,20,25,8,Hybrid,0
0,274,2189,5,4,0,NA,NA,NA,NA,1
44,274,2190,6,1,0,20,30,7,Hybrid,0
37,274,2190,6,2,0,15,20,7,Hybrid,0
25,274,2190,6,3,1,15,30,8,Gasoline,0
0,274,2190,6,4,0,NA,NA,NA,NA,1
78,274,2191,7,1,0,25,25,8,Electric,0
14,274,2191,7,2,1,20,25,7,Gasoline,0
72,274,2191,7,3,0,25,30,7,Electric,0
0,274,2191,7,4,0,NA,NA,NA,NA,1
52,274,2192,8,1,1,15,30,8,Hybrid,0
6,274,2192,8,2,0,25,25,6,Gasoline,0
55,274,2192,8,3,0,15,20,6,Electric,0
0,274,2192,8,4,0,NA,NA,NA,NA,1
8,275,2193,1,1,1,20,30,6,Gasoline,0
72,275,2193,1,2,0,25,30,7,Electric,0
15,275,2193,1,3,0,25,25,7,Gasoline,0
0,275,2193,1,4,0,NA,NA,NA,NA,1
15,275,2194,2,1,1,25,25,7,Gasoline,0
28,275,2194,2,2,0,15,20,6,Hybrid,0
39,275,2194,2,3,0,25,20,7,Hybrid,0
0,275,2194,2,4,0,NA,NA,NA,NA,1
58,275,2195,3,1,0,15,25,6,Electric,0
10,275,2195,3,2,1,15,20,7,Gasoline,0
26,275,2195,3,3,0,20,30,8,Gasoline,0
0,275,2195,3,4,0,NA,NA,NA,NA,1
57,275,2196,4,1,0,25,20,6,Electric,0
31,275,2196,4,2,1,15,25,6,Hybrid,0
41,275,2196,4,3,0,20,25,7,Hybrid,0
0,275,2196,4,4,0,NA,NA,NA,NA,1
22,275,2197,5,1,1,15,25,8,Gasoline,0
26,275,2197,5,2,0,20,30,8,Gasoline,0
45,275,2197,5,3,0,25,30,7,Hybrid,0
0,275,2197,5,4,0,NA,NA,NA,NA,1
35,275,2198,6,1,1,20,30,6,Hybrid,0
62,275,2198,6,2,0,20,30,6,Electric,0
11,275,2198,6,3,0,20,20,7,Gasoline,0
0,275,2198,6,4,0,NA,NA,NA,NA,1
73,275,2199,7,1,0,15,20,8,Electric,0
50,275,2199,7,2,0,20,25,8,Hybrid,0
19,275,2199,7,3,1,15,20,8,Gasoline,0
0,275,2199,7,4,0,NA,NA,NA,NA,1
9,275,2200,8,1,0,25,30,6,Gasoline,0
37,275,2200,8,2,1,15,20,7,Hybrid,0
35,275,2200,8,3,0,20,30,6,Hybrid,0
0,275,2200,8,4,0,NA,NA,NA,NA,1
71,276,2201,1,1,0,20,30,7,Electric,0
1,276,2201,1,2,1,15,20,6,Gasoline,0
33,276,2201,1,3,0,25,25,6,Hybrid,0
0,276,2201,1,4,0,NA,NA,NA,NA,1
7,276,2202,2,1,1,15,30,6,Gasoline,0
25,276,2202,2,2,0,15,30,8,Gasoline,0
15,276,2202,2,3,0,25,25,7,Gasoline,0
0,276,2202,2,4,0,NA,NA,NA,NA,1
1,276,2203,3,1,1,15,20,6,Gasoline,0
47,276,2203,3,2,0,20,20,8,Hybrid,0
17,276,2203,3,3,0,20,30,7,Gasoline,0
0,276,2203,3,4,0,NA,NA,NA,NA,1
38,276,2204,4,1,1,20,20,7,Hybrid,0
12,276,2204,4,2,0,25,20,7,Gasoline,0
80,276,2204,4,3,0,20,30,8,Electric,0
0,276,2204,4,4,0,NA,NA,NA,NA,1
53,276,2205,5,1,1,20,30,8,Hybrid,0
32,276,2205,5,2,0,20,25,6,Hybrid,0
77,276,2205,5,3,0,20,25,8,Electric,0
0,276,2205,5,4,0,NA,NA,NA,NA,1
13,276,2206,6,1,1,15,25,7,Gasoline,0
24,276,2206,6,2,0,25,25,8,Gasoline,0
60,276,2206,6,3,0,25,25,6,Electric,0
0,276,2206,6,4,0,NA,NA,NA,NA,1
72,276,2207,7,1,0,25,30,7,Electric,0
24,276,2207,7,2,0,25,25,8,Gasoline,0
40,276,2207,7,3,1,15,25,7,Hybrid,0
0,276,2207,7,4,0,NA,NA,NA,NA,1
66,276,2208,8,1,0,25,20,7,Electric,0
33,276,2208,8,2,1,25,25,6,Hybrid,0
38,276,2208,8,3,0,20,20,7,Hybrid,0
0,276,2208,8,4,0,NA,NA,NA,NA,1
77,277,2209,1,1,0,20,25,8,Electric,0
18,277,2209,1,2,0,25,30,7,Gasoline,0
70,277,2209,1,3,1,15,30,7,Electric,0
0,277,2209,1,4,0,NA,NA,NA,NA,1
78,277,2210,2,1,0,25,25,8,Electric,0
73,277,2210,2,2,0,15,20,8,Electric,0
37,277,2210,2,3,1,15,20,7,Hybrid,0
0,277,2210,2,4,0,NA,NA,NA,NA,1
32,277,2211,3,1,0,20,25,6,Hybrid,0
49,277,2211,3,2,1,15,25,8,Hybrid,0
46,277,2211,3,3,0,15,20,8,Hybrid,0
0,277,2211,3,4,0,NA,NA,NA,NA,1
74,277,2212,4,1,0,20,20,8,Electric,0
46,277,2212,4,2,1,15,20,8,Hybrid,0
33,277,2212,4,3,0,25,25,6,Hybrid,0
0,277,2212,4,4,0,NA,NA,NA,NA,1
1,277,2213,5,1,0,15,20,6,Gasoline,0
45,277,2213,5,2,0,25,30,7,Hybrid,0
49,277,2213,5,3,1,15,25,8,Hybrid,0
0,277,2213,5,4,0,NA,NA,NA,NA,1
69,277,2214,6,1,0,25,25,7,Electric,0
35,277,2214,6,2,1,20,30,6,Hybrid,0
29,277,2214,6,3,0,20,20,6,Hybrid,0
0,277,2214,6,4,0,NA,NA,NA,NA,1
29,277,2215,7,1,1,20,20,6,Hybrid,0
80,277,2215,7,2,0,20,30,8,Electric,0
42,277,2215,7,3,0,25,25,7,Hybrid,0
0,277,2215,7,4,0,NA,NA,NA,NA,1
1,277,2216,8,1,0,15,20,6,Gasoline,0
35,277,2216,8,2,0,20,30,6,Hybrid,0
34,277,2216,8,3,1,15,30,6,Hybrid,0
0,277,2216,8,4,0,NA,NA,NA,NA,1
31,278,2217,1,1,1,15,25,6,Hybrid,0
44,278,2217,1,2,0,20,30,7,Hybrid,0
20,278,2217,1,3,0,20,20,8,Gasoline,0
0,278,2217,1,4,0,NA,NA,NA,NA,1
23,278,2218,2,1,1,20,25,8,Gasoline,0
12,278,2218,2,2,0,25,20,7,Gasoline,0
60,278,2218,2,3,0,25,25,6,Electric,0
0,278,2218,2,4,0,NA,NA,NA,NA,1
59,278,2219,3,1,0,20,25,6,Electric,0
29,278,2219,3,2,1,20,20,6,Hybrid,0
75,278,2219,3,3,0,25,20,8,Electric,0
0,278,2219,3,4,0,NA,NA,NA,NA,1
17,278,2220,4,1,0,20,30,7,Gasoline,0
24,278,2220,4,2,0,25,25,8,Gasoline,0
5,278,2220,4,3,1,20,25,6,Gasoline,0
0,278,2220,4,4,0,NA,NA,NA,NA,1
55,278,2221,5,1,1,15,20,6,Electric,0
21,278,2221,5,2,0,25,20,8,Gasoline,0
79,278,2221,5,3,0,15,30,8,Electric,0
0,278,2221,5,4,0,NA,NA,NA,NA,1
26,278,2222,6,1,1,20,30,8,Gasoline,0
30,278,2222,6,2,0,25,20,6,Hybrid,0
14,278,2222,6,3,0,20,25,7,Gasoline,0
0,278,2222,6,4,0,NA,NA,NA,NA,1
28,278,2223,7,1,1,15,20,6,Hybrid,0
81,278,2223,7,2,0,25,30,8,Electric,0
39,278,2223,7,3,0,25,20,7,Hybrid,0
0,278,2223,7,4,0,NA,NA,NA,NA,1
59,278,2224,8,1,0,20,25,6,Electric,0
57,278,2224,8,2,0,25,20,6,Electric,0
75,278,2224,8,3,0,25,20,8,Electric,0
0,278,2224,8,4,1,NA,NA,NA,NA,1
65,279,2225,1,1,0,20,20,7,Electric,0
9,279,2225,1,2,0,25,30,6,Gasoline,0
28,279,2225,1,3,1,15,20,6,Hybrid,0
0,279,2225,1,4,0,NA,NA,NA,NA,1
15,279,2226,2,1,0,25,25,7,Gasoline,0
23,279,2226,2,2,0,20,25,8,Gasoline,0
7,279,2226,2,3,1,15,30,6,Gasoline,0
0,279,2226,2,4,0,NA,NA,NA,NA,1
67,279,2227,3,1,0,15,25,7,Electric,0
17,279,2227,3,2,1,20,30,7,Gasoline,0
21,279,2227,3,3,0,25,20,8,Gasoline,0
0,279,2227,3,4,0,NA,NA,NA,NA,1
22,279,2228,4,1,1,15,25,8,Gasoline,0
9,279,2228,4,2,0,25,30,6,Gasoline,0
36,279,2228,4,3,0,25,30,6,Hybrid,0
0,279,2228,4,4,0,NA,NA,NA,NA,1
52,279,2229,5,1,1,15,30,8,Hybrid,0
76,279,2229,5,2,0,15,25,8,Electric,0
32,279,2229,5,3,0,20,25,6,Hybrid,0
0,279,2229,5,4,0,NA,NA,NA,NA,1
73,279,2230,6,1,0,15,20,8,Electric,0
65,279,2230,6,2,0,20,20,7,Electric,0
38,279,2230,6,3,1,20,20,7,Hybrid,0
0,279,2230,6,4,0,NA,NA,NA,NA,1
44,279,2231,7,1,0,20,30,7,Hybrid,0
49,279,2231,7,2,1,15,25,8,Hybrid,0
80,279,2231,7,3,0,20,30,8,Electric,0
0,279,2231,7,4,0,NA,NA,NA,NA,1
34,279,2232,8,1,0,15,30,6,Hybrid,0
4,279,2232,8,2,1,15,25,6,Gasoline,0
68,279,2232,8,3,0,20,25,7,Electric,0
0,279,2232,8,4,0,NA,NA,NA,NA,1
37,280,2233,1,1,0,15,20,7,Hybrid,0
31,280,2233,1,2,1,15,25,6,Hybrid,0
78,280,2233,1,3,0,25,25,8,Electric,0
0,280,2233,1,4,0,NA,NA,NA,NA,1
2,280,2234,2,1,0,20,20,6,Gasoline,0
28,280,2234,2,2,1,15,20,6,Hybrid,0
54,280,2234,2,3,0,25,30,8,Hybrid,0
0,280,2234,2,4,0,NA,NA,NA,NA,1
65,280,2235,3,1,0,20,20,7,Electric,0
27,280,2235,3,2,0,25,30,8,Gasoline,0
35,280,2235,3,3,1,20,30,6,Hybrid,0
0,280,2235,3,4,0,NA,NA,NA,NA,1
45,280,2236,4,1,0,25,30,7,Hybrid,0
79,280,2236,4,2,1,15,30,8,Electric,0
65,280,2236,4,3,0,20,20,7,Electric,0
0,280,2236,4,4,0,NA,NA,NA,NA,1
58,280,2237,5,1,1,15,25,6,Electric,0
59,280,2237,5,2,0,20,25,6,Electric,0
18,280,2237,5,3,0,25,30,7,Gasoline,0
0,280,2237,5,4,0,NA,NA,NA,NA,1
60,280,2238,6,1,0,25,25,6,Electric,0
29,280,2238,6,2,1,20,20,6,Hybrid,0
79,280,2238,6,3,0,15,30,8,Electric,0
0,280,2238,6,4,0,NA,NA,NA,NA,1
18,280,2239,7,1,0,25,30,7,Gasoline,0
77,280,2239,7,2,0,20,25,8,Electric,0
4,280,2239,7,3,1,15,25,6,Gasoline,0
0,280,2239,7,4,0,NA,NA,NA,NA,1
55,280,2240,8,1,1,15,20,6,Electric,0
56,280,2240,8,2,0,20,20,6,Electric,0
80,280,2240,8,3,0,20,30,8,Electric,0
0,280,2240,8,4,0,NA,NA,NA,NA,1
79,281,2241,1,1,0,15,30,8,Electric,0
70,281,2241,1,2,1,15,30,7,Electric,0
55,281,2241,1,3,0,15,20,6,Electric,0
0,281,2241,1,4,0,NA,NA,NA,NA,1
67,281,2242,2,1,0,15,25,7,Electric,0
37,281,2242,2,2,0,15,20,7,Hybrid,0
61,281,2242,2,3,1,15,30,6,Electric,0
0,281,2242,2,4,0,NA,NA,NA,NA,1
31,281,2243,3,1,1,15,25,6,Hybrid,0
52,281,2243,3,2,0,15,30,8,Hybrid,0
34,281,2243,3,3,0,15,30,6,Hybrid,0
0,281,2243,3,4,0,NA,NA,NA,NA,1
57,281,2244,4,1,0,25,20,6,Electric,0
17,281,2244,4,2,1,20,30,7,Gasoline,0
21,281,2244,4,3,0,25,20,8,Gasoline,0
0,281,2244,4,4,0,NA,NA,NA,NA,1
26,281,2245,5,1,0,20,30,8,Gasoline,0
25,281,2245,5,2,1,15,30,8,Gasoline,0
45,281,2245,5,3,0,25,30,7,Hybrid,0
0,281,2245,5,4,0,NA,NA,NA,NA,1
33,281,2246,6,1,0,25,25,6,Hybrid,0
20,281,2246,6,2,0,20,20,8,Gasoline,0
16,281,2246,6,3,1,15,30,7,Gasoline,0
0,281,2246,6,4,0,NA,NA,NA,NA,1
18,281,2247,7,1,0,25,30,7,Gasoline,0
32,281,2247,7,2,0,20,25,6,Hybrid,0
40,281,2247,7,3,1,15,25,7,Hybrid,0
0,281,2247,7,4,0,NA,NA,NA,NA,1
69,281,2248,8,1,0,25,25,7,Electric,0
47,281,2248,8,2,1,20,20,8,Hybrid,0
70,281,2248,8,3,0,15,30,7,Electric,0
0,281,2248,8,4,0,NA,NA,NA,NA,1
55,282,2249,1,1,0,15,20,6,Electric,0
8,282,2249,1,2,0,20,30,6,Gasoline,0
40,282,2249,1,3,1,15,25,7,Hybrid,0
0,282,2249,1,4,0,NA,NA,NA,NA,1
79,282,2250,2,1,1,15,30,8,Electric,0
54,282,2250,2,2,0,25,30,8,Hybrid,0
67,282,2250,2,3,0,15,25,7,Electric,0
0,282,2250,2,4,0,NA,NA,NA,NA,1
69,282,2251,3,1,0,25,25,7,Electric,0
19,282,2251,3,2,1,15,20,8,Gasoline,0
24,282,2251,3,3,0,25,25,8,Gasoline,0
0,282,2251,3,4,0,NA,NA,NA,NA,1
73,282,2252,4,1,1,15,20,8,Electric,0
81,282,2252,4,2,0,25,30,8,Electric,0
65,282,2252,4,3,0,20,20,7,Electric,0
0,282,2252,4,4,0,NA,NA,NA,NA,1
21,282,2253,5,1,0,25,20,8,Gasoline,0
78,282,2253,5,2,0,25,25,8,Electric,0
58,282,2253,5,3,1,15,25,6,Electric,0
0,282,2253,5,4,0,NA,NA,NA,NA,1
75,282,2254,6,1,0,25,20,8,Electric,0
56,282,2254,6,2,0,20,20,6,Electric,0
25,282,2254,6,3,1,15,30,8,Gasoline,0
0,282,2254,6,4,0,NA,NA,NA,NA,1
49,282,2255,7,1,0,15,25,8,Hybrid,0
34,282,2255,7,2,1,15,30,6,Hybrid,0
55,282,2255,7,3,0,15,20,6,Electric,0
0,282,2255,7,4,0,NA,NA,NA,NA,1
50,282,2256,8,1,0,20,25,8,Hybrid,0
23,282,2256,8,2,0,20,25,8,Gasoline,0
28,282,2256,8,3,1,15,20,6,Hybrid,0
0,282,2256,8,4,0,NA,NA,NA,NA,1
49,283,2257,1,1,1,15,25,8,Hybrid,0
38,283,2257,1,2,0,20,20,7,Hybrid,0
19,283,2257,1,3,0,15,20,8,Gasoline,0
0,283,2257,1,4,0,NA,NA,NA,NA,1
75,283,2258,2,1,0,25,20,8,Electric,0
80,283,2258,2,2,0,20,30,8,Electric,0
8,283,2258,2,3,1,20,30,6,Gasoline,0
0,283,2258,2,4,0,NA,NA,NA,NA,1
65,283,2259,3,1,0,20,20,7,Electric,0
80,283,2259,3,2,0,20,30,8,Electric,0
50,283,2259,3,3,1,20,25,8,Hybrid,0
0,283,2259,3,4,0,NA,NA,NA,NA,1
27,283,2260,4,1,0,25,30,8,Gasoline,0
7,283,2260,4,2,1,15,30,6,Gasoline,0
35,283,2260,4,3,0,20,30,6,Hybrid,0
0,283,2260,4,4,0,NA,NA,NA,NA,1
26,283,2261,5,1,0,20,30,8,Gasoline,0
28,283,2261,5,2,1,15,20,6,Hybrid,0
61,283,2261,5,3,0,15,30,6,Electric,0
0,283,2261,5,4,0,NA,NA,NA,NA,1
49,283,2262,6,1,0,15,25,8,Hybrid,0
25,283,2262,6,2,1,15,30,8,Gasoline,0
64,283,2262,6,3,0,15,20,7,Electric,0
0,283,2262,6,4,0,NA,NA,NA,NA,1
48,283,2263,7,1,0,25,20,8,Hybrid,0
4,283,2263,7,2,1,15,25,6,Gasoline,0
56,283,2263,7,3,0,20,20,6,Electric,0
0,283,2263,7,4,0,NA,NA,NA,NA,1
51,283,2264,8,1,0,25,25,8,Hybrid,0
53,283,2264,8,2,0,20,30,8,Hybrid,0
76,283,2264,8,3,0,15,25,8,Electric,0
0,283,2264,8,4,1,NA,NA,NA,NA,1
28,284,2265,1,1,1,15,20,6,Hybrid,0
12,284,2265,1,2,0,25,20,7,Gasoline,0
49,284,2265,1,3,0,15,25,8,Hybrid,0
0,284,2265,1,4,0,NA,NA,NA,NA,1
20,284,2266,2,1,0,20,20,8,Gasoline,0
40,284,2266,2,2,1,15,25,7,Hybrid,0
53,284,2266,2,3,0,20,30,8,Hybrid,0
0,284,2266,2,4,0,NA,NA,NA,NA,1
6,284,2267,3,1,0,25,25,6,Gasoline,0
37,284,2267,3,2,1,15,20,7,Hybrid,0
35,284,2267,3,3,0,20,30,6,Hybrid,0
0,284,2267,3,4,0,NA,NA,NA,NA,1
70,284,2268,4,1,0,15,30,7,Electric,0
60,284,2268,4,2,0,25,25,6,Electric,0
35,284,2268,4,3,1,20,30,6,Hybrid,0
0,284,2268,4,4,0,NA,NA,NA,NA,1
57,284,2269,5,1,0,25,20,6,Electric,0
5,284,2269,5,2,1,20,25,6,Gasoline,0
68,284,2269,5,3,0,20,25,7,Electric,0
0,284,2269,5,4,0,NA,NA,NA,NA,1
12,284,2270,6,1,0,25,20,7,Gasoline,0
81,284,2270,6,2,0,25,30,8,Electric,0
1,284,2270,6,3,1,15,20,6,Gasoline,0
0,284,2270,6,4,0,NA,NA,NA,NA,1
15,284,2271,7,1,0,25,25,7,Gasoline,0
75,284,2271,7,2,0,25,20,8,Electric,0
55,284,2271,7,3,1,15,20,6,Electric,0
0,284,2271,7,4,0,NA,NA,NA,NA,1
75,284,2272,8,1,0,25,20,8,Electric,0
9,284,2272,8,2,0,25,30,6,Gasoline,0
77,284,2272,8,3,0,20,25,8,Electric,0
0,284,2272,8,4,1,NA,NA,NA,NA,1
27,285,2273,1,1,0,25,30,8,Gasoline,0
9,285,2273,1,2,0,25,30,6,Gasoline,0
58,285,2273,1,3,0,15,25,6,Electric,0
0,285,2273,1,4,1,NA,NA,NA,NA,1
69,285,2274,2,1,0,25,25,7,Electric,0
36,285,2274,2,2,1,25,30,6,Hybrid,0
79,285,2274,2,3,0,15,30,8,Electric,0
0,285,2274,2,4,0,NA,NA,NA,NA,1
73,285,2275,3,1,0,15,20,8,Electric,0
31,285,2275,3,2,1,15,25,6,Hybrid,0
41,285,2275,3,3,0,20,25,7,Hybrid,0
0,285,2275,3,4,0,NA,NA,NA,NA,1
67,285,2276,4,1,0,15,25,7,Electric,0
2,285,2276,4,2,1,20,20,6,Gasoline,0
29,285,2276,4,3,0,20,20,6,Hybrid,0
0,285,2276,4,4,0,NA,NA,NA,NA,1
39,285,2277,5,1,0,25,20,7,Hybrid,0
59,285,2277,5,2,0,20,25,6,Electric,0
2,285,2277,5,3,1,20,20,6,Gasoline,0
0,285,2277,5,4,0,NA,NA,NA,NA,1
74,285,2278,6,1,0,20,20,8,Electric,0
64,285,2278,6,2,0,15,20,7,Electric,0
54,285,2278,6,3,0,25,30,8,Hybrid,0
0,285,2278,6,4,1,NA,NA,NA,NA,1
48,285,2279,7,1,0,25,20,8,Hybrid,0
80,285,2279,7,2,0,20,30,8,Electric,0
57,285,2279,7,3,0,25,20,6,Electric,0
0,285,2279,7,4,1,NA,NA,NA,NA,1
28,285,2280,8,1,1,15,20,6,Hybrid,0
2,285,2280,8,2,0,20,20,6,Gasoline,0
55,285,2280,8,3,0,15,20,6,Electric,0
0,285,2280,8,4,0,NA,NA,NA,NA,1
79,286,2281,1,1,1,15,30,8,Electric,0
3,286,2281,1,2,0,25,20,6,Gasoline,0
75,286,2281,1,3,0,25,20,8,Electric,0
0,286,2281,1,4,0,NA,NA,NA,NA,1
81,286,2282,2,1,0,25,30,8,Electric,0
24,286,2282,2,2,0,25,25,8,Gasoline,0
71,286,2282,2,3,0,20,30,7,Electric,0
0,286,2282,2,4,1,NA,NA,NA,NA,1
7,286,2283,3,1,1,15,30,6,Gasoline,0
55,286,2283,3,2,0,15,20,6,Electric,0
21,286,2283,3,3,0,25,20,8,Gasoline,0
0,286,2283,3,4,0,NA,NA,NA,NA,1
18,286,2284,4,1,0,25,30,7,Gasoline,0
49,286,2284,4,2,1,15,25,8,Hybrid,0
26,286,2284,4,3,0,20,30,8,Gasoline,0
0,286,2284,4,4,0,NA,NA,NA,NA,1
44,286,2285,5,1,0,20,30,7,Hybrid,0
40,286,2285,5,2,1,15,25,7,Hybrid,0
48,286,2285,5,3,0,25,20,8,Hybrid,0
0,286,2285,5,4,0,NA,NA,NA,NA,1
52,286,2286,6,1,1,15,30,8,Hybrid,0
78,286,2286,6,2,0,25,25,8,Electric,0
54,286,2286,6,3,0,25,30,8,Hybrid,0
0,286,2286,6,4,0,NA,NA,NA,NA,1
42,286,2287,7,1,0,25,25,7,Hybrid,0
47,286,2287,7,2,0,20,20,8,Hybrid,0
44,286,2287,7,3,1,20,30,7,Hybrid,0
0,286,2287,7,4,0,NA,NA,NA,NA,1
13,286,2288,8,1,1,15,25,7,Gasoline,0
67,286,2288,8,2,0,15,25,7,Electric,0
58,286,2288,8,3,0,15,25,6,Electric,0
0,286,2288,8,4,0,NA,NA,NA,NA,1
10,287,2289,1,1,1,15,20,7,Gasoline,0
9,287,2289,1,2,0,25,30,6,Gasoline,0
29,287,2289,1,3,0,20,20,6,Hybrid,0
0,287,2289,1,4,0,NA,NA,NA,NA,1
19,287,2290,2,1,1,15,20,8,Gasoline,0
33,287,2290,2,2,0,25,25,6,Hybrid,0
55,287,2290,2,3,0,15,20,6,Electric,0
0,287,2290,2,4,0,NA,NA,NA,NA,1
54,287,2291,3,1,0,25,30,8,Hybrid,0
46,287,2291,3,2,1,15,20,8,Hybrid,0
48,287,2291,3,3,0,25,20,8,Hybrid,0
0,287,2291,3,4,0,NA,NA,NA,NA,1
40,287,2292,4,1,0,15,25,7,Hybrid,0
17,287,2292,4,2,0,20,30,7,Gasoline,0
37,287,2292,4,3,1,15,20,7,Hybrid,0
0,287,2292,4,4,0,NA,NA,NA,NA,1
26,287,2293,5,1,1,20,30,8,Gasoline,0
5,287,2293,5,2,0,20,25,6,Gasoline,0
61,287,2293,5,3,0,15,30,6,Electric,0
0,287,2293,5,4,0,NA,NA,NA,NA,1
23,287,2294,6,1,1,20,25,8,Gasoline,0
26,287,2294,6,2,0,20,30,8,Gasoline,0
71,287,2294,6,3,0,20,30,7,Electric,0
0,287,2294,6,4,0,NA,NA,NA,NA,1
44,287,2295,7,1,0,20,30,7,Hybrid,0
1,287,2295,7,2,1,15,20,6,Gasoline,0
5,287,2295,7,3,0,20,25,6,Gasoline,0
0,287,2295,7,4,0,NA,NA,NA,NA,1
35,287,2296,8,1,1,20,30,6,Hybrid,0
38,287,2296,8,2,0,20,20,7,Hybrid,0
81,287,2296,8,3,0,25,30,8,Electric,0
0,287,2296,8,4,0,NA,NA,NA,NA,1
6,288,2297,1,1,0,25,25,6,Gasoline,0
2,288,2297,1,2,0,20,20,6,Gasoline,0
8,288,2297,1,3,1,20,30,6,Gasoline,0
0,288,2297,1,4,0,NA,NA,NA,NA,1
32,288,2298,2,1,1,20,25,6,Hybrid,0
12,288,2298,2,2,0,25,20,7,Gasoline,0
5,288,2298,2,3,0,20,25,6,Gasoline,0
0,288,2298,2,4,0,NA,NA,NA,NA,1
46,288,2299,3,1,1,15,20,8,Hybrid,0
12,288,2299,3,2,0,25,20,7,Gasoline,0
8,288,2299,3,3,0,20,30,6,Gasoline,0
0,288,2299,3,4,0,NA,NA,NA,NA,1
19,288,2300,4,1,1,15,20,8,Gasoline,0
47,288,2300,4,2,0,20,20,8,Hybrid,0
39,288,2300,4,3,0,25,20,7,Hybrid,0
0,288,2300,4,4,0,NA,NA,NA,NA,1
64,288,2301,5,1,1,15,20,7,Electric,0
68,288,2301,5,2,0,20,25,7,Electric,0
42,288,2301,5,3,0,25,25,7,Hybrid,0
0,288,2301,5,4,0,NA,NA,NA,NA,1
47,288,2302,6,1,0,20,20,8,Hybrid,0
49,288,2302,6,2,1,15,25,8,Hybrid,0
2,288,2302,6,3,0,20,20,6,Gasoline,0
0,288,2302,6,4,0,NA,NA,NA,NA,1
77,288,2303,7,1,1,20,25,8,Electric,0
75,288,2303,7,2,0,25,20,8,Electric,0
21,288,2303,7,3,0,25,20,8,Gasoline,0
0,288,2303,7,4,0,NA,NA,NA,NA,1
47,288,2304,8,1,1,20,20,8,Hybrid,0
67,288,2304,8,2,0,15,25,7,Electric,0
39,288,2304,8,3,0,25,20,7,Hybrid,0
0,288,2304,8,4,0,NA,NA,NA,NA,1
76,289,2305,1,1,1,15,25,8,Electric,0
30,289,2305,1,2,0,25,20,6,Hybrid,0
38,289,2305,1,3,0,20,20,7,Hybrid,0
0,289,2305,1,4,0,NA,NA,NA,NA,1
24,289,2306,2,1,0,25,25,8,Gasoline,0
1,289,2306,2,2,1,15,20,6,Gasoline,0
79,289,2306,2,3,0,15,30,8,Electric,0
0,289,2306,2,4,0,NA,NA,NA,NA,1
81,289,2307,3,1,0,25,30,8,Electric,0
34,289,2307,3,2,1,15,30,6,Hybrid,0
80,289,2307,3,3,0,20,30,8,Electric,0
0,289,2307,3,4,0,NA,NA,NA,NA,1
55,289,2308,4,1,1,15,20,6,Electric,0
32,289,2308,4,2,0,20,25,6,Hybrid,0
15,289,2308,4,3,0,25,25,7,Gasoline,0
0,289,2308,4,4,0,NA,NA,NA,NA,1
7,289,2309,5,1,1,15,30,6,Gasoline,0
79,289,2309,5,2,0,15,30,8,Electric,0
69,289,2309,5,3,0,25,25,7,Electric,0
0,289,2309,5,4,0,NA,NA,NA,NA,1
57,289,2310,6,1,0,25,20,6,Electric,0
15,289,2310,6,2,0,25,25,7,Gasoline,0
1,289,2310,6,3,1,15,20,6,Gasoline,0
0,289,2310,6,4,0,NA,NA,NA,NA,1
65,289,2311,7,1,0,20,20,7,Electric,0
70,289,2311,7,2,1,15,30,7,Electric,0
30,289,2311,7,3,0,25,20,6,Hybrid,0
0,289,2311,7,4,0,NA,NA,NA,NA,1
80,289,2312,8,1,0,20,30,8,Electric,0
59,289,2312,8,2,0,20,25,6,Electric,0
46,289,2312,8,3,1,15,20,8,Hybrid,0
0,289,2312,8,4,0,NA,NA,NA,NA,1
29,290,2313,1,1,1,20,20,6,Hybrid,0
60,290,2313,1,2,0,25,25,6,Electric,0
48,290,2313,1,3,0,25,20,8,Hybrid,0
0,290,2313,1,4,0,NA,NA,NA,NA,1
31,290,2314,2,1,0,15,25,6,Hybrid,0
26,290,2314,2,2,0,20,30,8,Gasoline,0
19,290,2314,2,3,1,15,20,8,Gasoline,0
0,290,2314,2,4,0,NA,NA,NA,NA,1
21,290,2315,3,1,0,25,20,8,Gasoline,0
72,290,2315,3,2,0,25,30,7,Electric,0
9,290,2315,3,3,0,25,30,6,Gasoline,0
0,290,2315,3,4,1,NA,NA,NA,NA,1
25,290,2316,4,1,1,15,30,8,Gasoline,0
5,290,2316,4,2,0,20,25,6,Gasoline,0
57,290,2316,4,3,0,25,20,6,Electric,0
0,290,2316,4,4,0,NA,NA,NA,NA,1
40,290,2317,5,1,1,15,25,7,Hybrid,0
21,290,2317,5,2,0,25,20,8,Gasoline,0
6,290,2317,5,3,0,25,25,6,Gasoline,0
0,290,2317,5,4,0,NA,NA,NA,NA,1
34,290,2318,6,1,1,15,30,6,Hybrid,0
57,290,2318,6,2,0,25,20,6,Electric,0
55,290,2318,6,3,0,15,20,6,Electric,0
0,290,2318,6,4,0,NA,NA,NA,NA,1
10,290,2319,7,1,1,15,20,7,Gasoline,0
49,290,2319,7,2,0,15,25,8,Hybrid,0
9,290,2319,7,3,0,25,30,6,Gasoline,0
0,290,2319,7,4,0,NA,NA,NA,NA,1
5,290,2320,8,1,0,20,25,6,Gasoline,0
6,290,2320,8,2,0,25,25,6,Gasoline,0
20,290,2320,8,3,1,20,20,8,Gasoline,0
0,290,2320,8,4,0,NA,NA,NA,NA,1
9,291,2321,1,1,0,25,30,6,Gasoline,0
46,291,2321,1,2,1,15,20,8,Hybrid,0
2,291,2321,1,3,0,20,20,6,Gasoline,0
0,291,2321,1,4,0,NA,NA,NA,NA,1
71,291,2322,2,1,0,20,30,7,Electric,0
65,291,2322,2,2,0,20,20,7,Electric,0
17,291,2322,2,3,1,20,30,7,Gasoline,0
0,291,2322,2,4,0,NA,NA,NA,NA,1
57,291,2323,3,1,0,25,20,6,Electric,0
69,291,2323,3,2,0,25,25,7,Electric,0
36,291,2323,3,3,0,25,30,6,Hybrid,0
0,291,2323,3,4,1,NA,NA,NA,NA,1
11,291,2324,4,1,0,20,20,7,Gasoline,0
56,291,2324,4,2,0,20,20,6,Electric,0
25,291,2324,4,3,1,15,30,8,Gasoline,0
0,291,2324,4,4,0,NA,NA,NA,NA,1
63,291,2325,5,1,0,25,30,6,Electric,0
46,291,2325,5,2,0,15,20,8,Hybrid,0
43,291,2325,5,3,1,15,30,7,Hybrid,0
0,291,2325,5,4,0,NA,NA,NA,NA,1
58,291,2326,6,1,1,15,25,6,Electric,0
54,291,2326,6,2,0,25,30,8,Hybrid,0
30,291,2326,6,3,0,25,20,6,Hybrid,0
0,291,2326,6,4,0,NA,NA,NA,NA,1
63,291,2327,7,1,0,25,30,6,Electric,0
48,291,2327,7,2,0,25,20,8,Hybrid,0
77,291,2327,7,3,0,20,25,8,Electric,0
0,291,2327,7,4,1,NA,NA,NA,NA,1
77,291,2328,8,1,1,20,25,8,Electric,0
24,291,2328,8,2,0,25,25,8,Gasoline,0
81,291,2328,8,3,0,25,30,8,Electric,0
0,291,2328,8,4,0,NA,NA,NA,NA,1
10,292,2329,1,1,1,15,20,7,Gasoline,0
79,292,2329,1,2,0,15,30,8,Electric,0
64,292,2329,1,3,0,15,20,7,Electric,0
0,292,2329,1,4,0,NA,NA,NA,NA,1
59,292,2330,2,1,0,20,25,6,Electric,0
8,292,2330,2,2,0,20,30,6,Gasoline,0
28,292,2330,2,3,1,15,20,6,Hybrid,0
0,292,2330,2,4,0,NA,NA,NA,NA,1
15,292,2331,3,1,1,25,25,7,Gasoline,0
59,292,2331,3,2,0,20,25,6,Electric,0
61,292,2331,3,3,0,15,30,6,Electric,0
0,292,2331,3,4,0,NA,NA,NA,NA,1
31,292,2332,4,1,1,15,25,6,Hybrid,0
72,292,2332,4,2,0,25,30,7,Electric,0
57,292,2332,4,3,0,25,20,6,Electric,0
0,292,2332,4,4,0,NA,NA,NA,NA,1
79,292,2333,5,1,1,15,30,8,Electric,0
75,292,2333,5,2,0,25,20,8,Electric,0
18,292,2333,5,3,0,25,30,7,Gasoline,0
0,292,2333,5,4,0,NA,NA,NA,NA,1
36,292,2334,6,1,0,25,30,6,Hybrid,0
41,292,2334,6,2,1,20,25,7,Hybrid,0
20,292,2334,6,3,0,20,20,8,Gasoline,0
0,292,2334,6,4,0,NA,NA,NA,NA,1
49,292,2335,7,1,0,15,25,8,Hybrid,0
67,292,2335,7,2,0,15,25,7,Electric,0
43,292,2335,7,3,1,15,30,7,Hybrid,0
0,292,2335,7,4,0,NA,NA,NA,NA,1
69,292,2336,8,1,0,25,25,7,Electric,0
46,292,2336,8,2,1,15,20,8,Hybrid,0
81,292,2336,8,3,0,25,30,8,Electric,0
0,292,2336,8,4,0,NA,NA,NA,NA,1
40,293,2337,1,1,1,15,25,7,Hybrid,0
45,293,2337,1,2,0,25,30,7,Hybrid,0
60,293,2337,1,3,0,25,25,6,Electric,0
0,293,2337,1,4,0,NA,NA,NA,NA,1
56,293,2338,2,1,0,20,20,6,Electric,0
71,293,2338,2,2,0,20,30,7,Electric,0
58,293,2338,2,3,1,15,25,6,Electric,0
0,293,2338,2,4,0,NA,NA,NA,NA,1
64,293,2339,3,1,0,15,20,7,Electric,0
47,293,2339,3,2,0,20,20,8,Hybrid,0
4,293,2339,3,3,1,15,25,6,Gasoline,0
0,293,2339,3,4,0,NA,NA,NA,NA,1
37,293,2340,4,1,1,15,20,7,Hybrid,0
5,293,2340,4,2,0,20,25,6,Gasoline,0
81,293,2340,4,3,0,25,30,8,Electric,0
0,293,2340,4,4,0,NA,NA,NA,NA,1
45,293,2341,5,1,0,25,30,7,Hybrid,0
16,293,2341,5,2,0,15,30,7,Gasoline,0
46,293,2341,5,3,1,15,20,8,Hybrid,0
0,293,2341,5,4,0,NA,NA,NA,NA,1
19,293,2342,6,1,0,15,20,8,Gasoline,0
37,293,2342,6,2,1,15,20,7,Hybrid,0
59,293,2342,6,3,0,20,25,6,Electric,0
0,293,2342,6,4,0,NA,NA,NA,NA,1
24,293,2343,7,1,0,25,25,8,Gasoline,0
36,293,2343,7,2,1,25,30,6,Hybrid,0
75,293,2343,7,3,0,25,20,8,Electric,0
0,293,2343,7,4,0,NA,NA,NA,NA,1
15,293,2344,8,1,0,25,25,7,Gasoline,0
29,293,2344,8,2,1,20,20,6,Hybrid,0
42,293,2344,8,3,0,25,25,7,Hybrid,0
0,293,2344,8,4,0,NA,NA,NA,NA,1
48,294,2345,1,1,0,25,20,8,Hybrid,0
5,294,2345,1,2,0,20,25,6,Gasoline,0
7,294,2345,1,3,1,15,30,6,Gasoline,0
0,294,2345,1,4,0,NA,NA,NA,NA,1
48,294,2346,2,1,0,25,20,8,Hybrid,0
44,294,2346,2,2,0,20,30,7,Hybrid,0
43,294,2346,2,3,1,15,30,7,Hybrid,0
0,294,2346,2,4,0,NA,NA,NA,NA,1
68,294,2347,3,1,0,20,25,7,Electric,0
6,294,2347,3,2,0,25,25,6,Gasoline,0
77,294,2347,3,3,1,20,25,8,Electric,0
0,294,2347,3,4,0,NA,NA,NA,NA,1
69,294,2348,4,1,0,25,25,7,Electric,0
4,294,2348,4,2,1,15,25,6,Gasoline,0
68,294,2348,4,3,0,20,25,7,Electric,0
0,294,2348,4,4,0,NA,NA,NA,NA,1
44,294,2349,5,1,0,20,30,7,Hybrid,0
27,294,2349,5,2,0,25,30,8,Gasoline,0
8,294,2349,5,3,1,20,30,6,Gasoline,0
0,294,2349,5,4,0,NA,NA,NA,NA,1
22,294,2350,6,1,0,15,25,8,Gasoline,0
39,294,2350,6,2,0,25,20,7,Hybrid,0
34,294,2350,6,3,1,15,30,6,Hybrid,0
0,294,2350,6,4,0,NA,NA,NA,NA,1
78,294,2351,7,1,0,25,25,8,Electric,0
32,294,2351,7,2,0,20,25,6,Hybrid,0
19,294,2351,7,3,1,15,20,8,Gasoline,0
0,294,2351,7,4,0,NA,NA,NA,NA,1
80,294,2352,8,1,0,20,30,8,Electric,0
27,294,2352,8,2,0,25,30,8,Gasoline,0
81,294,2352,8,3,0,25,30,8,Electric,0
0,294,2352,8,4,1,NA,NA,NA,NA,1
22,295,2353,1,1,1,15,25,8,Gasoline,0
68,295,2353,1,2,0,20,25,7,Electric,0
21,295,2353,1,3,0,25,20,8,Gasoline,0
0,295,2353,1,4,0,NA,NA,NA,NA,1
23,295,2354,2,1,0,20,25,8,Gasoline,0
34,295,2354,2,2,1,15,30,6,Hybrid,0
61,295,2354,2,3,0,15,30,6,Electric,0
0,295,2354,2,4,0,NA,NA,NA,NA,1
52,295,2355,3,1,1,15,30,8,Hybrid,0
42,295,2355,3,2,0,25,25,7,Hybrid,0
18,295,2355,3,3,0,25,30,7,Gasoline,0
0,295,2355,3,4,0,NA,NA,NA,NA,1
10,295,2356,4,1,1,15,20,7,Gasoline,0
35,295,2356,4,2,0,20,30,6,Hybrid,0
36,295,2356,4,3,0,25,30,6,Hybrid,0
0,295,2356,4,4,0,NA,NA,NA,NA,1
47,295,2357,5,1,0,20,20,8,Hybrid,0
61,295,2357,5,2,1,15,30,6,Electric,0
32,295,2357,5,3,0,20,25,6,Hybrid,0
0,295,2357,5,4,0,NA,NA,NA,NA,1
12,295,2358,6,1,0,25,20,7,Gasoline,0
59,295,2358,6,2,1,20,25,6,Electric,0
39,295,2358,6,3,0,25,20,7,Hybrid,0
0,295,2358,6,4,0,NA,NA,NA,NA,1
61,295,2359,7,1,0,15,30,6,Electric,0
30,295,2359,7,2,0,25,20,6,Hybrid,0
4,295,2359,7,3,1,15,25,6,Gasoline,0
0,295,2359,7,4,0,NA,NA,NA,NA,1
1,295,2360,8,1,1,15,20,6,Gasoline,0
17,295,2360,8,2,0,20,30,7,Gasoline,0
5,295,2360,8,3,0,20,25,6,Gasoline,0
0,295,2360,8,4,0,NA,NA,NA,NA,1
43,296,2361,1,1,1,15,30,7,Hybrid,0
50,296,2361,1,2,0,20,25,8,Hybrid,0
70,296,2361,1,3,0,15,30,7,Electric,0
0,296,2361,1,4,0,NA,NA,NA,NA,1
2,296,2362,2,1,0,20,20,6,Gasoline,0
28,296,2362,2,2,1,15,20,6,Hybrid,0
6,296,2362,2,3,0,25,25,6,Gasoline,0
0,296,2362,2,4,0,NA,NA,NA,NA,1
60,296,2363,3,1,0,25,25,6,Electric,0
68,296,2363,3,2,0,20,25,7,Electric,0
61,296,2363,3,3,1,15,30,6,Electric,0
0,296,2363,3,4,0,NA,NA,NA,NA,1
72,296,2364,4,1,0,25,30,7,Electric,0
60,296,2364,4,2,0,25,25,6,Electric,0
50,296,2364,4,3,0,20,25,8,Hybrid,0
0,296,2364,4,4,1,NA,NA,NA,NA,1
58,296,2365,5,1,0,15,25,6,Electric,0
53,296,2365,5,2,1,20,30,8,Hybrid,0
27,296,2365,5,3,0,25,30,8,Gasoline,0
0,296,2365,5,4,0,NA,NA,NA,NA,1
18,296,2366,6,1,0,25,30,7,Gasoline,0
22,296,2366,6,2,1,15,25,8,Gasoline,0
29,296,2366,6,3,0,20,20,6,Hybrid,0
0,296,2366,6,4,0,NA,NA,NA,NA,1
4,296,2367,7,1,1,15,25,6,Gasoline,0
2,296,2367,7,2,0,20,20,6,Gasoline,0
65,296,2367,7,3,0,20,20,7,Electric,0
0,296,2367,7,4,0,NA,NA,NA,NA,1
2,296,2368,8,1,0,20,20,6,Gasoline,0
73,296,2368,8,2,1,15,20,8,Electric,0
79,296,2368,8,3,0,15,30,8,Electric,0
0,296,2368,8,4,0,NA,NA,NA,NA,1
63,297,2369,1,1,0,25,30,6,Electric,0
81,297,2369,1,2,0,25,30,8,Electric,0
32,297,2369,1,3,1,20,25,6,Hybrid,0
0,297,2369,1,4,0,NA,NA,NA,NA,1
34,297,2370,2,1,1,15,30,6,Hybrid,0
37,297,2370,2,2,0,15,20,7,Hybrid,0
79,297,2370,2,3,0,15,30,8,Electric,0
0,297,2370,2,4,0,NA,NA,NA,NA,1
1,297,2371,3,1,0,15,20,6,Gasoline,0
49,297,2371,3,2,1,15,25,8,Hybrid,0
44,297,2371,3,3,0,20,30,7,Hybrid,0
0,297,2371,3,4,0,NA,NA,NA,NA,1
39,297,2372,4,1,0,25,20,7,Hybrid,0
45,297,2372,4,2,1,25,30,7,Hybrid,0
30,297,2372,4,3,0,25,20,6,Hybrid,0
0,297,2372,4,4,0,NA,NA,NA,NA,1
38,297,2373,5,1,0,20,20,7,Hybrid,0
28,297,2373,5,2,1,15,20,6,Hybrid,0
20,297,2373,5,3,0,20,20,8,Gasoline,0
0,297,2373,5,4,0,NA,NA,NA,NA,1
9,297,2374,6,1,1,25,30,6,Gasoline,0
57,297,2374,6,2,0,25,20,6,Electric,0
75,297,2374,6,3,0,25,20,8,Electric,0
0,297,2374,6,4,0,NA,NA,NA,NA,1
33,297,2375,7,1,0,25,25,6,Hybrid,0
63,297,2375,7,2,0,25,30,6,Electric,0
6,297,2375,7,3,0,25,25,6,Gasoline,0
0,297,2375,7,4,1,NA,NA,NA,NA,1
78,297,2376,8,1,0,25,25,8,Electric,0
1,297,2376,8,2,1,15,20,6,Gasoline,0
61,297,2376,8,3,0,15,30,6,Electric,0
0,297,2376,8,4,0,NA,NA,NA,NA,1
79,298,2377,1,1,1,15,30,8,Electric,0
36,298,2377,1,2,0,25,30,6,Hybrid,0
66,298,2377,1,3,0,25,20,7,Electric,0
0,298,2377,1,4,0,NA,NA,NA,NA,1
48,298,2378,2,1,1,25,20,8,Hybrid,0
73,298,2378,2,2,0,15,20,8,Electric,0
21,298,2378,2,3,0,25,20,8,Gasoline,0
0,298,2378,2,4,0,NA,NA,NA,NA,1
3,298,2379,3,1,0,25,20,6,Gasoline,0
63,298,2379,3,2,0,25,30,6,Electric,0
37,298,2379,3,3,1,15,20,7,Hybrid,0
0,298,2379,3,4,0,NA,NA,NA,NA,1
21,298,2380,4,1,0,25,20,8,Gasoline,0
39,298,2380,4,2,0,25,20,7,Hybrid,0
40,298,2380,4,3,1,15,25,7,Hybrid,0
0,298,2380,4,4,0,NA,NA,NA,NA,1
32,298,2381,5,1,1,20,25,6,Hybrid,0
56,298,2381,5,2,0,20,20,6,Electric,0
69,298,2381,5,3,0,25,25,7,Electric,0
0,298,2381,5,4,0,NA,NA,NA,NA,1
8,298,2382,6,1,0,20,30,6,Gasoline,0
58,298,2382,6,2,0,15,25,6,Electric,0
54,298,2382,6,3,1,25,30,8,Hybrid,0
0,298,2382,6,4,0,NA,NA,NA,NA,1
6,298,2383,7,1,0,25,25,6,Gasoline,0
50,298,2383,7,2,1,20,25,8,Hybrid,0
40,298,2383,7,3,0,15,25,7,Hybrid,0
0,298,2383,7,4,0,NA,NA,NA,NA,1
25,298,2384,8,1,1,15,30,8,Gasoline,0
2,298,2384,8,2,0,20,20,6,Gasoline,0
9,298,2384,8,3,0,25,30,6,Gasoline,0
0,298,2384,8,4,0,NA,NA,NA,NA,1
56,299,2385,1,1,0,20,20,6,Electric,0
81,299,2385,1,2,0,25,30,8,Electric,0
36,299,2385,1,3,0,25,30,6,Hybrid,0
0,299,2385,1,4,1,NA,NA,NA,NA,1
54,299,2386,2,1,0,25,30,8,Hybrid,0
24,299,2386,2,2,0,25,25,8,Gasoline,0
63,299,2386,2,3,0,25,30,6,Electric,0
0,299,2386,2,4,1,NA,NA,NA,NA,1
76,299,2387,3,1,0,15,25,8,Electric,0
27,299,2387,3,2,0,25,30,8,Gasoline,0
34,299,2387,3,3,1,15,30,6,Hybrid,0
0,299,2387,3,4,0,NA,NA,NA,NA,1
61,299,2388,4,1,0,15,30,6,Electric,0
21,299,2388,4,2,0,25,20,8,Gasoline,0
43,299,2388,4,3,1,15,30,7,Hybrid,0
0,299,2388,4,4,0,NA,NA,NA,NA,1
11,299,2389,5,1,0,20,20,7,Gasoline,0
56,299,2389,5,2,0,20,20,6,Electric,0
28,299,2389,5,3,1,15,20,6,Hybrid,0
0,299,2389,5,4,0,NA,NA,NA,NA,1
72,299,2390,6,1,0,25,30,7,Electric,0
76,299,2390,6,2,0,15,25,8,Electric,0
4,299,2390,6,3,1,15,25,6,Gasoline,0
0,299,2390,6,4,0,NA,NA,NA,NA,1
52,299,2391,7,1,1,15,30,8,Hybrid,0
29,299,2391,7,2,0,20,20,6,Hybrid,0
13,299,2391,7,3,0,15,25,7,Gasoline,0
0,299,2391,7,4,0,NA,NA,NA,NA,1
10,299,2392,8,1,1,15,20,7,Gasoline,0
13,299,2392,8,2,0,15,25,7,Gasoline,0
21,299,2392,8,3,0,25,20,8,Gasoline,0
0,299,2392,8,4,0,NA,NA,NA,NA,1
23,300,2393,1,1,1,20,25,8,Gasoline,0
26,300,2393,1,2,0,20,30,8,Gasoline,0
64,300,2393,1,3,0,15,20,7,Electric,0
0,300,2393,1,4,0,NA,NA,NA,NA,1
40,300,2394,2,1,1,15,25,7,Hybrid,0
39,300,2394,2,2,0,25,20,7,Hybrid,0
35,300,2394,2,3,0,20,30,6,Hybrid,0
0,300,2394,2,4,0,NA,NA,NA,NA,1
48,300,2395,3,1,0,25,20,8,Hybrid,0
70,300,2395,3,2,0,15,30,7,Electric,0
13,300,2395,3,3,1,15,25,7,Gasoline,0
0,300,2395,3,4,0,NA,NA,NA,NA,1
36,300,2396,4,1,0,25,30,6,Hybrid,0
78,300,2396,4,2,0,25,25,8,Electric,0
25,300,2396,4,3,1,15,30,8,Gasoline,0
0,300,2396,4,4,0,NA,NA,NA,NA,1
15,300,2397,5,1,1,25,25,7,Gasoline,0
51,300,2397,5,2,0,25,25,8,Hybrid,0
6,300,2397,5,3,0,25,25,6,Gasoline,0
0,300,2397,5,4,0,NA,NA,NA,NA,1
65,300,2398,6,1,0,20,20,7,Electric,0
79,300,2398,6,2,0,15,30,8,Electric,0
61,300,2398,6,3,1,15,30,6,Electric,0
0,300,2398,6,4,0,NA,NA,NA,NA,1
62,300,2399,7,1,0,20,30,6,Electric,0
40,300,2399,7,2,1,15,25,7,Hybrid,0
61,300,2399,7,3,0,15,30,6,Electric,0
0,300,2399,7,4,0,NA,NA,NA,NA,1
57,300,2400,8,1,0,25,20,6,Electric,0
13,300,2400,8,2,1,15,25,7,Gasoline,0
51,300,2400,8,3,0,25,25,8,Hybrid,0
0,300,2400,8,4,0,NA,NA,NA,NA,1
9,301,2401,1,1,1,25,30,6,Gasoline,0
19,301,2401,1,2,0,15,20,8,Gasoline,0
51,301,2401,1,3,0,25,25,8,Hybrid,0
0,301,2401,1,4,0,NA,NA,NA,NA,1
76,301,2402,2,1,0,15,25,8,Electric,0
33,301,2402,2,2,0,25,25,6,Hybrid,0
29,301,2402,2,3,1,20,20,6,Hybrid,0
0,301,2402,2,4,0,NA,NA,NA,NA,1
3,301,2403,3,1,0,25,20,6,Gasoline,0
11,301,2403,3,2,1,20,20,7,Gasoline,0
17,301,2403,3,3,0,20,30,7,Gasoline,0
0,301,2403,3,4,0,NA,NA,NA,NA,1
22,301,2404,4,1,0,15,25,8,Gasoline,0
43,301,2404,4,2,0,15,30,7,Hybrid,0
40,301,2404,4,3,1,15,25,7,Hybrid,0
0,301,2404,4,4,0,NA,NA,NA,NA,1
42,301,2405,5,1,0,25,25,7,Hybrid,0
11,301,2405,5,2,1,20,20,7,Gasoline,0
48,301,2405,5,3,0,25,20,8,Hybrid,0
0,301,2405,5,4,0,NA,NA,NA,NA,1
74,301,2406,6,1,0,20,20,8,Electric,0
27,301,2406,6,2,0,25,30,8,Gasoline,0
13,301,2406,6,3,1,15,25,7,Gasoline,0
0,301,2406,6,4,0,NA,NA,NA,NA,1
37,301,2407,7,1,1,15,20,7,Hybrid,0
2,301,2407,7,2,0,20,20,6,Gasoline,0
53,301,2407,7,3,0,20,30,8,Hybrid,0
0,301,2407,7,4,0,NA,NA,NA,NA,1
51,301,2408,8,1,0,25,25,8,Hybrid,0
21,301,2408,8,2,0,25,20,8,Gasoline,0
59,301,2408,8,3,0,20,25,6,Electric,0
0,301,2408,8,4,1,NA,NA,NA,NA,1
68,302,2409,1,1,0,20,25,7,Electric,0
80,302,2409,1,2,0,20,30,8,Electric,0
71,302,2409,1,3,0,20,30,7,Electric,0
0,302,2409,1,4,1,NA,NA,NA,NA,1
57,302,2410,2,1,0,25,20,6,Electric,0
54,302,2410,2,2,0,25,30,8,Hybrid,0
10,302,2410,2,3,1,15,20,7,Gasoline,0
0,302,2410,2,4,0,NA,NA,NA,NA,1
56,302,2411,3,1,0,20,20,6,Electric,0
25,302,2411,3,2,0,15,30,8,Gasoline,0
52,302,2411,3,3,1,15,30,8,Hybrid,0
0,302,2411,3,4,0,NA,NA,NA,NA,1
64,302,2412,4,1,0,15,20,7,Electric,0
40,302,2412,4,2,1,15,25,7,Hybrid,0
35,302,2412,4,3,0,20,30,6,Hybrid,0
0,302,2412,4,4,0,NA,NA,NA,NA,1
56,302,2413,5,1,0,20,20,6,Electric,0
73,302,2413,5,2,1,15,20,8,Electric,0
77,302,2413,5,3,0,20,25,8,Electric,0
0,302,2413,5,4,0,NA,NA,NA,NA,1
13,302,2414,6,1,1,15,25,7,Gasoline,0
6,302,2414,6,2,0,25,25,6,Gasoline,0
59,302,2414,6,3,0,20,25,6,Electric,0
0,302,2414,6,4,0,NA,NA,NA,NA,1
42,302,2415,7,1,0,25,25,7,Hybrid,0
66,302,2415,7,2,0,25,20,7,Electric,0
79,302,2415,7,3,1,15,30,8,Electric,0
0,302,2415,7,4,0,NA,NA,NA,NA,1
41,302,2416,8,1,1,20,25,7,Hybrid,0
68,302,2416,8,2,0,20,25,7,Electric,0
17,302,2416,8,3,0,20,30,7,Gasoline,0
0,302,2416,8,4,0,NA,NA,NA,NA,1
11,303,2417,1,1,0,20,20,7,Gasoline,0
46,303,2417,1,2,1,15,20,8,Hybrid,0
75,303,2417,1,3,0,25,20,8,Electric,0
0,303,2417,1,4,0,NA,NA,NA,NA,1
35,303,2418,2,1,1,20,30,6,Hybrid,0
36,303,2418,2,2,0,25,30,6,Hybrid,0
48,303,2418,2,3,0,25,20,8,Hybrid,0
0,303,2418,2,4,0,NA,NA,NA,NA,1
7,303,2419,3,1,1,15,30,6,Gasoline,0
79,303,2419,3,2,0,15,30,8,Electric,0
9,303,2419,3,3,0,25,30,6,Gasoline,0
0,303,2419,3,4,0,NA,NA,NA,NA,1
51,303,2420,4,1,0,25,25,8,Hybrid,0
24,303,2420,4,2,0,25,25,8,Gasoline,0
34,303,2420,4,3,1,15,30,6,Hybrid,0
0,303,2420,4,4,0,NA,NA,NA,NA,1
18,303,2421,5,1,0,25,30,7,Gasoline,0
39,303,2421,5,2,0,25,20,7,Hybrid,0
22,303,2421,5,3,1,15,25,8,Gasoline,0
0,303,2421,5,4,0,NA,NA,NA,NA,1
45,303,2422,6,1,0,25,30,7,Hybrid,0
38,303,2422,6,2,1,20,20,7,Hybrid,0
15,303,2422,6,3,0,25,25,7,Gasoline,0
0,303,2422,6,4,0,NA,NA,NA,NA,1
3,303,2423,7,1,0,25,20,6,Gasoline,0
4,303,2423,7,2,0,15,25,6,Gasoline,0
28,303,2423,7,3,1,15,20,6,Hybrid,0
0,303,2423,7,4,0,NA,NA,NA,NA,1
61,303,2424,8,1,0,15,30,6,Electric,0
60,303,2424,8,2,0,25,25,6,Electric,0
31,303,2424,8,3,1,15,25,6,Hybrid,0
0,303,2424,8,4,0,NA,NA,NA,NA,1
69,304,2425,1,1,0,25,25,7,Electric,0
35,304,2425,1,2,1,20,30,6,Hybrid,0
47,304,2425,1,3,0,20,20,8,Hybrid,0
0,304,2425,1,4,0,NA,NA,NA,NA,1
20,304,2426,2,1,0,20,20,8,Gasoline,0
18,304,2426,2,2,0,25,30,7,Gasoline,0
63,304,2426,2,3,0,25,30,6,Electric,0
0,304,2426,2,4,1,NA,NA,NA,NA,1
44,304,2427,3,1,0,20,30,7,Hybrid,0
41,304,2427,3,2,1,20,25,7,Hybrid,0
80,304,2427,3,3,0,20,30,8,Electric,0
0,304,2427,3,4,0,NA,NA,NA,NA,1
16,304,2428,4,1,1,15,30,7,Gasoline,0
57,304,2428,4,2,0,25,20,6,Electric,0
51,304,2428,4,3,0,25,25,8,Hybrid,0
0,304,2428,4,4,0,NA,NA,NA,NA,1
2,304,2429,5,1,0,20,20,6,Gasoline,0
19,304,2429,5,2,1,15,20,8,Gasoline,0
35,304,2429,5,3,0,20,30,6,Hybrid,0
0,304,2429,5,4,0,NA,NA,NA,NA,1
62,304,2430,6,1,0,20,30,6,Electric,0
28,304,2430,6,2,1,15,20,6,Hybrid,0
46,304,2430,6,3,0,15,20,8,Hybrid,0
0,304,2430,6,4,0,NA,NA,NA,NA,1
76,304,2431,7,1,1,15,25,8,Electric,0
30,304,2431,7,2,0,25,20,6,Hybrid,0
68,304,2431,7,3,0,20,25,7,Electric,0
0,304,2431,7,4,0,NA,NA,NA,NA,1
36,304,2432,8,1,0,25,30,6,Hybrid,0
22,304,2432,8,2,1,15,25,8,Gasoline,0
66,304,2432,8,3,0,25,20,7,Electric,0
0,304,2432,8,4,0,NA,NA,NA,NA,1
41,305,2433,1,1,0,20,25,7,Hybrid,0
4,305,2433,1,2,1,15,25,6,Gasoline,0
12,305,2433,1,3,0,25,20,7,Gasoline,0
0,305,2433,1,4,0,NA,NA,NA,NA,1
32,305,2434,2,1,0,20,25,6,Hybrid,0
67,305,2434,2,2,1,15,25,7,Electric,0
71,305,2434,2,3,0,20,30,7,Electric,0
0,305,2434,2,4,0,NA,NA,NA,NA,1
32,305,2435,3,1,1,20,25,6,Hybrid,0
2,305,2435,3,2,0,20,20,6,Gasoline,0
9,305,2435,3,3,0,25,30,6,Gasoline,0
0,305,2435,3,4,0,NA,NA,NA,NA,1
52,305,2436,4,1,1,15,30,8,Hybrid,0
78,305,2436,4,2,0,25,25,8,Electric,0
80,305,2436,4,3,0,20,30,8,Electric,0
0,305,2436,4,4,0,NA,NA,NA,NA,1
13,305,2437,5,1,1,15,25,7,Gasoline,0
76,305,2437,5,2,0,15,25,8,Electric,0
74,305,2437,5,3,0,20,20,8,Electric,0
0,305,2437,5,4,0,NA,NA,NA,NA,1
54,305,2438,6,1,0,25,30,8,Hybrid,0
24,305,2438,6,2,0,25,25,8,Gasoline,0
52,305,2438,6,3,1,15,30,8,Hybrid,0
0,305,2438,6,4,0,NA,NA,NA,NA,1
44,305,2439,7,1,1,20,30,7,Hybrid,0
20,305,2439,7,2,0,20,20,8,Gasoline,0
62,305,2439,7,3,0,20,30,6,Electric,0
0,305,2439,7,4,0,NA,NA,NA,NA,1
42,305,2440,8,1,1,25,25,7,Hybrid,0
72,305,2440,8,2,0,25,30,7,Electric,0
12,305,2440,8,3,0,25,20,7,Gasoline,0
0,305,2440,8,4,0,NA,NA,NA,NA,1
2,306,2441,1,1,0,20,20,6,Gasoline,0
19,306,2441,1,2,1,15,20,8,Gasoline,0
60,306,2441,1,3,0,25,25,6,Electric,0
0,306,2441,1,4,0,NA,NA,NA,NA,1
28,306,2442,2,1,1,15,20,6,Hybrid,0
51,306,2442,2,2,0,25,25,8,Hybrid,0
47,306,2442,2,3,0,20,20,8,Hybrid,0
0,306,2442,2,4,0,NA,NA,NA,NA,1
59,306,2443,3,1,0,20,25,6,Electric,0
48,306,2443,3,2,0,25,20,8,Hybrid,0
21,306,2443,3,3,0,25,20,8,Gasoline,0
0,306,2443,3,4,1,NA,NA,NA,NA,1
52,306,2444,4,1,1,15,30,8,Hybrid,0
36,306,2444,4,2,0,25,30,6,Hybrid,0
27,306,2444,4,3,0,25,30,8,Gasoline,0
0,306,2444,4,4,0,NA,NA,NA,NA,1
32,306,2445,5,1,1,20,25,6,Hybrid,0
21,306,2445,5,2,0,25,20,8,Gasoline,0
20,306,2445,5,3,0,20,20,8,Gasoline,0
0,306,2445,5,4,0,NA,NA,NA,NA,1
38,306,2446,6,1,0,20,20,7,Hybrid,0
7,306,2446,6,2,0,15,30,6,Gasoline,0
43,306,2446,6,3,1,15,30,7,Hybrid,0
0,306,2446,6,4,0,NA,NA,NA,NA,1
74,306,2447,7,1,0,20,20,8,Electric,0
73,306,2447,7,2,0,15,20,8,Electric,0
13,306,2447,7,3,1,15,25,7,Gasoline,0
0,306,2447,7,4,0,NA,NA,NA,NA,1
7,306,2448,8,1,1,15,30,6,Gasoline,0
65,306,2448,8,2,0,20,20,7,Electric,0
34,306,2448,8,3,0,15,30,6,Hybrid,0
0,306,2448,8,4,0,NA,NA,NA,NA,1
51,307,2449,1,1,0,25,25,8,Hybrid,0
60,307,2449,1,2,0,25,25,6,Electric,0
33,307,2449,1,3,1,25,25,6,Hybrid,0
0,307,2449,1,4,0,NA,NA,NA,NA,1
21,307,2450,2,1,0,25,20,8,Gasoline,0
65,307,2450,2,2,0,20,20,7,Electric,0
79,307,2450,2,3,1,15,30,8,Electric,0
0,307,2450,2,4,0,NA,NA,NA,NA,1
37,307,2451,3,1,0,15,20,7,Hybrid,0
43,307,2451,3,2,0,15,30,7,Hybrid,0
1,307,2451,3,3,1,15,20,6,Gasoline,0
0,307,2451,3,4,0,NA,NA,NA,NA,1
20,307,2452,4,1,0,20,20,8,Gasoline,0
8,307,2452,4,2,0,20,30,6,Gasoline,0
7,307,2452,4,3,1,15,30,6,Gasoline,0
0,307,2452,4,4,0,NA,NA,NA,NA,1
16,307,2453,5,1,1,15,30,7,Gasoline,0
54,307,2453,5,2,0,25,30,8,Hybrid,0
62,307,2453,5,3,0,20,30,6,Electric,0
0,307,2453,5,4,0,NA,NA,NA,NA,1
27,307,2454,6,1,0,25,30,8,Gasoline,0
14,307,2454,6,2,1,20,25,7,Gasoline,0
58,307,2454,6,3,0,15,25,6,Electric,0
0,307,2454,6,4,0,NA,NA,NA,NA,1
45,307,2455,7,1,0,25,30,7,Hybrid,0
46,307,2455,7,2,0,15,20,8,Hybrid,0
25,307,2455,7,3,1,15,30,8,Gasoline,0
0,307,2455,7,4,0,NA,NA,NA,NA,1
47,307,2456,8,1,1,20,20,8,Hybrid,0
42,307,2456,8,2,0,25,25,7,Hybrid,0
41,307,2456,8,3,0,20,25,7,Hybrid,0
0,307,2456,8,4,0,NA,NA,NA,NA,1
11,308,2457,1,1,0,20,20,7,Gasoline,0
2,308,2457,1,2,0,20,20,6,Gasoline,0
31,308,2457,1,3,1,15,25,6,Hybrid,0
0,308,2457,1,4,0,NA,NA,NA,NA,1
58,308,2458,2,1,1,15,25,6,Electric,0
32,308,2458,2,2,0,20,25,6,Hybrid,0
18,308,2458,2,3,0,25,30,7,Gasoline,0
0,308,2458,2,4,0,NA,NA,NA,NA,1
37,308,2459,3,1,1,15,20,7,Hybrid,0
77,308,2459,3,2,0,20,25,8,Electric,0
14,308,2459,3,3,0,20,25,7,Gasoline,0
0,308,2459,3,4,0,NA,NA,NA,NA,1
7,308,2460,4,1,1,15,30,6,Gasoline,0
71,308,2460,4,2,0,20,30,7,Electric,0
6,308,2460,4,3,0,25,25,6,Gasoline,0
0,308,2460,4,4,0,NA,NA,NA,NA,1
5,308,2461,5,1,1,20,25,6,Gasoline,0
38,308,2461,5,2,0,20,20,7,Hybrid,0
78,308,2461,5,3,0,25,25,8,Electric,0
0,308,2461,5,4,0,NA,NA,NA,NA,1
31,308,2462,6,1,1,15,25,6,Hybrid,0
36,308,2462,6,2,0,25,30,6,Hybrid,0
44,308,2462,6,3,0,20,30,7,Hybrid,0
0,308,2462,6,4,0,NA,NA,NA,NA,1
50,308,2463,7,1,0,20,25,8,Hybrid,0
6,308,2463,7,2,0,25,25,6,Gasoline,0
43,308,2463,7,3,1,15,30,7,Hybrid,0
0,308,2463,7,4,0,NA,NA,NA,NA,1
44,308,2464,8,1,0,20,30,7,Hybrid,0
25,308,2464,8,2,1,15,30,8,Gasoline,0
42,308,2464,8,3,0,25,25,7,Hybrid,0
0,308,2464,8,4,0,NA,NA,NA,NA,1
24,309,2465,1,1,0,25,25,8,Gasoline,0
18,309,2465,1,2,0,25,30,7,Gasoline,0
29,309,2465,1,3,1,20,20,6,Hybrid,0
0,309,2465,1,4,0,NA,NA,NA,NA,1
24,309,2466,2,1,0,25,25,8,Gasoline,0
27,309,2466,2,2,1,25,30,8,Gasoline,0
56,309,2466,2,3,0,20,20,6,Electric,0
0,309,2466,2,4,0,NA,NA,NA,NA,1
16,309,2467,3,1,1,15,30,7,Gasoline,0
3,309,2467,3,2,0,25,20,6,Gasoline,0
51,309,2467,3,3,0,25,25,8,Hybrid,0
0,309,2467,3,4,0,NA,NA,NA,NA,1
47,309,2468,4,1,0,20,20,8,Hybrid,0
52,309,2468,4,2,1,15,30,8,Hybrid,0
75,309,2468,4,3,0,25,20,8,Electric,0
0,309,2468,4,4,0,NA,NA,NA,NA,1
49,309,2469,5,1,1,15,25,8,Hybrid,0
68,309,2469,5,2,0,20,25,7,Electric,0
46,309,2469,5,3,0,15,20,8,Hybrid,0
0,309,2469,5,4,0,NA,NA,NA,NA,1
70,309,2470,6,1,0,15,30,7,Electric,0
22,309,2470,6,2,1,15,25,8,Gasoline,0
58,309,2470,6,3,0,15,25,6,Electric,0
0,309,2470,6,4,0,NA,NA,NA,NA,1
10,309,2471,7,1,1,15,20,7,Gasoline,0
55,309,2471,7,2,0,15,20,6,Electric,0
22,309,2471,7,3,0,15,25,8,Gasoline,0
0,309,2471,7,4,0,NA,NA,NA,NA,1
71,309,2472,8,1,0,20,30,7,Electric,0
54,309,2472,8,2,0,25,30,8,Hybrid,0
47,309,2472,8,3,1,20,20,8,Hybrid,0
0,309,2472,8,4,0,NA,NA,NA,NA,1
49,310,2473,1,1,1,15,25,8,Hybrid,0
22,310,2473,1,2,0,15,25,8,Gasoline,0
62,310,2473,1,3,0,20,30,6,Electric,0
0,310,2473,1,4,0,NA,NA,NA,NA,1
9,310,2474,2,1,0,25,30,6,Gasoline,0
41,310,2474,2,2,1,20,25,7,Hybrid,0
73,310,2474,2,3,0,15,20,8,Electric,0
0,310,2474,2,4,0,NA,NA,NA,NA,1
3,310,2475,3,1,0,25,20,6,Gasoline,0
41,310,2475,3,2,1,20,25,7,Hybrid,0
80,310,2475,3,3,0,20,30,8,Electric,0
0,310,2475,3,4,0,NA,NA,NA,NA,1
12,310,2476,4,1,0,25,20,7,Gasoline,0
50,310,2476,4,2,1,20,25,8,Hybrid,0
17,310,2476,4,3,0,20,30,7,Gasoline,0
0,310,2476,4,4,0,NA,NA,NA,NA,1
59,310,2477,5,1,0,20,25,6,Electric,0
2,310,2477,5,2,1,20,20,6,Gasoline,0
36,310,2477,5,3,0,25,30,6,Hybrid,0
0,310,2477,5,4,0,NA,NA,NA,NA,1
75,310,2478,6,1,0,25,20,8,Electric,0
5,310,2478,6,2,1,20,25,6,Gasoline,0
74,310,2478,6,3,0,20,20,8,Electric,0
0,310,2478,6,4,0,NA,NA,NA,NA,1
64,310,2479,7,1,0,15,20,7,Electric,0
51,310,2479,7,2,0,25,25,8,Hybrid,0
79,310,2479,7,3,0,15,30,8,Electric,0
0,310,2479,7,4,1,NA,NA,NA,NA,1
16,310,2480,8,1,1,15,30,7,Gasoline,0
19,310,2480,8,2,0,15,20,8,Gasoline,0
5,310,2480,8,3,0,20,25,6,Gasoline,0
0,310,2480,8,4,0,NA,NA,NA,NA,1
57,311,2481,1,1,0,25,20,6,Electric,0
59,311,2481,1,2,1,20,25,6,Electric,0
3,311,2481,1,3,0,25,20,6,Gasoline,0
0,311,2481,1,4,0,NA,NA,NA,NA,1
80,311,2482,2,1,0,20,30,8,Electric,0
38,311,2482,2,2,0,20,20,7,Hybrid,0
52,311,2482,2,3,1,15,30,8,Hybrid,0
0,311,2482,2,4,0,NA,NA,NA,NA,1
60,311,2483,3,1,0,25,25,6,Electric,0
21,311,2483,3,2,1,25,20,8,Gasoline,0
72,311,2483,3,3,0,25,30,7,Electric,0
0,311,2483,3,4,0,NA,NA,NA,NA,1
71,311,2484,4,1,0,20,30,7,Electric,0
6,311,2484,4,2,0,25,25,6,Gasoline,0
50,311,2484,4,3,1,20,25,8,Hybrid,0
0,311,2484,4,4,0,NA,NA,NA,NA,1
64,311,2485,5,1,0,15,20,7,Electric,0
43,311,2485,5,2,1,15,30,7,Hybrid,0
56,311,2485,5,3,0,20,20,6,Electric,0
0,311,2485,5,4,0,NA,NA,NA,NA,1
39,311,2486,6,1,0,25,20,7,Hybrid,0
13,311,2486,6,2,1,15,25,7,Gasoline,0
41,311,2486,6,3,0,20,25,7,Hybrid,0
0,311,2486,6,4,0,NA,NA,NA,NA,1
14,311,2487,7,1,0,20,25,7,Gasoline,0
60,311,2487,7,2,0,25,25,6,Electric,0
19,311,2487,7,3,1,15,20,8,Gasoline,0
0,311,2487,7,4,0,NA,NA,NA,NA,1
74,311,2488,8,1,0,20,20,8,Electric,0
13,311,2488,8,2,0,15,25,7,Gasoline,0
33,311,2488,8,3,0,25,25,6,Hybrid,0
0,311,2488,8,4,1,NA,NA,NA,NA,1
24,312,2489,1,1,0,25,25,8,Gasoline,0
23,312,2489,1,2,0,20,25,8,Gasoline,0
25,312,2489,1,3,1,15,30,8,Gasoline,0
0,312,2489,1,4,0,NA,NA,NA,NA,1
63,312,2490,2,1,0,25,30,6,Electric,0
67,312,2490,2,2,1,15,25,7,Electric,0
3,312,2490,2,3,0,25,20,6,Gasoline,0
0,312,2490,2,4,0,NA,NA,NA,NA,1
68,312,2491,3,1,0,20,25,7,Electric,0
55,312,2491,3,2,1,15,20,6,Electric,0
59,312,2491,3,3,0,20,25,6,Electric,0
0,312,2491,3,4,0,NA,NA,NA,NA,1
6,312,2492,4,1,0,25,25,6,Gasoline,0
75,312,2492,4,2,0,25,20,8,Electric,0
59,312,2492,4,3,0,20,25,6,Electric,0
0,312,2492,4,4,1,NA,NA,NA,NA,1
71,312,2493,5,1,0,20,30,7,Electric,0
22,312,2493,5,2,1,15,25,8,Gasoline,0
30,312,2493,5,3,0,25,20,6,Hybrid,0
0,312,2493,5,4,0,NA,NA,NA,NA,1
5,312,2494,6,1,1,20,25,6,Gasoline,0
23,312,2494,6,2,0,20,25,8,Gasoline,0
77,312,2494,6,3,0,20,25,8,Electric,0
0,312,2494,6,4,0,NA,NA,NA,NA,1
28,312,2495,7,1,0,15,20,6,Hybrid,0
10,312,2495,7,2,1,15,20,7,Gasoline,0
19,312,2495,7,3,0,15,20,8,Gasoline,0
0,312,2495,7,4,0,NA,NA,NA,NA,1
63,312,2496,8,1,0,25,30,6,Electric,0
18,312,2496,8,2,0,25,30,7,Gasoline,0
10,312,2496,8,3,1,15,20,7,Gasoline,0
0,312,2496,8,4,0,NA,NA,NA,NA,1
32,313,2497,1,1,1,20,25,6,Hybrid,0
14,313,2497,1,2,0,20,25,7,Gasoline,0
75,313,2497,1,3,0,25,20,8,Electric,0
0,313,2497,1,4,0,NA,NA,NA,NA,1
2,313,2498,2,1,0,20,20,6,Gasoline,0
1,313,2498,2,2,1,15,20,6,Gasoline,0
33,313,2498,2,3,0,25,25,6,Hybrid,0
0,313,2498,2,4,0,NA,NA,NA,NA,1
26,313,2499,3,1,0,20,30,8,Gasoline,0
74,313,2499,3,2,0,20,20,8,Electric,0
28,313,2499,3,3,1,15,20,6,Hybrid,0
0,313,2499,3,4,0,NA,NA,NA,NA,1
42,313,2500,4,1,0,25,25,7,Hybrid,0
58,313,2500,4,2,1,15,25,6,Electric,0
55,313,2500,4,3,0,15,20,6,Electric,0
0,313,2500,4,4,0,NA,NA,NA,NA,1
38,313,2501,5,1,0,20,20,7,Hybrid,0
65,313,2501,5,2,0,20,20,7,Electric,0
32,313,2501,5,3,1,20,25,6,Hybrid,0
0,313,2501,5,4,0,NA,NA,NA,NA,1
66,313,2502,6,1,0,25,20,7,Electric,0
50,313,2502,6,2,1,20,25,8,Hybrid,0
62,313,2502,6,3,0,20,30,6,Electric,0
0,313,2502,6,4,0,NA,NA,NA,NA,1
36,313,2503,7,1,0,25,30,6,Hybrid,0
4,313,2503,7,2,1,15,25,6,Gasoline,0
68,313,2503,7,3,0,20,25,7,Electric,0
0,313,2503,7,4,0,NA,NA,NA,NA,1
58,313,2504,8,1,1,15,25,6,Electric,0
33,313,2504,8,2,0,25,25,6,Hybrid,0
20,313,2504,8,3,0,20,20,8,Gasoline,0
0,313,2504,8,4,0,NA,NA,NA,NA,1
65,314,2505,1,1,0,20,20,7,Electric,0
62,314,2505,1,2,0,20,30,6,Electric,0
40,314,2505,1,3,1,15,25,7,Hybrid,0
0,314,2505,1,4,0,NA,NA,NA,NA,1
9,314,2506,2,1,0,25,30,6,Gasoline,0
18,314,2506,2,2,0,25,30,7,Gasoline,0
1,314,2506,2,3,1,15,20,6,Gasoline,0
0,314,2506,2,4,0,NA,NA,NA,NA,1
22,314,2507,3,1,1,15,25,8,Gasoline,0
21,314,2507,3,2,0,25,20,8,Gasoline,0
15,314,2507,3,3,0,25,25,7,Gasoline,0
0,314,2507,3,4,0,NA,NA,NA,NA,1
32,314,2508,4,1,1,20,25,6,Hybrid,0
56,314,2508,4,2,0,20,20,6,Electric,0
79,314,2508,4,3,0,15,30,8,Electric,0
0,314,2508,4,4,0,NA,NA,NA,NA,1
43,314,2509,5,1,1,15,30,7,Hybrid,0
14,314,2509,5,2,0,20,25,7,Gasoline,0
73,314,2509,5,3,0,15,20,8,Electric,0
0,314,2509,5,4,0,NA,NA,NA,NA,1
33,314,2510,6,1,0,25,25,6,Hybrid,0
9,314,2510,6,2,0,25,30,6,Gasoline,0
75,314,2510,6,3,0,25,20,8,Electric,0
0,314,2510,6,4,1,NA,NA,NA,NA,1
13,314,2511,7,1,1,15,25,7,Gasoline,0
69,314,2511,7,2,0,25,25,7,Electric,0
50,314,2511,7,3,0,20,25,8,Hybrid,0
0,314,2511,7,4,0,NA,NA,NA,NA,1
2,314,2512,8,1,0,20,20,6,Gasoline,0
65,314,2512,8,2,0,20,20,7,Electric,0
32,314,2512,8,3,1,20,25,6,Hybrid,0
0,314,2512,8,4,0,NA,NA,NA,NA,1
41,315,2513,1,1,1,20,25,7,Hybrid,0
39,315,2513,1,2,0,25,20,7,Hybrid,0
69,315,2513,1,3,0,25,25,7,Electric,0
0,315,2513,1,4,0,NA,NA,NA,NA,1
19,315,2514,2,1,1,15,20,8,Gasoline,0
75,315,2514,2,2,0,25,20,8,Electric,0
73,315,2514,2,3,0,15,20,8,Electric,0
0,315,2514,2,4,0,NA,NA,NA,NA,1
30,315,2515,3,1,0,25,20,6,Hybrid,0
61,315,2515,3,2,1,15,30,6,Electric,0
48,315,2515,3,3,0,25,20,8,Hybrid,0
0,315,2515,3,4,0,NA,NA,NA,NA,1
37,315,2516,4,1,0,15,20,7,Hybrid,0
27,315,2516,4,2,0,25,30,8,Gasoline,0
28,315,2516,4,3,1,15,20,6,Hybrid,0
0,315,2516,4,4,0,NA,NA,NA,NA,1
74,315,2517,5,1,0,20,20,8,Electric,0
59,315,2517,5,2,0,20,25,6,Electric,0
24,315,2517,5,3,0,25,25,8,Gasoline,0
0,315,2517,5,4,1,NA,NA,NA,NA,1
10,315,2518,6,1,0,15,20,7,Gasoline,0
46,315,2518,6,2,1,15,20,8,Hybrid,0
12,315,2518,6,3,0,25,20,7,Gasoline,0
0,315,2518,6,4,0,NA,NA,NA,NA,1
56,315,2519,7,1,0,20,20,6,Electric,0
18,315,2519,7,2,0,25,30,7,Gasoline,0
28,315,2519,7,3,1,15,20,6,Hybrid,0
0,315,2519,7,4,0,NA,NA,NA,NA,1
34,315,2520,8,1,1,15,30,6,Hybrid,0
42,315,2520,8,2,0,25,25,7,Hybrid,0
25,315,2520,8,3,0,15,30,8,Gasoline,0
0,315,2520,8,4,0,NA,NA,NA,NA,1
12,316,2521,1,1,0,25,20,7,Gasoline,0
20,316,2521,1,2,1,20,20,8,Gasoline,0
21,316,2521,1,3,0,25,20,8,Gasoline,0
0,316,2521,1,4,0,NA,NA,NA,NA,1
15,316,2522,2,1,0,25,25,7,Gasoline,0
43,316,2522,2,2,1,15,30,7,Hybrid,0
69,316,2522,2,3,0,25,25,7,Electric,0
0,316,2522,2,4,0,NA,NA,NA,NA,1
28,316,2523,3,1,0,15,20,6,Hybrid,0
36,316,2523,3,2,0,25,30,6,Hybrid,0
13,316,2523,3,3,1,15,25,7,Gasoline,0
0,316,2523,3,4,0,NA,NA,NA,NA,1
56,316,2524,4,1,0,20,20,6,Electric,0
65,316,2524,4,2,0,20,20,7,Electric,0
34,316,2524,4,3,1,15,30,6,Hybrid,0
0,316,2524,4,4,0,NA,NA,NA,NA,1
21,316,2525,5,1,0,25,20,8,Gasoline,0
53,316,2525,5,2,1,20,30,8,Hybrid,0
5,316,2525,5,3,0,20,25,6,Gasoline,0
0,316,2525,5,4,0,NA,NA,NA,NA,1
18,316,2526,6,1,0,25,30,7,Gasoline,0
71,316,2526,6,2,0,20,30,7,Electric,0
54,316,2526,6,3,0,25,30,8,Hybrid,0
0,316,2526,6,4,1,NA,NA,NA,NA,1
61,316,2527,7,1,0,15,30,6,Electric,0
74,316,2527,7,2,0,20,20,8,Electric,0
60,316,2527,7,3,0,25,25,6,Electric,0
0,316,2527,7,4,1,NA,NA,NA,NA,1
31,316,2528,8,1,1,15,25,6,Hybrid,0
70,316,2528,8,2,0,15,30,7,Electric,0
42,316,2528,8,3,0,25,25,7,Hybrid,0
0,316,2528,8,4,0,NA,NA,NA,NA,1
17,317,2529,1,1,0,20,30,7,Gasoline,0
50,317,2529,1,2,0,20,25,8,Hybrid,0
37,317,2529,1,3,1,15,20,7,Hybrid,0
0,317,2529,1,4,0,NA,NA,NA,NA,1
39,317,2530,2,1,0,25,20,7,Hybrid,0
76,317,2530,2,2,0,15,25,8,Electric,0
38,317,2530,2,3,1,20,20,7,Hybrid,0
0,317,2530,2,4,0,NA,NA,NA,NA,1
37,317,2531,3,1,1,15,20,7,Hybrid,0
47,317,2531,3,2,0,20,20,8,Hybrid,0
59,317,2531,3,3,0,20,25,6,Electric,0
0,317,2531,3,4,0,NA,NA,NA,NA,1
6,317,2532,4,1,0,25,25,6,Gasoline,0
67,317,2532,4,2,0,15,25,7,Electric,0
49,317,2532,4,3,1,15,25,8,Hybrid,0
0,317,2532,4,4,0,NA,NA,NA,NA,1
64,317,2533,5,1,0,15,20,7,Electric,0
51,317,2533,5,2,0,25,25,8,Hybrid,0
66,317,2533,5,3,0,25,20,7,Electric,0
0,317,2533,5,4,1,NA,NA,NA,NA,1
21,317,2534,6,1,0,25,20,8,Gasoline,0
58,317,2534,6,2,0,15,25,6,Electric,0
1,317,2534,6,3,1,15,20,6,Gasoline,0
0,317,2534,6,4,0,NA,NA,NA,NA,1
81,317,2535,7,1,0,25,30,8,Electric,0
3,317,2535,7,2,0,25,20,6,Gasoline,0
35,317,2535,7,3,1,20,30,6,Hybrid,0
0,317,2535,7,4,0,NA,NA,NA,NA,1
12,317,2536,8,1,0,25,20,7,Gasoline,0
72,317,2536,8,2,0,25,30,7,Electric,0
25,317,2536,8,3,1,15,30,8,Gasoline,0
0,317,2536,8,4,0,NA,NA,NA,NA,1
27,318,2537,1,1,0,25,30,8,Gasoline,0
37,318,2537,1,2,1,15,20,7,Hybrid,0
16,318,2537,1,3,0,15,30,7,Gasoline,0
0,318,2537,1,4,0,NA,NA,NA,NA,1
4,318,2538,2,1,0,15,25,6,Gasoline,0
37,318,2538,2,2,1,15,20,7,Hybrid,0
57,318,2538,2,3,0,25,20,6,Electric,0
0,318,2538,2,4,0,NA,NA,NA,NA,1
79,318,2539,3,1,1,15,30,8,Electric,0
21,318,2539,3,2,0,25,20,8,Gasoline,0
56,318,2539,3,3,0,20,20,6,Electric,0
0,318,2539,3,4,0,NA,NA,NA,NA,1
60,318,2540,4,1,0,25,25,6,Electric,0
66,318,2540,4,2,0,25,20,7,Electric,0
38,318,2540,4,3,1,20,20,7,Hybrid,0
0,318,2540,4,4,0,NA,NA,NA,NA,1
43,318,2541,5,1,1,15,30,7,Hybrid,0
40,318,2541,5,2,0,15,25,7,Hybrid,0
74,318,2541,5,3,0,20,20,8,Electric,0
0,318,2541,5,4,0,NA,NA,NA,NA,1
43,318,2542,6,1,1,15,30,7,Hybrid,0
6,318,2542,6,2,0,25,25,6,Gasoline,0
33,318,2542,6,3,0,25,25,6,Hybrid,0
0,318,2542,6,4,0,NA,NA,NA,NA,1
53,318,2543,7,1,0,20,30,8,Hybrid,0
21,318,2543,7,2,0,25,20,8,Gasoline,0
8,318,2543,7,3,1,20,30,6,Gasoline,0
0,318,2543,7,4,0,NA,NA,NA,NA,1
46,318,2544,8,1,1,15,20,8,Hybrid,0
75,318,2544,8,2,0,25,20,8,Electric,0
19,318,2544,8,3,0,15,20,8,Gasoline,0
0,318,2544,8,4,0,NA,NA,NA,NA,1
1,319,2545,1,1,0,15,20,6,Gasoline,0
43,319,2545,1,2,1,15,30,7,Hybrid,0
70,319,2545,1,3,0,15,30,7,Electric,0
0,319,2545,1,4,0,NA,NA,NA,NA,1
26,319,2546,2,1,0,20,30,8,Gasoline,0
74,319,2546,2,2,0,20,20,8,Electric,0
52,319,2546,2,3,1,15,30,8,Hybrid,0
0,319,2546,2,4,0,NA,NA,NA,NA,1
9,319,2547,3,1,0,25,30,6,Gasoline,0
68,319,2547,3,2,0,20,25,7,Electric,0
63,319,2547,3,3,0,25,30,6,Electric,0
0,319,2547,3,4,1,NA,NA,NA,NA,1
31,319,2548,4,1,1,15,25,6,Hybrid,0
58,319,2548,4,2,0,15,25,6,Electric,0
74,319,2548,4,3,0,20,20,8,Electric,0
0,319,2548,4,4,0,NA,NA,NA,NA,1
76,319,2549,5,1,1,15,25,8,Electric,0
60,319,2549,5,2,0,25,25,6,Electric,0
51,319,2549,5,3,0,25,25,8,Hybrid,0
0,319,2549,5,4,0,NA,NA,NA,NA,1
19,319,2550,6,1,0,15,20,8,Gasoline,0
51,319,2550,6,2,0,25,25,8,Hybrid,0
16,319,2550,6,3,1,15,30,7,Gasoline,0
0,319,2550,6,4,0,NA,NA,NA,NA,1
60,319,2551,7,1,0,25,25,6,Electric,0
36,319,2551,7,2,1,25,30,6,Hybrid,0
51,319,2551,7,3,0,25,25,8,Hybrid,0
0,319,2551,7,4,0,NA,NA,NA,NA,1
15,319,2552,8,1,0,25,25,7,Gasoline,0
39,319,2552,8,2,0,25,20,7,Hybrid,0
81,319,2552,8,3,0,25,30,8,Electric,0
0,319,2552,8,4,1,NA,NA,NA,NA,1
59,320,2553,1,1,0,20,25,6,Electric,0
28,320,2553,1,2,1,15,20,6,Hybrid,0
66,320,2553,1,3,0,25,20,7,Electric,0
0,320,2553,1,4,0,NA,NA,NA,NA,1
36,320,2554,2,1,0,25,30,6,Hybrid,0
16,320,2554,2,2,1,15,30,7,Gasoline,0
9,320,2554,2,3,0,25,30,6,Gasoline,0
0,320,2554,2,4,0,NA,NA,NA,NA,1
7,320,2555,3,1,1,15,30,6,Gasoline,0
18,320,2555,3,2,0,25,30,7,Gasoline,0
55,320,2555,3,3,0,15,20,6,Electric,0
0,320,2555,3,4,0,NA,NA,NA,NA,1
8,320,2556,4,1,0,20,30,6,Gasoline,0
25,320,2556,4,2,1,15,30,8,Gasoline,0
44,320,2556,4,3,0,20,30,7,Hybrid,0
0,320,2556,4,4,0,NA,NA,NA,NA,1
67,320,2557,5,1,0,15,25,7,Electric,0
10,320,2557,5,2,1,15,20,7,Gasoline,0
20,320,2557,5,3,0,20,20,8,Gasoline,0
0,320,2557,5,4,0,NA,NA,NA,NA,1
11,320,2558,6,1,0,20,20,7,Gasoline,0
5,320,2558,6,2,1,20,25,6,Gasoline,0
65,320,2558,6,3,0,20,20,7,Electric,0
0,320,2558,6,4,0,NA,NA,NA,NA,1
39,320,2559,7,1,0,25,20,7,Hybrid,0
42,320,2559,7,2,0,25,25,7,Hybrid,0
49,320,2559,7,3,1,15,25,8,Hybrid,0
0,320,2559,7,4,0,NA,NA,NA,NA,1
32,320,2560,8,1,0,20,25,6,Hybrid,0
69,320,2560,8,2,0,25,25,7,Electric,0
37,320,2560,8,3,1,15,20,7,Hybrid,0
0,320,2560,8,4,0,NA,NA,NA,NA,1
52,321,2561,1,1,1,15,30,8,Hybrid,0
79,321,2561,1,2,0,15,30,8,Electric,0
75,321,2561,1,3,0,25,20,8,Electric,0
0,321,2561,1,4,0,NA,NA,NA,NA,1
43,321,2562,2,1,1,15,30,7,Hybrid,0
36,321,2562,2,2,0,25,30,6,Hybrid,0
6,321,2562,2,3,0,25,25,6,Gasoline,0
0,321,2562,2,4,0,NA,NA,NA,NA,1
60,321,2563,3,1,0,25,25,6,Electric,0
29,321,2563,3,2,1,20,20,6,Hybrid,0
30,321,2563,3,3,0,25,20,6,Hybrid,0
0,321,2563,3,4,0,NA,NA,NA,NA,1
67,321,2564,4,1,1,15,25,7,Electric,0
81,321,2564,4,2,0,25,30,8,Electric,0
24,321,2564,4,3,0,25,25,8,Gasoline,0
0,321,2564,4,4,0,NA,NA,NA,NA,1
81,321,2565,5,1,0,25,30,8,Electric,0
5,321,2565,5,2,1,20,25,6,Gasoline,0
57,321,2565,5,3,0,25,20,6,Electric,0
0,321,2565,5,4,0,NA,NA,NA,NA,1
27,321,2566,6,1,0,25,30,8,Gasoline,0
40,321,2566,6,2,1,15,25,7,Hybrid,0
77,321,2566,6,3,0,20,25,8,Electric,0
0,321,2566,6,4,0,NA,NA,NA,NA,1
6,321,2567,7,1,0,25,25,6,Gasoline,0
12,321,2567,7,2,0,25,20,7,Gasoline,0
7,321,2567,7,3,1,15,30,6,Gasoline,0
0,321,2567,7,4,0,NA,NA,NA,NA,1
27,321,2568,8,1,0,25,30,8,Gasoline,0
41,321,2568,8,2,1,20,25,7,Hybrid,0
56,321,2568,8,3,0,20,20,6,Electric,0
0,321,2568,8,4,0,NA,NA,NA,NA,1
15,322,2569,1,1,0,25,25,7,Gasoline,0
25,322,2569,1,2,1,15,30,8,Gasoline,0
10,322,2569,1,3,0,15,20,7,Gasoline,0
0,322,2569,1,4,0,NA,NA,NA,NA,1
6,322,2570,2,1,0,25,25,6,Gasoline,0
29,322,2570,2,2,1,20,20,6,Hybrid,0
38,322,2570,2,3,0,20,20,7,Hybrid,0
0,322,2570,2,4,0,NA,NA,NA,NA,1
50,322,2571,3,1,0,20,25,8,Hybrid,0
47,322,2571,3,2,1,20,20,8,Hybrid,0
19,322,2571,3,3,0,15,20,8,Gasoline,0
0,322,2571,3,4,0,NA,NA,NA,NA,1
44,322,2572,4,1,0,20,30,7,Hybrid,0
31,322,2572,4,2,1,15,25,6,Hybrid,0
47,322,2572,4,3,0,20,20,8,Hybrid,0
0,322,2572,4,4,0,NA,NA,NA,NA,1
15,322,2573,5,1,0,25,25,7,Gasoline,0
9,322,2573,5,2,0,25,30,6,Gasoline,0
7,322,2573,5,3,1,15,30,6,Gasoline,0
0,322,2573,5,4,0,NA,NA,NA,NA,1
34,322,2574,6,1,1,15,30,6,Hybrid,0
31,322,2574,6,2,0,15,25,6,Hybrid,0
45,322,2574,6,3,0,25,30,7,Hybrid,0
0,322,2574,6,4,0,NA,NA,NA,NA,1
56,322,2575,7,1,0,20,20,6,Electric,0
8,322,2575,7,2,0,20,30,6,Gasoline,0
67,322,2575,7,3,1,15,25,7,Electric,0
0,322,2575,7,4,0,NA,NA,NA,NA,1
35,322,2576,8,1,0,20,30,6,Hybrid,0
29,322,2576,8,2,1,20,20,6,Hybrid,0
38,322,2576,8,3,0,20,20,7,Hybrid,0
0,322,2576,8,4,0,NA,NA,NA,NA,1
45,323,2577,1,1,0,25,30,7,Hybrid,0
8,323,2577,1,2,0,20,30,6,Gasoline,0
31,323,2577,1,3,1,15,25,6,Hybrid,0
0,323,2577,1,4,0,NA,NA,NA,NA,1
6,323,2578,2,1,0,25,25,6,Gasoline,0
16,323,2578,2,2,1,15,30,7,Gasoline,0
8,323,2578,2,3,0,20,30,6,Gasoline,0
0,323,2578,2,4,0,NA,NA,NA,NA,1
73,323,2579,3,1,0,15,20,8,Electric,0
2,323,2579,3,2,0,20,20,6,Gasoline,0
1,323,2579,3,3,1,15,20,6,Gasoline,0
0,323,2579,3,4,0,NA,NA,NA,NA,1
40,323,2580,4,1,0,15,25,7,Hybrid,0
35,323,2580,4,2,0,20,30,6,Hybrid,0
16,323,2580,4,3,1,15,30,7,Gasoline,0
0,323,2580,4,4,0,NA,NA,NA,NA,1
56,323,2581,5,1,0,20,20,6,Electric,0
18,323,2581,5,2,0,25,30,7,Gasoline,0
55,323,2581,5,3,0,15,20,6,Electric,0
0,323,2581,5,4,1,NA,NA,NA,NA,1
67,323,2582,6,1,0,15,25,7,Electric,0
29,323,2582,6,2,0,20,20,6,Hybrid,0
54,323,2582,6,3,1,25,30,8,Hybrid,0
0,323,2582,6,4,0,NA,NA,NA,NA,1
17,323,2583,7,1,0,20,30,7,Gasoline,0
26,323,2583,7,2,0,20,30,8,Gasoline,0
47,323,2583,7,3,1,20,20,8,Hybrid,0
0,323,2583,7,4,0,NA,NA,NA,NA,1
9,323,2584,8,1,0,25,30,6,Gasoline,0
27,323,2584,8,2,0,25,30,8,Gasoline,0
26,323,2584,8,3,1,20,30,8,Gasoline,0
0,323,2584,8,4,0,NA,NA,NA,NA,1
46,324,2585,1,1,1,15,20,8,Hybrid,0
78,324,2585,1,2,0,25,25,8,Electric,0
5,324,2585,1,3,0,20,25,6,Gasoline,0
0,324,2585,1,4,0,NA,NA,NA,NA,1
59,324,2586,2,1,0,20,25,6,Electric,0
60,324,2586,2,2,0,25,25,6,Electric,0
70,324,2586,2,3,0,15,30,7,Electric,0
0,324,2586,2,4,1,NA,NA,NA,NA,1
79,324,2587,3,1,0,15,30,8,Electric,0
34,324,2587,3,2,1,15,30,6,Hybrid,0
68,324,2587,3,3,0,20,25,7,Electric,0
0,324,2587,3,4,0,NA,NA,NA,NA,1
75,324,2588,4,1,0,25,20,8,Electric,0
15,324,2588,4,2,0,25,25,7,Gasoline,0
43,324,2588,4,3,1,15,30,7,Hybrid,0
0,324,2588,4,4,0,NA,NA,NA,NA,1
52,324,2589,5,1,1,15,30,8,Hybrid,0
26,324,2589,5,2,0,20,30,8,Gasoline,0
81,324,2589,5,3,0,25,30,8,Electric,0
0,324,2589,5,4,0,NA,NA,NA,NA,1
43,324,2590,6,1,1,15,30,7,Hybrid,0
60,324,2590,6,2,0,25,25,6,Electric,0
23,324,2590,6,3,0,20,25,8,Gasoline,0
0,324,2590,6,4,0,NA,NA,NA,NA,1
30,324,2591,7,1,0,25,20,6,Hybrid,0
17,324,2591,7,2,1,20,30,7,Gasoline,0
47,324,2591,7,3,0,20,20,8,Hybrid,0
0,324,2591,7,4,0,NA,NA,NA,NA,1
75,324,2592,8,1,0,25,20,8,Electric,0
71,324,2592,8,2,0,20,30,7,Electric,0
20,324,2592,8,3,1,20,20,8,Gasoline,0
0,324,2592,8,4,0,NA,NA,NA,NA,1
64,325,2593,1,1,0,15,20,7,Electric,0
76,325,2593,1,2,0,15,25,8,Electric,0
1,325,2593,1,3,1,15,20,6,Gasoline,0
0,325,2593,1,4,0,NA,NA,NA,NA,1
28,325,2594,2,1,0,15,20,6,Hybrid,0
49,325,2594,2,2,1,15,25,8,Hybrid,0
3,325,2594,2,3,0,25,20,6,Gasoline,0
0,325,2594,2,4,0,NA,NA,NA,NA,1
42,325,2595,3,1,0,25,25,7,Hybrid,0
25,325,2595,3,2,0,15,30,8,Gasoline,0
7,325,2595,3,3,1,15,30,6,Gasoline,0
0,325,2595,3,4,0,NA,NA,NA,NA,1
49,325,2596,4,1,0,15,25,8,Hybrid,0
31,325,2596,4,2,1,15,25,6,Hybrid,0
10,325,2596,4,3,0,15,20,7,Gasoline,0
0,325,2596,4,4,0,NA,NA,NA,NA,1
31,325,2597,5,1,1,15,25,6,Hybrid,0
9,325,2597,5,2,0,25,30,6,Gasoline,0
60,325,2597,5,3,0,25,25,6,Electric,0
0,325,2597,5,4,0,NA,NA,NA,NA,1
61,325,2598,6,1,0,15,30,6,Electric,0
7,325,2598,6,2,1,15,30,6,Gasoline,0
52,325,2598,6,3,0,15,30,8,Hybrid,0
0,325,2598,6,4,0,NA,NA,NA,NA,1
65,325,2599,7,1,0,20,20,7,Electric,0
5,325,2599,7,2,0,20,25,6,Gasoline,0
59,325,2599,7,3,0,20,25,6,Electric,0
0,325,2599,7,4,1,NA,NA,NA,NA,1
21,325,2600,8,1,0,25,20,8,Gasoline,0
79,325,2600,8,2,1,15,30,8,Electric,0
60,325,2600,8,3,0,25,25,6,Electric,0
0,325,2600,8,4,0,NA,NA,NA,NA,1
17,326,2601,1,1,0,20,30,7,Gasoline,0
7,326,2601,1,2,1,15,30,6,Gasoline,0
50,326,2601,1,3,0,20,25,8,Hybrid,0
0,326,2601,1,4,0,NA,NA,NA,NA,1
64,326,2602,2,1,0,15,20,7,Electric,0
18,326,2602,2,2,0,25,30,7,Gasoline,0
44,326,2602,2,3,1,20,30,7,Hybrid,0
0,326,2602,2,4,0,NA,NA,NA,NA,1
53,326,2603,3,1,0,20,30,8,Hybrid,0
43,326,2603,3,2,1,15,30,7,Hybrid,0
81,326,2603,3,3,0,25,30,8,Electric,0
0,326,2603,3,4,0,NA,NA,NA,NA,1
54,326,2604,4,1,1,25,30,8,Hybrid,0
6,326,2604,4,2,0,25,25,6,Gasoline,0
71,326,2604,4,3,0,20,30,7,Electric,0
0,326,2604,4,4,0,NA,NA,NA,NA,1
58,326,2605,5,1,0,15,25,6,Electric,0
29,326,2605,5,2,1,20,20,6,Hybrid,0
45,326,2605,5,3,0,25,30,7,Hybrid,0
0,326,2605,5,4,0,NA,NA,NA,NA,1
21,326,2606,6,1,0,25,20,8,Gasoline,0
32,326,2606,6,2,1,20,25,6,Hybrid,0
17,326,2606,6,3,0,20,30,7,Gasoline,0
0,326,2606,6,4,0,NA,NA,NA,NA,1
40,326,2607,7,1,0,15,25,7,Hybrid,0
25,326,2607,7,2,0,15,30,8,Gasoline,0
43,326,2607,7,3,1,15,30,7,Hybrid,0
0,326,2607,7,4,0,NA,NA,NA,NA,1
79,326,2608,8,1,1,15,30,8,Electric,0
38,326,2608,8,2,0,20,20,7,Hybrid,0
23,326,2608,8,3,0,20,25,8,Gasoline,0
0,326,2608,8,4,0,NA,NA,NA,NA,1
29,327,2609,1,1,1,20,20,6,Hybrid,0
39,327,2609,1,2,0,25,20,7,Hybrid,0
36,327,2609,1,3,0,25,30,6,Hybrid,0
0,327,2609,1,4,0,NA,NA,NA,NA,1
33,327,2610,2,1,0,25,25,6,Hybrid,0
35,327,2610,2,2,1,20,30,6,Hybrid,0
60,327,2610,2,3,0,25,25,6,Electric,0
0,327,2610,2,4,0,NA,NA,NA,NA,1
15,327,2611,3,1,0,25,25,7,Gasoline,0
54,327,2611,3,2,0,25,30,8,Hybrid,0
19,327,2611,3,3,1,15,20,8,Gasoline,0
0,327,2611,3,4,0,NA,NA,NA,NA,1
6,327,2612,4,1,0,25,25,6,Gasoline,0
34,327,2612,4,2,1,15,30,6,Hybrid,0
10,327,2612,4,3,0,15,20,7,Gasoline,0
0,327,2612,4,4,0,NA,NA,NA,NA,1
24,327,2613,5,1,0,25,25,8,Gasoline,0
80,327,2613,5,2,0,20,30,8,Electric,0
77,327,2613,5,3,0,20,25,8,Electric,0
0,327,2613,5,4,1,NA,NA,NA,NA,1
67,327,2614,6,1,0,15,25,7,Electric,0
2,327,2614,6,2,0,20,20,6,Gasoline,0
4,327,2614,6,3,1,15,25,6,Gasoline,0
0,327,2614,6,4,0,NA,NA,NA,NA,1
61,327,2615,7,1,0,15,30,6,Electric,0
81,327,2615,7,2,0,25,30,8,Electric,0
6,327,2615,7,3,0,25,25,6,Gasoline,0
0,327,2615,7,4,1,NA,NA,NA,NA,1
41,327,2616,8,1,0,20,25,7,Hybrid,0
16,327,2616,8,2,0,15,30,7,Gasoline,0
31,327,2616,8,3,1,15,25,6,Hybrid,0
0,327,2616,8,4,0,NA,NA,NA,NA,1
32,328,2617,1,1,0,20,25,6,Hybrid,0
52,328,2617,1,2,1,15,30,8,Hybrid,0
34,328,2617,1,3,0,15,30,6,Hybrid,0
0,328,2617,1,4,0,NA,NA,NA,NA,1
3,328,2618,2,1,0,25,20,6,Gasoline,0
75,328,2618,2,2,0,25,20,8,Electric,0
34,328,2618,2,3,1,15,30,6,Hybrid,0
0,328,2618,2,4,0,NA,NA,NA,NA,1
30,328,2619,3,1,0,25,20,6,Hybrid,0
4,328,2619,3,2,1,15,25,6,Gasoline,0
60,328,2619,3,3,0,25,25,6,Electric,0
0,328,2619,3,4,0,NA,NA,NA,NA,1
69,328,2620,4,1,0,25,25,7,Electric,0
26,328,2620,4,2,0,20,30,8,Gasoline,0
46,328,2620,4,3,1,15,20,8,Hybrid,0
0,328,2620,4,4,0,NA,NA,NA,NA,1
35,328,2621,5,1,0,20,30,6,Hybrid,0
61,328,2621,5,2,0,15,30,6,Electric,0
22,328,2621,5,3,1,15,25,8,Gasoline,0
0,328,2621,5,4,0,NA,NA,NA,NA,1
47,328,2622,6,1,1,20,20,8,Hybrid,0
74,328,2622,6,2,0,20,20,8,Electric,0
30,328,2622,6,3,0,25,20,6,Hybrid,0
0,328,2622,6,4,0,NA,NA,NA,NA,1
76,328,2623,7,1,1,15,25,8,Electric,0
33,328,2623,7,2,0,25,25,6,Hybrid,0
50,328,2623,7,3,0,20,25,8,Hybrid,0
0,328,2623,7,4,0,NA,NA,NA,NA,1
1,328,2624,8,1,1,15,20,6,Gasoline,0
42,328,2624,8,2,0,25,25,7,Hybrid,0
61,328,2624,8,3,0,15,30,6,Electric,0
0,328,2624,8,4,0,NA,NA,NA,NA,1
61,329,2625,1,1,0,15,30,6,Electric,0
27,329,2625,1,2,0,25,30,8,Gasoline,0
60,329,2625,1,3,0,25,25,6,Electric,0
0,329,2625,1,4,1,NA,NA,NA,NA,1
61,329,2626,2,1,0,15,30,6,Electric,0
20,329,2626,2,2,0,20,20,8,Gasoline,0
3,329,2626,2,3,0,25,20,6,Gasoline,0
0,329,2626,2,4,1,NA,NA,NA,NA,1
7,329,2627,3,1,1,15,30,6,Gasoline,0
54,329,2627,3,2,0,25,30,8,Hybrid,0
33,329,2627,3,3,0,25,25,6,Hybrid,0
0,329,2627,3,4,0,NA,NA,NA,NA,1
29,329,2628,4,1,1,20,20,6,Hybrid,0
3,329,2628,4,2,0,25,20,6,Gasoline,0
72,329,2628,4,3,0,25,30,7,Electric,0
0,329,2628,4,4,0,NA,NA,NA,NA,1
53,329,2629,5,1,0,20,30,8,Hybrid,0
75,329,2629,5,2,0,25,20,8,Electric,0
47,329,2629,5,3,0,20,20,8,Hybrid,0
0,329,2629,5,4,1,NA,NA,NA,NA,1
53,329,2630,6,1,1,20,30,8,Hybrid,0
13,329,2630,6,2,0,15,25,7,Gasoline,0
81,329,2630,6,3,0,25,30,8,Electric,0
0,329,2630,6,4,0,NA,NA,NA,NA,1
77,329,2631,7,1,0,20,25,8,Electric,0
21,329,2631,7,2,0,25,20,8,Gasoline,0
61,329,2631,7,3,1,15,30,6,Electric,0
0,329,2631,7,4,0,NA,NA,NA,NA,1
9,329,2632,8,1,0,25,30,6,Gasoline,0
1,329,2632,8,2,1,15,20,6,Gasoline,0
38,329,2632,8,3,0,20,20,7,Hybrid,0
0,329,2632,8,4,0,NA,NA,NA,NA,1
52,330,2633,1,1,1,15,30,8,Hybrid,0
37,330,2633,1,2,0,15,20,7,Hybrid,0
20,330,2633,1,3,0,20,20,8,Gasoline,0
0,330,2633,1,4,0,NA,NA,NA,NA,1
68,330,2634,2,1,0,20,25,7,Electric,0
44,330,2634,2,2,1,20,30,7,Hybrid,0
29,330,2634,2,3,0,20,20,6,Hybrid,0
0,330,2634,2,4,0,NA,NA,NA,NA,1
81,330,2635,3,1,0,25,30,8,Electric,0
14,330,2635,3,2,1,20,25,7,Gasoline,0
65,330,2635,3,3,0,20,20,7,Electric,0
0,330,2635,3,4,0,NA,NA,NA,NA,1
35,330,2636,4,1,1,20,30,6,Hybrid,0
63,330,2636,4,2,0,25,30,6,Electric,0
33,330,2636,4,3,0,25,25,6,Hybrid,0
0,330,2636,4,4,0,NA,NA,NA,NA,1
43,330,2637,5,1,0,15,30,7,Hybrid,0
31,330,2637,5,2,1,15,25,6,Hybrid,0
39,330,2637,5,3,0,25,20,7,Hybrid,0
0,330,2637,5,4,0,NA,NA,NA,NA,1
38,330,2638,6,1,0,20,20,7,Hybrid,0
59,330,2638,6,2,0,20,25,6,Electric,0
31,330,2638,6,3,1,15,25,6,Hybrid,0
0,330,2638,6,4,0,NA,NA,NA,NA,1
65,330,2639,7,1,0,20,20,7,Electric,0
27,330,2639,7,2,0,25,30,8,Gasoline,0
30,330,2639,7,3,1,25,20,6,Hybrid,0
0,330,2639,7,4,0,NA,NA,NA,NA,1
70,330,2640,8,1,1,15,30,7,Electric,0
71,330,2640,8,2,0,20,30,7,Electric,0
63,330,2640,8,3,0,25,30,6,Electric,0
0,330,2640,8,4,0,NA,NA,NA,NA,1
33,331,2641,1,1,0,25,25,6,Hybrid,0
36,331,2641,1,2,1,25,30,6,Hybrid,0
3,331,2641,1,3,0,25,20,6,Gasoline,0
0,331,2641,1,4,0,NA,NA,NA,NA,1
28,331,2642,2,1,0,15,20,6,Hybrid,0
70,331,2642,2,2,0,15,30,7,Electric,0
19,331,2642,2,3,1,15,20,8,Gasoline,0
0,331,2642,2,4,0,NA,NA,NA,NA,1
56,331,2643,3,1,0,20,20,6,Electric,0
30,331,2643,3,2,0,25,20,6,Hybrid,0
33,331,2643,3,3,0,25,25,6,Hybrid,0
0,331,2643,3,4,1,NA,NA,NA,NA,1
78,331,2644,4,1,0,25,25,8,Electric,0
33,331,2644,4,2,0,25,25,6,Hybrid,0
42,331,2644,4,3,0,25,25,7,Hybrid,0
0,331,2644,4,4,1,NA,NA,NA,NA,1
46,331,2645,5,1,1,15,20,8,Hybrid,0
44,331,2645,5,2,0,20,30,7,Hybrid,0
13,331,2645,5,3,0,15,25,7,Gasoline,0
0,331,2645,5,4,0,NA,NA,NA,NA,1
74,331,2646,6,1,0,20,20,8,Electric,0
37,331,2646,6,2,1,15,20,7,Hybrid,0
62,331,2646,6,3,0,20,30,6,Electric,0
0,331,2646,6,4,0,NA,NA,NA,NA,1
67,331,2647,7,1,1,15,25,7,Electric,0
68,331,2647,7,2,0,20,25,7,Electric,0
30,331,2647,7,3,0,25,20,6,Hybrid,0
0,331,2647,7,4,0,NA,NA,NA,NA,1
15,331,2648,8,1,0,25,25,7,Gasoline,0
34,331,2648,8,2,1,15,30,6,Hybrid,0
43,331,2648,8,3,0,15,30,7,Hybrid,0
0,331,2648,8,4,0,NA,NA,NA,NA,1
48,332,2649,1,1,0,25,20,8,Hybrid,0
43,332,2649,1,2,1,15,30,7,Hybrid,0
81,332,2649,1,3,0,25,30,8,Electric,0
0,332,2649,1,4,0,NA,NA,NA,NA,1
41,332,2650,2,1,0,20,25,7,Hybrid,0
28,332,2650,2,2,1,15,20,6,Hybrid,0
81,332,2650,2,3,0,25,30,8,Electric,0
0,332,2650,2,4,0,NA,NA,NA,NA,1
47,332,2651,3,1,0,20,20,8,Hybrid,0
43,332,2651,3,2,1,15,30,7,Hybrid,0
18,332,2651,3,3,0,25,30,7,Gasoline,0
0,332,2651,3,4,0,NA,NA,NA,NA,1
15,332,2652,4,1,0,25,25,7,Gasoline,0
22,332,2652,4,2,1,15,25,8,Gasoline,0
74,332,2652,4,3,0,20,20,8,Electric,0
0,332,2652,4,4,0,NA,NA,NA,NA,1
14,332,2653,5,1,0,20,25,7,Gasoline,0
77,332,2653,5,2,0,20,25,8,Electric,0
52,332,2653,5,3,1,15,30,8,Hybrid,0
0,332,2653,5,4,0,NA,NA,NA,NA,1
2,332,2654,6,1,0,20,20,6,Gasoline,0
19,332,2654,6,2,1,15,20,8,Gasoline,0
34,332,2654,6,3,0,15,30,6,Hybrid,0
0,332,2654,6,4,0,NA,NA,NA,NA,1
73,332,2655,7,1,1,15,20,8,Electric,0
3,332,2655,7,2,0,25,20,6,Gasoline,0
65,332,2655,7,3,0,20,20,7,Electric,0
0,332,2655,7,4,0,NA,NA,NA,NA,1
68,332,2656,8,1,0,20,25,7,Electric,0
75,332,2656,8,2,0,25,20,8,Electric,0
49,332,2656,8,3,1,15,25,8,Hybrid,0
0,332,2656,8,4,0,NA,NA,NA,NA,1
37,333,2657,1,1,1,15,20,7,Hybrid,0
18,333,2657,1,2,0,25,30,7,Gasoline,0
67,333,2657,1,3,0,15,25,7,Electric,0
0,333,2657,1,4,0,NA,NA,NA,NA,1
10,333,2658,2,1,1,15,20,7,Gasoline,0
15,333,2658,2,2,0,25,25,7,Gasoline,0
11,333,2658,2,3,0,20,20,7,Gasoline,0
0,333,2658,2,4,0,NA,NA,NA,NA,1
62,333,2659,3,1,1,20,30,6,Electric,0
30,333,2659,3,2,0,25,20,6,Hybrid,0
71,333,2659,3,3,0,20,30,7,Electric,0
0,333,2659,3,4,0,NA,NA,NA,NA,1
57,333,2660,4,1,0,25,20,6,Electric,0
41,333,2660,4,2,1,20,25,7,Hybrid,0
6,333,2660,4,3,0,25,25,6,Gasoline,0
0,333,2660,4,4,0,NA,NA,NA,NA,1
43,333,2661,5,1,1,15,30,7,Hybrid,0
9,333,2661,5,2,0,25,30,6,Gasoline,0
39,333,2661,5,3,0,25,20,7,Hybrid,0
0,333,2661,5,4,0,NA,NA,NA,NA,1
61,333,2662,6,1,1,15,30,6,Electric,0
63,333,2662,6,2,0,25,30,6,Electric,0
20,333,2662,6,3,0,20,20,8,Gasoline,0
0,333,2662,6,4,0,NA,NA,NA,NA,1
16,333,2663,7,1,1,15,30,7,Gasoline,0
20,333,2663,7,2,0,20,20,8,Gasoline,0
81,333,2663,7,3,0,25,30,8,Electric,0
0,333,2663,7,4,0,NA,NA,NA,NA,1
70,333,2664,8,1,1,15,30,7,Electric,0
56,333,2664,8,2,0,20,20,6,Electric,0
45,333,2664,8,3,0,25,30,7,Hybrid,0
0,333,2664,8,4,0,NA,NA,NA,NA,1
66,334,2665,1,1,0,25,20,7,Electric,0
46,334,2665,1,2,1,15,20,8,Hybrid,0
6,334,2665,1,3,0,25,25,6,Gasoline,0
0,334,2665,1,4,0,NA,NA,NA,NA,1
4,334,2666,2,1,1,15,25,6,Gasoline,0
49,334,2666,2,2,0,15,25,8,Hybrid,0
56,334,2666,2,3,0,20,20,6,Electric,0
0,334,2666,2,4,0,NA,NA,NA,NA,1
3,334,2667,3,1,0,25,20,6,Gasoline,0
13,334,2667,3,2,1,15,25,7,Gasoline,0
29,334,2667,3,3,0,20,20,6,Hybrid,0
0,334,2667,3,4,0,NA,NA,NA,NA,1
24,334,2668,4,1,1,25,25,8,Gasoline,0
45,334,2668,4,2,0,25,30,7,Hybrid,0
66,334,2668,4,3,0,25,20,7,Electric,0
0,334,2668,4,4,0,NA,NA,NA,NA,1
76,334,2669,5,1,0,15,25,8,Electric,0
22,334,2669,5,2,1,15,25,8,Gasoline,0
2,334,2669,5,3,0,20,20,6,Gasoline,0
0,334,2669,5,4,0,NA,NA,NA,NA,1
25,334,2670,6,1,1,15,30,8,Gasoline,0
24,334,2670,6,2,0,25,25,8,Gasoline,0
9,334,2670,6,3,0,25,30,6,Gasoline,0
0,334,2670,6,4,0,NA,NA,NA,NA,1
79,334,2671,7,1,1,15,30,8,Electric,0
2,334,2671,7,2,0,20,20,6,Gasoline,0
56,334,2671,7,3,0,20,20,6,Electric,0
0,334,2671,7,4,0,NA,NA,NA,NA,1
57,334,2672,8,1,0,25,20,6,Electric,0
30,334,2672,8,2,0,25,20,6,Hybrid,0
39,334,2672,8,3,0,25,20,7,Hybrid,0
0,334,2672,8,4,1,NA,NA,NA,NA,1
22,335,2673,1,1,1,15,25,8,Gasoline,0
26,335,2673,1,2,0,20,30,8,Gasoline,0
12,335,2673,1,3,0,25,20,7,Gasoline,0
0,335,2673,1,4,0,NA,NA,NA,NA,1
19,335,2674,2,1,1,15,20,8,Gasoline,0
15,335,2674,2,2,0,25,25,7,Gasoline,0
3,335,2674,2,3,0,25,20,6,Gasoline,0
0,335,2674,2,4,0,NA,NA,NA,NA,1
65,335,2675,3,1,0,20,20,7,Electric,0
70,335,2675,3,2,0,15,30,7,Electric,0
26,335,2675,3,3,1,20,30,8,Gasoline,0
0,335,2675,3,4,0,NA,NA,NA,NA,1
52,335,2676,4,1,1,15,30,8,Hybrid,0
23,335,2676,4,2,0,20,25,8,Gasoline,0
32,335,2676,4,3,0,20,25,6,Hybrid,0
0,335,2676,4,4,0,NA,NA,NA,NA,1
81,335,2677,5,1,0,25,30,8,Electric,0
32,335,2677,5,2,0,20,25,6,Hybrid,0
40,335,2677,5,3,1,15,25,7,Hybrid,0
0,335,2677,5,4,0,NA,NA,NA,NA,1
7,335,2678,6,1,0,15,30,6,Gasoline,0
16,335,2678,6,2,1,15,30,7,Gasoline,0
5,335,2678,6,3,0,20,25,6,Gasoline,0
0,335,2678,6,4,0,NA,NA,NA,NA,1
18,335,2679,7,1,0,25,30,7,Gasoline,0
32,335,2679,7,2,0,20,25,6,Hybrid,0
25,335,2679,7,3,1,15,30,8,Gasoline,0
0,335,2679,7,4,0,NA,NA,NA,NA,1
31,335,2680,8,1,1,15,25,6,Hybrid,0
36,335,2680,8,2,0,25,30,6,Hybrid,0
56,335,2680,8,3,0,20,20,6,Electric,0
0,335,2680,8,4,0,NA,NA,NA,NA,1
48,336,2681,1,1,0,25,20,8,Hybrid,0
43,336,2681,1,2,1,15,30,7,Hybrid,0
32,336,2681,1,3,0,20,25,6,Hybrid,0
0,336,2681,1,4,0,NA,NA,NA,NA,1
62,336,2682,2,1,0,20,30,6,Electric,0
39,336,2682,2,2,0,25,20,7,Hybrid,0
33,336,2682,2,3,0,25,25,6,Hybrid,0
0,336,2682,2,4,1,NA,NA,NA,NA,1
11,336,2683,3,1,1,20,20,7,Gasoline,0
33,336,2683,3,2,0,25,25,6,Hybrid,0
71,336,2683,3,3,0,20,30,7,Electric,0
0,336,2683,3,4,0,NA,NA,NA,NA,1
12,336,2684,4,1,0,25,20,7,Gasoline,0
68,336,2684,4,2,0,20,25,7,Electric,0
10,336,2684,4,3,1,15,20,7,Gasoline,0
0,336,2684,4,4,0,NA,NA,NA,NA,1
77,336,2685,5,1,0,20,25,8,Electric,0
8,336,2685,5,2,1,20,30,6,Gasoline,0
51,336,2685,5,3,0,25,25,8,Hybrid,0
0,336,2685,5,4,0,NA,NA,NA,NA,1
12,336,2686,6,1,0,25,20,7,Gasoline,0
55,336,2686,6,2,1,15,20,6,Electric,0
21,336,2686,6,3,0,25,20,8,Gasoline,0
0,336,2686,6,4,0,NA,NA,NA,NA,1
7,336,2687,7,1,1,15,30,6,Gasoline,0
56,336,2687,7,2,0,20,20,6,Electric,0
75,336,2687,7,3,0,25,20,8,Electric,0
0,336,2687,7,4,0,NA,NA,NA,NA,1
14,336,2688,8,1,0,20,25,7,Gasoline,0
75,336,2688,8,2,0,25,20,8,Electric,0
69,336,2688,8,3,0,25,25,7,Electric,0
0,336,2688,8,4,1,NA,NA,NA,NA,1
54,337,2689,1,1,0,25,30,8,Hybrid,0
41,337,2689,1,2,1,20,25,7,Hybrid,0
65,337,2689,1,3,0,20,20,7,Electric,0
0,337,2689,1,4,0,NA,NA,NA,NA,1
47,337,2690,2,1,1,20,20,8,Hybrid,0
18,337,2690,2,2,0,25,30,7,Gasoline,0
42,337,2690,2,3,0,25,25,7,Hybrid,0
0,337,2690,2,4,0,NA,NA,NA,NA,1
57,337,2691,3,1,0,25,20,6,Electric,0
61,337,2691,3,2,0,15,30,6,Electric,0
41,337,2691,3,3,1,20,25,7,Hybrid,0
0,337,2691,3,4,0,NA,NA,NA,NA,1
68,337,2692,4,1,1,20,25,7,Electric,0
12,337,2692,4,2,0,25,20,7,Gasoline,0
65,337,2692,4,3,0,20,20,7,Electric,0
0,337,2692,4,4,0,NA,NA,NA,NA,1
71,337,2693,5,1,0,20,30,7,Electric,0
69,337,2693,5,2,0,25,25,7,Electric,0
27,337,2693,5,3,0,25,30,8,Gasoline,0
0,337,2693,5,4,1,NA,NA,NA,NA,1
1,337,2694,6,1,1,15,20,6,Gasoline,0
53,337,2694,6,2,0,20,30,8,Hybrid,0
72,337,2694,6,3,0,25,30,7,Electric,0
0,337,2694,6,4,0,NA,NA,NA,NA,1
34,337,2695,7,1,1,15,30,6,Hybrid,0
12,337,2695,7,2,0,25,20,7,Gasoline,0
77,337,2695,7,3,0,20,25,8,Electric,0
0,337,2695,7,4,0,NA,NA,NA,NA,1
55,337,2696,8,1,1,15,20,6,Electric,0
36,337,2696,8,2,0,25,30,6,Hybrid,0
48,337,2696,8,3,0,25,20,8,Hybrid,0
0,337,2696,8,4,0,NA,NA,NA,NA,1
39,338,2697,1,1,0,25,20,7,Hybrid,0
46,338,2697,1,2,1,15,20,8,Hybrid,0
52,338,2697,1,3,0,15,30,8,Hybrid,0
0,338,2697,1,4,0,NA,NA,NA,NA,1
29,338,2698,2,1,0,20,20,6,Hybrid,0
16,338,2698,2,2,1,15,30,7,Gasoline,0
44,338,2698,2,3,0,20,30,7,Hybrid,0
0,338,2698,2,4,0,NA,NA,NA,NA,1
63,338,2699,3,1,0,25,30,6,Electric,0
8,338,2699,3,2,0,20,30,6,Gasoline,0
49,338,2699,3,3,1,15,25,8,Hybrid,0
0,338,2699,3,4,0,NA,NA,NA,NA,1
45,338,2700,4,1,0,25,30,7,Hybrid,0
30,338,2700,4,2,0,25,20,6,Hybrid,0
61,338,2700,4,3,1,15,30,6,Electric,0
0,338,2700,4,4,0,NA,NA,NA,NA,1
53,338,2701,5,1,0,20,30,8,Hybrid,0
46,338,2701,5,2,1,15,20,8,Hybrid,0
70,338,2701,5,3,0,15,30,7,Electric,0
0,338,2701,5,4,0,NA,NA,NA,NA,1
32,338,2702,6,1,1,20,25,6,Hybrid,0
48,338,2702,6,2,0,25,20,8,Hybrid,0
50,338,2702,6,3,0,20,25,8,Hybrid,0
0,338,2702,6,4,0,NA,NA,NA,NA,1
15,338,2703,7,1,0,25,25,7,Gasoline,0
31,338,2703,7,2,1,15,25,6,Hybrid,0
10,338,2703,7,3,0,15,20,7,Gasoline,0
0,338,2703,7,4,0,NA,NA,NA,NA,1
11,338,2704,8,1,1,20,20,7,Gasoline,0
70,338,2704,8,2,0,15,30,7,Electric,0
24,338,2704,8,3,0,25,25,8,Gasoline,0
0,338,2704,8,4,0,NA,NA,NA,NA,1
45,339,2705,1,1,0,25,30,7,Hybrid,0
13,339,2705,1,2,1,15,25,7,Gasoline,0
10,339,2705,1,3,0,15,20,7,Gasoline,0
0,339,2705,1,4,0,NA,NA,NA,NA,1
54,339,2706,2,1,0,25,30,8,Hybrid,0
81,339,2706,2,2,0,25,30,8,Electric,0
40,339,2706,2,3,1,15,25,7,Hybrid,0
0,339,2706,2,4,0,NA,NA,NA,NA,1
76,339,2707,3,1,1,15,25,8,Electric,0
61,339,2707,3,2,0,15,30,6,Electric,0
59,339,2707,3,3,0,20,25,6,Electric,0
0,339,2707,3,4,0,NA,NA,NA,NA,1
22,339,2708,4,1,0,15,25,8,Gasoline,0
41,339,2708,4,2,0,20,25,7,Hybrid,0
60,339,2708,4,3,0,25,25,6,Electric,0
0,339,2708,4,4,1,NA,NA,NA,NA,1
55,339,2709,5,1,1,15,20,6,Electric,0
6,339,2709,5,2,0,25,25,6,Gasoline,0
81,339,2709,5,3,0,25,30,8,Electric,0
0,339,2709,5,4,0,NA,NA,NA,NA,1
30,339,2710,6,1,0,25,20,6,Hybrid,0
41,339,2710,6,2,1,20,25,7,Hybrid,0
18,339,2710,6,3,0,25,30,7,Gasoline,0
0,339,2710,6,4,0,NA,NA,NA,NA,1
80,339,2711,7,1,0,20,30,8,Electric,0
49,339,2711,7,2,1,15,25,8,Hybrid,0
75,339,2711,7,3,0,25,20,8,Electric,0
0,339,2711,7,4,0,NA,NA,NA,NA,1
51,339,2712,8,1,0,25,25,8,Hybrid,0
48,339,2712,8,2,0,25,20,8,Hybrid,0
26,339,2712,8,3,1,20,30,8,Gasoline,0
0,339,2712,8,4,0,NA,NA,NA,NA,1
66,340,2713,1,1,0,25,20,7,Electric,0
56,340,2713,1,2,0,20,20,6,Electric,0
35,340,2713,1,3,1,20,30,6,Hybrid,0
0,340,2713,1,4,0,NA,NA,NA,NA,1
60,340,2714,2,1,0,25,25,6,Electric,0
67,340,2714,2,2,0,15,25,7,Electric,0
79,340,2714,2,3,1,15,30,8,Electric,0
0,340,2714,2,4,0,NA,NA,NA,NA,1
25,340,2715,3,1,1,15,30,8,Gasoline,0
5,340,2715,3,2,0,20,25,6,Gasoline,0
8,340,2715,3,3,0,20,30,6,Gasoline,0
0,340,2715,3,4,0,NA,NA,NA,NA,1
25,340,2716,4,1,0,15,30,8,Gasoline,0
19,340,2716,4,2,0,15,20,8,Gasoline,0
7,340,2716,4,3,1,15,30,6,Gasoline,0
0,340,2716,4,4,0,NA,NA,NA,NA,1
30,340,2717,5,1,0,25,20,6,Hybrid,0
50,340,2717,5,2,1,20,25,8,Hybrid,0
36,340,2717,5,3,0,25,30,6,Hybrid,0
0,340,2717,5,4,0,NA,NA,NA,NA,1
74,340,2718,6,1,0,20,20,8,Electric,0
22,340,2718,6,2,1,15,25,8,Gasoline,0
12,340,2718,6,3,0,25,20,7,Gasoline,0
0,340,2718,6,4,0,NA,NA,NA,NA,1
75,340,2719,7,1,0,25,20,8,Electric,0
32,340,2719,7,2,0,20,25,6,Hybrid,0
31,340,2719,7,3,1,15,25,6,Hybrid,0
0,340,2719,7,4,0,NA,NA,NA,NA,1
37,340,2720,8,1,1,15,20,7,Hybrid,0
29,340,2720,8,2,0,20,20,6,Hybrid,0
66,340,2720,8,3,0,25,20,7,Electric,0
0,340,2720,8,4,0,NA,NA,NA,NA,1
66,341,2721,1,1,0,25,20,7,Electric,0
59,341,2721,1,2,0,20,25,6,Electric,0
61,341,2721,1,3,1,15,30,6,Electric,0
0,341,2721,1,4,0,NA,NA,NA,NA,1
10,341,2722,2,1,1,15,20,7,Gasoline,0
48,341,2722,2,2,0,25,20,8,Hybrid,0
5,341,2722,2,3,0,20,25,6,Gasoline,0
0,341,2722,2,4,0,NA,NA,NA,NA,1
51,341,2723,3,1,1,25,25,8,Hybrid,0
65,341,2723,3,2,0,20,20,7,Electric,0
24,341,2723,3,3,0,25,25,8,Gasoline,0
0,341,2723,3,4,0,NA,NA,NA,NA,1
36,341,2724,4,1,0,25,30,6,Hybrid,0
45,341,2724,4,2,0,25,30,7,Hybrid,0
22,341,2724,4,3,1,15,25,8,Gasoline,0
0,341,2724,4,4,0,NA,NA,NA,NA,1
70,341,2725,5,1,0,15,30,7,Electric,0
14,341,2725,5,2,1,20,25,7,Gasoline,0
57,341,2725,5,3,0,25,20,6,Electric,0
0,341,2725,5,4,0,NA,NA,NA,NA,1
7,341,2726,6,1,1,15,30,6,Gasoline,0
47,341,2726,6,2,0,20,20,8,Hybrid,0
27,341,2726,6,3,0,25,30,8,Gasoline,0
0,341,2726,6,4,0,NA,NA,NA,NA,1
43,341,2727,7,1,1,15,30,7,Hybrid,0
34,341,2727,7,2,0,15,30,6,Hybrid,0
19,341,2727,7,3,0,15,20,8,Gasoline,0
0,341,2727,7,4,0,NA,NA,NA,NA,1
14,341,2728,8,1,0,20,25,7,Gasoline,0
10,341,2728,8,2,1,15,20,7,Gasoline,0
27,341,2728,8,3,0,25,30,8,Gasoline,0
0,341,2728,8,4,0,NA,NA,NA,NA,1
25,342,2729,1,1,1,15,30,8,Gasoline,0
81,342,2729,1,2,0,25,30,8,Electric,0
28,342,2729,1,3,0,15,20,6,Hybrid,0
0,342,2729,1,4,0,NA,NA,NA,NA,1
29,342,2730,2,1,1,20,20,6,Hybrid,0
22,342,2730,2,2,0,15,25,8,Gasoline,0
35,342,2730,2,3,0,20,30,6,Hybrid,0
0,342,2730,2,4,0,NA,NA,NA,NA,1
38,342,2731,3,1,0,20,20,7,Hybrid,0
69,342,2731,3,2,0,25,25,7,Electric,0
35,342,2731,3,3,1,20,30,6,Hybrid,0
0,342,2731,3,4,0,NA,NA,NA,NA,1
52,342,2732,4,1,1,15,30,8,Hybrid,0
14,342,2732,4,2,0,20,25,7,Gasoline,0
26,342,2732,4,3,0,20,30,8,Gasoline,0
0,342,2732,4,4,0,NA,NA,NA,NA,1
33,342,2733,5,1,0,25,25,6,Hybrid,0
17,342,2733,5,2,1,20,30,7,Gasoline,0
12,342,2733,5,3,0,25,20,7,Gasoline,0
0,342,2733,5,4,0,NA,NA,NA,NA,1
23,342,2734,6,1,0,20,25,8,Gasoline,0
45,342,2734,6,2,0,25,30,7,Hybrid,0
26,342,2734,6,3,1,20,30,8,Gasoline,0
0,342,2734,6,4,0,NA,NA,NA,NA,1
39,342,2735,7,1,0,25,20,7,Hybrid,0
77,342,2735,7,2,0,20,25,8,Electric,0
17,342,2735,7,3,1,20,30,7,Gasoline,0
0,342,2735,7,4,0,NA,NA,NA,NA,1
53,342,2736,8,1,0,20,30,8,Hybrid,0
31,342,2736,8,2,1,15,25,6,Hybrid,0
72,342,2736,8,3,0,25,30,7,Electric,0
0,342,2736,8,4,0,NA,NA,NA,NA,1
5,343,2737,1,1,1,20,25,6,Gasoline,0
59,343,2737,1,2,0,20,25,6,Electric,0
42,343,2737,1,3,0,25,25,7,Hybrid,0
0,343,2737,1,4,0,NA,NA,NA,NA,1
4,343,2738,2,1,1,15,25,6,Gasoline,0
17,343,2738,2,2,0,20,30,7,Gasoline,0
47,343,2738,2,3,0,20,20,8,Hybrid,0
0,343,2738,2,4,0,NA,NA,NA,NA,1
54,343,2739,3,1,0,25,30,8,Hybrid,0
43,343,2739,3,2,1,15,30,7,Hybrid,0
70,343,2739,3,3,0,15,30,7,Electric,0
0,343,2739,3,4,0,NA,NA,NA,NA,1
22,343,2740,4,1,0,15,25,8,Gasoline,0
59,343,2740,4,2,0,20,25,6,Electric,0
7,343,2740,4,3,1,15,30,6,Gasoline,0
0,343,2740,4,4,0,NA,NA,NA,NA,1
44,343,2741,5,1,0,20,30,7,Hybrid,0
47,343,2741,5,2,0,20,20,8,Hybrid,0
58,343,2741,5,3,1,15,25,6,Electric,0
0,343,2741,5,4,0,NA,NA,NA,NA,1
55,343,2742,6,1,1,15,20,6,Electric,0
80,343,2742,6,2,0,20,30,8,Electric,0
72,343,2742,6,3,0,25,30,7,Electric,0
0,343,2742,6,4,0,NA,NA,NA,NA,1
72,343,2743,7,1,0,25,30,7,Electric,0
48,343,2743,7,2,0,25,20,8,Hybrid,0
2,343,2743,7,3,1,20,20,6,Gasoline,0
0,343,2743,7,4,0,NA,NA,NA,NA,1
79,343,2744,8,1,0,15,30,8,Electric,0
14,343,2744,8,2,0,20,25,7,Gasoline,0
25,343,2744,8,3,1,15,30,8,Gasoline,0
0,343,2744,8,4,0,NA,NA,NA,NA,1
13,344,2745,1,1,0,15,25,7,Gasoline,0
53,344,2745,1,2,1,20,30,8,Hybrid,0
77,344,2745,1,3,0,20,25,8,Electric,0
0,344,2745,1,4,0,NA,NA,NA,NA,1
53,344,2746,2,1,0,20,30,8,Hybrid,0
18,344,2746,2,2,0,25,30,7,Gasoline,0
5,344,2746,2,3,1,20,25,6,Gasoline,0
0,344,2746,2,4,0,NA,NA,NA,NA,1
42,344,2747,3,1,0,25,25,7,Hybrid,0
54,344,2747,3,2,1,25,30,8,Hybrid,0
66,344,2747,3,3,0,25,20,7,Electric,0
0,344,2747,3,4,0,NA,NA,NA,NA,1
68,344,2748,4,1,0,20,25,7,Electric,0
40,344,2748,4,2,1,15,25,7,Hybrid,0
56,344,2748,4,3,0,20,20,6,Electric,0
0,344,2748,4,4,0,NA,NA,NA,NA,1
40,344,2749,5,1,1,15,25,7,Hybrid,0
80,344,2749,5,2,0,20,30,8,Electric,0
67,344,2749,5,3,0,15,25,7,Electric,0
0,344,2749,5,4,0,NA,NA,NA,NA,1
27,344,2750,6,1,0,25,30,8,Gasoline,0
52,344,2750,6,2,1,15,30,8,Hybrid,0
73,344,2750,6,3,0,15,20,8,Electric,0
0,344,2750,6,4,0,NA,NA,NA,NA,1
3,344,2751,7,1,0,25,20,6,Gasoline,0
43,344,2751,7,2,1,15,30,7,Hybrid,0
14,344,2751,7,3,0,20,25,7,Gasoline,0
0,344,2751,7,4,0,NA,NA,NA,NA,1
70,344,2752,8,1,0,15,30,7,Electric,0
49,344,2752,8,2,1,15,25,8,Hybrid,0
26,344,2752,8,3,0,20,30,8,Gasoline,0
0,344,2752,8,4,0,NA,NA,NA,NA,1
17,345,2753,1,1,0,20,30,7,Gasoline,0
14,345,2753,1,2,0,20,25,7,Gasoline,0
64,345,2753,1,3,1,15,20,7,Electric,0
0,345,2753,1,4,0,NA,NA,NA,NA,1
48,345,2754,2,1,0,25,20,8,Hybrid,0
32,345,2754,2,2,1,20,25,6,Hybrid,0
41,345,2754,2,3,0,20,25,7,Hybrid,0
0,345,2754,2,4,0,NA,NA,NA,NA,1
54,345,2755,3,1,0,25,30,8,Hybrid,0
57,345,2755,3,2,0,25,20,6,Electric,0
15,345,2755,3,3,0,25,25,7,Gasoline,0
0,345,2755,3,4,1,NA,NA,NA,NA,1
61,345,2756,4,1,0,15,30,6,Electric,0
16,345,2756,4,2,1,15,30,7,Gasoline,0
30,345,2756,4,3,0,25,20,6,Hybrid,0
0,345,2756,4,4,0,NA,NA,NA,NA,1
42,345,2757,5,1,1,25,25,7,Hybrid,0
48,345,2757,5,2,0,25,20,8,Hybrid,0
63,345,2757,5,3,0,25,30,6,Electric,0
0,345,2757,5,4,0,NA,NA,NA,NA,1
36,345,2758,6,1,0,25,30,6,Hybrid,0
70,345,2758,6,2,1,15,30,7,Electric,0
33,345,2758,6,3,0,25,25,6,Hybrid,0
0,345,2758,6,4,0,NA,NA,NA,NA,1
21,345,2759,7,1,0,25,20,8,Gasoline,0
39,345,2759,7,2,0,25,20,7,Hybrid,0
50,345,2759,7,3,1,20,25,8,Hybrid,0
0,345,2759,7,4,0,NA,NA,NA,NA,1
32,345,2760,8,1,0,20,25,6,Hybrid,0
30,345,2760,8,2,0,25,20,6,Hybrid,0
14,345,2760,8,3,1,20,25,7,Gasoline,0
0,345,2760,8,4,0,NA,NA,NA,NA,1
43,346,2761,1,1,1,15,30,7,Hybrid,0
65,346,2761,1,2,0,20,20,7,Electric,0
61,346,2761,1,3,0,15,30,6,Electric,0
0,346,2761,1,4,0,NA,NA,NA,NA,1
79,346,2762,2,1,0,15,30,8,Electric,0
25,346,2762,2,2,1,15,30,8,Gasoline,0
59,346,2762,2,3,0,20,25,6,Electric,0
0,346,2762,2,4,0,NA,NA,NA,NA,1
12,346,2763,3,1,0,25,20,7,Gasoline,0
74,346,2763,3,2,0,20,20,8,Electric,0
44,346,2763,3,3,1,20,30,7,Hybrid,0
0,346,2763,3,4,0,NA,NA,NA,NA,1
33,346,2764,4,1,0,25,25,6,Hybrid,0
23,346,2764,4,2,1,20,25,8,Gasoline,0
39,346,2764,4,3,0,25,20,7,Hybrid,0
0,346,2764,4,4,0,NA,NA,NA,NA,1
71,346,2765,5,1,0,20,30,7,Electric,0
72,346,2765,5,2,0,25,30,7,Electric,0
18,346,2765,5,3,1,25,30,7,Gasoline,0
0,346,2765,5,4,0,NA,NA,NA,NA,1
80,346,2766,6,1,0,20,30,8,Electric,0
47,346,2766,6,2,1,20,20,8,Hybrid,0
79,346,2766,6,3,0,15,30,8,Electric,0
0,346,2766,6,4,0,NA,NA,NA,NA,1
70,346,2767,7,1,0,15,30,7,Electric,0
16,346,2767,7,2,1,15,30,7,Gasoline,0
37,346,2767,7,3,0,15,20,7,Hybrid,0
0,346,2767,7,4,0,NA,NA,NA,NA,1
60,346,2768,8,1,0,25,25,6,Electric,0
53,346,2768,8,2,0,20,30,8,Hybrid,0
28,346,2768,8,3,1,15,20,6,Hybrid,0
0,346,2768,8,4,0,NA,NA,NA,NA,1
5,347,2769,1,1,0,20,25,6,Gasoline,0
7,347,2769,1,2,1,15,30,6,Gasoline,0
45,347,2769,1,3,0,25,30,7,Hybrid,0
0,347,2769,1,4,0,NA,NA,NA,NA,1
54,347,2770,2,1,0,25,30,8,Hybrid,0
75,347,2770,2,2,0,25,20,8,Electric,0
13,347,2770,2,3,1,15,25,7,Gasoline,0
0,347,2770,2,4,0,NA,NA,NA,NA,1
17,347,2771,3,1,0,20,30,7,Gasoline,0
7,347,2771,3,2,1,15,30,6,Gasoline,0
3,347,2771,3,3,0,25,20,6,Gasoline,0
0,347,2771,3,4,0,NA,NA,NA,NA,1
43,347,2772,4,1,1,15,30,7,Hybrid,0
30,347,2772,4,2,0,25,20,6,Hybrid,0
73,347,2772,4,3,0,15,20,8,Electric,0
0,347,2772,4,4,0,NA,NA,NA,NA,1
54,347,2773,5,1,0,25,30,8,Hybrid,0
4,347,2773,5,2,1,15,25,6,Gasoline,0
3,347,2773,5,3,0,25,20,6,Gasoline,0
0,347,2773,5,4,0,NA,NA,NA,NA,1
70,347,2774,6,1,0,15,30,7,Electric,0
15,347,2774,6,2,0,25,25,7,Gasoline,0
37,347,2774,6,3,1,15,20,7,Hybrid,0
0,347,2774,6,4,0,NA,NA,NA,NA,1
16,347,2775,7,1,1,15,30,7,Gasoline,0
37,347,2775,7,2,0,15,20,7,Hybrid,0
73,347,2775,7,3,0,15,20,8,Electric,0
0,347,2775,7,4,0,NA,NA,NA,NA,1
70,347,2776,8,1,1,15,30,7,Electric,0
26,347,2776,8,2,0,20,30,8,Gasoline,0
72,347,2776,8,3,0,25,30,7,Electric,0
0,347,2776,8,4,0,NA,NA,NA,NA,1
59,348,2777,1,1,0,20,25,6,Electric,0
37,348,2777,1,2,1,15,20,7,Hybrid,0
79,348,2777,1,3,0,15,30,8,Electric,0
0,348,2777,1,4,0,NA,NA,NA,NA,1
51,348,2778,2,1,0,25,25,8,Hybrid,0
5,348,2778,2,2,0,20,25,6,Gasoline,0
43,348,2778,2,3,1,15,30,7,Hybrid,0
0,348,2778,2,4,0,NA,NA,NA,NA,1
16,348,2779,3,1,1,15,30,7,Gasoline,0
77,348,2779,3,2,0,20,25,8,Electric,0
13,348,2779,3,3,0,15,25,7,Gasoline,0
0,348,2779,3,4,0,NA,NA,NA,NA,1
81,348,2780,4,1,0,25,30,8,Electric,0
24,348,2780,4,2,0,25,25,8,Gasoline,0
58,348,2780,4,3,1,15,25,6,Electric,0
0,348,2780,4,4,0,NA,NA,NA,NA,1
66,348,2781,5,1,0,25,20,7,Electric,0
55,348,2781,5,2,1,15,20,6,Electric,0
47,348,2781,5,3,0,20,20,8,Hybrid,0
0,348,2781,5,4,0,NA,NA,NA,NA,1
46,348,2782,6,1,1,15,20,8,Hybrid,0
12,348,2782,6,2,0,25,20,7,Gasoline,0
26,348,2782,6,3,0,20,30,8,Gasoline,0
0,348,2782,6,4,0,NA,NA,NA,NA,1
27,348,2783,7,1,0,25,30,8,Gasoline,0
26,348,2783,7,2,1,20,30,8,Gasoline,0
30,348,2783,7,3,0,25,20,6,Hybrid,0
0,348,2783,7,4,0,NA,NA,NA,NA,1
26,348,2784,8,1,1,20,30,8,Gasoline,0
16,348,2784,8,2,0,15,30,7,Gasoline,0
57,348,2784,8,3,0,25,20,6,Electric,0
0,348,2784,8,4,0,NA,NA,NA,NA,1
55,349,2785,1,1,0,15,20,6,Electric,0
73,349,2785,1,2,0,15,20,8,Electric,0
56,349,2785,1,3,0,20,20,6,Electric,0
0,349,2785,1,4,1,NA,NA,NA,NA,1
69,349,2786,2,1,0,25,25,7,Electric,0
24,349,2786,2,2,0,25,25,8,Gasoline,0
52,349,2786,2,3,1,15,30,8,Hybrid,0
0,349,2786,2,4,0,NA,NA,NA,NA,1
36,349,2787,3,1,1,25,30,6,Hybrid,0
74,349,2787,3,2,0,20,20,8,Electric,0
69,349,2787,3,3,0,25,25,7,Electric,0
0,349,2787,3,4,0,NA,NA,NA,NA,1
58,349,2788,4,1,0,15,25,6,Electric,0
70,349,2788,4,2,0,15,30,7,Electric,0
44,349,2788,4,3,1,20,30,7,Hybrid,0
0,349,2788,4,4,0,NA,NA,NA,NA,1
61,349,2789,5,1,0,15,30,6,Electric,0
63,349,2789,5,2,0,25,30,6,Electric,0
7,349,2789,5,3,1,15,30,6,Gasoline,0
0,349,2789,5,4,0,NA,NA,NA,NA,1
34,349,2790,6,1,1,15,30,6,Hybrid,0
30,349,2790,6,2,0,25,20,6,Hybrid,0
5,349,2790,6,3,0,20,25,6,Gasoline,0
0,349,2790,6,4,0,NA,NA,NA,NA,1
62,349,2791,7,1,0,20,30,6,Electric,0
35,349,2791,7,2,0,20,30,6,Hybrid,0
43,349,2791,7,3,1,15,30,7,Hybrid,0
0,349,2791,7,4,0,NA,NA,NA,NA,1
41,349,2792,8,1,0,20,25,7,Hybrid,0
53,349,2792,8,2,1,20,30,8,Hybrid,0
77,349,2792,8,3,0,20,25,8,Electric,0
0,349,2792,8,4,0,NA,NA,NA,NA,1
27,350,2793,1,1,0,25,30,8,Gasoline,0
73,350,2793,1,2,0,15,20,8,Electric,0
18,350,2793,1,3,0,25,30,7,Gasoline,0
0,350,2793,1,4,1,NA,NA,NA,NA,1
10,350,2794,2,1,1,15,20,7,Gasoline,0
68,350,2794,2,2,0,20,25,7,Electric,0
78,350,2794,2,3,0,25,25,8,Electric,0
0,350,2794,2,4,0,NA,NA,NA,NA,1
34,350,2795,3,1,0,15,30,6,Hybrid,0
7,350,2795,3,2,1,15,30,6,Gasoline,0
12,350,2795,3,3,0,25,20,7,Gasoline,0
0,350,2795,3,4,0,NA,NA,NA,NA,1
24,350,2796,4,1,0,25,25,8,Gasoline,0
66,350,2796,4,2,0,25,20,7,Electric,0
11,350,2796,4,3,1,20,20,7,Gasoline,0
0,350,2796,4,4,0,NA,NA,NA,NA,1
29,350,2797,5,1,0,20,20,6,Hybrid,0
64,350,2797,5,2,1,15,20,7,Electric,0
15,350,2797,5,3,0,25,25,7,Gasoline,0
0,350,2797,5,4,0,NA,NA,NA,NA,1
51,350,2798,6,1,0,25,25,8,Hybrid,0
66,350,2798,6,2,0,25,20,7,Electric,0
25,350,2798,6,3,1,15,30,8,Gasoline,0
0,350,2798,6,4,0,NA,NA,NA,NA,1
53,350,2799,7,1,0,20,30,8,Hybrid,0
67,350,2799,7,2,0,15,25,7,Electric,0
49,350,2799,7,3,1,15,25,8,Hybrid,0
0,350,2799,7,4,0,NA,NA,NA,NA,1
81,350,2800,8,1,0,25,30,8,Electric,0
69,350,2800,8,2,0,25,25,7,Electric,0
28,350,2800,8,3,1,15,20,6,Hybrid,0
0,350,2800,8,4,0,NA,NA,NA,NA,1
45,351,2801,1,1,0,25,30,7,Hybrid,0
54,351,2801,1,2,0,25,30,8,Hybrid,0
81,351,2801,1,3,0,25,30,8,Electric,0
0,351,2801,1,4,1,NA,NA,NA,NA,1
22,351,2802,2,1,1,15,25,8,Gasoline,0
68,351,2802,2,2,0,20,25,7,Electric,0
48,351,2802,2,3,0,25,20,8,Hybrid,0
0,351,2802,2,4,0,NA,NA,NA,NA,1
29,351,2803,3,1,0,20,20,6,Hybrid,0
61,351,2803,3,2,0,15,30,6,Electric,0
7,351,2803,3,3,1,15,30,6,Gasoline,0
0,351,2803,3,4,0,NA,NA,NA,NA,1
47,351,2804,4,1,0,20,20,8,Hybrid,0
5,351,2804,4,2,1,20,25,6,Gasoline,0
72,351,2804,4,3,0,25,30,7,Electric,0
0,351,2804,4,4,0,NA,NA,NA,NA,1
77,351,2805,5,1,0,20,25,8,Electric,0
3,351,2805,5,2,0,25,20,6,Gasoline,0
16,351,2805,5,3,1,15,30,7,Gasoline,0
0,351,2805,5,4,0,NA,NA,NA,NA,1
74,351,2806,6,1,0,20,20,8,Electric,0
23,351,2806,6,2,1,20,25,8,Gasoline,0
29,351,2806,6,3,0,20,20,6,Hybrid,0
0,351,2806,6,4,0,NA,NA,NA,NA,1
12,351,2807,7,1,0,25,20,7,Gasoline,0
26,351,2807,7,2,1,20,30,8,Gasoline,0
68,351,2807,7,3,0,20,25,7,Electric,0
0,351,2807,7,4,0,NA,NA,NA,NA,1
62,351,2808,8,1,1,20,30,6,Electric,0
69,351,2808,8,2,0,25,25,7,Electric,0
51,351,2808,8,3,0,25,25,8,Hybrid,0
0,351,2808,8,4,0,NA,NA,NA,NA,1
13,352,2809,1,1,1,15,25,7,Gasoline,0
40,352,2809,1,2,0,15,25,7,Hybrid,0
33,352,2809,1,3,0,25,25,6,Hybrid,0
0,352,2809,1,4,0,NA,NA,NA,NA,1
12,352,2810,2,1,0,25,20,7,Gasoline,0
39,352,2810,2,2,0,25,20,7,Hybrid,0
46,352,2810,2,3,1,15,20,8,Hybrid,0
0,352,2810,2,4,0,NA,NA,NA,NA,1
12,352,2811,3,1,0,25,20,7,Gasoline,0
11,352,2811,3,2,0,20,20,7,Gasoline,0
46,352,2811,3,3,1,15,20,8,Hybrid,0
0,352,2811,3,4,0,NA,NA,NA,NA,1
22,352,2812,4,1,1,15,25,8,Gasoline,0
79,352,2812,4,2,0,15,30,8,Electric,0
76,352,2812,4,3,0,15,25,8,Electric,0
0,352,2812,4,4,0,NA,NA,NA,NA,1
19,352,2813,5,1,1,15,20,8,Gasoline,0
11,352,2813,5,2,0,20,20,7,Gasoline,0
36,352,2813,5,3,0,25,30,6,Hybrid,0
0,352,2813,5,4,0,NA,NA,NA,NA,1
65,352,2814,6,1,0,20,20,7,Electric,0
23,352,2814,6,2,0,20,25,8,Gasoline,0
13,352,2814,6,3,1,15,25,7,Gasoline,0
0,352,2814,6,4,0,NA,NA,NA,NA,1
55,352,2815,7,1,0,15,20,6,Electric,0
56,352,2815,7,2,0,20,20,6,Electric,0
11,352,2815,7,3,1,20,20,7,Gasoline,0
0,352,2815,7,4,0,NA,NA,NA,NA,1
68,352,2816,8,1,0,20,25,7,Electric,0
9,352,2816,8,2,1,25,30,6,Gasoline,0
30,352,2816,8,3,0,25,20,6,Hybrid,0
0,352,2816,8,4,0,NA,NA,NA,NA,1
47,353,2817,1,1,0,20,20,8,Hybrid,0
26,353,2817,1,2,1,20,30,8,Gasoline,0
9,353,2817,1,3,0,25,30,6,Gasoline,0
0,353,2817,1,4,0,NA,NA,NA,NA,1
22,353,2818,2,1,1,15,25,8,Gasoline,0
68,353,2818,2,2,0,20,25,7,Electric,0
72,353,2818,2,3,0,25,30,7,Electric,0
0,353,2818,2,4,0,NA,NA,NA,NA,1
65,353,2819,3,1,0,20,20,7,Electric,0
20,353,2819,3,2,0,20,20,8,Gasoline,0
54,353,2819,3,3,0,25,30,8,Hybrid,0
0,353,2819,3,4,1,NA,NA,NA,NA,1
5,353,2820,4,1,1,20,25,6,Gasoline,0
69,353,2820,4,2,0,25,25,7,Electric,0
64,353,2820,4,3,0,15,20,7,Electric,0
0,353,2820,4,4,0,NA,NA,NA,NA,1
19,353,2821,5,1,1,15,20,8,Gasoline,0
30,353,2821,5,2,0,25,20,6,Hybrid,0
70,353,2821,5,3,0,15,30,7,Electric,0
0,353,2821,5,4,0,NA,NA,NA,NA,1
1,353,2822,6,1,1,15,20,6,Gasoline,0
75,353,2822,6,2,0,25,20,8,Electric,0
21,353,2822,6,3,0,25,20,8,Gasoline,0
0,353,2822,6,4,0,NA,NA,NA,NA,1
58,353,2823,7,1,0,15,25,6,Electric,0
30,353,2823,7,2,0,25,20,6,Hybrid,0
34,353,2823,7,3,1,15,30,6,Hybrid,0
0,353,2823,7,4,0,NA,NA,NA,NA,1
48,353,2824,8,1,0,25,20,8,Hybrid,0
20,353,2824,8,2,0,20,20,8,Gasoline,0
14,353,2824,8,3,1,20,25,7,Gasoline,0
0,353,2824,8,4,0,NA,NA,NA,NA,1
43,354,2825,1,1,1,15,30,7,Hybrid,0
69,354,2825,1,2,0,25,25,7,Electric,0
59,354,2825,1,3,0,20,25,6,Electric,0
0,354,2825,1,4,0,NA,NA,NA,NA,1
74,354,2826,2,1,0,20,20,8,Electric,0
68,354,2826,2,2,0,20,25,7,Electric,0
19,354,2826,2,3,1,15,20,8,Gasoline,0
0,354,2826,2,4,0,NA,NA,NA,NA,1
34,354,2827,3,1,0,15,30,6,Hybrid,0
31,354,2827,3,2,1,15,25,6,Hybrid,0
55,354,2827,3,3,0,15,20,6,Electric,0
0,354,2827,3,4,0,NA,NA,NA,NA,1
36,354,2828,4,1,0,25,30,6,Hybrid,0
3,354,2828,4,2,0,25,20,6,Gasoline,0
55,354,2828,4,3,1,15,20,6,Electric,0
0,354,2828,4,4,0,NA,NA,NA,NA,1
16,354,2829,5,1,0,15,30,7,Gasoline,0
12,354,2829,5,2,0,25,20,7,Gasoline,0
7,354,2829,5,3,1,15,30,6,Gasoline,0
0,354,2829,5,4,0,NA,NA,NA,NA,1
24,354,2830,6,1,0,25,25,8,Gasoline,0
38,354,2830,6,2,1,20,20,7,Hybrid,0
63,354,2830,6,3,0,25,30,6,Electric,0
0,354,2830,6,4,0,NA,NA,NA,NA,1
54,354,2831,7,1,0,25,30,8,Hybrid,0
6,354,2831,7,2,0,25,25,6,Gasoline,0
60,354,2831,7,3,0,25,25,6,Electric,0
0,354,2831,7,4,1,NA,NA,NA,NA,1
30,354,2832,8,1,0,25,20,6,Hybrid,0
81,354,2832,8,2,0,25,30,8,Electric,0
61,354,2832,8,3,1,15,30,6,Electric,0
0,354,2832,8,4,0,NA,NA,NA,NA,1
47,355,2833,1,1,0,20,20,8,Hybrid,0
22,355,2833,1,2,1,15,25,8,Gasoline,0
26,355,2833,1,3,0,20,30,8,Gasoline,0
0,355,2833,1,4,0,NA,NA,NA,NA,1
65,355,2834,2,1,0,20,20,7,Electric,0
29,355,2834,2,2,0,20,20,6,Hybrid,0
4,355,2834,2,3,1,15,25,6,Gasoline,0
0,355,2834,2,4,0,NA,NA,NA,NA,1
62,355,2835,3,1,0,20,30,6,Electric,0
45,355,2835,3,2,0,25,30,7,Hybrid,0
2,355,2835,3,3,1,20,20,6,Gasoline,0
0,355,2835,3,4,0,NA,NA,NA,NA,1
55,355,2836,4,1,0,15,20,6,Electric,0
74,355,2836,4,2,0,20,20,8,Electric,0
49,355,2836,4,3,1,15,25,8,Hybrid,0
0,355,2836,4,4,0,NA,NA,NA,NA,1
66,355,2837,5,1,0,25,20,7,Electric,0
37,355,2837,5,2,1,15,20,7,Hybrid,0
70,355,2837,5,3,0,15,30,7,Electric,0
0,355,2837,5,4,0,NA,NA,NA,NA,1
1,355,2838,6,1,0,15,20,6,Gasoline,0
47,355,2838,6,2,0,20,20,8,Hybrid,0
28,355,2838,6,3,1,15,20,6,Hybrid,0
0,355,2838,6,4,0,NA,NA,NA,NA,1
45,355,2839,7,1,0,25,30,7,Hybrid,0
6,355,2839,7,2,0,25,25,6,Gasoline,0
26,355,2839,7,3,1,20,30,8,Gasoline,0
0,355,2839,7,4,0,NA,NA,NA,NA,1
4,355,2840,8,1,0,15,25,6,Gasoline,0
28,355,2840,8,2,1,15,20,6,Hybrid,0
77,355,2840,8,3,0,20,25,8,Electric,0
0,355,2840,8,4,0,NA,NA,NA,NA,1
11,356,2841,1,1,0,20,20,7,Gasoline,0
28,356,2841,1,2,1,15,20,6,Hybrid,0
80,356,2841,1,3,0,20,30,8,Electric,0
0,356,2841,1,4,0,NA,NA,NA,NA,1
67,356,2842,2,1,1,15,25,7,Electric,0
66,356,2842,2,2,0,25,20,7,Electric,0
80,356,2842,2,3,0,20,30,8,Electric,0
0,356,2842,2,4,0,NA,NA,NA,NA,1
31,356,2843,3,1,1,15,25,6,Hybrid,0
20,356,2843,3,2,0,20,20,8,Gasoline,0
58,356,2843,3,3,0,15,25,6,Electric,0
0,356,2843,3,4,0,NA,NA,NA,NA,1
63,356,2844,4,1,0,25,30,6,Electric,0
79,356,2844,4,2,1,15,30,8,Electric,0
12,356,2844,4,3,0,25,20,7,Gasoline,0
0,356,2844,4,4,0,NA,NA,NA,NA,1
43,356,2845,5,1,1,15,30,7,Hybrid,0
2,356,2845,5,2,0,20,20,6,Gasoline,0
13,356,2845,5,3,0,15,25,7,Gasoline,0
0,356,2845,5,4,0,NA,NA,NA,NA,1
75,356,2846,6,1,0,25,20,8,Electric,0
72,356,2846,6,2,0,25,30,7,Electric,0
26,356,2846,6,3,1,20,30,8,Gasoline,0
0,356,2846,6,4,0,NA,NA,NA,NA,1
45,356,2847,7,1,0,25,30,7,Hybrid,0
2,356,2847,7,2,0,20,20,6,Gasoline,0
25,356,2847,7,3,1,15,30,8,Gasoline,0
0,356,2847,7,4,0,NA,NA,NA,NA,1
15,356,2848,8,1,0,25,25,7,Gasoline,0
49,356,2848,8,2,1,15,25,8,Hybrid,0
11,356,2848,8,3,0,20,20,7,Gasoline,0
0,356,2848,8,4,0,NA,NA,NA,NA,1
67,357,2849,1,1,0,15,25,7,Electric,0
43,357,2849,1,2,1,15,30,7,Hybrid,0
76,357,2849,1,3,0,15,25,8,Electric,0
0,357,2849,1,4,0,NA,NA,NA,NA,1
69,357,2850,2,1,0,25,25,7,Electric,0
54,357,2850,2,2,0,25,30,8,Hybrid,0
80,357,2850,2,3,0,20,30,8,Electric,0
0,357,2850,2,4,1,NA,NA,NA,NA,1
3,357,2851,3,1,0,25,20,6,Gasoline,0
43,357,2851,3,2,1,15,30,7,Hybrid,0
71,357,2851,3,3,0,20,30,7,Electric,0
0,357,2851,3,4,0,NA,NA,NA,NA,1
37,357,2852,4,1,1,15,20,7,Hybrid,0
67,357,2852,4,2,0,15,25,7,Electric,0
34,357,2852,4,3,0,15,30,6,Hybrid,0
0,357,2852,4,4,0,NA,NA,NA,NA,1
31,357,2853,5,1,1,15,25,6,Hybrid,0
68,357,2853,5,2,0,20,25,7,Electric,0
34,357,2853,5,3,0,15,30,6,Hybrid,0
0,357,2853,5,4,0,NA,NA,NA,NA,1
59,357,2854,6,1,0,20,25,6,Electric,0
50,357,2854,6,2,0,20,25,8,Hybrid,0
62,357,2854,6,3,0,20,30,6,Electric,0
0,357,2854,6,4,1,NA,NA,NA,NA,1
11,357,2855,7,1,0,20,20,7,Gasoline,0
67,357,2855,7,2,1,15,25,7,Electric,0
60,357,2855,7,3,0,25,25,6,Electric,0
0,357,2855,7,4,0,NA,NA,NA,NA,1
19,357,2856,8,1,1,15,20,8,Gasoline,0
9,357,2856,8,2,0,25,30,6,Gasoline,0
54,357,2856,8,3,0,25,30,8,Hybrid,0
0,357,2856,8,4,0,NA,NA,NA,NA,1
12,358,2857,1,1,0,25,20,7,Gasoline,0
72,358,2857,1,2,0,25,30,7,Electric,0
75,358,2857,1,3,0,25,20,8,Electric,0
0,358,2857,1,4,1,NA,NA,NA,NA,1
42,358,2858,2,1,0,25,25,7,Hybrid,0
19,358,2858,2,2,1,15,20,8,Gasoline,0
34,358,2858,2,3,0,15,30,6,Hybrid,0
0,358,2858,2,4,0,NA,NA,NA,NA,1
23,358,2859,3,1,0,20,25,8,Gasoline,0
75,358,2859,3,2,0,25,20,8,Electric,0
37,358,2859,3,3,1,15,20,7,Hybrid,0
0,358,2859,3,4,0,NA,NA,NA,NA,1
71,358,2860,4,1,0,20,30,7,Electric,0
23,358,2860,4,2,1,20,25,8,Gasoline,0
6,358,2860,4,3,0,25,25,6,Gasoline,0
0,358,2860,4,4,0,NA,NA,NA,NA,1
65,358,2861,5,1,0,20,20,7,Electric,0
26,358,2861,5,2,0,20,30,8,Gasoline,0
25,358,2861,5,3,1,15,30,8,Gasoline,0
0,358,2861,5,4,0,NA,NA,NA,NA,1
13,358,2862,6,1,1,15,25,7,Gasoline,0
3,358,2862,6,2,0,25,20,6,Gasoline,0
19,358,2862,6,3,0,15,20,8,Gasoline,0
0,358,2862,6,4,0,NA,NA,NA,NA,1
17,358,2863,7,1,0,20,30,7,Gasoline,0
64,358,2863,7,2,0,15,20,7,Electric,0
14,358,2863,7,3,1,20,25,7,Gasoline,0
0,358,2863,7,4,0,NA,NA,NA,NA,1
49,358,2864,8,1,1,15,25,8,Hybrid,0
58,358,2864,8,2,0,15,25,6,Electric,0
30,358,2864,8,3,0,25,20,6,Hybrid,0
0,358,2864,8,4,0,NA,NA,NA,NA,1
55,359,2865,1,1,0,15,20,6,Electric,0
32,359,2865,1,2,1,20,25,6,Hybrid,0
36,359,2865,1,3,0,25,30,6,Hybrid,0
0,359,2865,1,4,0,NA,NA,NA,NA,1
28,359,2866,2,1,0,15,20,6,Hybrid,0
31,359,2866,2,2,0,15,25,6,Hybrid,0
25,359,2866,2,3,1,15,30,8,Gasoline,0
0,359,2866,2,4,0,NA,NA,NA,NA,1
47,359,2867,3,1,1,20,20,8,Hybrid,0
80,359,2867,3,2,0,20,30,8,Electric,0
30,359,2867,3,3,0,25,20,6,Hybrid,0
0,359,2867,3,4,0,NA,NA,NA,NA,1
55,359,2868,4,1,1,15,20,6,Electric,0
58,359,2868,4,2,0,15,25,6,Electric,0
56,359,2868,4,3,0,20,20,6,Electric,0
0,359,2868,4,4,0,NA,NA,NA,NA,1
73,359,2869,5,1,0,15,20,8,Electric,0
76,359,2869,5,2,0,15,25,8,Electric,0
19,359,2869,5,3,1,15,20,8,Gasoline,0
0,359,2869,5,4,0,NA,NA,NA,NA,1
42,359,2870,6,1,0,25,25,7,Hybrid,0
64,359,2870,6,2,0,15,20,7,Electric,0
52,359,2870,6,3,1,15,30,8,Hybrid,0
0,359,2870,6,4,0,NA,NA,NA,NA,1
51,359,2871,7,1,0,25,25,8,Hybrid,0
74,359,2871,7,2,0,20,20,8,Electric,0
10,359,2871,7,3,1,15,20,7,Gasoline,0
0,359,2871,7,4,0,NA,NA,NA,NA,1
6,359,2872,8,1,0,25,25,6,Gasoline,0
66,359,2872,8,2,0,25,20,7,Electric,0
52,359,2872,8,3,1,15,30,8,Hybrid,0
0,359,2872,8,4,0,NA,NA,NA,NA,1
6,360,2873,1,1,0,25,25,6,Gasoline,0
22,360,2873,1,2,1,15,25,8,Gasoline,0
11,360,2873,1,3,0,20,20,7,Gasoline,0
0,360,2873,1,4,0,NA,NA,NA,NA,1
36,360,2874,2,1,0,25,30,6,Hybrid,0
72,360,2874,2,2,0,25,30,7,Electric,0
19,360,2874,2,3,1,15,20,8,Gasoline,0
0,360,2874,2,4,0,NA,NA,NA,NA,1
20,360,2875,3,1,0,20,20,8,Gasoline,0
72,360,2875,3,2,0,25,30,7,Electric,0
46,360,2875,3,3,1,15,20,8,Hybrid,0
0,360,2875,3,4,0,NA,NA,NA,NA,1
11,360,2876,4,1,0,20,20,7,Gasoline,0
34,360,2876,4,2,1,15,30,6,Hybrid,0
9,360,2876,4,3,0,25,30,6,Gasoline,0
0,360,2876,4,4,0,NA,NA,NA,NA,1
39,360,2877,5,1,0,25,20,7,Hybrid,0
18,360,2877,5,2,1,25,30,7,Gasoline,0
65,360,2877,5,3,0,20,20,7,Electric,0
0,360,2877,5,4,0,NA,NA,NA,NA,1
35,360,2878,6,1,1,20,30,6,Hybrid,0
11,360,2878,6,2,0,20,20,7,Gasoline,0
26,360,2878,6,3,0,20,30,8,Gasoline,0
0,360,2878,6,4,0,NA,NA,NA,NA,1
26,360,2879,7,1,0,20,30,8,Gasoline,0
52,360,2879,7,2,1,15,30,8,Hybrid,0
42,360,2879,7,3,0,25,25,7,Hybrid,0
0,360,2879,7,4,0,NA,NA,NA,NA,1
58,360,2880,8,1,1,15,25,6,Electric,0
45,360,2880,8,2,0,25,30,7,Hybrid,0
38,360,2880,8,3,0,20,20,7,Hybrid,0
0,360,2880,8,4,0,NA,NA,NA,NA,1
33,361,2881,1,1,0,25,25,6,Hybrid,0
39,361,2881,1,2,0,25,20,7,Hybrid,0
35,361,2881,1,3,1,20,30,6,Hybrid,0
0,361,2881,1,4,0,NA,NA,NA,NA,1
40,361,2882,2,1,1,15,25,7,Hybrid,0
11,361,2882,2,2,0,20,20,7,Gasoline,0
67,361,2882,2,3,0,15,25,7,Electric,0
0,361,2882,2,4,0,NA,NA,NA,NA,1
66,361,2883,3,1,0,25,20,7,Electric,0
38,361,2883,3,2,0,20,20,7,Hybrid,0
29,361,2883,3,3,1,20,20,6,Hybrid,0
0,361,2883,3,4,0,NA,NA,NA,NA,1
58,361,2884,4,1,1,15,25,6,Electric,0
78,361,2884,4,2,0,25,25,8,Electric,0
23,361,2884,4,3,0,20,25,8,Gasoline,0
0,361,2884,4,4,0,NA,NA,NA,NA,1
31,361,2885,5,1,1,15,25,6,Hybrid,0
38,361,2885,5,2,0,20,20,7,Hybrid,0
14,361,2885,5,3,0,20,25,7,Gasoline,0
0,361,2885,5,4,0,NA,NA,NA,NA,1
53,361,2886,6,1,0,20,30,8,Hybrid,0
31,361,2886,6,2,1,15,25,6,Hybrid,0
3,361,2886,6,3,0,25,20,6,Gasoline,0
0,361,2886,6,4,0,NA,NA,NA,NA,1
22,361,2887,7,1,1,15,25,8,Gasoline,0
55,361,2887,7,2,0,15,20,6,Electric,0
80,361,2887,7,3,0,20,30,8,Electric,0
0,361,2887,7,4,0,NA,NA,NA,NA,1
3,361,2888,8,1,0,25,20,6,Gasoline,0
20,361,2888,8,2,1,20,20,8,Gasoline,0
42,361,2888,8,3,0,25,25,7,Hybrid,0
0,361,2888,8,4,0,NA,NA,NA,NA,1
42,362,2889,1,1,0,25,25,7,Hybrid,0
56,362,2889,1,2,0,20,20,6,Electric,0
75,362,2889,1,3,0,25,20,8,Electric,0
0,362,2889,1,4,1,NA,NA,NA,NA,1
34,362,2890,2,1,1,15,30,6,Hybrid,0
44,362,2890,2,2,0,20,30,7,Hybrid,0
70,362,2890,2,3,0,15,30,7,Electric,0
0,362,2890,2,4,0,NA,NA,NA,NA,1
79,362,2891,3,1,0,15,30,8,Electric,0
16,362,2891,3,2,1,15,30,7,Gasoline,0
55,362,2891,3,3,0,15,20,6,Electric,0
0,362,2891,3,4,0,NA,NA,NA,NA,1
80,362,2892,4,1,0,20,30,8,Electric,0
57,362,2892,4,2,0,25,20,6,Electric,0
5,362,2892,4,3,0,20,25,6,Gasoline,0
0,362,2892,4,4,1,NA,NA,NA,NA,1
42,362,2893,5,1,0,25,25,7,Hybrid,0
37,362,2893,5,2,1,15,20,7,Hybrid,0
76,362,2893,5,3,0,15,25,8,Electric,0
0,362,2893,5,4,0,NA,NA,NA,NA,1
44,362,2894,6,1,1,20,30,7,Hybrid,0
8,362,2894,6,2,0,20,30,6,Gasoline,0
48,362,2894,6,3,0,25,20,8,Hybrid,0
0,362,2894,6,4,0,NA,NA,NA,NA,1
22,362,2895,7,1,0,15,25,8,Gasoline,0
52,362,2895,7,2,1,15,30,8,Hybrid,0
54,362,2895,7,3,0,25,30,8,Hybrid,0
0,362,2895,7,4,0,NA,NA,NA,NA,1
31,362,2896,8,1,1,15,25,6,Hybrid,0
73,362,2896,8,2,0,15,20,8,Electric,0
61,362,2896,8,3,0,15,30,6,Electric,0
0,362,2896,8,4,0,NA,NA,NA,NA,1
53,363,2897,1,1,1,20,30,8,Hybrid,0
19,363,2897,1,2,0,15,20,8,Gasoline,0
29,363,2897,1,3,0,20,20,6,Hybrid,0
0,363,2897,1,4,0,NA,NA,NA,NA,1
9,363,2898,2,1,1,25,30,6,Gasoline,0
62,363,2898,2,2,0,20,30,6,Electric,0
77,363,2898,2,3,0,20,25,8,Electric,0
0,363,2898,2,4,0,NA,NA,NA,NA,1
68,363,2899,3,1,0,20,25,7,Electric,0
14,363,2899,3,2,0,20,25,7,Gasoline,0
39,363,2899,3,3,1,25,20,7,Hybrid,0
0,363,2899,3,4,0,NA,NA,NA,NA,1
57,363,2900,4,1,0,25,20,6,Electric,0
15,363,2900,4,2,0,25,25,7,Gasoline,0
71,363,2900,4,3,0,20,30,7,Electric,0
0,363,2900,4,4,1,NA,NA,NA,NA,1
4,363,2901,5,1,1,15,25,6,Gasoline,0
80,363,2901,5,2,0,20,30,8,Electric,0
27,363,2901,5,3,0,25,30,8,Gasoline,0
0,363,2901,5,4,0,NA,NA,NA,NA,1
58,363,2902,6,1,0,15,25,6,Electric,0
60,363,2902,6,2,0,25,25,6,Electric,0
10,363,2902,6,3,1,15,20,7,Gasoline,0
0,363,2902,6,4,0,NA,NA,NA,NA,1
60,363,2903,7,1,0,25,25,6,Electric,0
27,363,2903,7,2,0,25,30,8,Gasoline,0
61,363,2903,7,3,1,15,30,6,Electric,0
0,363,2903,7,4,0,NA,NA,NA,NA,1
53,363,2904,8,1,1,20,30,8,Hybrid,0
63,363,2904,8,2,0,25,30,6,Electric,0
18,363,2904,8,3,0,25,30,7,Gasoline,0
0,363,2904,8,4,0,NA,NA,NA,NA,1
16,364,2905,1,1,1,15,30,7,Gasoline,0
68,364,2905,1,2,0,20,25,7,Electric,0
17,364,2905,1,3,0,20,30,7,Gasoline,0
0,364,2905,1,4,0,NA,NA,NA,NA,1
22,364,2906,2,1,0,15,25,8,Gasoline,0
41,364,2906,2,2,0,20,25,7,Hybrid,0
37,364,2906,2,3,1,15,20,7,Hybrid,0
0,364,2906,2,4,0,NA,NA,NA,NA,1
41,364,2907,3,1,0,20,25,7,Hybrid,0
77,364,2907,3,2,0,20,25,8,Electric,0
73,364,2907,3,3,1,15,20,8,Electric,0
0,364,2907,3,4,0,NA,NA,NA,NA,1
58,364,2908,4,1,0,15,25,6,Electric,0
68,364,2908,4,2,0,20,25,7,Electric,0
38,364,2908,4,3,1,20,20,7,Hybrid,0
0,364,2908,4,4,0,NA,NA,NA,NA,1
8,364,2909,5,1,1,20,30,6,Gasoline,0
68,364,2909,5,2,0,20,25,7,Electric,0
69,364,2909,5,3,0,25,25,7,Electric,0
0,364,2909,5,4,0,NA,NA,NA,NA,1
16,364,2910,6,1,1,15,30,7,Gasoline,0
35,364,2910,6,2,0,20,30,6,Hybrid,0
20,364,2910,6,3,0,20,20,8,Gasoline,0
0,364,2910,6,4,0,NA,NA,NA,NA,1
25,364,2911,7,1,1,15,30,8,Gasoline,0
45,364,2911,7,2,0,25,30,7,Hybrid,0
4,364,2911,7,3,0,15,25,6,Gasoline,0
0,364,2911,7,4,0,NA,NA,NA,NA,1
35,364,2912,8,1,1,20,30,6,Hybrid,0
57,364,2912,8,2,0,25,20,6,Electric,0
33,364,2912,8,3,0,25,25,6,Hybrid,0
0,364,2912,8,4,0,NA,NA,NA,NA,1
34,365,2913,1,1,1,15,30,6,Hybrid,0
38,365,2913,1,2,0,20,20,7,Hybrid,0
67,365,2913,1,3,0,15,25,7,Electric,0
0,365,2913,1,4,0,NA,NA,NA,NA,1
51,365,2914,2,1,0,25,25,8,Hybrid,0
7,365,2914,2,2,1,15,30,6,Gasoline,0
25,365,2914,2,3,0,15,30,8,Gasoline,0
0,365,2914,2,4,0,NA,NA,NA,NA,1
78,365,2915,3,1,0,25,25,8,Electric,0
37,365,2915,3,2,1,15,20,7,Hybrid,0
34,365,2915,3,3,0,15,30,6,Hybrid,0
0,365,2915,3,4,0,NA,NA,NA,NA,1
22,365,2916,4,1,1,15,25,8,Gasoline,0
53,365,2916,4,2,0,20,30,8,Hybrid,0
24,365,2916,4,3,0,25,25,8,Gasoline,0
0,365,2916,4,4,0,NA,NA,NA,NA,1
5,365,2917,5,1,0,20,25,6,Gasoline,0
3,365,2917,5,2,0,25,20,6,Gasoline,0
76,365,2917,5,3,1,15,25,8,Electric,0
0,365,2917,5,4,0,NA,NA,NA,NA,1
33,365,2918,6,1,0,25,25,6,Hybrid,0
14,365,2918,6,2,0,20,25,7,Gasoline,0
40,365,2918,6,3,1,15,25,7,Hybrid,0
0,365,2918,6,4,0,NA,NA,NA,NA,1
60,365,2919,7,1,0,25,25,6,Electric,0
49,365,2919,7,2,1,15,25,8,Hybrid,0
36,365,2919,7,3,0,25,30,6,Hybrid,0
0,365,2919,7,4,0,NA,NA,NA,NA,1
45,365,2920,8,1,0,25,30,7,Hybrid,0
48,365,2920,8,2,0,25,20,8,Hybrid,0
49,365,2920,8,3,1,15,25,8,Hybrid,0
0,365,2920,8,4,0,NA,NA,NA,NA,1
76,366,2921,1,1,0,15,25,8,Electric,0
29,366,2921,1,2,1,20,20,6,Hybrid,0
6,366,2921,1,3,0,25,25,6,Gasoline,0
0,366,2921,1,4,0,NA,NA,NA,NA,1
14,366,2922,2,1,1,20,25,7,Gasoline,0
27,366,2922,2,2,0,25,30,8,Gasoline,0
69,366,2922,2,3,0,25,25,7,Electric,0
0,366,2922,2,4,0,NA,NA,NA,NA,1
23,366,2923,3,1,0,20,25,8,Gasoline,0
74,366,2923,3,2,0,20,20,8,Electric,0
38,366,2923,3,3,1,20,20,7,Hybrid,0
0,366,2923,3,4,0,NA,NA,NA,NA,1
54,366,2924,4,1,0,25,30,8,Hybrid,0
52,366,2924,4,2,1,15,30,8,Hybrid,0
5,366,2924,4,3,0,20,25,6,Gasoline,0
0,366,2924,4,4,0,NA,NA,NA,NA,1
17,366,2925,5,1,1,20,30,7,Gasoline,0
75,366,2925,5,2,0,25,20,8,Electric,0
70,366,2925,5,3,0,15,30,7,Electric,0
0,366,2925,5,4,0,NA,NA,NA,NA,1
37,366,2926,6,1,1,15,20,7,Hybrid,0
38,366,2926,6,2,0,20,20,7,Hybrid,0
36,366,2926,6,3,0,25,30,6,Hybrid,0
0,366,2926,6,4,0,NA,NA,NA,NA,1
6,366,2927,7,1,0,25,25,6,Gasoline,0
38,366,2927,7,2,0,20,20,7,Hybrid,0
16,366,2927,7,3,1,15,30,7,Gasoline,0
0,366,2927,7,4,0,NA,NA,NA,NA,1
15,366,2928,8,1,0,25,25,7,Gasoline,0
25,366,2928,8,2,1,15,30,8,Gasoline,0
14,366,2928,8,3,0,20,25,7,Gasoline,0
0,366,2928,8,4,0,NA,NA,NA,NA,1
52,367,2929,1,1,1,15,30,8,Hybrid,0
8,367,2929,1,2,0,20,30,6,Gasoline,0
48,367,2929,1,3,0,25,20,8,Hybrid,0
0,367,2929,1,4,0,NA,NA,NA,NA,1
34,367,2930,2,1,1,15,30,6,Hybrid,0
7,367,2930,2,2,0,15,30,6,Gasoline,0
21,367,2930,2,3,0,25,20,8,Gasoline,0
0,367,2930,2,4,0,NA,NA,NA,NA,1
66,367,2931,3,1,0,25,20,7,Electric,0
65,367,2931,3,2,0,20,20,7,Electric,0
37,367,2931,3,3,1,15,20,7,Hybrid,0
0,367,2931,3,4,0,NA,NA,NA,NA,1
47,367,2932,4,1,0,20,20,8,Hybrid,0
70,367,2932,4,2,0,15,30,7,Electric,0
31,367,2932,4,3,1,15,25,6,Hybrid,0
0,367,2932,4,4,0,NA,NA,NA,NA,1
56,367,2933,5,1,0,20,20,6,Electric,0
45,367,2933,5,2,1,25,30,7,Hybrid,0
62,367,2933,5,3,0,20,30,6,Electric,0
0,367,2933,5,4,0,NA,NA,NA,NA,1
24,367,2934,6,1,0,25,25,8,Gasoline,0
26,367,2934,6,2,0,20,30,8,Gasoline,0
38,367,2934,6,3,1,20,20,7,Hybrid,0
0,367,2934,6,4,0,NA,NA,NA,NA,1
30,367,2935,7,1,0,25,20,6,Hybrid,0
31,367,2935,7,2,1,15,25,6,Hybrid,0
65,367,2935,7,3,0,20,20,7,Electric,0
0,367,2935,7,4,0,NA,NA,NA,NA,1
50,367,2936,8,1,1,20,25,8,Hybrid,0
62,367,2936,8,2,0,20,30,6,Electric,0
33,367,2936,8,3,0,25,25,6,Hybrid,0
0,367,2936,8,4,0,NA,NA,NA,NA,1
78,368,2937,1,1,0,25,25,8,Electric,0
81,368,2937,1,2,0,25,30,8,Electric,0
35,368,2937,1,3,1,20,30,6,Hybrid,0
0,368,2937,1,4,0,NA,NA,NA,NA,1
14,368,2938,2,1,0,20,25,7,Gasoline,0
59,368,2938,2,2,0,20,25,6,Electric,0
71,368,2938,2,3,0,20,30,7,Electric,0
0,368,2938,2,4,1,NA,NA,NA,NA,1
53,368,2939,3,1,1,20,30,8,Hybrid,0
69,368,2939,3,2,0,25,25,7,Electric,0
76,368,2939,3,3,0,15,25,8,Electric,0
0,368,2939,3,4,0,NA,NA,NA,NA,1
53,368,2940,4,1,1,20,30,8,Hybrid,0
45,368,2940,4,2,0,25,30,7,Hybrid,0
75,368,2940,4,3,0,25,20,8,Electric,0
0,368,2940,4,4,0,NA,NA,NA,NA,1
17,368,2941,5,1,1,20,30,7,Gasoline,0
71,368,2941,5,2,0,20,30,7,Electric,0
62,368,2941,5,3,0,20,30,6,Electric,0
0,368,2941,5,4,0,NA,NA,NA,NA,1
45,368,2942,6,1,0,25,30,7,Hybrid,0
26,368,2942,6,2,1,20,30,8,Gasoline,0
50,368,2942,6,3,0,20,25,8,Hybrid,0
0,368,2942,6,4,0,NA,NA,NA,NA,1
78,368,2943,7,1,0,25,25,8,Electric,0
67,368,2943,7,2,1,15,25,7,Electric,0
68,368,2943,7,3,0,20,25,7,Electric,0
0,368,2943,7,4,0,NA,NA,NA,NA,1
28,368,2944,8,1,0,15,20,6,Hybrid,0
79,368,2944,8,2,0,15,30,8,Electric,0
19,368,2944,8,3,1,15,20,8,Gasoline,0
0,368,2944,8,4,0,NA,NA,NA,NA,1
8,369,2945,1,1,0,20,30,6,Gasoline,0
20,369,2945,1,2,0,20,20,8,Gasoline,0
16,369,2945,1,3,1,15,30,7,Gasoline,0
0,369,2945,1,4,0,NA,NA,NA,NA,1
27,369,2946,2,1,0,25,30,8,Gasoline,0
25,369,2946,2,2,1,15,30,8,Gasoline,0
15,369,2946,2,3,0,25,25,7,Gasoline,0
0,369,2946,2,4,0,NA,NA,NA,NA,1
31,369,2947,3,1,1,15,25,6,Hybrid,0
24,369,2947,3,2,0,25,25,8,Gasoline,0
3,369,2947,3,3,0,25,20,6,Gasoline,0
0,369,2947,3,4,0,NA,NA,NA,NA,1
22,369,2948,4,1,1,15,25,8,Gasoline,0
41,369,2948,4,2,0,20,25,7,Hybrid,0
14,369,2948,4,3,0,20,25,7,Gasoline,0
0,369,2948,4,4,0,NA,NA,NA,NA,1
59,369,2949,5,1,0,20,25,6,Electric,0
32,369,2949,5,2,1,20,25,6,Hybrid,0
50,369,2949,5,3,0,20,25,8,Hybrid,0
0,369,2949,5,4,0,NA,NA,NA,NA,1
60,369,2950,6,1,0,25,25,6,Electric,0
44,369,2950,6,2,1,20,30,7,Hybrid,0
68,369,2950,6,3,0,20,25,7,Electric,0
0,369,2950,6,4,0,NA,NA,NA,NA,1
23,369,2951,7,1,0,20,25,8,Gasoline,0
13,369,2951,7,2,1,15,25,7,Gasoline,0
32,369,2951,7,3,0,20,25,6,Hybrid,0
0,369,2951,7,4,0,NA,NA,NA,NA,1
35,369,2952,8,1,0,20,30,6,Hybrid,0
61,369,2952,8,2,0,15,30,6,Electric,0
59,369,2952,8,3,0,20,25,6,Electric,0
0,369,2952,8,4,1,NA,NA,NA,NA,1
74,370,2953,1,1,0,20,20,8,Electric,0
45,370,2953,1,2,0,25,30,7,Hybrid,0
10,370,2953,1,3,1,15,20,7,Gasoline,0
0,370,2953,1,4,0,NA,NA,NA,NA,1
20,370,2954,2,1,0,20,20,8,Gasoline,0
19,370,2954,2,2,1,15,20,8,Gasoline,0
57,370,2954,2,3,0,25,20,6,Electric,0
0,370,2954,2,4,0,NA,NA,NA,NA,1
56,370,2955,3,1,0,20,20,6,Electric,0
47,370,2955,3,2,1,20,20,8,Hybrid,0
70,370,2955,3,3,0,15,30,7,Electric,0
0,370,2955,3,4,0,NA,NA,NA,NA,1
59,370,2956,4,1,0,20,25,6,Electric,0
66,370,2956,4,2,0,25,20,7,Electric,0
33,370,2956,4,3,0,25,25,6,Hybrid,0
0,370,2956,4,4,1,NA,NA,NA,NA,1
29,370,2957,5,1,0,20,20,6,Hybrid,0
74,370,2957,5,2,0,20,20,8,Electric,0
16,370,2957,5,3,1,15,30,7,Gasoline,0
0,370,2957,5,4,0,NA,NA,NA,NA,1
42,370,2958,6,1,0,25,25,7,Hybrid,0
7,370,2958,6,2,0,15,30,6,Gasoline,0
40,370,2958,6,3,1,15,25,7,Hybrid,0
0,370,2958,6,4,0,NA,NA,NA,NA,1
59,370,2959,7,1,0,20,25,6,Electric,0
69,370,2959,7,2,0,25,25,7,Electric,0
21,370,2959,7,3,0,25,20,8,Gasoline,0
0,370,2959,7,4,1,NA,NA,NA,NA,1
21,370,2960,8,1,0,25,20,8,Gasoline,0
27,370,2960,8,2,0,25,30,8,Gasoline,0
17,370,2960,8,3,1,20,30,7,Gasoline,0
0,370,2960,8,4,0,NA,NA,NA,NA,1
2,371,2961,1,1,0,20,20,6,Gasoline,0
29,371,2961,1,2,1,20,20,6,Hybrid,0
5,371,2961,1,3,0,20,25,6,Gasoline,0
0,371,2961,1,4,0,NA,NA,NA,NA,1
21,371,2962,2,1,1,25,20,8,Gasoline,0
42,371,2962,2,2,0,25,25,7,Hybrid,0
77,371,2962,2,3,0,20,25,8,Electric,0
0,371,2962,2,4,0,NA,NA,NA,NA,1
79,371,2963,3,1,0,15,30,8,Electric,0
45,371,2963,3,2,0,25,30,7,Hybrid,0
23,371,2963,3,3,1,20,25,8,Gasoline,0
0,371,2963,3,4,0,NA,NA,NA,NA,1
38,371,2964,4,1,0,20,20,7,Hybrid,0
44,371,2964,4,2,0,20,30,7,Hybrid,0
28,371,2964,4,3,1,15,20,6,Hybrid,0
0,371,2964,4,4,0,NA,NA,NA,NA,1
77,371,2965,5,1,0,20,25,8,Electric,0
67,371,2965,5,2,1,15,25,7,Electric,0
71,371,2965,5,3,0,20,30,7,Electric,0
0,371,2965,5,4,0,NA,NA,NA,NA,1
9,371,2966,6,1,0,25,30,6,Gasoline,0
7,371,2966,6,2,1,15,30,6,Gasoline,0
25,371,2966,6,3,0,15,30,8,Gasoline,0
0,371,2966,6,4,0,NA,NA,NA,NA,1
41,371,2967,7,1,1,20,25,7,Hybrid,0
5,371,2967,7,2,0,20,25,6,Gasoline,0
75,371,2967,7,3,0,25,20,8,Electric,0
0,371,2967,7,4,0,NA,NA,NA,NA,1
54,371,2968,8,1,0,25,30,8,Hybrid,0
9,371,2968,8,2,0,25,30,6,Gasoline,0
58,371,2968,8,3,1,15,25,6,Electric,0
0,371,2968,8,4,0,NA,NA,NA,NA,1
55,372,2969,1,1,1,15,20,6,Electric,0
73,372,2969,1,2,0,15,20,8,Electric,0
23,372,2969,1,3,0,20,25,8,Gasoline,0
0,372,2969,1,4,0,NA,NA,NA,NA,1
74,372,2970,2,1,0,20,20,8,Electric,0
63,372,2970,2,2,0,25,30,6,Electric,0
51,372,2970,2,3,1,25,25,8,Hybrid,0
0,372,2970,2,4,0,NA,NA,NA,NA,1
70,372,2971,3,1,0,15,30,7,Electric,0
72,372,2971,3,2,0,25,30,7,Electric,0
73,372,2971,3,3,0,15,20,8,Electric,0
0,372,2971,3,4,1,NA,NA,NA,NA,1
58,372,2972,4,1,1,15,25,6,Electric,0
45,372,2972,4,2,0,25,30,7,Hybrid,0
81,372,2972,4,3,0,25,30,8,Electric,0
0,372,2972,4,4,0,NA,NA,NA,NA,1
56,372,2973,5,1,0,20,20,6,Electric,0
58,372,2973,5,2,0,15,25,6,Electric,0
49,372,2973,5,3,1,15,25,8,Hybrid,0
0,372,2973,5,4,0,NA,NA,NA,NA,1
11,372,2974,6,1,1,20,20,7,Gasoline,0
71,372,2974,6,2,0,20,30,7,Electric,0
6,372,2974,6,3,0,25,25,6,Gasoline,0
0,372,2974,6,4,0,NA,NA,NA,NA,1
69,372,2975,7,1,0,25,25,7,Electric,0
75,372,2975,7,2,0,25,20,8,Electric,0
20,372,2975,7,3,1,20,20,8,Gasoline,0
0,372,2975,7,4,0,NA,NA,NA,NA,1
45,372,2976,8,1,0,25,30,7,Hybrid,0
78,372,2976,8,2,0,25,25,8,Electric,0
9,372,2976,8,3,0,25,30,6,Gasoline,0
0,372,2976,8,4,1,NA,NA,NA,NA,1
45,373,2977,1,1,0,25,30,7,Hybrid,0
52,373,2977,1,2,1,15,30,8,Hybrid,0
2,373,2977,1,3,0,20,20,6,Gasoline,0
0,373,2977,1,4,0,NA,NA,NA,NA,1
30,373,2978,2,1,0,25,20,6,Hybrid,0
53,373,2978,2,2,0,20,30,8,Hybrid,0
37,373,2978,2,3,1,15,20,7,Hybrid,0
0,373,2978,2,4,0,NA,NA,NA,NA,1
49,373,2979,3,1,1,15,25,8,Hybrid,0
6,373,2979,3,2,0,25,25,6,Gasoline,0
78,373,2979,3,3,0,25,25,8,Electric,0
0,373,2979,3,4,0,NA,NA,NA,NA,1
20,373,2980,4,1,0,20,20,8,Gasoline,0
12,373,2980,4,2,0,25,20,7,Gasoline,0
72,373,2980,4,3,0,25,30,7,Electric,0
0,373,2980,4,4,1,NA,NA,NA,NA,1
37,373,2981,5,1,0,15,20,7,Hybrid,0
4,373,2981,5,2,1,15,25,6,Gasoline,0
39,373,2981,5,3,0,25,20,7,Hybrid,0
0,373,2981,5,4,0,NA,NA,NA,NA,1
14,373,2982,6,1,0,20,25,7,Gasoline,0
16,373,2982,6,2,1,15,30,7,Gasoline,0
56,373,2982,6,3,0,20,20,6,Electric,0
0,373,2982,6,4,0,NA,NA,NA,NA,1
48,373,2983,7,1,0,25,20,8,Hybrid,0
67,373,2983,7,2,1,15,25,7,Electric,0
44,373,2983,7,3,0,20,30,7,Hybrid,0
0,373,2983,7,4,0,NA,NA,NA,NA,1
35,373,2984,8,1,0,20,30,6,Hybrid,0
24,373,2984,8,2,0,25,25,8,Gasoline,0
29,373,2984,8,3,1,20,20,6,Hybrid,0
0,373,2984,8,4,0,NA,NA,NA,NA,1
10,374,2985,1,1,0,15,20,7,Gasoline,0
76,374,2985,1,2,0,15,25,8,Electric,0
7,374,2985,1,3,1,15,30,6,Gasoline,0
0,374,2985,1,4,0,NA,NA,NA,NA,1
36,374,2986,2,1,0,25,30,6,Hybrid,0
50,374,2986,2,2,1,20,25,8,Hybrid,0
80,374,2986,2,3,0,20,30,8,Electric,0
0,374,2986,2,4,0,NA,NA,NA,NA,1
55,374,2987,3,1,0,15,20,6,Electric,0
37,374,2987,3,2,1,15,20,7,Hybrid,0
72,374,2987,3,3,0,25,30,7,Electric,0
0,374,2987,3,4,0,NA,NA,NA,NA,1
70,374,2988,4,1,1,15,30,7,Electric,0
71,374,2988,4,2,0,20,30,7,Electric,0
61,374,2988,4,3,0,15,30,6,Electric,0
0,374,2988,4,4,0,NA,NA,NA,NA,1
33,374,2989,5,1,0,25,25,6,Hybrid,0
75,374,2989,5,2,0,25,20,8,Electric,0
22,374,2989,5,3,1,15,25,8,Gasoline,0
0,374,2989,5,4,0,NA,NA,NA,NA,1
67,374,2990,6,1,1,15,25,7,Electric,0
60,374,2990,6,2,0,25,25,6,Electric,0
42,374,2990,6,3,0,25,25,7,Hybrid,0
0,374,2990,6,4,0,NA,NA,NA,NA,1
46,374,2991,7,1,1,15,20,8,Hybrid,0
69,374,2991,7,2,0,25,25,7,Electric,0
62,374,2991,7,3,0,20,30,6,Electric,0
0,374,2991,7,4,0,NA,NA,NA,NA,1
64,374,2992,8,1,0,15,20,7,Electric,0
68,374,2992,8,2,0,20,25,7,Electric,0
2,374,2992,8,3,1,20,20,6,Gasoline,0
0,374,2992,8,4,0,NA,NA,NA,NA,1
40,375,2993,1,1,1,15,25,7,Hybrid,0
73,375,2993,1,2,0,15,20,8,Electric,0
32,375,2993,1,3,0,20,25,6,Hybrid,0
0,375,2993,1,4,0,NA,NA,NA,NA,1
45,375,2994,2,1,0,25,30,7,Hybrid,0
56,375,2994,2,2,0,20,20,6,Electric,0
36,375,2994,2,3,1,25,30,6,Hybrid,0
0,375,2994,2,4,0,NA,NA,NA,NA,1
40,375,2995,3,1,1,15,25,7,Hybrid,0
64,375,2995,3,2,0,15,20,7,Electric,0
48,375,2995,3,3,0,25,20,8,Hybrid,0
0,375,2995,3,4,0,NA,NA,NA,NA,1
8,375,2996,4,1,0,20,30,6,Gasoline,0
19,375,2996,4,2,1,15,20,8,Gasoline,0
49,375,2996,4,3,0,15,25,8,Hybrid,0
0,375,2996,4,4,0,NA,NA,NA,NA,1
36,375,2997,5,1,0,25,30,6,Hybrid,0
78,375,2997,5,2,0,25,25,8,Electric,0
10,375,2997,5,3,1,15,20,7,Gasoline,0
0,375,2997,5,4,0,NA,NA,NA,NA,1
69,375,2998,6,1,0,25,25,7,Electric,0
32,375,2998,6,2,1,20,25,6,Hybrid,0
39,375,2998,6,3,0,25,20,7,Hybrid,0
0,375,2998,6,4,0,NA,NA,NA,NA,1
18,375,2999,7,1,0,25,30,7,Gasoline,0
73,375,2999,7,2,0,15,20,8,Electric,0
61,375,2999,7,3,1,15,30,6,Electric,0
0,375,2999,7,4,0,NA,NA,NA,NA,1
75,375,3000,8,1,0,25,20,8,Electric,0
22,375,3000,8,2,1,15,25,8,Gasoline,0
6,375,3000,8,3,0,25,25,6,Gasoline,0
0,375,3000,8,4,0,NA,NA,NA,NA,1
73,376,3001,1,1,0,15,20,8,Electric,0
72,376,3001,1,2,0,25,30,7,Electric,0
7,376,3001,1,3,1,15,30,6,Gasoline,0
0,376,3001,1,4,0,NA,NA,NA,NA,1
47,376,3002,2,1,0,20,20,8,Hybrid,0
37,376,3002,2,2,1,15,20,7,Hybrid,0
5,376,3002,2,3,0,20,25,6,Gasoline,0
0,376,3002,2,4,0,NA,NA,NA,NA,1
18,376,3003,3,1,0,25,30,7,Gasoline,0
4,376,3003,3,2,1,15,25,6,Gasoline,0
38,376,3003,3,3,0,20,20,7,Hybrid,0
0,376,3003,3,4,0,NA,NA,NA,NA,1
45,376,3004,4,1,0,25,30,7,Hybrid,0
35,376,3004,4,2,1,20,30,6,Hybrid,0
47,376,3004,4,3,0,20,20,8,Hybrid,0
0,376,3004,4,4,0,NA,NA,NA,NA,1
31,376,3005,5,1,1,15,25,6,Hybrid,0
45,376,3005,5,2,0,25,30,7,Hybrid,0
20,376,3005,5,3,0,20,20,8,Gasoline,0
0,376,3005,5,4,0,NA,NA,NA,NA,1
21,376,3006,6,1,0,25,20,8,Gasoline,0
14,376,3006,6,2,0,20,25,7,Gasoline,0
74,376,3006,6,3,0,20,20,8,Electric,0
0,376,3006,6,4,1,NA,NA,NA,NA,1
52,376,3007,7,1,0,15,30,8,Hybrid,0
28,376,3007,7,2,1,15,20,6,Hybrid,0
23,376,3007,7,3,0,20,25,8,Gasoline,0
0,376,3007,7,4,0,NA,NA,NA,NA,1
7,376,3008,8,1,0,15,30,6,Gasoline,0
15,376,3008,8,2,0,25,25,7,Gasoline,0
1,376,3008,8,3,1,15,20,6,Gasoline,0
0,376,3008,8,4,0,NA,NA,NA,NA,1
50,377,3009,1,1,0,20,25,8,Hybrid,0
7,377,3009,1,2,1,15,30,6,Gasoline,0
63,377,3009,1,3,0,25,30,6,Electric,0
0,377,3009,1,4,0,NA,NA,NA,NA,1
43,377,3010,2,1,1,15,30,7,Hybrid,0
53,377,3010,2,2,0,20,30,8,Hybrid,0
77,377,3010,2,3,0,20,25,8,Electric,0
0,377,3010,2,4,0,NA,NA,NA,NA,1
69,377,3011,3,1,0,25,25,7,Electric,0
31,377,3011,3,2,1,15,25,6,Hybrid,0
6,377,3011,3,3,0,25,25,6,Gasoline,0
0,377,3011,3,4,0,NA,NA,NA,NA,1
6,377,3012,4,1,0,25,25,6,Gasoline,0
50,377,3012,4,2,0,20,25,8,Hybrid,0
28,377,3012,4,3,1,15,20,6,Hybrid,0
0,377,3012,4,4,0,NA,NA,NA,NA,1
18,377,3013,5,1,0,25,30,7,Gasoline,0
44,377,3013,5,2,1,20,30,7,Hybrid,0
49,377,3013,5,3,0,15,25,8,Hybrid,0
0,377,3013,5,4,0,NA,NA,NA,NA,1
9,377,3014,6,1,0,25,30,6,Gasoline,0
59,377,3014,6,2,0,20,25,6,Electric,0
55,377,3014,6,3,1,15,20,6,Electric,0
0,377,3014,6,4,0,NA,NA,NA,NA,1
31,377,3015,7,1,1,15,25,6,Hybrid,0
71,377,3015,7,2,0,20,30,7,Electric,0
46,377,3015,7,3,0,15,20,8,Hybrid,0
0,377,3015,7,4,0,NA,NA,NA,NA,1
55,377,3016,8,1,0,15,20,6,Electric,0
29,377,3016,8,2,0,20,20,6,Hybrid,0
22,377,3016,8,3,1,15,25,8,Gasoline,0
0,377,3016,8,4,0,NA,NA,NA,NA,1
43,378,3017,1,1,1,15,30,7,Hybrid,0
47,378,3017,1,2,0,20,20,8,Hybrid,0
51,378,3017,1,3,0,25,25,8,Hybrid,0
0,378,3017,1,4,0,NA,NA,NA,NA,1
68,378,3018,2,1,0,20,25,7,Electric,0
33,378,3018,2,2,0,25,25,6,Hybrid,0
51,378,3018,2,3,1,25,25,8,Hybrid,0
0,378,3018,2,4,0,NA,NA,NA,NA,1
71,378,3019,3,1,1,20,30,7,Electric,0
20,378,3019,3,2,0,20,20,8,Gasoline,0
81,378,3019,3,3,0,25,30,8,Electric,0
0,378,3019,3,4,0,NA,NA,NA,NA,1
80,378,3020,4,1,0,20,30,8,Electric,0
13,378,3020,4,2,1,15,25,7,Gasoline,0
44,378,3020,4,3,0,20,30,7,Hybrid,0
0,378,3020,4,4,0,NA,NA,NA,NA,1
49,378,3021,5,1,0,15,25,8,Hybrid,0
62,378,3021,5,2,0,20,30,6,Electric,0
19,378,3021,5,3,1,15,20,8,Gasoline,0
0,378,3021,5,4,0,NA,NA,NA,NA,1
53,378,3022,6,1,1,20,30,8,Hybrid,0
3,378,3022,6,2,0,25,20,6,Gasoline,0
17,378,3022,6,3,0,20,30,7,Gasoline,0
0,378,3022,6,4,0,NA,NA,NA,NA,1
31,378,3023,7,1,1,15,25,6,Hybrid,0
19,378,3023,7,2,0,15,20,8,Gasoline,0
47,378,3023,7,3,0,20,20,8,Hybrid,0
0,378,3023,7,4,0,NA,NA,NA,NA,1
38,378,3024,8,1,1,20,20,7,Hybrid,0
53,378,3024,8,2,0,20,30,8,Hybrid,0
45,378,3024,8,3,0,25,30,7,Hybrid,0
0,378,3024,8,4,0,NA,NA,NA,NA,1
20,379,3025,1,1,1,20,20,8,Gasoline,0
30,379,3025,1,2,0,25,20,6,Hybrid,0
45,379,3025,1,3,0,25,30,7,Hybrid,0
0,379,3025,1,4,0,NA,NA,NA,NA,1
78,379,3026,2,1,0,25,25,8,Electric,0
71,379,3026,2,2,1,20,30,7,Electric,0
36,379,3026,2,3,0,25,30,6,Hybrid,0
0,379,3026,2,4,0,NA,NA,NA,NA,1
41,379,3027,3,1,1,20,25,7,Hybrid,0
71,379,3027,3,2,0,20,30,7,Electric,0
51,379,3027,3,3,0,25,25,8,Hybrid,0
0,379,3027,3,4,0,NA,NA,NA,NA,1
24,379,3028,4,1,0,25,25,8,Gasoline,0
61,379,3028,4,2,0,15,30,6,Electric,0
14,379,3028,4,3,1,20,25,7,Gasoline,0
0,379,3028,4,4,0,NA,NA,NA,NA,1
31,379,3029,5,1,0,15,25,6,Hybrid,0
61,379,3029,5,2,0,15,30,6,Electric,0
43,379,3029,5,3,1,15,30,7,Hybrid,0
0,379,3029,5,4,0,NA,NA,NA,NA,1
12,379,3030,6,1,0,25,20,7,Gasoline,0
45,379,3030,6,2,0,25,30,7,Hybrid,0
55,379,3030,6,3,0,15,20,6,Electric,0
0,379,3030,6,4,1,NA,NA,NA,NA,1
33,379,3031,7,1,0,25,25,6,Hybrid,0
29,379,3031,7,2,1,20,20,6,Hybrid,0
36,379,3031,7,3,0,25,30,6,Hybrid,0
0,379,3031,7,4,0,NA,NA,NA,NA,1
11,379,3032,8,1,0,20,20,7,Gasoline,0
39,379,3032,8,2,0,25,20,7,Hybrid,0
4,379,3032,8,3,1,15,25,6,Gasoline,0
0,379,3032,8,4,0,NA,NA,NA,NA,1
43,380,3033,1,1,1,15,30,7,Hybrid,0
24,380,3033,1,2,0,25,25,8,Gasoline,0
66,380,3033,1,3,0,25,20,7,Electric,0
0,380,3033,1,4,0,NA,NA,NA,NA,1
11,380,3034,2,1,1,20,20,7,Gasoline,0
27,380,3034,2,2,0,25,30,8,Gasoline,0
21,380,3034,2,3,0,25,20,8,Gasoline,0
0,380,3034,2,4,0,NA,NA,NA,NA,1
73,380,3035,3,1,0,15,20,8,Electric,0
19,380,3035,3,2,1,15,20,8,Gasoline,0
74,380,3035,3,3,0,20,20,8,Electric,0
0,380,3035,3,4,0,NA,NA,NA,NA,1
72,380,3036,4,1,0,25,30,7,Electric,0
37,380,3036,4,2,0,15,20,7,Hybrid,0
34,380,3036,4,3,1,15,30,6,Hybrid,0
0,380,3036,4,4,0,NA,NA,NA,NA,1
52,380,3037,5,1,0,15,30,8,Hybrid,0
46,380,3037,5,2,1,15,20,8,Hybrid,0
36,380,3037,5,3,0,25,30,6,Hybrid,0
0,380,3037,5,4,0,NA,NA,NA,NA,1
78,380,3038,6,1,0,25,25,8,Electric,0
10,380,3038,6,2,1,15,20,7,Gasoline,0
8,380,3038,6,3,0,20,30,6,Gasoline,0
0,380,3038,6,4,0,NA,NA,NA,NA,1
70,380,3039,7,1,0,15,30,7,Electric,0
19,380,3039,7,2,1,15,20,8,Gasoline,0
29,380,3039,7,3,0,20,20,6,Hybrid,0
0,380,3039,7,4,0,NA,NA,NA,NA,1
47,380,3040,8,1,0,20,20,8,Hybrid,0
25,380,3040,8,2,1,15,30,8,Gasoline,0
46,380,3040,8,3,0,15,20,8,Hybrid,0
0,380,3040,8,4,0,NA,NA,NA,NA,1
76,381,3041,1,1,0,15,25,8,Electric,0
70,381,3041,1,2,1,15,30,7,Electric,0
59,381,3041,1,3,0,20,25,6,Electric,0
0,381,3041,1,4,0,NA,NA,NA,NA,1
47,381,3042,2,1,0,20,20,8,Hybrid,0
64,381,3042,2,2,0,15,20,7,Electric,0
13,381,3042,2,3,1,15,25,7,Gasoline,0
0,381,3042,2,4,0,NA,NA,NA,NA,1
35,381,3043,3,1,1,20,30,6,Hybrid,0
12,381,3043,3,2,0,25,20,7,Gasoline,0
8,381,3043,3,3,0,20,30,6,Gasoline,0
0,381,3043,3,4,0,NA,NA,NA,NA,1
74,381,3044,4,1,0,20,20,8,Electric,0
51,381,3044,4,2,1,25,25,8,Hybrid,0
71,381,3044,4,3,0,20,30,7,Electric,0
0,381,3044,4,4,0,NA,NA,NA,NA,1
51,381,3045,5,1,1,25,25,8,Hybrid,0
67,381,3045,5,2,0,15,25,7,Electric,0
29,381,3045,5,3,0,20,20,6,Hybrid,0
0,381,3045,5,4,0,NA,NA,NA,NA,1
38,381,3046,6,1,1,20,20,7,Hybrid,0
23,381,3046,6,2,0,20,25,8,Gasoline,0
24,381,3046,6,3,0,25,25,8,Gasoline,0
0,381,3046,6,4,0,NA,NA,NA,NA,1
75,381,3047,7,1,0,25,20,8,Electric,0
33,381,3047,7,2,0,25,25,6,Hybrid,0
76,381,3047,7,3,1,15,25,8,Electric,0
0,381,3047,7,4,0,NA,NA,NA,NA,1
13,381,3048,8,1,1,15,25,7,Gasoline,0
23,381,3048,8,2,0,20,25,8,Gasoline,0
62,381,3048,8,3,0,20,30,6,Electric,0
0,381,3048,8,4,0,NA,NA,NA,NA,1
79,382,3049,1,1,1,15,30,8,Electric,0
76,382,3049,1,2,0,15,25,8,Electric,0
60,382,3049,1,3,0,25,25,6,Electric,0
0,382,3049,1,4,0,NA,NA,NA,NA,1
43,382,3050,2,1,1,15,30,7,Hybrid,0
68,382,3050,2,2,0,20,25,7,Electric,0
39,382,3050,2,3,0,25,20,7,Hybrid,0
0,382,3050,2,4,0,NA,NA,NA,NA,1
59,382,3051,3,1,0,20,25,6,Electric,0
27,382,3051,3,2,0,25,30,8,Gasoline,0
51,382,3051,3,3,0,25,25,8,Hybrid,0
0,382,3051,3,4,1,NA,NA,NA,NA,1
4,382,3052,4,1,0,15,25,6,Gasoline,0
16,382,3052,4,2,1,15,30,7,Gasoline,0
62,382,3052,4,3,0,20,30,6,Electric,0
0,382,3052,4,4,0,NA,NA,NA,NA,1
34,382,3053,5,1,1,15,30,6,Hybrid,0
28,382,3053,5,2,0,15,20,6,Hybrid,0
27,382,3053,5,3,0,25,30,8,Gasoline,0
0,382,3053,5,4,0,NA,NA,NA,NA,1
18,382,3054,6,1,0,25,30,7,Gasoline,0
49,382,3054,6,2,1,15,25,8,Hybrid,0
58,382,3054,6,3,0,15,25,6,Electric,0
0,382,3054,6,4,0,NA,NA,NA,NA,1
25,382,3055,7,1,1,15,30,8,Gasoline,0
23,382,3055,7,2,0,20,25,8,Gasoline,0
3,382,3055,7,3,0,25,20,6,Gasoline,0
0,382,3055,7,4,0,NA,NA,NA,NA,1
71,382,3056,8,1,0,20,30,7,Electric,0
79,382,3056,8,2,0,15,30,8,Electric,0
46,382,3056,8,3,1,15,20,8,Hybrid,0
0,382,3056,8,4,0,NA,NA,NA,NA,1
29,383,3057,1,1,1,20,20,6,Hybrid,0
45,383,3057,1,2,0,25,30,7,Hybrid,0
2,383,3057,1,3,0,20,20,6,Gasoline,0
0,383,3057,1,4,0,NA,NA,NA,NA,1
38,383,3058,2,1,0,20,20,7,Hybrid,0
45,383,3058,2,2,0,25,30,7,Hybrid,0
34,383,3058,2,3,1,15,30,6,Hybrid,0
0,383,3058,2,4,0,NA,NA,NA,NA,1
36,383,3059,3,1,0,25,30,6,Hybrid,0
50,383,3059,3,2,0,20,25,8,Hybrid,0
11,383,3059,3,3,0,20,20,7,Gasoline,0
0,383,3059,3,4,1,NA,NA,NA,NA,1
21,383,3060,4,1,0,25,20,8,Gasoline,0
26,383,3060,4,2,1,20,30,8,Gasoline,0
79,383,3060,4,3,0,15,30,8,Electric,0
0,383,3060,4,4,0,NA,NA,NA,NA,1
2,383,3061,5,1,1,20,20,6,Gasoline,0
60,383,3061,5,2,0,25,25,6,Electric,0
3,383,3061,5,3,0,25,20,6,Gasoline,0
0,383,3061,5,4,0,NA,NA,NA,NA,1
69,383,3062,6,1,0,25,25,7,Electric,0
4,383,3062,6,2,1,15,25,6,Gasoline,0
39,383,3062,6,3,0,25,20,7,Hybrid,0
0,383,3062,6,4,0,NA,NA,NA,NA,1
12,383,3063,7,1,0,25,20,7,Gasoline,0
17,383,3063,7,2,0,20,30,7,Gasoline,0
73,383,3063,7,3,0,15,20,8,Electric,0
0,383,3063,7,4,1,NA,NA,NA,NA,1
39,383,3064,8,1,0,25,20,7,Hybrid,0
22,383,3064,8,2,1,15,25,8,Gasoline,0
47,383,3064,8,3,0,20,20,8,Hybrid,0
0,383,3064,8,4,0,NA,NA,NA,NA,1
44,384,3065,1,1,1,20,30,7,Hybrid,0
59,384,3065,1,2,0,20,25,6,Electric,0
69,384,3065,1,3,0,25,25,7,Electric,0
0,384,3065,1,4,0,NA,NA,NA,NA,1
5,384,3066,2,1,0,20,25,6,Gasoline,0
32,384,3066,2,2,0,20,25,6,Hybrid,0
50,384,3066,2,3,1,20,25,8,Hybrid,0
0,384,3066,2,4,0,NA,NA,NA,NA,1
74,384,3067,3,1,0,20,20,8,Electric,0
22,384,3067,3,2,1,15,25,8,Gasoline,0
24,384,3067,3,3,0,25,25,8,Gasoline,0
0,384,3067,3,4,0,NA,NA,NA,NA,1
18,384,3068,4,1,0,25,30,7,Gasoline,0
72,384,3068,4,2,0,25,30,7,Electric,0
79,384,3068,4,3,1,15,30,8,Electric,0
0,384,3068,4,4,0,NA,NA,NA,NA,1
3,384,3069,5,1,0,25,20,6,Gasoline,0
58,384,3069,5,2,0,15,25,6,Electric,0
47,384,3069,5,3,1,20,20,8,Hybrid,0
0,384,3069,5,4,0,NA,NA,NA,NA,1
71,384,3070,6,1,0,20,30,7,Electric,0
78,384,3070,6,2,0,25,25,8,Electric,0
69,384,3070,6,3,0,25,25,7,Electric,0
0,384,3070,6,4,1,NA,NA,NA,NA,1
45,384,3071,7,1,1,25,30,7,Hybrid,0
42,384,3071,7,2,0,25,25,7,Hybrid,0
48,384,3071,7,3,0,25,20,8,Hybrid,0
0,384,3071,7,4,0,NA,NA,NA,NA,1
3,384,3072,8,1,0,25,20,6,Gasoline,0
70,384,3072,8,2,1,15,30,7,Electric,0
80,384,3072,8,3,0,20,30,8,Electric,0
0,384,3072,8,4,0,NA,NA,NA,NA,1
44,385,3073,1,1,1,20,30,7,Hybrid,0
65,385,3073,1,2,0,20,20,7,Electric,0
80,385,3073,1,3,0,20,30,8,Electric,0
0,385,3073,1,4,0,NA,NA,NA,NA,1
31,385,3074,2,1,1,15,25,6,Hybrid,0
81,385,3074,2,2,0,25,30,8,Electric,0
59,385,3074,2,3,0,20,25,6,Electric,0
0,385,3074,2,4,0,NA,NA,NA,NA,1
28,385,3075,3,1,0,15,20,6,Hybrid,0
48,385,3075,3,2,0,25,20,8,Hybrid,0
1,385,3075,3,3,1,15,20,6,Gasoline,0
0,385,3075,3,4,0,NA,NA,NA,NA,1
58,385,3076,4,1,0,15,25,6,Electric,0
80,385,3076,4,2,0,20,30,8,Electric,0
35,385,3076,4,3,1,20,30,6,Hybrid,0
0,385,3076,4,4,0,NA,NA,NA,NA,1
50,385,3077,5,1,0,20,25,8,Hybrid,0
20,385,3077,5,2,0,20,20,8,Gasoline,0
49,385,3077,5,3,1,15,25,8,Hybrid,0
0,385,3077,5,4,0,NA,NA,NA,NA,1
77,385,3078,6,1,0,20,25,8,Electric,0
70,385,3078,6,2,0,15,30,7,Electric,0
61,385,3078,6,3,1,15,30,6,Electric,0
0,385,3078,6,4,0,NA,NA,NA,NA,1
30,385,3079,7,1,0,25,20,6,Hybrid,0
4,385,3079,7,2,1,15,25,6,Gasoline,0
9,385,3079,7,3,0,25,30,6,Gasoline,0
0,385,3079,7,4,0,NA,NA,NA,NA,1
69,385,3080,8,1,0,25,25,7,Electric,0
10,385,3080,8,2,1,15,20,7,Gasoline,0
29,385,3080,8,3,0,20,20,6,Hybrid,0
0,385,3080,8,4,0,NA,NA,NA,NA,1
62,386,3081,1,1,0,20,30,6,Electric,0
75,386,3081,1,2,0,25,20,8,Electric,0
60,386,3081,1,3,0,25,25,6,Electric,0
0,386,3081,1,4,1,NA,NA,NA,NA,1
68,386,3082,2,1,0,20,25,7,Electric,0
47,386,3082,2,2,1,20,20,8,Hybrid,0
2,386,3082,2,3,0,20,20,6,Gasoline,0
0,386,3082,2,4,0,NA,NA,NA,NA,1
51,386,3083,3,1,0,25,25,8,Hybrid,0
14,386,3083,3,2,0,20,25,7,Gasoline,0
43,386,3083,3,3,1,15,30,7,Hybrid,0
0,386,3083,3,4,0,NA,NA,NA,NA,1
23,386,3084,4,1,0,20,25,8,Gasoline,0
19,386,3084,4,2,0,15,20,8,Gasoline,0
28,386,3084,4,3,1,15,20,6,Hybrid,0
0,386,3084,4,4,0,NA,NA,NA,NA,1
58,386,3085,5,1,0,15,25,6,Electric,0
61,386,3085,5,2,0,15,30,6,Electric,0
46,386,3085,5,3,1,15,20,8,Hybrid,0
0,386,3085,5,4,0,NA,NA,NA,NA,1
24,386,3086,6,1,0,25,25,8,Gasoline,0
68,386,3086,6,2,0,20,25,7,Electric,0
44,386,3086,6,3,1,20,30,7,Hybrid,0
0,386,3086,6,4,0,NA,NA,NA,NA,1
44,386,3087,7,1,1,20,30,7,Hybrid,0
2,386,3087,7,2,0,20,20,6,Gasoline,0
45,386,3087,7,3,0,25,30,7,Hybrid,0
0,386,3087,7,4,0,NA,NA,NA,NA,1
1,386,3088,8,1,1,15,20,6,Gasoline,0
26,386,3088,8,2,0,20,30,8,Gasoline,0
55,386,3088,8,3,0,15,20,6,Electric,0
0,386,3088,8,4,0,NA,NA,NA,NA,1
15,387,3089,1,1,0,25,25,7,Gasoline,0
79,387,3089,1,2,0,15,30,8,Electric,0
11,387,3089,1,3,1,20,20,7,Gasoline,0
0,387,3089,1,4,0,NA,NA,NA,NA,1
35,387,3090,2,1,0,20,30,6,Hybrid,0
49,387,3090,2,2,1,15,25,8,Hybrid,0
70,387,3090,2,3,0,15,30,7,Electric,0
0,387,3090,2,4,0,NA,NA,NA,NA,1
29,387,3091,3,1,0,20,20,6,Hybrid,0
14,387,3091,3,2,1,20,25,7,Gasoline,0
2,387,3091,3,3,0,20,20,6,Gasoline,0
0,387,3091,3,4,0,NA,NA,NA,NA,1
25,387,3092,4,1,1,15,30,8,Gasoline,0
64,387,3092,4,2,0,15,20,7,Electric,0
32,387,3092,4,3,0,20,25,6,Hybrid,0
0,387,3092,4,4,0,NA,NA,NA,NA,1
76,387,3093,5,1,0,15,25,8,Electric,0
7,387,3093,5,2,1,15,30,6,Gasoline,0
28,387,3093,5,3,0,15,20,6,Hybrid,0
0,387,3093,5,4,0,NA,NA,NA,NA,1
59,387,3094,6,1,0,20,25,6,Electric,0
34,387,3094,6,2,1,15,30,6,Hybrid,0
60,387,3094,6,3,0,25,25,6,Electric,0
0,387,3094,6,4,0,NA,NA,NA,NA,1
67,387,3095,7,1,0,15,25,7,Electric,0
40,387,3095,7,2,1,15,25,7,Hybrid,0
65,387,3095,7,3,0,20,20,7,Electric,0
0,387,3095,7,4,0,NA,NA,NA,NA,1
9,387,3096,8,1,0,25,30,6,Gasoline,0
62,387,3096,8,2,0,20,30,6,Electric,0
77,387,3096,8,3,0,20,25,8,Electric,0
0,387,3096,8,4,1,NA,NA,NA,NA,1
65,388,3097,1,1,0,20,20,7,Electric,0
70,388,3097,1,2,1,15,30,7,Electric,0
17,388,3097,1,3,0,20,30,7,Gasoline,0
0,388,3097,1,4,0,NA,NA,NA,NA,1
38,388,3098,2,1,0,20,20,7,Hybrid,0
73,388,3098,2,2,0,15,20,8,Electric,0
29,388,3098,2,3,1,20,20,6,Hybrid,0
0,388,3098,2,4,0,NA,NA,NA,NA,1
79,388,3099,3,1,0,15,30,8,Electric,0
7,388,3099,3,2,1,15,30,6,Gasoline,0
57,388,3099,3,3,0,25,20,6,Electric,0
0,388,3099,3,4,0,NA,NA,NA,NA,1
3,388,3100,4,1,1,25,20,6,Gasoline,0
51,388,3100,4,2,0,25,25,8,Hybrid,0
21,388,3100,4,3,0,25,20,8,Gasoline,0
0,388,3100,4,4,0,NA,NA,NA,NA,1
12,388,3101,5,1,0,25,20,7,Gasoline,0
41,388,3101,5,2,1,20,25,7,Hybrid,0
64,388,3101,5,3,0,15,20,7,Electric,0
0,388,3101,5,4,0,NA,NA,NA,NA,1
66,388,3102,6,1,0,25,20,7,Electric,0
34,388,3102,6,2,1,15,30,6,Hybrid,0
5,388,3102,6,3,0,20,25,6,Gasoline,0
0,388,3102,6,4,0,NA,NA,NA,NA,1
4,388,3103,7,1,0,15,25,6,Gasoline,0
79,388,3103,7,2,0,15,30,8,Electric,0
1,388,3103,7,3,1,15,20,6,Gasoline,0
0,388,3103,7,4,0,NA,NA,NA,NA,1
3,388,3104,8,1,0,25,20,6,Gasoline,0
62,388,3104,8,2,0,20,30,6,Electric,0
79,388,3104,8,3,1,15,30,8,Electric,0
0,388,3104,8,4,0,NA,NA,NA,NA,1
51,389,3105,1,1,0,25,25,8,Hybrid,0
26,389,3105,1,2,1,20,30,8,Gasoline,0
68,389,3105,1,3,0,20,25,7,Electric,0
0,389,3105,1,4,0,NA,NA,NA,NA,1
73,389,3106,2,1,1,15,20,8,Electric,0
66,389,3106,2,2,0,25,20,7,Electric,0
80,389,3106,2,3,0,20,30,8,Electric,0
0,389,3106,2,4,0,NA,NA,NA,NA,1
72,389,3107,3,1,0,25,30,7,Electric,0
40,389,3107,3,2,1,15,25,7,Hybrid,0
66,389,3107,3,3,0,25,20,7,Electric,0
0,389,3107,3,4,0,NA,NA,NA,NA,1
10,389,3108,4,1,0,15,20,7,Gasoline,0
34,389,3108,4,2,1,15,30,6,Hybrid,0
79,389,3108,4,3,0,15,30,8,Electric,0
0,389,3108,4,4,0,NA,NA,NA,NA,1
66,389,3109,5,1,0,25,20,7,Electric,0
15,389,3109,5,2,0,25,25,7,Gasoline,0
57,389,3109,5,3,0,25,20,6,Electric,0
0,389,3109,5,4,1,NA,NA,NA,NA,1
67,389,3110,6,1,0,15,25,7,Electric,0
44,389,3110,6,2,1,20,30,7,Hybrid,0
36,389,3110,6,3,0,25,30,6,Hybrid,0
0,389,3110,6,4,0,NA,NA,NA,NA,1
61,389,3111,7,1,0,15,30,6,Electric,0
36,389,3111,7,2,0,25,30,6,Hybrid,0
29,389,3111,7,3,0,20,20,6,Hybrid,0
0,389,3111,7,4,1,NA,NA,NA,NA,1
50,389,3112,8,1,0,20,25,8,Hybrid,0
81,389,3112,8,2,0,25,30,8,Electric,0
14,389,3112,8,3,1,20,25,7,Gasoline,0
0,389,3112,8,4,0,NA,NA,NA,NA,1
37,390,3113,1,1,1,15,20,7,Hybrid,0
77,390,3113,1,2,0,20,25,8,Electric,0
63,390,3113,1,3,0,25,30,6,Electric,0
0,390,3113,1,4,0,NA,NA,NA,NA,1
7,390,3114,2,1,1,15,30,6,Gasoline,0
70,390,3114,2,2,0,15,30,7,Electric,0
2,390,3114,2,3,0,20,20,6,Gasoline,0
0,390,3114,2,4,0,NA,NA,NA,NA,1
70,390,3115,3,1,0,15,30,7,Electric,0
26,390,3115,3,2,0,20,30,8,Gasoline,0
76,390,3115,3,3,1,15,25,8,Electric,0
0,390,3115,3,4,0,NA,NA,NA,NA,1
11,390,3116,4,1,0,20,20,7,Gasoline,0
74,390,3116,4,2,0,20,20,8,Electric,0
41,390,3116,4,3,1,20,25,7,Hybrid,0
0,390,3116,4,4,0,NA,NA,NA,NA,1
13,390,3117,5,1,0,15,25,7,Gasoline,0
73,390,3117,5,2,0,15,20,8,Electric,0
43,390,3117,5,3,1,15,30,7,Hybrid,0
0,390,3117,5,4,0,NA,NA,NA,NA,1
6,390,3118,6,1,0,25,25,6,Gasoline,0
32,390,3118,6,2,1,20,25,6,Hybrid,0
9,390,3118,6,3,0,25,30,6,Gasoline,0
0,390,3118,6,4,0,NA,NA,NA,NA,1
70,390,3119,7,1,1,15,30,7,Electric,0
12,390,3119,7,2,0,25,20,7,Gasoline,0
75,390,3119,7,3,0,25,20,8,Electric,0
0,390,3119,7,4,0,NA,NA,NA,NA,1
41,390,3120,8,1,0,20,25,7,Hybrid,0
79,390,3120,8,2,1,15,30,8,Electric,0
57,390,3120,8,3,0,25,20,6,Electric,0
0,390,3120,8,4,0,NA,NA,NA,NA,1
50,391,3121,1,1,0,20,25,8,Hybrid,0
70,391,3121,1,2,1,15,30,7,Electric,0
6,391,3121,1,3,0,25,25,6,Gasoline,0
0,391,3121,1,4,0,NA,NA,NA,NA,1
80,391,3122,2,1,0,20,30,8,Electric,0
66,391,3122,2,2,0,25,20,7,Electric,0
11,391,3122,2,3,1,20,20,7,Gasoline,0
0,391,3122,2,4,0,NA,NA,NA,NA,1
9,391,3123,3,1,0,25,30,6,Gasoline,0
45,391,3123,3,2,0,25,30,7,Hybrid,0
66,391,3123,3,3,0,25,20,7,Electric,0
0,391,3123,3,4,1,NA,NA,NA,NA,1
10,391,3124,4,1,1,15,20,7,Gasoline,0
60,391,3124,4,2,0,25,25,6,Electric,0
51,391,3124,4,3,0,25,25,8,Hybrid,0
0,391,3124,4,4,0,NA,NA,NA,NA,1
78,391,3125,5,1,0,25,25,8,Electric,0
72,391,3125,5,2,0,25,30,7,Electric,0
37,391,3125,5,3,1,15,20,7,Hybrid,0
0,391,3125,5,4,0,NA,NA,NA,NA,1
42,391,3126,6,1,0,25,25,7,Hybrid,0
65,391,3126,6,2,0,20,20,7,Electric,0
10,391,3126,6,3,1,15,20,7,Gasoline,0
0,391,3126,6,4,0,NA,NA,NA,NA,1
17,391,3127,7,1,0,20,30,7,Gasoline,0
19,391,3127,7,2,1,15,20,8,Gasoline,0
79,391,3127,7,3,0,15,30,8,Electric,0
0,391,3127,7,4,0,NA,NA,NA,NA,1
14,391,3128,8,1,1,20,25,7,Gasoline,0
56,391,3128,8,2,0,20,20,6,Electric,0
2,391,3128,8,3,0,20,20,6,Gasoline,0
0,391,3128,8,4,0,NA,NA,NA,NA,1
69,392,3129,1,1,0,25,25,7,Electric,0
42,392,3129,1,2,0,25,25,7,Hybrid,0
8,392,3129,1,3,1,20,30,6,Gasoline,0
0,392,3129,1,4,0,NA,NA,NA,NA,1
21,392,3130,2,1,0,25,20,8,Gasoline,0
27,392,3130,2,2,0,25,30,8,Gasoline,0
53,392,3130,2,3,1,20,30,8,Hybrid,0
0,392,3130,2,4,0,NA,NA,NA,NA,1
10,392,3131,3,1,1,15,20,7,Gasoline,0
21,392,3131,3,2,0,25,20,8,Gasoline,0
51,392,3131,3,3,0,25,25,8,Hybrid,0
0,392,3131,3,4,0,NA,NA,NA,NA,1
17,392,3132,4,1,0,20,30,7,Gasoline,0
71,392,3132,4,2,0,20,30,7,Electric,0
37,392,3132,4,3,1,15,20,7,Hybrid,0
0,392,3132,4,4,0,NA,NA,NA,NA,1
68,392,3133,5,1,0,20,25,7,Electric,0
81,392,3133,5,2,0,25,30,8,Electric,0
14,392,3133,5,3,1,20,25,7,Gasoline,0
0,392,3133,5,4,0,NA,NA,NA,NA,1
24,392,3134,6,1,0,25,25,8,Gasoline,0
11,392,3134,6,2,0,20,20,7,Gasoline,0
16,392,3134,6,3,1,15,30,7,Gasoline,0
0,392,3134,6,4,0,NA,NA,NA,NA,1
59,392,3135,7,1,0,20,25,6,Electric,0
70,392,3135,7,2,1,15,30,7,Electric,0
56,392,3135,7,3,0,20,20,6,Electric,0
0,392,3135,7,4,0,NA,NA,NA,NA,1
31,392,3136,8,1,0,15,25,6,Hybrid,0
10,392,3136,8,2,1,15,20,7,Gasoline,0
68,392,3136,8,3,0,20,25,7,Electric,0
0,392,3136,8,4,0,NA,NA,NA,NA,1
75,393,3137,1,1,0,25,20,8,Electric,0
14,393,3137,1,2,1,20,25,7,Gasoline,0
54,393,3137,1,3,0,25,30,8,Hybrid,0
0,393,3137,1,4,0,NA,NA,NA,NA,1
11,393,3138,2,1,0,20,20,7,Gasoline,0
70,393,3138,2,2,0,15,30,7,Electric,0
8,393,3138,2,3,1,20,30,6,Gasoline,0
0,393,3138,2,4,0,NA,NA,NA,NA,1
61,393,3139,3,1,1,15,30,6,Electric,0
75,393,3139,3,2,0,25,20,8,Electric,0
44,393,3139,3,3,0,20,30,7,Hybrid,0
0,393,3139,3,4,0,NA,NA,NA,NA,1
56,393,3140,4,1,0,20,20,6,Electric,0
54,393,3140,4,2,0,25,30,8,Hybrid,0
7,393,3140,4,3,1,15,30,6,Gasoline,0
0,393,3140,4,4,0,NA,NA,NA,NA,1
48,393,3141,5,1,0,25,20,8,Hybrid,0
23,393,3141,5,2,0,20,25,8,Gasoline,0
22,393,3141,5,3,1,15,25,8,Gasoline,0
0,393,3141,5,4,0,NA,NA,NA,NA,1
45,393,3142,6,1,0,25,30,7,Hybrid,0
76,393,3142,6,2,0,15,25,8,Electric,0
64,393,3142,6,3,1,15,20,7,Electric,0
0,393,3142,6,4,0,NA,NA,NA,NA,1
57,393,3143,7,1,0,25,20,6,Electric,0
28,393,3143,7,2,1,15,20,6,Hybrid,0
8,393,3143,7,3,0,20,30,6,Gasoline,0
0,393,3143,7,4,0,NA,NA,NA,NA,1
18,393,3144,8,1,0,25,30,7,Gasoline,0
69,393,3144,8,2,0,25,25,7,Electric,0
14,393,3144,8,3,1,20,25,7,Gasoline,0
0,393,3144,8,4,0,NA,NA,NA,NA,1
2,394,3145,1,1,0,20,20,6,Gasoline,0
48,394,3145,1,2,0,25,20,8,Hybrid,0
28,394,3145,1,3,1,15,20,6,Hybrid,0
0,394,3145,1,4,0,NA,NA,NA,NA,1
36,394,3146,2,1,0,25,30,6,Hybrid,0
29,394,3146,2,2,0,20,20,6,Hybrid,0
7,394,3146,2,3,1,15,30,6,Gasoline,0
0,394,3146,2,4,0,NA,NA,NA,NA,1
50,394,3147,3,1,0,20,25,8,Hybrid,0
19,394,3147,3,2,1,15,20,8,Gasoline,0
33,394,3147,3,3,0,25,25,6,Hybrid,0
0,394,3147,3,4,0,NA,NA,NA,NA,1
3,394,3148,4,1,0,25,20,6,Gasoline,0
77,394,3148,4,2,1,20,25,8,Electric,0
76,394,3148,4,3,0,15,25,8,Electric,0
0,394,3148,4,4,0,NA,NA,NA,NA,1
65,394,3149,5,1,0,20,20,7,Electric,0
7,394,3149,5,2,1,15,30,6,Gasoline,0
63,394,3149,5,3,0,25,30,6,Electric,0
0,394,3149,5,4,0,NA,NA,NA,NA,1
32,394,3150,6,1,0,20,25,6,Hybrid,0
80,394,3150,6,2,0,20,30,8,Electric,0
4,394,3150,6,3,1,15,25,6,Gasoline,0
0,394,3150,6,4,0,NA,NA,NA,NA,1
26,394,3151,7,1,1,20,30,8,Gasoline,0
81,394,3151,7,2,0,25,30,8,Electric,0
3,394,3151,7,3,0,25,20,6,Gasoline,0
0,394,3151,7,4,0,NA,NA,NA,NA,1
80,394,3152,8,1,0,20,30,8,Electric,0
3,394,3152,8,2,0,25,20,6,Gasoline,0
44,394,3152,8,3,1,20,30,7,Hybrid,0
0,394,3152,8,4,0,NA,NA,NA,NA,1
33,395,3153,1,1,0,25,25,6,Hybrid,0
43,395,3153,1,2,0,15,30,7,Hybrid,0
34,395,3153,1,3,1,15,30,6,Hybrid,0
0,395,3153,1,4,0,NA,NA,NA,NA,1
47,395,3154,2,1,0,20,20,8,Hybrid,0
34,395,3154,2,2,1,15,30,6,Hybrid,0
29,395,3154,2,3,0,20,20,6,Hybrid,0
0,395,3154,2,4,0,NA,NA,NA,NA,1
31,395,3155,3,1,0,15,25,6,Hybrid,0
25,395,3155,3,2,1,15,30,8,Gasoline,0
10,395,3155,3,3,0,15,20,7,Gasoline,0
0,395,3155,3,4,0,NA,NA,NA,NA,1
40,395,3156,4,1,1,15,25,7,Hybrid,0
81,395,3156,4,2,0,25,30,8,Electric,0
64,395,3156,4,3,0,15,20,7,Electric,0
0,395,3156,4,4,0,NA,NA,NA,NA,1
28,395,3157,5,1,1,15,20,6,Hybrid,0
17,395,3157,5,2,0,20,30,7,Gasoline,0
26,395,3157,5,3,0,20,30,8,Gasoline,0
0,395,3157,5,4,0,NA,NA,NA,NA,1
71,395,3158,6,1,0,20,30,7,Electric,0
33,395,3158,6,2,0,25,25,6,Hybrid,0
44,395,3158,6,3,1,20,30,7,Hybrid,0
0,395,3158,6,4,0,NA,NA,NA,NA,1
48,395,3159,7,1,0,25,20,8,Hybrid,0
50,395,3159,7,2,0,20,25,8,Hybrid,0
60,395,3159,7,3,0,25,25,6,Electric,0
0,395,3159,7,4,1,NA,NA,NA,NA,1
50,395,3160,8,1,1,20,25,8,Hybrid,0
36,395,3160,8,2,0,25,30,6,Hybrid,0
42,395,3160,8,3,0,25,25,7,Hybrid,0
0,395,3160,8,4,0,NA,NA,NA,NA,1
39,396,3161,1,1,0,25,20,7,Hybrid,0
46,396,3161,1,2,0,15,20,8,Hybrid,0
25,396,3161,1,3,1,15,30,8,Gasoline,0
0,396,3161,1,4,0,NA,NA,NA,NA,1
3,396,3162,2,1,0,25,20,6,Gasoline,0
70,396,3162,2,2,1,15,30,7,Electric,0
33,396,3162,2,3,0,25,25,6,Hybrid,0
0,396,3162,2,4,0,NA,NA,NA,NA,1
27,396,3163,3,1,0,25,30,8,Gasoline,0
28,396,3163,3,2,1,15,20,6,Hybrid,0
18,396,3163,3,3,0,25,30,7,Gasoline,0
0,396,3163,3,4,0,NA,NA,NA,NA,1
5,396,3164,4,1,0,20,25,6,Gasoline,0
11,396,3164,4,2,0,20,20,7,Gasoline,0
31,396,3164,4,3,1,15,25,6,Hybrid,0
0,396,3164,4,4,0,NA,NA,NA,NA,1
48,396,3165,5,1,0,25,20,8,Hybrid,0
78,396,3165,5,2,0,25,25,8,Electric,0
29,396,3165,5,3,1,20,20,6,Hybrid,0
0,396,3165,5,4,0,NA,NA,NA,NA,1
63,396,3166,6,1,0,25,30,6,Electric,0
2,396,3166,6,2,1,20,20,6,Gasoline,0
42,396,3166,6,3,0,25,25,7,Hybrid,0
0,396,3166,6,4,0,NA,NA,NA,NA,1
33,396,3167,7,1,0,25,25,6,Hybrid,0
44,396,3167,7,2,0,20,30,7,Hybrid,0
4,396,3167,7,3,1,15,25,6,Gasoline,0
0,396,3167,7,4,0,NA,NA,NA,NA,1
21,396,3168,8,1,0,25,20,8,Gasoline,0
60,396,3168,8,2,0,25,25,6,Electric,0
65,396,3168,8,3,0,20,20,7,Electric,0
0,396,3168,8,4,1,NA,NA,NA,NA,1
68,397,3169,1,1,0,20,25,7,Electric,0
4,397,3169,1,2,1,15,25,6,Gasoline,0
15,397,3169,1,3,0,25,25,7,Gasoline,0
0,397,3169,1,4,0,NA,NA,NA,NA,1
23,397,3170,2,1,1,20,25,8,Gasoline,0
14,397,3170,2,2,0,20,25,7,Gasoline,0
64,397,3170,2,3,0,15,20,7,Electric,0
0,397,3170,2,4,0,NA,NA,NA,NA,1
18,397,3171,3,1,0,25,30,7,Gasoline,0
59,397,3171,3,2,1,20,25,6,Electric,0
65,397,3171,3,3,0,20,20,7,Electric,0
0,397,3171,3,4,0,NA,NA,NA,NA,1
46,397,3172,4,1,1,15,20,8,Hybrid,0
78,397,3172,4,2,0,25,25,8,Electric,0
71,397,3172,4,3,0,20,30,7,Electric,0
0,397,3172,4,4,0,NA,NA,NA,NA,1
37,397,3173,5,1,1,15,20,7,Hybrid,0
27,397,3173,5,2,0,25,30,8,Gasoline,0
36,397,3173,5,3,0,25,30,6,Hybrid,0
0,397,3173,5,4,0,NA,NA,NA,NA,1
40,397,3174,6,1,1,15,25,7,Hybrid,0
59,397,3174,6,2,0,20,25,6,Electric,0
15,397,3174,6,3,0,25,25,7,Gasoline,0
0,397,3174,6,4,0,NA,NA,NA,NA,1
35,397,3175,7,1,1,20,30,6,Hybrid,0
78,397,3175,7,2,0,25,25,8,Electric,0
54,397,3175,7,3,0,25,30,8,Hybrid,0
0,397,3175,7,4,0,NA,NA,NA,NA,1
1,397,3176,8,1,1,15,20,6,Gasoline,0
11,397,3176,8,2,0,20,20,7,Gasoline,0
56,397,3176,8,3,0,20,20,6,Electric,0
0,397,3176,8,4,0,NA,NA,NA,NA,1
78,398,3177,1,1,0,25,25,8,Electric,0
30,398,3177,1,2,0,25,20,6,Hybrid,0
71,398,3177,1,3,0,20,30,7,Electric,0
0,398,3177,1,4,1,NA,NA,NA,NA,1
49,398,3178,2,1,1,15,25,8,Hybrid,0
64,398,3178,2,2,0,15,20,7,Electric,0
31,398,3178,2,3,0,15,25,6,Hybrid,0
0,398,3178,2,4,0,NA,NA,NA,NA,1
25,398,3179,3,1,1,15,30,8,Gasoline,0
9,398,3179,3,2,0,25,30,6,Gasoline,0
36,398,3179,3,3,0,25,30,6,Hybrid,0
0,398,3179,3,4,0,NA,NA,NA,NA,1
33,398,3180,4,1,0,25,25,6,Hybrid,0
17,398,3180,4,2,0,20,30,7,Gasoline,0
4,398,3180,4,3,1,15,25,6,Gasoline,0
0,398,3180,4,4,0,NA,NA,NA,NA,1
60,398,3181,5,1,0,25,25,6,Electric,0
3,398,3181,5,2,0,25,20,6,Gasoline,0
77,398,3181,5,3,0,20,25,8,Electric,0
0,398,3181,5,4,1,NA,NA,NA,NA,1
51,398,3182,6,1,0,25,25,8,Hybrid,0
3,398,3182,6,2,0,25,20,6,Gasoline,0
57,398,3182,6,3,0,25,20,6,Electric,0
0,398,3182,6,4,1,NA,NA,NA,NA,1
12,398,3183,7,1,0,25,20,7,Gasoline,0
68,398,3183,7,2,0,20,25,7,Electric,0
31,398,3183,7,3,1,15,25,6,Hybrid,0
0,398,3183,7,4,0,NA,NA,NA,NA,1
32,398,3184,8,1,0,20,25,6,Hybrid,0
46,398,3184,8,2,1,15,20,8,Hybrid,0
26,398,3184,8,3,0,20,30,8,Gasoline,0
0,398,3184,8,4,0,NA,NA,NA,NA,1
49,399,3185,1,1,1,15,25,8,Hybrid,0
31,399,3185,1,2,0,15,25,6,Hybrid,0
23,399,3185,1,3,0,20,25,8,Gasoline,0
0,399,3185,1,4,0,NA,NA,NA,NA,1
63,399,3186,2,1,0,25,30,6,Electric,0
81,399,3186,2,2,0,25,30,8,Electric,0
48,399,3186,2,3,0,25,20,8,Hybrid,0
0,399,3186,2,4,1,NA,NA,NA,NA,1
77,399,3187,3,1,0,20,25,8,Electric,0
23,399,3187,3,2,1,20,25,8,Gasoline,0
24,399,3187,3,3,0,25,25,8,Gasoline,0
0,399,3187,3,4,0,NA,NA,NA,NA,1
61,399,3188,4,1,0,15,30,6,Electric,0
14,399,3188,4,2,1,20,25,7,Gasoline,0
2,399,3188,4,3,0,20,20,6,Gasoline,0
0,399,3188,4,4,0,NA,NA,NA,NA,1
42,399,3189,5,1,0,25,25,7,Hybrid,0
78,399,3189,5,2,0,25,25,8,Electric,0
31,399,3189,5,3,1,15,25,6,Hybrid,0
0,399,3189,5,4,0,NA,NA,NA,NA,1
3,399,3190,6,1,0,25,20,6,Gasoline,0
64,399,3190,6,2,1,15,20,7,Electric,0
44,399,3190,6,3,0,20,30,7,Hybrid,0
0,399,3190,6,4,0,NA,NA,NA,NA,1
26,399,3191,7,1,0,20,30,8,Gasoline,0
68,399,3191,7,2,0,20,25,7,Electric,0
22,399,3191,7,3,1,15,25,8,Gasoline,0
0,399,3191,7,4,0,NA,NA,NA,NA,1
75,399,3192,8,1,0,25,20,8,Electric,0
30,399,3192,8,2,0,25,20,6,Hybrid,0
10,399,3192,8,3,1,15,20,7,Gasoline,0
0,399,3192,8,4,0,NA,NA,NA,NA,1
73,400,3193,1,1,0,15,20,8,Electric,0
57,400,3193,1,2,0,25,20,6,Electric,0
16,400,3193,1,3,1,15,30,7,Gasoline,0
0,400,3193,1,4,0,NA,NA,NA,NA,1
18,400,3194,2,1,0,25,30,7,Gasoline,0
80,400,3194,2,2,0,20,30,8,Electric,0
62,400,3194,2,3,1,20,30,6,Electric,0
0,400,3194,2,4,0,NA,NA,NA,NA,1
15,400,3195,3,1,0,25,25,7,Gasoline,0
67,400,3195,3,2,1,15,25,7,Electric,0
78,400,3195,3,3,0,25,25,8,Electric,0
0,400,3195,3,4,0,NA,NA,NA,NA,1
13,400,3196,4,1,1,15,25,7,Gasoline,0
58,400,3196,4,2,0,15,25,6,Electric,0
14,400,3196,4,3,0,20,25,7,Gasoline,0
0,400,3196,4,4,0,NA,NA,NA,NA,1
73,400,3197,5,1,0,15,20,8,Electric,0
13,400,3197,5,2,1,15,25,7,Gasoline,0
11,400,3197,5,3,0,20,20,7,Gasoline,0
0,400,3197,5,4,0,NA,NA,NA,NA,1
59,400,3198,6,1,0,20,25,6,Electric,0
45,400,3198,6,2,0,25,30,7,Hybrid,0
46,400,3198,6,3,1,15,20,8,Hybrid,0
0,400,3198,6,4,0,NA,NA,NA,NA,1
63,400,3199,7,1,0,25,30,6,Electric,0
47,400,3199,7,2,1,20,20,8,Hybrid,0
65,400,3199,7,3,0,20,20,7,Electric,0
0,400,3199,7,4,0,NA,NA,NA,NA,1
13,400,3200,8,1,1,15,25,7,Gasoline,0
25,400,3200,8,2,0,15,30,8,Gasoline,0
48,400,3200,8,3,0,25,20,8,Hybrid,0
0,400,3200,8,4,0,NA,NA,NA,NA,1
54,401,3201,1,1,0,25,30,8,Hybrid,0
67,401,3201,1,2,0,15,25,7,Electric,0
13,401,3201,1,3,1,15,25,7,Gasoline,0
0,401,3201,1,4,0,NA,NA,NA,NA,1
30,401,3202,2,1,0,25,20,6,Hybrid,0
12,401,3202,2,2,0,25,20,7,Gasoline,0
37,401,3202,2,3,1,15,20,7,Hybrid,0
0,401,3202,2,4,0,NA,NA,NA,NA,1
16,401,3203,3,1,1,15,30,7,Gasoline,0
39,401,3203,3,2,0,25,20,7,Hybrid,0
74,401,3203,3,3,0,20,20,8,Electric,0
0,401,3203,3,4,0,NA,NA,NA,NA,1
40,401,3204,4,1,1,15,25,7,Hybrid,0
58,401,3204,4,2,0,15,25,6,Electric,0
42,401,3204,4,3,0,25,25,7,Hybrid,0
0,401,3204,4,4,0,NA,NA,NA,NA,1
74,401,3205,5,1,0,20,20,8,Electric,0
71,401,3205,5,2,0,20,30,7,Electric,0
38,401,3205,5,3,1,20,20,7,Hybrid,0
0,401,3205,5,4,0,NA,NA,NA,NA,1
1,401,3206,6,1,1,15,20,6,Gasoline,0
30,401,3206,6,2,0,25,20,6,Hybrid,0
20,401,3206,6,3,0,20,20,8,Gasoline,0
0,401,3206,6,4,0,NA,NA,NA,NA,1
6,401,3207,7,1,0,25,25,6,Gasoline,0
41,401,3207,7,2,1,20,25,7,Hybrid,0
48,401,3207,7,3,0,25,20,8,Hybrid,0
0,401,3207,7,4,0,NA,NA,NA,NA,1
81,401,3208,8,1,0,25,30,8,Electric,0
66,401,3208,8,2,0,25,20,7,Electric,0
54,401,3208,8,3,0,25,30,8,Hybrid,0
0,401,3208,8,4,1,NA,NA,NA,NA,1
40,402,3209,1,1,1,15,25,7,Hybrid,0
29,402,3209,1,2,0,20,20,6,Hybrid,0
76,402,3209,1,3,0,15,25,8,Electric,0
0,402,3209,1,4,0,NA,NA,NA,NA,1
42,402,3210,2,1,0,25,25,7,Hybrid,0
58,402,3210,2,2,0,15,25,6,Electric,0
34,402,3210,2,3,1,15,30,6,Hybrid,0
0,402,3210,2,4,0,NA,NA,NA,NA,1
47,402,3211,3,1,1,20,20,8,Hybrid,0
76,402,3211,3,2,0,15,25,8,Electric,0
6,402,3211,3,3,0,25,25,6,Gasoline,0
0,402,3211,3,4,0,NA,NA,NA,NA,1
50,402,3212,4,1,0,20,25,8,Hybrid,0
19,402,3212,4,2,1,15,20,8,Gasoline,0
4,402,3212,4,3,0,15,25,6,Gasoline,0
0,402,3212,4,4,0,NA,NA,NA,NA,1
1,402,3213,5,1,1,15,20,6,Gasoline,0
41,402,3213,5,2,0,20,25,7,Hybrid,0
18,402,3213,5,3,0,25,30,7,Gasoline,0
0,402,3213,5,4,0,NA,NA,NA,NA,1
28,402,3214,6,1,1,15,20,6,Hybrid,0
2,402,3214,6,2,0,20,20,6,Gasoline,0
77,402,3214,6,3,0,20,25,8,Electric,0
0,402,3214,6,4,0,NA,NA,NA,NA,1
79,402,3215,7,1,0,15,30,8,Electric,0
23,402,3215,7,2,1,20,25,8,Gasoline,0
71,402,3215,7,3,0,20,30,7,Electric,0
0,402,3215,7,4,0,NA,NA,NA,NA,1
49,402,3216,8,1,0,15,25,8,Hybrid,0
59,402,3216,8,2,0,20,25,6,Electric,0
28,402,3216,8,3,1,15,20,6,Hybrid,0
0,402,3216,8,4,0,NA,NA,NA,NA,1
4,403,3217,1,1,1,15,25,6,Gasoline,0
39,403,3217,1,2,0,25,20,7,Hybrid,0
59,403,3217,1,3,0,20,25,6,Electric,0
0,403,3217,1,4,0,NA,NA,NA,NA,1
36,403,3218,2,1,0,25,30,6,Hybrid,0
41,403,3218,2,2,1,20,25,7,Hybrid,0
51,403,3218,2,3,0,25,25,8,Hybrid,0
0,403,3218,2,4,0,NA,NA,NA,NA,1
42,403,3219,3,1,0,25,25,7,Hybrid,0
67,403,3219,3,2,1,15,25,7,Electric,0
80,403,3219,3,3,0,20,30,8,Electric,0
0,403,3219,3,4,0,NA,NA,NA,NA,1
79,403,3220,4,1,0,15,30,8,Electric,0
46,403,3220,4,2,1,15,20,8,Hybrid,0
48,403,3220,4,3,0,25,20,8,Hybrid,0
0,403,3220,4,4,0,NA,NA,NA,NA,1
27,403,3221,5,1,0,25,30,8,Gasoline,0
9,403,3221,5,2,0,25,30,6,Gasoline,0
49,403,3221,5,3,1,15,25,8,Hybrid,0
0,403,3221,5,4,0,NA,NA,NA,NA,1
68,403,3222,6,1,0,20,25,7,Electric,0
55,403,3222,6,2,0,15,20,6,Electric,0
33,403,3222,6,3,0,25,25,6,Hybrid,0
0,403,3222,6,4,1,NA,NA,NA,NA,1
54,403,3223,7,1,0,25,30,8,Hybrid,0
7,403,3223,7,2,1,15,30,6,Gasoline,0
50,403,3223,7,3,0,20,25,8,Hybrid,0
0,403,3223,7,4,0,NA,NA,NA,NA,1
48,403,3224,8,1,0,25,20,8,Hybrid,0
5,403,3224,8,2,0,20,25,6,Gasoline,0
35,403,3224,8,3,1,20,30,6,Hybrid,0
0,403,3224,8,4,0,NA,NA,NA,NA,1
51,404,3225,1,1,0,25,25,8,Hybrid,0
10,404,3225,1,2,1,15,20,7,Gasoline,0
17,404,3225,1,3,0,20,30,7,Gasoline,0
0,404,3225,1,4,0,NA,NA,NA,NA,1
24,404,3226,2,1,0,25,25,8,Gasoline,0
46,404,3226,2,2,1,15,20,8,Hybrid,0
17,404,3226,2,3,0,20,30,7,Gasoline,0
0,404,3226,2,4,0,NA,NA,NA,NA,1
56,404,3227,3,1,0,20,20,6,Electric,0
36,404,3227,3,2,1,25,30,6,Hybrid,0
48,404,3227,3,3,0,25,20,8,Hybrid,0
0,404,3227,3,4,0,NA,NA,NA,NA,1
3,404,3228,4,1,0,25,20,6,Gasoline,0
20,404,3228,4,2,0,20,20,8,Gasoline,0
63,404,3228,4,3,0,25,30,6,Electric,0
0,404,3228,4,4,1,NA,NA,NA,NA,1
5,404,3229,5,1,0,20,25,6,Gasoline,0
29,404,3229,5,2,1,20,20,6,Hybrid,0
78,404,3229,5,3,0,25,25,8,Electric,0
0,404,3229,5,4,0,NA,NA,NA,NA,1
58,404,3230,6,1,0,15,25,6,Electric,0
22,404,3230,6,2,1,15,25,8,Gasoline,0
39,404,3230,6,3,0,25,20,7,Hybrid,0
0,404,3230,6,4,0,NA,NA,NA,NA,1
55,404,3231,7,1,0,15,20,6,Electric,0
68,404,3231,7,2,0,20,25,7,Electric,0
17,404,3231,7,3,1,20,30,7,Gasoline,0
0,404,3231,7,4,0,NA,NA,NA,NA,1
33,404,3232,8,1,0,25,25,6,Hybrid,0
52,404,3232,8,2,0,15,30,8,Hybrid,0
2,404,3232,8,3,0,20,20,6,Gasoline,0
0,404,3232,8,4,1,NA,NA,NA,NA,1
49,405,3233,1,1,0,15,25,8,Hybrid,0
4,405,3233,1,2,1,15,25,6,Gasoline,0
54,405,3233,1,3,0,25,30,8,Hybrid,0
0,405,3233,1,4,0,NA,NA,NA,NA,1
48,405,3234,2,1,0,25,20,8,Hybrid,0
15,405,3234,2,2,0,25,25,7,Gasoline,0
41,405,3234,2,3,1,20,25,7,Hybrid,0
0,405,3234,2,4,0,NA,NA,NA,NA,1
21,405,3235,3,1,1,25,20,8,Gasoline,0
12,405,3235,3,2,0,25,20,7,Gasoline,0
51,405,3235,3,3,0,25,25,8,Hybrid,0
0,405,3235,3,4,0,NA,NA,NA,NA,1
54,405,3236,4,1,0,25,30,8,Hybrid,0
78,405,3236,4,2,0,25,25,8,Electric,0
64,405,3236,4,3,1,15,20,7,Electric,0
0,405,3236,4,4,0,NA,NA,NA,NA,1
5,405,3237,5,1,1,20,25,6,Gasoline,0
50,405,3237,5,2,0,20,25,8,Hybrid,0
71,405,3237,5,3,0,20,30,7,Electric,0
0,405,3237,5,4,0,NA,NA,NA,NA,1
44,405,3238,6,1,1,20,30,7,Hybrid,0
18,405,3238,6,2,0,25,30,7,Gasoline,0
17,405,3238,6,3,0,20,30,7,Gasoline,0
0,405,3238,6,4,0,NA,NA,NA,NA,1
62,405,3239,7,1,0,20,30,6,Electric,0
56,405,3239,7,2,0,20,20,6,Electric,0
36,405,3239,7,3,0,25,30,6,Hybrid,0
0,405,3239,7,4,1,NA,NA,NA,NA,1
25,405,3240,8,1,1,15,30,8,Gasoline,0
77,405,3240,8,2,0,20,25,8,Electric,0
24,405,3240,8,3,0,25,25,8,Gasoline,0
0,405,3240,8,4,0,NA,NA,NA,NA,1
81,406,3241,1,1,0,25,30,8,Electric,0
74,406,3241,1,2,0,20,20,8,Electric,0
26,406,3241,1,3,1,20,30,8,Gasoline,0
0,406,3241,1,4,0,NA,NA,NA,NA,1
63,406,3242,2,1,0,25,30,6,Electric,0
32,406,3242,2,2,1,20,25,6,Hybrid,0
60,406,3242,2,3,0,25,25,6,Electric,0
0,406,3242,2,4,0,NA,NA,NA,NA,1
24,406,3243,3,1,0,25,25,8,Gasoline,0
70,406,3243,3,2,1,15,30,7,Electric,0
38,406,3243,3,3,0,20,20,7,Hybrid,0
0,406,3243,3,4,0,NA,NA,NA,NA,1
61,406,3244,4,1,1,15,30,6,Electric,0
23,406,3244,4,2,0,20,25,8,Gasoline,0
62,406,3244,4,3,0,20,30,6,Electric,0
0,406,3244,4,4,0,NA,NA,NA,NA,1
53,406,3245,5,1,0,20,30,8,Hybrid,0
34,406,3245,5,2,1,15,30,6,Hybrid,0
62,406,3245,5,3,0,20,30,6,Electric,0
0,406,3245,5,4,0,NA,NA,NA,NA,1
11,406,3246,6,1,0,20,20,7,Gasoline,0
26,406,3246,6,2,1,20,30,8,Gasoline,0
67,406,3246,6,3,0,15,25,7,Electric,0
0,406,3246,6,4,0,NA,NA,NA,NA,1
13,406,3247,7,1,1,15,25,7,Gasoline,0
27,406,3247,7,2,0,25,30,8,Gasoline,0
3,406,3247,7,3,0,25,20,6,Gasoline,0
0,406,3247,7,4,0,NA,NA,NA,NA,1
65,406,3248,8,1,0,20,20,7,Electric,0
21,406,3248,8,2,0,25,20,8,Gasoline,0
19,406,3248,8,3,1,15,20,8,Gasoline,0
0,406,3248,8,4,0,NA,NA,NA,NA,1
7,407,3249,1,1,1,15,30,6,Gasoline,0
54,407,3249,1,2,0,25,30,8,Hybrid,0
49,407,3249,1,3,0,15,25,8,Hybrid,0
0,407,3249,1,4,0,NA,NA,NA,NA,1
36,407,3250,2,1,0,25,30,6,Hybrid,0
7,407,3250,2,2,1,15,30,6,Gasoline,0
51,407,3250,2,3,0,25,25,8,Hybrid,0
0,407,3250,2,4,0,NA,NA,NA,NA,1
17,407,3251,3,1,1,20,30,7,Gasoline,0
62,407,3251,3,2,0,20,30,6,Electric,0
81,407,3251,3,3,0,25,30,8,Electric,0
0,407,3251,3,4,0,NA,NA,NA,NA,1
25,407,3252,4,1,0,15,30,8,Gasoline,0
58,407,3252,4,2,0,15,25,6,Electric,0
7,407,3252,4,3,1,15,30,6,Gasoline,0
0,407,3252,4,4,0,NA,NA,NA,NA,1
9,407,3253,5,1,0,25,30,6,Gasoline,0
13,407,3253,5,2,1,15,25,7,Gasoline,0
19,407,3253,5,3,0,15,20,8,Gasoline,0
0,407,3253,5,4,0,NA,NA,NA,NA,1
48,407,3254,6,1,0,25,20,8,Hybrid,0
4,407,3254,6,2,1,15,25,6,Gasoline,0
19,407,3254,6,3,0,15,20,8,Gasoline,0
0,407,3254,6,4,0,NA,NA,NA,NA,1
14,407,3255,7,1,0,20,25,7,Gasoline,0
12,407,3255,7,2,0,25,20,7,Gasoline,0
5,407,3255,7,3,0,20,25,6,Gasoline,0
0,407,3255,7,4,1,NA,NA,NA,NA,1
75,407,3256,8,1,0,25,20,8,Electric,0
53,407,3256,8,2,0,20,30,8,Hybrid,0
32,407,3256,8,3,1,20,25,6,Hybrid,0
0,407,3256,8,4,0,NA,NA,NA,NA,1
75,408,3257,1,1,0,25,20,8,Electric,0
1,408,3257,1,2,1,15,20,6,Gasoline,0
21,408,3257,1,3,0,25,20,8,Gasoline,0
0,408,3257,1,4,0,NA,NA,NA,NA,1
68,408,3258,2,1,0,20,25,7,Electric,0
74,408,3258,2,2,0,20,20,8,Electric,0
4,408,3258,2,3,1,15,25,6,Gasoline,0
0,408,3258,2,4,0,NA,NA,NA,NA,1
36,408,3259,3,1,0,25,30,6,Hybrid,0
9,408,3259,3,2,0,25,30,6,Gasoline,0
47,408,3259,3,3,1,20,20,8,Hybrid,0
0,408,3259,3,4,0,NA,NA,NA,NA,1
57,408,3260,4,1,0,25,20,6,Electric,0
12,408,3260,4,2,0,25,20,7,Gasoline,0
69,408,3260,4,3,0,25,25,7,Electric,0
0,408,3260,4,4,1,NA,NA,NA,NA,1
46,408,3261,5,1,1,15,20,8,Hybrid,0
45,408,3261,5,2,0,25,30,7,Hybrid,0
18,408,3261,5,3,0,25,30,7,Gasoline,0
0,408,3261,5,4,0,NA,NA,NA,NA,1
13,408,3262,6,1,0,15,25,7,Gasoline,0
34,408,3262,6,2,1,15,30,6,Hybrid,0
11,408,3262,6,3,0,20,20,7,Gasoline,0
0,408,3262,6,4,0,NA,NA,NA,NA,1
35,408,3263,7,1,1,20,30,6,Hybrid,0
69,408,3263,7,2,0,25,25,7,Electric,0
80,408,3263,7,3,0,20,30,8,Electric,0
0,408,3263,7,4,0,NA,NA,NA,NA,1
34,408,3264,8,1,1,15,30,6,Hybrid,0
67,408,3264,8,2,0,15,25,7,Electric,0
80,408,3264,8,3,0,20,30,8,Electric,0
0,408,3264,8,4,0,NA,NA,NA,NA,1
67,409,3265,1,1,1,15,25,7,Electric,0
39,409,3265,1,2,0,25,20,7,Hybrid,0
21,409,3265,1,3,0,25,20,8,Gasoline,0
0,409,3265,1,4,0,NA,NA,NA,NA,1
68,409,3266,2,1,0,20,25,7,Electric,0
71,409,3266,2,2,0,20,30,7,Electric,0
42,409,3266,2,3,0,25,25,7,Hybrid,0
0,409,3266,2,4,1,NA,NA,NA,NA,1
48,409,3267,3,1,0,25,20,8,Hybrid,0
43,409,3267,3,2,1,15,30,7,Hybrid,0
71,409,3267,3,3,0,20,30,7,Electric,0
0,409,3267,3,4,0,NA,NA,NA,NA,1
71,409,3268,4,1,0,20,30,7,Electric,0
50,409,3268,4,2,0,20,25,8,Hybrid,0
7,409,3268,4,3,1,15,30,6,Gasoline,0
0,409,3268,4,4,0,NA,NA,NA,NA,1
75,409,3269,5,1,0,25,20,8,Electric,0
68,409,3269,5,2,0,20,25,7,Electric,0
69,409,3269,5,3,0,25,25,7,Electric,0
0,409,3269,5,4,1,NA,NA,NA,NA,1
25,409,3270,6,1,1,15,30,8,Gasoline,0
67,409,3270,6,2,0,15,25,7,Electric,0
22,409,3270,6,3,0,15,25,8,Gasoline,0
0,409,3270,6,4,0,NA,NA,NA,NA,1
27,409,3271,7,1,0,25,30,8,Gasoline,0
77,409,3271,7,2,0,20,25,8,Electric,0
30,409,3271,7,3,0,25,20,6,Hybrid,0
0,409,3271,7,4,1,NA,NA,NA,NA,1
75,409,3272,8,1,0,25,20,8,Electric,0
14,409,3272,8,2,0,20,25,7,Gasoline,0
37,409,3272,8,3,1,15,20,7,Hybrid,0
0,409,3272,8,4,0,NA,NA,NA,NA,1
25,410,3273,1,1,1,15,30,8,Gasoline,0
65,410,3273,1,2,0,20,20,7,Electric,0
76,410,3273,1,3,0,15,25,8,Electric,0
0,410,3273,1,4,0,NA,NA,NA,NA,1
61,410,3274,2,1,0,15,30,6,Electric,0
10,410,3274,2,2,1,15,20,7,Gasoline,0
15,410,3274,2,3,0,25,25,7,Gasoline,0
0,410,3274,2,4,0,NA,NA,NA,NA,1
16,410,3275,3,1,1,15,30,7,Gasoline,0
68,410,3275,3,2,0,20,25,7,Electric,0
76,410,3275,3,3,0,15,25,8,Electric,0
0,410,3275,3,4,0,NA,NA,NA,NA,1
47,410,3276,4,1,0,20,20,8,Hybrid,0
29,410,3276,4,2,1,20,20,6,Hybrid,0
68,410,3276,4,3,0,20,25,7,Electric,0
0,410,3276,4,4,0,NA,NA,NA,NA,1
9,410,3277,5,1,0,25,30,6,Gasoline,0
64,410,3277,5,2,0,15,20,7,Electric,0
65,410,3277,5,3,0,20,20,7,Electric,0
0,410,3277,5,4,1,NA,NA,NA,NA,1
15,410,3278,6,1,0,25,25,7,Gasoline,0
40,410,3278,6,2,1,15,25,7,Hybrid,0
77,410,3278,6,3,0,20,25,8,Electric,0
0,410,3278,6,4,0,NA,NA,NA,NA,1
76,410,3279,7,1,0,15,25,8,Electric,0
77,410,3279,7,2,0,20,25,8,Electric,0
31,410,3279,7,3,1,15,25,6,Hybrid,0
0,410,3279,7,4,0,NA,NA,NA,NA,1
22,410,3280,8,1,1,15,25,8,Gasoline,0
59,410,3280,8,2,0,20,25,6,Electric,0
80,410,3280,8,3,0,20,30,8,Electric,0
0,410,3280,8,4,0,NA,NA,NA,NA,1
64,411,3281,1,1,0,15,20,7,Electric,0
15,411,3281,1,2,0,25,25,7,Gasoline,0
74,411,3281,1,3,0,20,20,8,Electric,0
0,411,3281,1,4,1,NA,NA,NA,NA,1
53,411,3282,2,1,0,20,30,8,Hybrid,0
55,411,3282,2,2,1,15,20,6,Electric,0
58,411,3282,2,3,0,15,25,6,Electric,0
0,411,3282,2,4,0,NA,NA,NA,NA,1
78,411,3283,3,1,0,25,25,8,Electric,0
17,411,3283,3,2,0,20,30,7,Gasoline,0
14,411,3283,3,3,1,20,25,7,Gasoline,0
0,411,3283,3,4,0,NA,NA,NA,NA,1
34,411,3284,4,1,1,15,30,6,Hybrid,0
25,411,3284,4,2,0,15,30,8,Gasoline,0
1,411,3284,4,3,0,15,20,6,Gasoline,0
0,411,3284,4,4,0,NA,NA,NA,NA,1
18,411,3285,5,1,0,25,30,7,Gasoline,0
74,411,3285,5,2,0,20,20,8,Electric,0
79,411,3285,5,3,1,15,30,8,Electric,0
0,411,3285,5,4,0,NA,NA,NA,NA,1
57,411,3286,6,1,0,25,20,6,Electric,0
24,411,3286,6,2,0,25,25,8,Gasoline,0
49,411,3286,6,3,1,15,25,8,Hybrid,0
0,411,3286,6,4,0,NA,NA,NA,NA,1
38,411,3287,7,1,1,20,20,7,Hybrid,0
3,411,3287,7,2,0,25,20,6,Gasoline,0
80,411,3287,7,3,0,20,30,8,Electric,0
0,411,3287,7,4,0,NA,NA,NA,NA,1
56,411,3288,8,1,0,20,20,6,Electric,0
39,411,3288,8,2,0,25,20,7,Hybrid,0
40,411,3288,8,3,1,15,25,7,Hybrid,0
0,411,3288,8,4,0,NA,NA,NA,NA,1
39,412,3289,1,1,0,25,20,7,Hybrid,0
63,412,3289,1,2,0,25,30,6,Electric,0
29,412,3289,1,3,1,20,20,6,Hybrid,0
0,412,3289,1,4,0,NA,NA,NA,NA,1
17,412,3290,2,1,1,20,30,7,Gasoline,0
54,412,3290,2,2,0,25,30,8,Hybrid,0
68,412,3290,2,3,0,20,25,7,Electric,0
0,412,3290,2,4,0,NA,NA,NA,NA,1
49,412,3291,3,1,1,15,25,8,Hybrid,0
56,412,3291,3,2,0,20,20,6,Electric,0
17,412,3291,3,3,0,20,30,7,Gasoline,0
0,412,3291,3,4,0,NA,NA,NA,NA,1
75,412,3292,4,1,0,25,20,8,Electric,0
18,412,3292,4,2,0,25,30,7,Gasoline,0
41,412,3292,4,3,1,20,25,7,Hybrid,0
0,412,3292,4,4,0,NA,NA,NA,NA,1
8,412,3293,5,1,0,20,30,6,Gasoline,0
11,412,3293,5,2,0,20,20,7,Gasoline,0
42,412,3293,5,3,1,25,25,7,Hybrid,0
0,412,3293,5,4,0,NA,NA,NA,NA,1
41,412,3294,6,1,0,20,25,7,Hybrid,0
81,412,3294,6,2,0,25,30,8,Electric,0
43,412,3294,6,3,1,15,30,7,Hybrid,0
0,412,3294,6,4,0,NA,NA,NA,NA,1
72,412,3295,7,1,0,25,30,7,Electric,0
48,412,3295,7,2,0,25,20,8,Hybrid,0
21,412,3295,7,3,0,25,20,8,Gasoline,0
0,412,3295,7,4,1,NA,NA,NA,NA,1
12,412,3296,8,1,0,25,20,7,Gasoline,0
26,412,3296,8,2,0,20,30,8,Gasoline,0
34,412,3296,8,3,1,15,30,6,Hybrid,0
0,412,3296,8,4,0,NA,NA,NA,NA,1
67,413,3297,1,1,0,15,25,7,Electric,0
39,413,3297,1,2,0,25,20,7,Hybrid,0
53,413,3297,1,3,1,20,30,8,Hybrid,0
0,413,3297,1,4,0,NA,NA,NA,NA,1
23,413,3298,2,1,0,20,25,8,Gasoline,0
1,413,3298,2,2,1,15,20,6,Gasoline,0
47,413,3298,2,3,0,20,20,8,Hybrid,0
0,413,3298,2,4,0,NA,NA,NA,NA,1
12,413,3299,3,1,0,25,20,7,Gasoline,0
61,413,3299,3,2,1,15,30,6,Electric,0
3,413,3299,3,3,0,25,20,6,Gasoline,0
0,413,3299,3,4,0,NA,NA,NA,NA,1
18,413,3300,4,1,0,25,30,7,Gasoline,0
45,413,3300,4,2,0,25,30,7,Hybrid,0
50,413,3300,4,3,1,20,25,8,Hybrid,0
0,413,3300,4,4,0,NA,NA,NA,NA,1
68,413,3301,5,1,0,20,25,7,Electric,0
15,413,3301,5,2,0,25,25,7,Gasoline,0
44,413,3301,5,3,1,20,30,7,Hybrid,0
0,413,3301,5,4,0,NA,NA,NA,NA,1
68,413,3302,6,1,0,20,25,7,Electric,0
77,413,3302,6,2,0,20,25,8,Electric,0
81,413,3302,6,3,0,25,30,8,Electric,0
0,413,3302,6,4,1,NA,NA,NA,NA,1
50,413,3303,7,1,0,20,25,8,Hybrid,0
2,413,3303,7,2,0,20,20,6,Gasoline,0
25,413,3303,7,3,1,15,30,8,Gasoline,0
0,413,3303,7,4,0,NA,NA,NA,NA,1
75,413,3304,8,1,0,25,20,8,Electric,0
7,413,3304,8,2,1,15,30,6,Gasoline,0
70,413,3304,8,3,0,15,30,7,Electric,0
0,413,3304,8,4,0,NA,NA,NA,NA,1
58,414,3305,1,1,0,15,25,6,Electric,0
3,414,3305,1,2,0,25,20,6,Gasoline,0
48,414,3305,1,3,0,25,20,8,Hybrid,0
0,414,3305,1,4,1,NA,NA,NA,NA,1
5,414,3306,2,1,1,20,25,6,Gasoline,0
79,414,3306,2,2,0,15,30,8,Electric,0
27,414,3306,2,3,0,25,30,8,Gasoline,0
0,414,3306,2,4,0,NA,NA,NA,NA,1
3,414,3307,3,1,0,25,20,6,Gasoline,0
7,414,3307,3,2,1,15,30,6,Gasoline,0
66,414,3307,3,3,0,25,20,7,Electric,0
0,414,3307,3,4,0,NA,NA,NA,NA,1
36,414,3308,4,1,1,25,30,6,Hybrid,0
47,414,3308,4,2,0,20,20,8,Hybrid,0
15,414,3308,4,3,0,25,25,7,Gasoline,0
0,414,3308,4,4,0,NA,NA,NA,NA,1
45,414,3309,5,1,0,25,30,7,Hybrid,0
11,414,3309,5,2,0,20,20,7,Gasoline,0
6,414,3309,5,3,0,25,25,6,Gasoline,0
0,414,3309,5,4,1,NA,NA,NA,NA,1
16,414,3310,6,1,1,15,30,7,Gasoline,0
21,414,3310,6,2,0,25,20,8,Gasoline,0
38,414,3310,6,3,0,20,20,7,Hybrid,0
0,414,3310,6,4,0,NA,NA,NA,NA,1
37,414,3311,7,1,1,15,20,7,Hybrid,0
71,414,3311,7,2,0,20,30,7,Electric,0
69,414,3311,7,3,0,25,25,7,Electric,0
0,414,3311,7,4,0,NA,NA,NA,NA,1
44,414,3312,8,1,1,20,30,7,Hybrid,0
62,414,3312,8,2,0,20,30,6,Electric,0
66,414,3312,8,3,0,25,20,7,Electric,0
0,414,3312,8,4,0,NA,NA,NA,NA,1
34,415,3313,1,1,1,15,30,6,Hybrid,0
28,415,3313,1,2,0,15,20,6,Hybrid,0
15,415,3313,1,3,0,25,25,7,Gasoline,0
0,415,3313,1,4,0,NA,NA,NA,NA,1
68,415,3314,2,1,0,20,25,7,Electric,0
12,415,3314,2,2,0,25,20,7,Gasoline,0
37,415,3314,2,3,1,15,20,7,Hybrid,0
0,415,3314,2,4,0,NA,NA,NA,NA,1
53,415,3315,3,1,0,20,30,8,Hybrid,0
76,415,3315,3,2,0,15,25,8,Electric,0
40,415,3315,3,3,1,15,25,7,Hybrid,0
0,415,3315,3,4,0,NA,NA,NA,NA,1
10,415,3316,4,1,1,15,20,7,Gasoline,0
49,415,3316,4,2,0,15,25,8,Hybrid,0
63,415,3316,4,3,0,25,30,6,Electric,0
0,415,3316,4,4,0,NA,NA,NA,NA,1
27,415,3317,5,1,0,25,30,8,Gasoline,0
61,415,3317,5,2,1,15,30,6,Electric,0
26,415,3317,5,3,0,20,30,8,Gasoline,0
0,415,3317,5,4,0,NA,NA,NA,NA,1
23,415,3318,6,1,0,20,25,8,Gasoline,0
15,415,3318,6,2,0,25,25,7,Gasoline,0
46,415,3318,6,3,1,15,20,8,Hybrid,0
0,415,3318,6,4,0,NA,NA,NA,NA,1
40,415,3319,7,1,1,15,25,7,Hybrid,0
70,415,3319,7,2,0,15,30,7,Electric,0
14,415,3319,7,3,0,20,25,7,Gasoline,0
0,415,3319,7,4,0,NA,NA,NA,NA,1
63,415,3320,8,1,0,25,30,6,Electric,0
50,415,3320,8,2,1,20,25,8,Hybrid,0
33,415,3320,8,3,0,25,25,6,Hybrid,0
0,415,3320,8,4,0,NA,NA,NA,NA,1
61,416,3321,1,1,1,15,30,6,Electric,0
32,416,3321,1,2,0,20,25,6,Hybrid,0
62,416,3321,1,3,0,20,30,6,Electric,0
0,416,3321,1,4,0,NA,NA,NA,NA,1
74,416,3322,2,1,0,20,20,8,Electric,0
11,416,3322,2,2,0,20,20,7,Gasoline,0
25,416,3322,2,3,1,15,30,8,Gasoline,0
0,416,3322,2,4,0,NA,NA,NA,NA,1
9,416,3323,3,1,0,25,30,6,Gasoline,0
39,416,3323,3,2,0,25,20,7,Hybrid,0
20,416,3323,3,3,1,20,20,8,Gasoline,0
0,416,3323,3,4,0,NA,NA,NA,NA,1
64,416,3324,4,1,0,15,20,7,Electric,0
81,416,3324,4,2,0,25,30,8,Electric,0
16,416,3324,4,3,1,15,30,7,Gasoline,0
0,416,3324,4,4,0,NA,NA,NA,NA,1
60,416,3325,5,1,0,25,25,6,Electric,0
44,416,3325,5,2,1,20,30,7,Hybrid,0
79,416,3325,5,3,0,15,30,8,Electric,0
0,416,3325,5,4,0,NA,NA,NA,NA,1
23,416,3326,6,1,0,20,25,8,Gasoline,0
34,416,3326,6,2,1,15,30,6,Hybrid,0
65,416,3326,6,3,0,20,20,7,Electric,0
0,416,3326,6,4,0,NA,NA,NA,NA,1
11,416,3327,7,1,0,20,20,7,Gasoline,0
73,416,3327,7,2,0,15,20,8,Electric,0
1,416,3327,7,3,1,15,20,6,Gasoline,0
0,416,3327,7,4,0,NA,NA,NA,NA,1
42,416,3328,8,1,0,25,25,7,Hybrid,0
62,416,3328,8,2,0,20,30,6,Electric,0
49,416,3328,8,3,1,15,25,8,Hybrid,0
0,416,3328,8,4,0,NA,NA,NA,NA,1
53,417,3329,1,1,0,20,30,8,Hybrid,0
14,417,3329,1,2,0,20,25,7,Gasoline,0
64,417,3329,1,3,1,15,20,7,Electric,0
0,417,3329,1,4,0,NA,NA,NA,NA,1
40,417,3330,2,1,1,15,25,7,Hybrid,0
11,417,3330,2,2,0,20,20,7,Gasoline,0
72,417,3330,2,3,0,25,30,7,Electric,0
0,417,3330,2,4,0,NA,NA,NA,NA,1
54,417,3331,3,1,0,25,30,8,Hybrid,0
60,417,3331,3,2,0,25,25,6,Electric,0
18,417,3331,3,3,0,25,30,7,Gasoline,0
0,417,3331,3,4,1,NA,NA,NA,NA,1
57,417,3332,4,1,0,25,20,6,Electric,0
59,417,3332,4,2,0,20,25,6,Electric,0
11,417,3332,4,3,1,20,20,7,Gasoline,0
0,417,3332,4,4,0,NA,NA,NA,NA,1
22,417,3333,5,1,1,15,25,8,Gasoline,0
19,417,3333,5,2,0,15,20,8,Gasoline,0
74,417,3333,5,3,0,20,20,8,Electric,0
0,417,3333,5,4,0,NA,NA,NA,NA,1
36,417,3334,6,1,0,25,30,6,Hybrid,0
1,417,3334,6,2,1,15,20,6,Gasoline,0
69,417,3334,6,3,0,25,25,7,Electric,0
0,417,3334,6,4,0,NA,NA,NA,NA,1
42,417,3335,7,1,0,25,25,7,Hybrid,0
16,417,3335,7,2,1,15,30,7,Gasoline,0
20,417,3335,7,3,0,20,20,8,Gasoline,0
0,417,3335,7,4,0,NA,NA,NA,NA,1
21,417,3336,8,1,0,25,20,8,Gasoline,0
6,417,3336,8,2,0,25,25,6,Gasoline,0
5,417,3336,8,3,1,20,25,6,Gasoline,0
0,417,3336,8,4,0,NA,NA,NA,NA,1
37,418,3337,1,1,1,15,20,7,Hybrid,0
59,418,3337,1,2,0,20,25,6,Electric,0
23,418,3337,1,3,0,20,25,8,Gasoline,0
0,418,3337,1,4,0,NA,NA,NA,NA,1
12,418,3338,2,1,0,25,20,7,Gasoline,0
28,418,3338,2,2,0,15,20,6,Hybrid,0
16,418,3338,2,3,1,15,30,7,Gasoline,0
0,418,3338,2,4,0,NA,NA,NA,NA,1
14,418,3339,3,1,1,20,25,7,Gasoline,0
55,418,3339,3,2,0,15,20,6,Electric,0
74,418,3339,3,3,0,20,20,8,Electric,0
0,418,3339,3,4,0,NA,NA,NA,NA,1
52,418,3340,4,1,1,15,30,8,Hybrid,0
15,418,3340,4,2,0,25,25,7,Gasoline,0
24,418,3340,4,3,0,25,25,8,Gasoline,0
0,418,3340,4,4,0,NA,NA,NA,NA,1
27,418,3341,5,1,0,25,30,8,Gasoline,0
54,418,3341,5,2,1,25,30,8,Hybrid,0
12,418,3341,5,3,0,25,20,7,Gasoline,0
0,418,3341,5,4,0,NA,NA,NA,NA,1
74,418,3342,6,1,0,20,20,8,Electric,0
35,418,3342,6,2,1,20,30,6,Hybrid,0
73,418,3342,6,3,0,15,20,8,Electric,0
0,418,3342,6,4,0,NA,NA,NA,NA,1
14,418,3343,7,1,0,20,25,7,Gasoline,0
16,418,3343,7,2,1,15,30,7,Gasoline,0
30,418,3343,7,3,0,25,20,6,Hybrid,0
0,418,3343,7,4,0,NA,NA,NA,NA,1
9,418,3344,8,1,0,25,30,6,Gasoline,0
53,418,3344,8,2,0,20,30,8,Hybrid,0
38,418,3344,8,3,1,20,20,7,Hybrid,0
0,418,3344,8,4,0,NA,NA,NA,NA,1
49,419,3345,1,1,0,15,25,8,Hybrid,0
19,419,3345,1,2,0,15,20,8,Gasoline,0
7,419,3345,1,3,1,15,30,6,Gasoline,0
0,419,3345,1,4,0,NA,NA,NA,NA,1
65,419,3346,2,1,0,20,20,7,Electric,0
18,419,3346,2,2,0,25,30,7,Gasoline,0
22,419,3346,2,3,1,15,25,8,Gasoline,0
0,419,3346,2,4,0,NA,NA,NA,NA,1
42,419,3347,3,1,0,25,25,7,Hybrid,0
1,419,3347,3,2,1,15,20,6,Gasoline,0
70,419,3347,3,3,0,15,30,7,Electric,0
0,419,3347,3,4,0,NA,NA,NA,NA,1
6,419,3348,4,1,0,25,25,6,Gasoline,0
4,419,3348,4,2,1,15,25,6,Gasoline,0
29,419,3348,4,3,0,20,20,6,Hybrid,0
0,419,3348,4,4,0,NA,NA,NA,NA,1
72,419,3349,5,1,0,25,30,7,Electric,0
20,419,3349,5,2,1,20,20,8,Gasoline,0
78,419,3349,5,3,0,25,25,8,Electric,0
0,419,3349,5,4,0,NA,NA,NA,NA,1
40,419,3350,6,1,0,15,25,7,Hybrid,0
46,419,3350,6,2,1,15,20,8,Hybrid,0
55,419,3350,6,3,0,15,20,6,Electric,0
0,419,3350,6,4,0,NA,NA,NA,NA,1
72,419,3351,7,1,0,25,30,7,Electric,0
29,419,3351,7,2,1,20,20,6,Hybrid,0
19,419,3351,7,3,0,15,20,8,Gasoline,0
0,419,3351,7,4,0,NA,NA,NA,NA,1
19,419,3352,8,1,1,15,20,8,Gasoline,0
72,419,3352,8,2,0,25,30,7,Electric,0
56,419,3352,8,3,0,20,20,6,Electric,0
0,419,3352,8,4,0,NA,NA,NA,NA,1
53,420,3353,1,1,0,20,30,8,Hybrid,0
55,420,3353,1,2,0,15,20,6,Electric,0
34,420,3353,1,3,1,15,30,6,Hybrid,0
0,420,3353,1,4,0,NA,NA,NA,NA,1
76,420,3354,2,1,1,15,25,8,Electric,0
26,420,3354,2,2,0,20,30,8,Gasoline,0
12,420,3354,2,3,0,25,20,7,Gasoline,0
0,420,3354,2,4,0,NA,NA,NA,NA,1
51,420,3355,3,1,0,25,25,8,Hybrid,0
35,420,3355,3,2,0,20,30,6,Hybrid,0
61,420,3355,3,3,0,15,30,6,Electric,0
0,420,3355,3,4,1,NA,NA,NA,NA,1
29,420,3356,4,1,0,20,20,6,Hybrid,0
22,420,3356,4,2,1,15,25,8,Gasoline,0
5,420,3356,4,3,0,20,25,6,Gasoline,0
0,420,3356,4,4,0,NA,NA,NA,NA,1
31,420,3357,5,1,1,15,25,6,Hybrid,0
57,420,3357,5,2,0,25,20,6,Electric,0
72,420,3357,5,3,0,25,30,7,Electric,0
0,420,3357,5,4,0,NA,NA,NA,NA,1
12,420,3358,6,1,0,25,20,7,Gasoline,0
8,420,3358,6,2,0,20,30,6,Gasoline,0
17,420,3358,6,3,0,20,30,7,Gasoline,0
0,420,3358,6,4,1,NA,NA,NA,NA,1
11,420,3359,7,1,0,20,20,7,Gasoline,0
40,420,3359,7,2,1,15,25,7,Hybrid,0
81,420,3359,7,3,0,25,30,8,Electric,0
0,420,3359,7,4,0,NA,NA,NA,NA,1
14,420,3360,8,1,0,20,25,7,Gasoline,0
81,420,3360,8,2,0,25,30,8,Electric,0
50,420,3360,8,3,1,20,25,8,Hybrid,0
0,420,3360,8,4,0,NA,NA,NA,NA,1
61,421,3361,1,1,0,15,30,6,Electric,0
9,421,3361,1,2,0,25,30,6,Gasoline,0
43,421,3361,1,3,1,15,30,7,Hybrid,0
0,421,3361,1,4,0,NA,NA,NA,NA,1
54,421,3362,2,1,0,25,30,8,Hybrid,0
19,421,3362,2,2,1,15,20,8,Gasoline,0
1,421,3362,2,3,0,15,20,6,Gasoline,0
0,421,3362,2,4,0,NA,NA,NA,NA,1
70,421,3363,3,1,0,15,30,7,Electric,0
18,421,3363,3,2,0,25,30,7,Gasoline,0
24,421,3363,3,3,0,25,25,8,Gasoline,0
0,421,3363,3,4,1,NA,NA,NA,NA,1
12,421,3364,4,1,0,25,20,7,Gasoline,0
53,421,3364,4,2,1,20,30,8,Hybrid,0
8,421,3364,4,3,0,20,30,6,Gasoline,0
0,421,3364,4,4,0,NA,NA,NA,NA,1
28,421,3365,5,1,1,15,20,6,Hybrid,0
74,421,3365,5,2,0,20,20,8,Electric,0
7,421,3365,5,3,0,15,30,6,Gasoline,0
0,421,3365,5,4,0,NA,NA,NA,NA,1
24,421,3366,6,1,0,25,25,8,Gasoline,0
35,421,3366,6,2,1,20,30,6,Hybrid,0
6,421,3366,6,3,0,25,25,6,Gasoline,0
0,421,3366,6,4,0,NA,NA,NA,NA,1
76,421,3367,7,1,0,15,25,8,Electric,0
38,421,3367,7,2,1,20,20,7,Hybrid,0
24,421,3367,7,3,0,25,25,8,Gasoline,0
0,421,3367,7,4,0,NA,NA,NA,NA,1
49,421,3368,8,1,1,15,25,8,Hybrid,0
26,421,3368,8,2,0,20,30,8,Gasoline,0
17,421,3368,8,3,0,20,30,7,Gasoline,0
0,421,3368,8,4,0,NA,NA,NA,NA,1
66,422,3369,1,1,0,25,20,7,Electric,0
45,422,3369,1,2,0,25,30,7,Hybrid,0
47,422,3369,1,3,1,20,20,8,Hybrid,0
0,422,3369,1,4,0,NA,NA,NA,NA,1
18,422,3370,2,1,0,25,30,7,Gasoline,0
6,422,3370,2,2,0,25,25,6,Gasoline,0
29,422,3370,2,3,1,20,20,6,Hybrid,0
0,422,3370,2,4,0,NA,NA,NA,NA,1
78,422,3371,3,1,0,25,25,8,Electric,0
77,422,3371,3,2,0,20,25,8,Electric,0
54,422,3371,3,3,0,25,30,8,Hybrid,0
0,422,3371,3,4,1,NA,NA,NA,NA,1
55,422,3372,4,1,0,15,20,6,Electric,0
63,422,3372,4,2,0,25,30,6,Electric,0
10,422,3372,4,3,1,15,20,7,Gasoline,0
0,422,3372,4,4,0,NA,NA,NA,NA,1
13,422,3373,5,1,0,15,25,7,Gasoline,0
16,422,3373,5,2,1,15,30,7,Gasoline,0
31,422,3373,5,3,0,15,25,6,Hybrid,0
0,422,3373,5,4,0,NA,NA,NA,NA,1
40,422,3374,6,1,1,15,25,7,Hybrid,0
26,422,3374,6,2,0,20,30,8,Gasoline,0
38,422,3374,6,3,0,20,20,7,Hybrid,0
0,422,3374,6,4,0,NA,NA,NA,NA,1
24,422,3375,7,1,0,25,25,8,Gasoline,0
5,422,3375,7,2,0,20,25,6,Gasoline,0
40,422,3375,7,3,1,15,25,7,Hybrid,0
0,422,3375,7,4,0,NA,NA,NA,NA,1
15,422,3376,8,1,0,25,25,7,Gasoline,0
44,422,3376,8,2,1,20,30,7,Hybrid,0
70,422,3376,8,3,0,15,30,7,Electric,0
0,422,3376,8,4,0,NA,NA,NA,NA,1
6,423,3377,1,1,0,25,25,6,Gasoline,0
60,423,3377,1,2,0,25,25,6,Electric,0
74,423,3377,1,3,0,20,20,8,Electric,0
0,423,3377,1,4,1,NA,NA,NA,NA,1
69,423,3378,2,1,0,25,25,7,Electric,0
31,423,3378,2,2,1,15,25,6,Hybrid,0
5,423,3378,2,3,0,20,25,6,Gasoline,0
0,423,3378,2,4,0,NA,NA,NA,NA,1
16,423,3379,3,1,0,15,30,7,Gasoline,0
10,423,3379,3,2,0,15,20,7,Gasoline,0
34,423,3379,3,3,1,15,30,6,Hybrid,0
0,423,3379,3,4,0,NA,NA,NA,NA,1
10,423,3380,4,1,1,15,20,7,Gasoline,0
38,423,3380,4,2,0,20,20,7,Hybrid,0
24,423,3380,4,3,0,25,25,8,Gasoline,0
0,423,3380,4,4,0,NA,NA,NA,NA,1
28,423,3381,5,1,1,15,20,6,Hybrid,0
2,423,3381,5,2,0,20,20,6,Gasoline,0
41,423,3381,5,3,0,20,25,7,Hybrid,0
0,423,3381,5,4,0,NA,NA,NA,NA,1
78,423,3382,6,1,0,25,25,8,Electric,0
18,423,3382,6,2,0,25,30,7,Gasoline,0
80,423,3382,6,3,0,20,30,8,Electric,0
0,423,3382,6,4,1,NA,NA,NA,NA,1
58,423,3383,7,1,1,15,25,6,Electric,0
51,423,3383,7,2,0,25,25,8,Hybrid,0
78,423,3383,7,3,0,25,25,8,Electric,0
0,423,3383,7,4,0,NA,NA,NA,NA,1
15,423,3384,8,1,1,25,25,7,Gasoline,0
39,423,3384,8,2,0,25,20,7,Hybrid,0
45,423,3384,8,3,0,25,30,7,Hybrid,0
0,423,3384,8,4,0,NA,NA,NA,NA,1
25,424,3385,1,1,1,15,30,8,Gasoline,0
21,424,3385,1,2,0,25,20,8,Gasoline,0
12,424,3385,1,3,0,25,20,7,Gasoline,0
0,424,3385,1,4,0,NA,NA,NA,NA,1
29,424,3386,2,1,0,20,20,6,Hybrid,0
17,424,3386,2,2,0,20,30,7,Gasoline,0
7,424,3386,2,3,1,15,30,6,Gasoline,0
0,424,3386,2,4,0,NA,NA,NA,NA,1
80,424,3387,3,1,0,20,30,8,Electric,0
44,424,3387,3,2,1,20,30,7,Hybrid,0
9,424,3387,3,3,0,25,30,6,Gasoline,0
0,424,3387,3,4,0,NA,NA,NA,NA,1
8,424,3388,4,1,0,20,30,6,Gasoline,0
13,424,3388,4,2,1,15,25,7,Gasoline,0
50,424,3388,4,3,0,20,25,8,Hybrid,0
0,424,3388,4,4,0,NA,NA,NA,NA,1
32,424,3389,5,1,1,20,25,6,Hybrid,0
30,424,3389,5,2,0,25,20,6,Hybrid,0
81,424,3389,5,3,0,25,30,8,Electric,0
0,424,3389,5,4,0,NA,NA,NA,NA,1
27,424,3390,6,1,0,25,30,8,Gasoline,0
50,424,3390,6,2,0,20,25,8,Hybrid,0
49,424,3390,6,3,1,15,25,8,Hybrid,0
0,424,3390,6,4,0,NA,NA,NA,NA,1
58,424,3391,7,1,0,15,25,6,Electric,0
34,424,3391,7,2,1,15,30,6,Hybrid,0
46,424,3391,7,3,0,15,20,8,Hybrid,0
0,424,3391,7,4,0,NA,NA,NA,NA,1
47,424,3392,8,1,1,20,20,8,Hybrid,0
23,424,3392,8,2,0,20,25,8,Gasoline,0
27,424,3392,8,3,0,25,30,8,Gasoline,0
0,424,3392,8,4,0,NA,NA,NA,NA,1
36,425,3393,1,1,0,25,30,6,Hybrid,0
56,425,3393,1,2,0,20,20,6,Electric,0
1,425,3393,1,3,1,15,20,6,Gasoline,0
0,425,3393,1,4,0,NA,NA,NA,NA,1
17,425,3394,2,1,0,20,30,7,Gasoline,0
74,425,3394,2,2,0,20,20,8,Electric,0
46,425,3394,2,3,1,15,20,8,Hybrid,0
0,425,3394,2,4,0,NA,NA,NA,NA,1
33,425,3395,3,1,0,25,25,6,Hybrid,0
7,425,3395,3,2,1,15,30,6,Gasoline,0
12,425,3395,3,3,0,25,20,7,Gasoline,0
0,425,3395,3,4,0,NA,NA,NA,NA,1
6,425,3396,4,1,0,25,25,6,Gasoline,0
73,425,3396,4,2,0,15,20,8,Electric,0
33,425,3396,4,3,0,25,25,6,Hybrid,0
0,425,3396,4,4,1,NA,NA,NA,NA,1
55,425,3397,5,1,0,15,20,6,Electric,0
80,425,3397,5,2,0,20,30,8,Electric,0
25,425,3397,5,3,1,15,30,8,Gasoline,0
0,425,3397,5,4,0,NA,NA,NA,NA,1
13,425,3398,6,1,1,15,25,7,Gasoline,0
77,425,3398,6,2,0,20,25,8,Electric,0
9,425,3398,6,3,0,25,30,6,Gasoline,0
0,425,3398,6,4,0,NA,NA,NA,NA,1
48,425,3399,7,1,0,25,20,8,Hybrid,0
13,425,3399,7,2,1,15,25,7,Gasoline,0
74,425,3399,7,3,0,20,20,8,Electric,0
0,425,3399,7,4,0,NA,NA,NA,NA,1
44,425,3400,8,1,1,20,30,7,Hybrid,0
65,425,3400,8,2,0,20,20,7,Electric,0
61,425,3400,8,3,0,15,30,6,Electric,0
0,425,3400,8,4,0,NA,NA,NA,NA,1
62,426,3401,1,1,0,20,30,6,Electric,0
54,426,3401,1,2,1,25,30,8,Hybrid,0
36,426,3401,1,3,0,25,30,6,Hybrid,0
0,426,3401,1,4,0,NA,NA,NA,NA,1
29,426,3402,2,1,0,20,20,6,Hybrid,0
40,426,3402,2,2,1,15,25,7,Hybrid,0
20,426,3402,2,3,0,20,20,8,Gasoline,0
0,426,3402,2,4,0,NA,NA,NA,NA,1
70,426,3403,3,1,0,15,30,7,Electric,0
20,426,3403,3,2,0,20,20,8,Gasoline,0
35,426,3403,3,3,1,20,30,6,Hybrid,0
0,426,3403,3,4,0,NA,NA,NA,NA,1
48,426,3404,4,1,0,25,20,8,Hybrid,0
22,426,3404,4,2,1,15,25,8,Gasoline,0
3,426,3404,4,3,0,25,20,6,Gasoline,0
0,426,3404,4,4,0,NA,NA,NA,NA,1
53,426,3405,5,1,0,20,30,8,Hybrid,0
61,426,3405,5,2,0,15,30,6,Electric,0
47,426,3405,5,3,1,20,20,8,Hybrid,0
0,426,3405,5,4,0,NA,NA,NA,NA,1
10,426,3406,6,1,1,15,20,7,Gasoline,0
44,426,3406,6,2,0,20,30,7,Hybrid,0
41,426,3406,6,3,0,20,25,7,Hybrid,0
0,426,3406,6,4,0,NA,NA,NA,NA,1
46,426,3407,7,1,0,15,20,8,Hybrid,0
69,426,3407,7,2,0,25,25,7,Electric,0
49,426,3407,7,3,1,15,25,8,Hybrid,0
0,426,3407,7,4,0,NA,NA,NA,NA,1
3,426,3408,8,1,1,25,20,6,Gasoline,0
27,426,3408,8,2,0,25,30,8,Gasoline,0
48,426,3408,8,3,0,25,20,8,Hybrid,0
0,426,3408,8,4,0,NA,NA,NA,NA,1
68,427,3409,1,1,0,20,25,7,Electric,0
74,427,3409,1,2,0,20,20,8,Electric,0
11,427,3409,1,3,1,20,20,7,Gasoline,0
0,427,3409,1,4,0,NA,NA,NA,NA,1
13,427,3410,2,1,1,15,25,7,Gasoline,0
8,427,3410,2,2,0,20,30,6,Gasoline,0
47,427,3410,2,3,0,20,20,8,Hybrid,0
0,427,3410,2,4,0,NA,NA,NA,NA,1
17,427,3411,3,1,0,20,30,7,Gasoline,0
47,427,3411,3,2,0,20,20,8,Hybrid,0
49,427,3411,3,3,1,15,25,8,Hybrid,0
0,427,3411,3,4,0,NA,NA,NA,NA,1
25,427,3412,4,1,1,15,30,8,Gasoline,0
74,427,3412,4,2,0,20,20,8,Electric,0
68,427,3412,4,3,0,20,25,7,Electric,0
0,427,3412,4,4,0,NA,NA,NA,NA,1
21,427,3413,5,1,0,25,20,8,Gasoline,0
79,427,3413,5,2,1,15,30,8,Electric,0
68,427,3413,5,3,0,20,25,7,Electric,0
0,427,3413,5,4,0,NA,NA,NA,NA,1
24,427,3414,6,1,0,25,25,8,Gasoline,0
16,427,3414,6,2,1,15,30,7,Gasoline,0
63,427,3414,6,3,0,25,30,6,Electric,0
0,427,3414,6,4,0,NA,NA,NA,NA,1
79,427,3415,7,1,0,15,30,8,Electric,0
64,427,3415,7,2,0,15,20,7,Electric,0
31,427,3415,7,3,1,15,25,6,Hybrid,0
0,427,3415,7,4,0,NA,NA,NA,NA,1
6,427,3416,8,1,0,25,25,6,Gasoline,0
2,427,3416,8,2,1,20,20,6,Gasoline,0
58,427,3416,8,3,0,15,25,6,Electric,0
0,427,3416,8,4,0,NA,NA,NA,NA,1
70,428,3417,1,1,0,15,30,7,Electric,0
69,428,3417,1,2,0,25,25,7,Electric,0
41,428,3417,1,3,1,20,25,7,Hybrid,0
0,428,3417,1,4,0,NA,NA,NA,NA,1
65,428,3418,2,1,0,20,20,7,Electric,0
68,428,3418,2,2,0,20,25,7,Electric,0
49,428,3418,2,3,1,15,25,8,Hybrid,0
0,428,3418,2,4,0,NA,NA,NA,NA,1
29,428,3419,3,1,0,20,20,6,Hybrid,0
63,428,3419,3,2,0,25,30,6,Electric,0
8,428,3419,3,3,1,20,30,6,Gasoline,0
0,428,3419,3,4,0,NA,NA,NA,NA,1
15,428,3420,4,1,0,25,25,7,Gasoline,0
36,428,3420,4,2,0,25,30,6,Hybrid,0
45,428,3420,4,3,1,25,30,7,Hybrid,0
0,428,3420,4,4,0,NA,NA,NA,NA,1
48,428,3421,5,1,0,25,20,8,Hybrid,0
59,428,3421,5,2,0,20,25,6,Electric,0
5,428,3421,5,3,1,20,25,6,Gasoline,0
0,428,3421,5,4,0,NA,NA,NA,NA,1
57,428,3422,6,1,0,25,20,6,Electric,0
45,428,3422,6,2,0,25,30,7,Hybrid,0
40,428,3422,6,3,1,15,25,7,Hybrid,0
0,428,3422,6,4,0,NA,NA,NA,NA,1
65,428,3423,7,1,0,20,20,7,Electric,0
26,428,3423,7,2,1,20,30,8,Gasoline,0
78,428,3423,7,3,0,25,25,8,Electric,0
0,428,3423,7,4,0,NA,NA,NA,NA,1
29,428,3424,8,1,1,20,20,6,Hybrid,0
72,428,3424,8,2,0,25,30,7,Electric,0
42,428,3424,8,3,0,25,25,7,Hybrid,0
0,428,3424,8,4,0,NA,NA,NA,NA,1
66,429,3425,1,1,0,25,20,7,Electric,0
9,429,3425,1,2,0,25,30,6,Gasoline,0
26,429,3425,1,3,1,20,30,8,Gasoline,0
0,429,3425,1,4,0,NA,NA,NA,NA,1
5,429,3426,2,1,0,20,25,6,Gasoline,0
42,429,3426,2,2,0,25,25,7,Hybrid,0
52,429,3426,2,3,1,15,30,8,Hybrid,0
0,429,3426,2,4,0,NA,NA,NA,NA,1
58,429,3427,3,1,1,15,25,6,Electric,0
57,429,3427,3,2,0,25,20,6,Electric,0
33,429,3427,3,3,0,25,25,6,Hybrid,0
0,429,3427,3,4,0,NA,NA,NA,NA,1
78,429,3428,4,1,0,25,25,8,Electric,0
9,429,3428,4,2,0,25,30,6,Gasoline,0
47,429,3428,4,3,1,20,20,8,Hybrid,0
0,429,3428,4,4,0,NA,NA,NA,NA,1
4,429,3429,5,1,1,15,25,6,Gasoline,0
77,429,3429,5,2,0,20,25,8,Electric,0
22,429,3429,5,3,0,15,25,8,Gasoline,0
0,429,3429,5,4,0,NA,NA,NA,NA,1
3,429,3430,6,1,0,25,20,6,Gasoline,0
71,429,3430,6,2,0,20,30,7,Electric,0
38,429,3430,6,3,1,20,20,7,Hybrid,0
0,429,3430,6,4,0,NA,NA,NA,NA,1
59,429,3431,7,1,0,20,25,6,Electric,0
18,429,3431,7,2,0,25,30,7,Gasoline,0
10,429,3431,7,3,1,15,20,7,Gasoline,0
0,429,3431,7,4,0,NA,NA,NA,NA,1
1,429,3432,8,1,1,15,20,6,Gasoline,0
65,429,3432,8,2,0,20,20,7,Electric,0
24,429,3432,8,3,0,25,25,8,Gasoline,0
0,429,3432,8,4,0,NA,NA,NA,NA,1
28,430,3433,1,1,1,15,20,6,Hybrid,0
75,430,3433,1,2,0,25,20,8,Electric,0
21,430,3433,1,3,0,25,20,8,Gasoline,0
0,430,3433,1,4,0,NA,NA,NA,NA,1
15,430,3434,2,1,0,25,25,7,Gasoline,0
63,430,3434,2,2,0,25,30,6,Electric,0
68,430,3434,2,3,0,20,25,7,Electric,0
0,430,3434,2,4,1,NA,NA,NA,NA,1
35,430,3435,3,1,1,20,30,6,Hybrid,0
54,430,3435,3,2,0,25,30,8,Hybrid,0
77,430,3435,3,3,0,20,25,8,Electric,0
0,430,3435,3,4,0,NA,NA,NA,NA,1
68,430,3436,4,1,0,20,25,7,Electric,0
36,430,3436,4,2,0,25,30,6,Hybrid,0
56,430,3436,4,3,0,20,20,6,Electric,0
0,430,3436,4,4,1,NA,NA,NA,NA,1
51,430,3437,5,1,0,25,25,8,Hybrid,0
11,430,3437,5,2,1,20,20,7,Gasoline,0
3,430,3437,5,3,0,25,20,6,Gasoline,0
0,430,3437,5,4,0,NA,NA,NA,NA,1
19,430,3438,6,1,0,15,20,8,Gasoline,0
16,430,3438,6,2,1,15,30,7,Gasoline,0
12,430,3438,6,3,0,25,20,7,Gasoline,0
0,430,3438,6,4,0,NA,NA,NA,NA,1
72,430,3439,7,1,0,25,30,7,Electric,0
53,430,3439,7,2,1,20,30,8,Hybrid,0
18,430,3439,7,3,0,25,30,7,Gasoline,0
0,430,3439,7,4,0,NA,NA,NA,NA,1
44,430,3440,8,1,1,20,30,7,Hybrid,0
32,430,3440,8,2,0,20,25,6,Hybrid,0
21,430,3440,8,3,0,25,20,8,Gasoline,0
0,430,3440,8,4,0,NA,NA,NA,NA,1
24,431,3441,1,1,0,25,25,8,Gasoline,0
9,431,3441,1,2,0,25,30,6,Gasoline,0
31,431,3441,1,3,1,15,25,6,Hybrid,0
0,431,3441,1,4,0,NA,NA,NA,NA,1
32,431,3442,2,1,0,20,25,6,Hybrid,0
49,431,3442,2,2,1,15,25,8,Hybrid,0
6,431,3442,2,3,0,25,25,6,Gasoline,0
0,431,3442,2,4,0,NA,NA,NA,NA,1
9,431,3443,3,1,0,25,30,6,Gasoline,0
62,431,3443,3,2,0,20,30,6,Electric,0
12,431,3443,3,3,0,25,20,7,Gasoline,0
0,431,3443,3,4,1,NA,NA,NA,NA,1
3,431,3444,4,1,0,25,20,6,Gasoline,0
34,431,3444,4,2,1,15,30,6,Hybrid,0
15,431,3444,4,3,0,25,25,7,Gasoline,0
0,431,3444,4,4,0,NA,NA,NA,NA,1
3,431,3445,5,1,0,25,20,6,Gasoline,0
19,431,3445,5,2,1,15,20,8,Gasoline,0
8,431,3445,5,3,0,20,30,6,Gasoline,0
0,431,3445,5,4,0,NA,NA,NA,NA,1
9,431,3446,6,1,0,25,30,6,Gasoline,0
19,431,3446,6,2,1,15,20,8,Gasoline,0
42,431,3446,6,3,0,25,25,7,Hybrid,0
0,431,3446,6,4,0,NA,NA,NA,NA,1
38,431,3447,7,1,0,20,20,7,Hybrid,0
55,431,3447,7,2,0,15,20,6,Electric,0
52,431,3447,7,3,1,15,30,8,Hybrid,0
0,431,3447,7,4,0,NA,NA,NA,NA,1
56,431,3448,8,1,0,20,20,6,Electric,0
9,431,3448,8,2,0,25,30,6,Gasoline,0
81,431,3448,8,3,0,25,30,8,Electric,0
0,431,3448,8,4,1,NA,NA,NA,NA,1
14,432,3449,1,1,0,20,25,7,Gasoline,0
50,432,3449,1,2,0,20,25,8,Hybrid,0
1,432,3449,1,3,1,15,20,6,Gasoline,0
0,432,3449,1,4,0,NA,NA,NA,NA,1
81,432,3450,2,1,0,25,30,8,Electric,0
3,432,3450,2,2,0,25,20,6,Gasoline,0
64,432,3450,2,3,1,15,20,7,Electric,0
0,432,3450,2,4,0,NA,NA,NA,NA,1
6,432,3451,3,1,0,25,25,6,Gasoline,0
61,432,3451,3,2,1,15,30,6,Electric,0
30,432,3451,3,3,0,25,20,6,Hybrid,0
0,432,3451,3,4,0,NA,NA,NA,NA,1
8,432,3452,4,1,0,20,30,6,Gasoline,0
44,432,3452,4,2,0,20,30,7,Hybrid,0
1,432,3452,4,3,0,15,20,6,Gasoline,0
0,432,3452,4,4,1,NA,NA,NA,NA,1
48,432,3453,5,1,0,25,20,8,Hybrid,0
38,432,3453,5,2,1,20,20,7,Hybrid,0
65,432,3453,5,3,0,20,20,7,Electric,0
0,432,3453,5,4,0,NA,NA,NA,NA,1
56,432,3454,6,1,0,20,20,6,Electric,0
48,432,3454,6,2,0,25,20,8,Hybrid,0
10,432,3454,6,3,1,15,20,7,Gasoline,0
0,432,3454,6,4,0,NA,NA,NA,NA,1
58,432,3455,7,1,1,15,25,6,Electric,0
32,432,3455,7,2,0,20,25,6,Hybrid,0
68,432,3455,7,3,0,20,25,7,Electric,0
0,432,3455,7,4,0,NA,NA,NA,NA,1
35,432,3456,8,1,1,20,30,6,Hybrid,0
54,432,3456,8,2,0,25,30,8,Hybrid,0
64,432,3456,8,3,0,15,20,7,Electric,0
0,432,3456,8,4,0,NA,NA,NA,NA,1
3,433,3457,1,1,0,25,20,6,Gasoline,0
54,433,3457,1,2,1,25,30,8,Hybrid,0
63,433,3457,1,3,0,25,30,6,Electric,0
0,433,3457,1,4,0,NA,NA,NA,NA,1
56,433,3458,2,1,0,20,20,6,Electric,0
48,433,3458,2,2,0,25,20,8,Hybrid,0
4,433,3458,2,3,1,15,25,6,Gasoline,0
0,433,3458,2,4,0,NA,NA,NA,NA,1
55,433,3459,3,1,1,15,20,6,Electric,0
60,433,3459,3,2,0,25,25,6,Electric,0
6,433,3459,3,3,0,25,25,6,Gasoline,0
0,433,3459,3,4,0,NA,NA,NA,NA,1
59,433,3460,4,1,0,20,25,6,Electric,0
11,433,3460,4,2,1,20,20,7,Gasoline,0
30,433,3460,4,3,0,25,20,6,Hybrid,0
0,433,3460,4,4,0,NA,NA,NA,NA,1
43,433,3461,5,1,0,15,30,7,Hybrid,0
39,433,3461,5,2,0,25,20,7,Hybrid,0
40,433,3461,5,3,1,15,25,7,Hybrid,0
0,433,3461,5,4,0,NA,NA,NA,NA,1
30,433,3462,6,1,0,25,20,6,Hybrid,0
70,433,3462,6,2,1,15,30,7,Electric,0
21,433,3462,6,3,0,25,20,8,Gasoline,0
0,433,3462,6,4,0,NA,NA,NA,NA,1
35,433,3463,7,1,1,20,30,6,Hybrid,0
56,433,3463,7,2,0,20,20,6,Electric,0
44,433,3463,7,3,0,20,30,7,Hybrid,0
0,433,3463,7,4,0,NA,NA,NA,NA,1
57,433,3464,8,1,0,25,20,6,Electric,0
11,433,3464,8,2,1,20,20,7,Gasoline,0
71,433,3464,8,3,0,20,30,7,Electric,0
0,433,3464,8,4,0,NA,NA,NA,NA,1
1,434,3465,1,1,1,15,20,6,Gasoline,0
14,434,3465,1,2,0,20,25,7,Gasoline,0
8,434,3465,1,3,0,20,30,6,Gasoline,0
0,434,3465,1,4,0,NA,NA,NA,NA,1
40,434,3466,2,1,0,15,25,7,Hybrid,0
49,434,3466,2,2,0,15,25,8,Hybrid,0
37,434,3466,2,3,1,15,20,7,Hybrid,0
0,434,3466,2,4,0,NA,NA,NA,NA,1
22,434,3467,3,1,1,15,25,8,Gasoline,0
55,434,3467,3,2,0,15,20,6,Electric,0
2,434,3467,3,3,0,20,20,6,Gasoline,0
0,434,3467,3,4,0,NA,NA,NA,NA,1
4,434,3468,4,1,1,15,25,6,Gasoline,0
39,434,3468,4,2,0,25,20,7,Hybrid,0
70,434,3468,4,3,0,15,30,7,Electric,0
0,434,3468,4,4,0,NA,NA,NA,NA,1
76,434,3469,5,1,0,15,25,8,Electric,0
43,434,3469,5,2,1,15,30,7,Hybrid,0
28,434,3469,5,3,0,15,20,6,Hybrid,0
0,434,3469,5,4,0,NA,NA,NA,NA,1
5,434,3470,6,1,0,20,25,6,Gasoline,0
4,434,3470,6,2,1,15,25,6,Gasoline,0
73,434,3470,6,3,0,15,20,8,Electric,0
0,434,3470,6,4,0,NA,NA,NA,NA,1
43,434,3471,7,1,1,15,30,7,Hybrid,0
22,434,3471,7,2,0,15,25,8,Gasoline,0
53,434,3471,7,3,0,20,30,8,Hybrid,0
0,434,3471,7,4,0,NA,NA,NA,NA,1
39,434,3472,8,1,0,25,20,7,Hybrid,0
5,434,3472,8,2,0,20,25,6,Gasoline,0
29,434,3472,8,3,1,20,20,6,Hybrid,0
0,434,3472,8,4,0,NA,NA,NA,NA,1
66,435,3473,1,1,0,25,20,7,Electric,0
59,435,3473,1,2,1,20,25,6,Electric,0
33,435,3473,1,3,0,25,25,6,Hybrid,0
0,435,3473,1,4,0,NA,NA,NA,NA,1
2,435,3474,2,1,0,20,20,6,Gasoline,0
53,435,3474,2,2,1,20,30,8,Hybrid,0
23,435,3474,2,3,0,20,25,8,Gasoline,0
0,435,3474,2,4,0,NA,NA,NA,NA,1
41,435,3475,3,1,1,20,25,7,Hybrid,0
9,435,3475,3,2,0,25,30,6,Gasoline,0
78,435,3475,3,3,0,25,25,8,Electric,0
0,435,3475,3,4,0,NA,NA,NA,NA,1
50,435,3476,4,1,0,20,25,8,Hybrid,0
33,435,3476,4,2,0,25,25,6,Hybrid,0
61,435,3476,4,3,1,15,30,6,Electric,0
0,435,3476,4,4,0,NA,NA,NA,NA,1
37,435,3477,5,1,1,15,20,7,Hybrid,0
13,435,3477,5,2,0,15,25,7,Gasoline,0
43,435,3477,5,3,0,15,30,7,Hybrid,0
0,435,3477,5,4,0,NA,NA,NA,NA,1
60,435,3478,6,1,0,25,25,6,Electric,0
21,435,3478,6,2,0,25,20,8,Gasoline,0
44,435,3478,6,3,1,20,30,7,Hybrid,0
0,435,3478,6,4,0,NA,NA,NA,NA,1
57,435,3479,7,1,0,25,20,6,Electric,0
69,435,3479,7,2,0,25,25,7,Electric,0
38,435,3479,7,3,1,20,20,7,Hybrid,0
0,435,3479,7,4,0,NA,NA,NA,NA,1
41,435,3480,8,1,0,20,25,7,Hybrid,0
71,435,3480,8,2,0,20,30,7,Electric,0
4,435,3480,8,3,1,15,25,6,Gasoline,0
0,435,3480,8,4,0,NA,NA,NA,NA,1
61,436,3481,1,1,0,15,30,6,Electric,0
73,436,3481,1,2,0,15,20,8,Electric,0
29,436,3481,1,3,1,20,20,6,Hybrid,0
0,436,3481,1,4,0,NA,NA,NA,NA,1
72,436,3482,2,1,0,25,30,7,Electric,0
58,436,3482,2,2,1,15,25,6,Electric,0
35,436,3482,2,3,0,20,30,6,Hybrid,0
0,436,3482,2,4,0,NA,NA,NA,NA,1
50,436,3483,3,1,1,20,25,8,Hybrid,0
74,436,3483,3,2,0,20,20,8,Electric,0
59,436,3483,3,3,0,20,25,6,Electric,0
0,436,3483,3,4,0,NA,NA,NA,NA,1
8,436,3484,4,1,0,20,30,6,Gasoline,0
37,436,3484,4,2,1,15,20,7,Hybrid,0
10,436,3484,4,3,0,15,20,7,Gasoline,0
0,436,3484,4,4,0,NA,NA,NA,NA,1
5,436,3485,5,1,0,20,25,6,Gasoline,0
9,436,3485,5,2,0,25,30,6,Gasoline,0
52,436,3485,5,3,1,15,30,8,Hybrid,0
0,436,3485,5,4,0,NA,NA,NA,NA,1
55,436,3486,6,1,1,15,20,6,Electric,0
66,436,3486,6,2,0,25,20,7,Electric,0
39,436,3486,6,3,0,25,20,7,Hybrid,0
0,436,3486,6,4,0,NA,NA,NA,NA,1
64,436,3487,7,1,0,15,20,7,Electric,0
38,436,3487,7,2,1,20,20,7,Hybrid,0
5,436,3487,7,3,0,20,25,6,Gasoline,0
0,436,3487,7,4,0,NA,NA,NA,NA,1
36,436,3488,8,1,0,25,30,6,Hybrid,0
48,436,3488,8,2,0,25,20,8,Hybrid,0
64,436,3488,8,3,0,15,20,7,Electric,0
0,436,3488,8,4,1,NA,NA,NA,NA,1
48,437,3489,1,1,0,25,20,8,Hybrid,0
72,437,3489,1,2,0,25,30,7,Electric,0
17,437,3489,1,3,1,20,30,7,Gasoline,0
0,437,3489,1,4,0,NA,NA,NA,NA,1
76,437,3490,2,1,0,15,25,8,Electric,0
53,437,3490,2,2,0,20,30,8,Hybrid,0
13,437,3490,2,3,1,15,25,7,Gasoline,0
0,437,3490,2,4,0,NA,NA,NA,NA,1
54,437,3491,3,1,1,25,30,8,Hybrid,0
56,437,3491,3,2,0,20,20,6,Electric,0
57,437,3491,3,3,0,25,20,6,Electric,0
0,437,3491,3,4,0,NA,NA,NA,NA,1
45,437,3492,4,1,0,25,30,7,Hybrid,0
60,437,3492,4,2,0,25,25,6,Electric,0
9,437,3492,4,3,1,25,30,6,Gasoline,0
0,437,3492,4,4,0,NA,NA,NA,NA,1
13,437,3493,5,1,0,15,25,7,Gasoline,0
76,437,3493,5,2,1,15,25,8,Electric,0
33,437,3493,5,3,0,25,25,6,Hybrid,0
0,437,3493,5,4,0,NA,NA,NA,NA,1
41,437,3494,6,1,0,20,25,7,Hybrid,0
46,437,3494,6,2,1,15,20,8,Hybrid,0
71,437,3494,6,3,0,20,30,7,Electric,0
0,437,3494,6,4,0,NA,NA,NA,NA,1
2,437,3495,7,1,0,20,20,6,Gasoline,0
71,437,3495,7,2,0,20,30,7,Electric,0
50,437,3495,7,3,1,20,25,8,Hybrid,0
0,437,3495,7,4,0,NA,NA,NA,NA,1
60,437,3496,8,1,0,25,25,6,Electric,0
11,437,3496,8,2,0,20,20,7,Gasoline,0
53,437,3496,8,3,1,20,30,8,Hybrid,0
0,437,3496,8,4,0,NA,NA,NA,NA,1
71,438,3497,1,1,0,20,30,7,Electric,0
40,438,3497,1,2,1,15,25,7,Hybrid,0
6,438,3497,1,3,0,25,25,6,Gasoline,0
0,438,3497,1,4,0,NA,NA,NA,NA,1
70,438,3498,2,1,0,15,30,7,Electric,0
27,438,3498,2,2,0,25,30,8,Gasoline,0
44,438,3498,2,3,1,20,30,7,Hybrid,0
0,438,3498,2,4,0,NA,NA,NA,NA,1
53,438,3499,3,1,0,20,30,8,Hybrid,0
77,438,3499,3,2,0,20,25,8,Electric,0
25,438,3499,3,3,1,15,30,8,Gasoline,0
0,438,3499,3,4,0,NA,NA,NA,NA,1
14,438,3500,4,1,0,20,25,7,Gasoline,0
16,438,3500,4,2,1,15,30,7,Gasoline,0
21,438,3500,4,3,0,25,20,8,Gasoline,0
0,438,3500,4,4,0,NA,NA,NA,NA,1
59,438,3501,5,1,0,20,25,6,Electric,0
19,438,3501,5,2,1,15,20,8,Gasoline,0
20,438,3501,5,3,0,20,20,8,Gasoline,0
0,438,3501,5,4,0,NA,NA,NA,NA,1
43,438,3502,6,1,0,15,30,7,Hybrid,0
46,438,3502,6,2,1,15,20,8,Hybrid,0
44,438,3502,6,3,0,20,30,7,Hybrid,0
0,438,3502,6,4,0,NA,NA,NA,NA,1
36,438,3503,7,1,0,25,30,6,Hybrid,0
31,438,3503,7,2,1,15,25,6,Hybrid,0
11,438,3503,7,3,0,20,20,7,Gasoline,0
0,438,3503,7,4,0,NA,NA,NA,NA,1
18,438,3504,8,1,0,25,30,7,Gasoline,0
7,438,3504,8,2,1,15,30,6,Gasoline,0
71,438,3504,8,3,0,20,30,7,Electric,0
0,438,3504,8,4,0,NA,NA,NA,NA,1
63,439,3505,1,1,0,25,30,6,Electric,0
52,439,3505,1,2,1,15,30,8,Hybrid,0
41,439,3505,1,3,0,20,25,7,Hybrid,0
0,439,3505,1,4,0,NA,NA,NA,NA,1
15,439,3506,2,1,0,25,25,7,Gasoline,0
71,439,3506,2,2,0,20,30,7,Electric,0
1,439,3506,2,3,1,15,20,6,Gasoline,0
0,439,3506,2,4,0,NA,NA,NA,NA,1
52,439,3507,3,1,1,15,30,8,Hybrid,0
44,439,3507,3,2,0,20,30,7,Hybrid,0
74,439,3507,3,3,0,20,20,8,Electric,0
0,439,3507,3,4,0,NA,NA,NA,NA,1
79,439,3508,4,1,0,15,30,8,Electric,0
26,439,3508,4,2,1,20,30,8,Gasoline,0
30,439,3508,4,3,0,25,20,6,Hybrid,0
0,439,3508,4,4,0,NA,NA,NA,NA,1
39,439,3509,5,1,0,25,20,7,Hybrid,0
47,439,3509,5,2,1,20,20,8,Hybrid,0
63,439,3509,5,3,0,25,30,6,Electric,0
0,439,3509,5,4,0,NA,NA,NA,NA,1
36,439,3510,6,1,0,25,30,6,Hybrid,0
76,439,3510,6,2,0,15,25,8,Electric,0
38,439,3510,6,3,1,20,20,7,Hybrid,0
0,439,3510,6,4,0,NA,NA,NA,NA,1
10,439,3511,7,1,1,15,20,7,Gasoline,0
54,439,3511,7,2,0,25,30,8,Hybrid,0
57,439,3511,7,3,0,25,20,6,Electric,0
0,439,3511,7,4,0,NA,NA,NA,NA,1
70,439,3512,8,1,0,15,30,7,Electric,0
9,439,3512,8,2,0,25,30,6,Gasoline,0
43,439,3512,8,3,1,15,30,7,Hybrid,0
0,439,3512,8,4,0,NA,NA,NA,NA,1
42,440,3513,1,1,0,25,25,7,Hybrid,0
59,440,3513,1,2,0,20,25,6,Electric,0
34,440,3513,1,3,1,15,30,6,Hybrid,0
0,440,3513,1,4,0,NA,NA,NA,NA,1
25,440,3514,2,1,1,15,30,8,Gasoline,0
30,440,3514,2,2,0,25,20,6,Hybrid,0
45,440,3514,2,3,0,25,30,7,Hybrid,0
0,440,3514,2,4,0,NA,NA,NA,NA,1
50,440,3515,3,1,1,20,25,8,Hybrid,0
61,440,3515,3,2,0,15,30,6,Electric,0
63,440,3515,3,3,0,25,30,6,Electric,0
0,440,3515,3,4,0,NA,NA,NA,NA,1
13,440,3516,4,1,1,15,25,7,Gasoline,0
9,440,3516,4,2,0,25,30,6,Gasoline,0
71,440,3516,4,3,0,20,30,7,Electric,0
0,440,3516,4,4,0,NA,NA,NA,NA,1
26,440,3517,5,1,1,20,30,8,Gasoline,0
33,440,3517,5,2,0,25,25,6,Hybrid,0
21,440,3517,5,3,0,25,20,8,Gasoline,0
0,440,3517,5,4,0,NA,NA,NA,NA,1
56,440,3518,6,1,0,20,20,6,Electric,0
68,440,3518,6,2,0,20,25,7,Electric,0
64,440,3518,6,3,0,15,20,7,Electric,0
0,440,3518,6,4,1,NA,NA,NA,NA,1
14,440,3519,7,1,0,20,25,7,Gasoline,0
37,440,3519,7,2,1,15,20,7,Hybrid,0
80,440,3519,7,3,0,20,30,8,Electric,0
0,440,3519,7,4,0,NA,NA,NA,NA,1
11,440,3520,8,1,1,20,20,7,Gasoline,0
74,440,3520,8,2,0,20,20,8,Electric,0
42,440,3520,8,3,0,25,25,7,Hybrid,0
0,440,3520,8,4,0,NA,NA,NA,NA,1
65,441,3521,1,1,0,20,20,7,Electric,0
71,441,3521,1,2,0,20,30,7,Electric,0
55,441,3521,1,3,1,15,20,6,Electric,0
0,441,3521,1,4,0,NA,NA,NA,NA,1
4,441,3522,2,1,1,15,25,6,Gasoline,0
69,441,3522,2,2,0,25,25,7,Electric,0
28,441,3522,2,3,0,15,20,6,Hybrid,0
0,441,3522,2,4,0,NA,NA,NA,NA,1
47,441,3523,3,1,0,20,20,8,Hybrid,0
37,441,3523,3,2,0,15,20,7,Hybrid,0
43,441,3523,3,3,1,15,30,7,Hybrid,0
0,441,3523,3,4,0,NA,NA,NA,NA,1
38,441,3524,4,1,0,20,20,7,Hybrid,0
18,441,3524,4,2,0,25,30,7,Gasoline,0
34,441,3524,4,3,1,15,30,6,Hybrid,0
0,441,3524,4,4,0,NA,NA,NA,NA,1
21,441,3525,5,1,0,25,20,8,Gasoline,0
69,441,3525,5,2,0,25,25,7,Electric,0
47,441,3525,5,3,1,20,20,8,Hybrid,0
0,441,3525,5,4,0,NA,NA,NA,NA,1
26,441,3526,6,1,1,20,30,8,Gasoline,0
24,441,3526,6,2,0,25,25,8,Gasoline,0
58,441,3526,6,3,0,15,25,6,Electric,0
0,441,3526,6,4,0,NA,NA,NA,NA,1
38,441,3527,7,1,0,20,20,7,Hybrid,0
27,441,3527,7,2,0,25,30,8,Gasoline,0
1,441,3527,7,3,1,15,20,6,Gasoline,0
0,441,3527,7,4,0,NA,NA,NA,NA,1
81,441,3528,8,1,0,25,30,8,Electric,0
78,441,3528,8,2,0,25,25,8,Electric,0
17,441,3528,8,3,1,20,30,7,Gasoline,0
0,441,3528,8,4,0,NA,NA,NA,NA,1
13,442,3529,1,1,0,15,25,7,Gasoline,0
52,442,3529,1,2,1,15,30,8,Hybrid,0
77,442,3529,1,3,0,20,25,8,Electric,0
0,442,3529,1,4,0,NA,NA,NA,NA,1
15,442,3530,2,1,0,25,25,7,Gasoline,0
80,442,3530,2,2,0,20,30,8,Electric,0
44,442,3530,2,3,1,20,30,7,Hybrid,0
0,442,3530,2,4,0,NA,NA,NA,NA,1
46,442,3531,3,1,1,15,20,8,Hybrid,0
65,442,3531,3,2,0,20,20,7,Electric,0
79,442,3531,3,3,0,15,30,8,Electric,0
0,442,3531,3,4,0,NA,NA,NA,NA,1
16,442,3532,4,1,0,15,30,7,Gasoline,0
80,442,3532,4,2,0,20,30,8,Electric,0
7,442,3532,4,3,1,15,30,6,Gasoline,0
0,442,3532,4,4,0,NA,NA,NA,NA,1
24,442,3533,5,1,0,25,25,8,Gasoline,0
57,442,3533,5,2,0,25,20,6,Electric,0
31,442,3533,5,3,1,15,25,6,Hybrid,0
0,442,3533,5,4,0,NA,NA,NA,NA,1
30,442,3534,6,1,0,25,20,6,Hybrid,0
26,442,3534,6,2,1,20,30,8,Gasoline,0
2,442,3534,6,3,0,20,20,6,Gasoline,0
0,442,3534,6,4,0,NA,NA,NA,NA,1
47,442,3535,7,1,1,20,20,8,Hybrid,0
55,442,3535,7,2,0,15,20,6,Electric,0
5,442,3535,7,3,0,20,25,6,Gasoline,0
0,442,3535,7,4,0,NA,NA,NA,NA,1
69,442,3536,8,1,0,25,25,7,Electric,0
37,442,3536,8,2,1,15,20,7,Hybrid,0
67,442,3536,8,3,0,15,25,7,Electric,0
0,442,3536,8,4,0,NA,NA,NA,NA,1
33,443,3537,1,1,0,25,25,6,Hybrid,0
38,443,3537,1,2,1,20,20,7,Hybrid,0
81,443,3537,1,3,0,25,30,8,Electric,0
0,443,3537,1,4,0,NA,NA,NA,NA,1
9,443,3538,2,1,0,25,30,6,Gasoline,0
62,443,3538,2,2,0,20,30,6,Electric,0
61,443,3538,2,3,1,15,30,6,Electric,0
0,443,3538,2,4,0,NA,NA,NA,NA,1
23,443,3539,3,1,1,20,25,8,Gasoline,0
12,443,3539,3,2,0,25,20,7,Gasoline,0
6,443,3539,3,3,0,25,25,6,Gasoline,0
0,443,3539,3,4,0,NA,NA,NA,NA,1
16,443,3540,4,1,1,15,30,7,Gasoline,0
30,443,3540,4,2,0,25,20,6,Hybrid,0
59,443,3540,4,3,0,20,25,6,Electric,0
0,443,3540,4,4,0,NA,NA,NA,NA,1
75,443,3541,5,1,0,25,20,8,Electric,0
80,443,3541,5,2,1,20,30,8,Electric,0
3,443,3541,5,3,0,25,20,6,Gasoline,0
0,443,3541,5,4,0,NA,NA,NA,NA,1
44,443,3542,6,1,0,20,30,7,Hybrid,0
46,443,3542,6,2,1,15,20,8,Hybrid,0
70,443,3542,6,3,0,15,30,7,Electric,0
0,443,3542,6,4,0,NA,NA,NA,NA,1
29,443,3543,7,1,1,20,20,6,Hybrid,0
51,443,3543,7,2,0,25,25,8,Hybrid,0
73,443,3543,7,3,0,15,20,8,Electric,0
0,443,3543,7,4,0,NA,NA,NA,NA,1
26,443,3544,8,1,1,20,30,8,Gasoline,0
42,443,3544,8,2,0,25,25,7,Hybrid,0
41,443,3544,8,3,0,20,25,7,Hybrid,0
0,443,3544,8,4,0,NA,NA,NA,NA,1
69,444,3545,1,1,0,25,25,7,Electric,0
9,444,3545,1,2,0,25,30,6,Gasoline,0
75,444,3545,1,3,0,25,20,8,Electric,0
0,444,3545,1,4,1,NA,NA,NA,NA,1
32,444,3546,2,1,1,20,25,6,Hybrid,0
21,444,3546,2,2,0,25,20,8,Gasoline,0
76,444,3546,2,3,0,15,25,8,Electric,0
0,444,3546,2,4,0,NA,NA,NA,NA,1
38,444,3547,3,1,0,20,20,7,Hybrid,0
53,444,3547,3,2,1,20,30,8,Hybrid,0
6,444,3547,3,3,0,25,25,6,Gasoline,0
0,444,3547,3,4,0,NA,NA,NA,NA,1
48,444,3548,4,1,0,25,20,8,Hybrid,0
55,444,3548,4,2,0,15,20,6,Electric,0
69,444,3548,4,3,0,25,25,7,Electric,0
0,444,3548,4,4,1,NA,NA,NA,NA,1
44,444,3549,5,1,1,20,30,7,Hybrid,0
41,444,3549,5,2,0,20,25,7,Hybrid,0
60,444,3549,5,3,0,25,25,6,Electric,0
0,444,3549,5,4,0,NA,NA,NA,NA,1
16,444,3550,6,1,1,15,30,7,Gasoline,0
15,444,3550,6,2,0,25,25,7,Gasoline,0
26,444,3550,6,3,0,20,30,8,Gasoline,0
0,444,3550,6,4,0,NA,NA,NA,NA,1
26,444,3551,7,1,1,20,30,8,Gasoline,0
60,444,3551,7,2,0,25,25,6,Electric,0
6,444,3551,7,3,0,25,25,6,Gasoline,0
0,444,3551,7,4,0,NA,NA,NA,NA,1
36,444,3552,8,1,0,25,30,6,Hybrid,0
2,444,3552,8,2,0,20,20,6,Gasoline,0
28,444,3552,8,3,1,15,20,6,Hybrid,0
0,444,3552,8,4,0,NA,NA,NA,NA,1
5,445,3553,1,1,0,20,25,6,Gasoline,0
51,445,3553,1,2,0,25,25,8,Hybrid,0
8,445,3553,1,3,1,20,30,6,Gasoline,0
0,445,3553,1,4,0,NA,NA,NA,NA,1
13,445,3554,2,1,0,15,25,7,Gasoline,0
40,445,3554,2,2,1,15,25,7,Hybrid,0
48,445,3554,2,3,0,25,20,8,Hybrid,0
0,445,3554,2,4,0,NA,NA,NA,NA,1
26,445,3555,3,1,0,20,30,8,Gasoline,0
13,445,3555,3,2,1,15,25,7,Gasoline,0
79,445,3555,3,3,0,15,30,8,Electric,0
0,445,3555,3,4,0,NA,NA,NA,NA,1
4,445,3556,4,1,1,15,25,6,Gasoline,0
8,445,3556,4,2,0,20,30,6,Gasoline,0
38,445,3556,4,3,0,20,20,7,Hybrid,0
0,445,3556,4,4,0,NA,NA,NA,NA,1
17,445,3557,5,1,1,20,30,7,Gasoline,0
60,445,3557,5,2,0,25,25,6,Electric,0
33,445,3557,5,3,0,25,25,6,Hybrid,0
0,445,3557,5,4,0,NA,NA,NA,NA,1
60,445,3558,6,1,0,25,25,6,Electric,0
81,445,3558,6,2,0,25,30,8,Electric,0
64,445,3558,6,3,1,15,20,7,Electric,0
0,445,3558,6,4,0,NA,NA,NA,NA,1
58,445,3559,7,1,0,15,25,6,Electric,0
80,445,3559,7,2,0,20,30,8,Electric,0
2,445,3559,7,3,0,20,20,6,Gasoline,0
0,445,3559,7,4,1,NA,NA,NA,NA,1
28,445,3560,8,1,1,15,20,6,Hybrid,0
55,445,3560,8,2,0,15,20,6,Electric,0
45,445,3560,8,3,0,25,30,7,Hybrid,0
0,445,3560,8,4,0,NA,NA,NA,NA,1
32,446,3561,1,1,0,20,25,6,Hybrid,0
53,446,3561,1,2,1,20,30,8,Hybrid,0
24,446,3561,1,3,0,25,25,8,Gasoline,0
0,446,3561,1,4,0,NA,NA,NA,NA,1
46,446,3562,2,1,1,15,20,8,Hybrid,0
51,446,3562,2,2,0,25,25,8,Hybrid,0
75,446,3562,2,3,0,25,20,8,Electric,0
0,446,3562,2,4,0,NA,NA,NA,NA,1
80,446,3563,3,1,0,20,30,8,Electric,0
9,446,3563,3,2,0,25,30,6,Gasoline,0
52,446,3563,3,3,1,15,30,8,Hybrid,0
0,446,3563,3,4,0,NA,NA,NA,NA,1
2,446,3564,4,1,0,20,20,6,Gasoline,0
29,446,3564,4,2,1,20,20,6,Hybrid,0
6,446,3564,4,3,0,25,25,6,Gasoline,0
0,446,3564,4,4,0,NA,NA,NA,NA,1
57,446,3565,5,1,0,25,20,6,Electric,0
12,446,3565,5,2,1,25,20,7,Gasoline,0
3,446,3565,5,3,0,25,20,6,Gasoline,0
0,446,3565,5,4,0,NA,NA,NA,NA,1
8,446,3566,6,1,1,20,30,6,Gasoline,0
39,446,3566,6,2,0,25,20,7,Hybrid,0
69,446,3566,6,3,0,25,25,7,Electric,0
0,446,3566,6,4,0,NA,NA,NA,NA,1
68,446,3567,7,1,0,20,25,7,Electric,0
27,446,3567,7,2,0,25,30,8,Gasoline,0
5,446,3567,7,3,1,20,25,6,Gasoline,0
0,446,3567,7,4,0,NA,NA,NA,NA,1
54,446,3568,8,1,0,25,30,8,Hybrid,0
72,446,3568,8,2,0,25,30,7,Electric,0
44,446,3568,8,3,1,20,30,7,Hybrid,0
0,446,3568,8,4,0,NA,NA,NA,NA,1
28,447,3569,1,1,1,15,20,6,Hybrid,0
20,447,3569,1,2,0,20,20,8,Gasoline,0
18,447,3569,1,3,0,25,30,7,Gasoline,0
0,447,3569,1,4,0,NA,NA,NA,NA,1
29,447,3570,2,1,0,20,20,6,Hybrid,0
37,447,3570,2,2,1,15,20,7,Hybrid,0
5,447,3570,2,3,0,20,25,6,Gasoline,0
0,447,3570,2,4,0,NA,NA,NA,NA,1
76,447,3571,3,1,0,15,25,8,Electric,0
7,447,3571,3,2,1,15,30,6,Gasoline,0
50,447,3571,3,3,0,20,25,8,Hybrid,0
0,447,3571,3,4,0,NA,NA,NA,NA,1
7,447,3572,4,1,0,15,30,6,Gasoline,0
74,447,3572,4,2,0,20,20,8,Electric,0
19,447,3572,4,3,1,15,20,8,Gasoline,0
0,447,3572,4,4,0,NA,NA,NA,NA,1
73,447,3573,5,1,0,15,20,8,Electric,0
63,447,3573,5,2,0,25,30,6,Electric,0
2,447,3573,5,3,1,20,20,6,Gasoline,0
0,447,3573,5,4,0,NA,NA,NA,NA,1
80,447,3574,6,1,0,20,30,8,Electric,0
40,447,3574,6,2,1,15,25,7,Hybrid,0
42,447,3574,6,3,0,25,25,7,Hybrid,0
0,447,3574,6,4,0,NA,NA,NA,NA,1
48,447,3575,7,1,0,25,20,8,Hybrid,0
43,447,3575,7,2,1,15,30,7,Hybrid,0
64,447,3575,7,3,0,15,20,7,Electric,0
0,447,3575,7,4,0,NA,NA,NA,NA,1
57,447,3576,8,1,0,25,20,6,Electric,0
20,447,3576,8,2,1,20,20,8,Gasoline,0
42,447,3576,8,3,0,25,25,7,Hybrid,0
0,447,3576,8,4,0,NA,NA,NA,NA,1
50,448,3577,1,1,0,20,25,8,Hybrid,0
17,448,3577,1,2,0,20,30,7,Gasoline,0
24,448,3577,1,3,1,25,25,8,Gasoline,0
0,448,3577,1,4,0,NA,NA,NA,NA,1
31,448,3578,2,1,1,15,25,6,Hybrid,0
72,448,3578,2,2,0,25,30,7,Electric,0
18,448,3578,2,3,0,25,30,7,Gasoline,0
0,448,3578,2,4,0,NA,NA,NA,NA,1
22,448,3579,3,1,0,15,25,8,Gasoline,0
13,448,3579,3,2,1,15,25,7,Gasoline,0
41,448,3579,3,3,0,20,25,7,Hybrid,0
0,448,3579,3,4,0,NA,NA,NA,NA,1
20,448,3580,4,1,1,20,20,8,Gasoline,0
74,448,3580,4,2,0,20,20,8,Electric,0
51,448,3580,4,3,0,25,25,8,Hybrid,0
0,448,3580,4,4,0,NA,NA,NA,NA,1
24,448,3581,5,1,0,25,25,8,Gasoline,0
46,448,3581,5,2,1,15,20,8,Hybrid,0
57,448,3581,5,3,0,25,20,6,Electric,0
0,448,3581,5,4,0,NA,NA,NA,NA,1
5,448,3582,6,1,0,20,25,6,Gasoline,0
61,448,3582,6,2,0,15,30,6,Electric,0
34,448,3582,6,3,1,15,30,6,Hybrid,0
0,448,3582,6,4,0,NA,NA,NA,NA,1
80,448,3583,7,1,0,20,30,8,Electric,0
44,448,3583,7,2,1,20,30,7,Hybrid,0
48,448,3583,7,3,0,25,20,8,Hybrid,0
0,448,3583,7,4,0,NA,NA,NA,NA,1
45,448,3584,8,1,0,25,30,7,Hybrid,0
76,448,3584,8,2,1,15,25,8,Electric,0
51,448,3584,8,3,0,25,25,8,Hybrid,0
0,448,3584,8,4,0,NA,NA,NA,NA,1
1,449,3585,1,1,1,15,20,6,Gasoline,0
76,449,3585,1,2,0,15,25,8,Electric,0
68,449,3585,1,3,0,20,25,7,Electric,0
0,449,3585,1,4,0,NA,NA,NA,NA,1
42,449,3586,2,1,0,25,25,7,Hybrid,0
43,449,3586,2,2,1,15,30,7,Hybrid,0
78,449,3586,2,3,0,25,25,8,Electric,0
0,449,3586,2,4,0,NA,NA,NA,NA,1
56,449,3587,3,1,0,20,20,6,Electric,0
32,449,3587,3,2,1,20,25,6,Hybrid,0
30,449,3587,3,3,0,25,20,6,Hybrid,0
0,449,3587,3,4,0,NA,NA,NA,NA,1
69,449,3588,4,1,0,25,25,7,Electric,0
4,449,3588,4,2,1,15,25,6,Gasoline,0
56,449,3588,4,3,0,20,20,6,Electric,0
0,449,3588,4,4,0,NA,NA,NA,NA,1
31,449,3589,5,1,1,15,25,6,Hybrid,0
22,449,3589,5,2,0,15,25,8,Gasoline,0
64,449,3589,5,3,0,15,20,7,Electric,0
0,449,3589,5,4,0,NA,NA,NA,NA,1
43,449,3590,6,1,1,15,30,7,Hybrid,0
21,449,3590,6,2,0,25,20,8,Gasoline,0
74,449,3590,6,3,0,20,20,8,Electric,0
0,449,3590,6,4,0,NA,NA,NA,NA,1
39,449,3591,7,1,0,25,20,7,Hybrid,0
49,449,3591,7,2,0,15,25,8,Hybrid,0
22,449,3591,7,3,1,15,25,8,Gasoline,0
0,449,3591,7,4,0,NA,NA,NA,NA,1
8,449,3592,8,1,1,20,30,6,Gasoline,0
47,449,3592,8,2,0,20,20,8,Hybrid,0
15,449,3592,8,3,0,25,25,7,Gasoline,0
0,449,3592,8,4,0,NA,NA,NA,NA,1
18,450,3593,1,1,1,25,30,7,Gasoline,0
80,450,3593,1,2,0,20,30,8,Electric,0
66,450,3593,1,3,0,25,20,7,Electric,0
0,450,3593,1,4,0,NA,NA,NA,NA,1
45,450,3594,2,1,0,25,30,7,Hybrid,0
54,450,3594,2,2,0,25,30,8,Hybrid,0
19,450,3594,2,3,1,15,20,8,Gasoline,0
0,450,3594,2,4,0,NA,NA,NA,NA,1
30,450,3595,3,1,0,25,20,6,Hybrid,0
32,450,3595,3,2,1,20,25,6,Hybrid,0
70,450,3595,3,3,0,15,30,7,Electric,0
0,450,3595,3,4,0,NA,NA,NA,NA,1
48,450,3596,4,1,0,25,20,8,Hybrid,0
44,450,3596,4,2,0,20,30,7,Hybrid,0
38,450,3596,4,3,1,20,20,7,Hybrid,0
0,450,3596,4,4,0,NA,NA,NA,NA,1
47,450,3597,5,1,1,20,20,8,Hybrid,0
66,450,3597,5,2,0,25,20,7,Electric,0
77,450,3597,5,3,0,20,25,8,Electric,0
0,450,3597,5,4,0,NA,NA,NA,NA,1
29,450,3598,6,1,0,20,20,6,Hybrid,0
20,450,3598,6,2,0,20,20,8,Gasoline,0
19,450,3598,6,3,1,15,20,8,Gasoline,0
0,450,3598,6,4,0,NA,NA,NA,NA,1
79,450,3599,7,1,0,15,30,8,Electric,0
1,450,3599,7,2,1,15,20,6,Gasoline,0
59,450,3599,7,3,0,20,25,6,Electric,0
0,450,3599,7,4,0,NA,NA,NA,NA,1
2,450,3600,8,1,0,20,20,6,Gasoline,0
31,450,3600,8,2,1,15,25,6,Hybrid,0
7,450,3600,8,3,0,15,30,6,Gasoline,0
0,450,3600,8,4,0,NA,NA,NA,NA,1
2,451,3601,1,1,0,20,20,6,Gasoline,0
43,451,3601,1,2,1,15,30,7,Hybrid,0
39,451,3601,1,3,0,25,20,7,Hybrid,0
0,451,3601,1,4,0,NA,NA,NA,NA,1
36,451,3602,2,1,0,25,30,6,Hybrid,0
38,451,3602,2,2,1,20,20,7,Hybrid,0
80,451,3602,2,3,0,20,30,8,Electric,0
0,451,3602,2,4,0,NA,NA,NA,NA,1
48,451,3603,3,1,0,25,20,8,Hybrid,0
9,451,3603,3,2,0,25,30,6,Gasoline,0
33,451,3603,3,3,0,25,25,6,Hybrid,0
0,451,3603,3,4,1,NA,NA,NA,NA,1
11,451,3604,4,1,0,20,20,7,Gasoline,0
75,451,3604,4,2,0,25,20,8,Electric,0
68,451,3604,4,3,0,20,25,7,Electric,0
0,451,3604,4,4,1,NA,NA,NA,NA,1
14,451,3605,5,1,0,20,25,7,Gasoline,0
9,451,3605,5,2,0,25,30,6,Gasoline,0
2,451,3605,5,3,1,20,20,6,Gasoline,0
0,451,3605,5,4,0,NA,NA,NA,NA,1
31,451,3606,6,1,1,15,25,6,Hybrid,0
46,451,3606,6,2,0,15,20,8,Hybrid,0
57,451,3606,6,3,0,25,20,6,Electric,0
0,451,3606,6,4,0,NA,NA,NA,NA,1
23,451,3607,7,1,0,20,25,8,Gasoline,0
32,451,3607,7,2,1,20,25,6,Hybrid,0
33,451,3607,7,3,0,25,25,6,Hybrid,0
0,451,3607,7,4,0,NA,NA,NA,NA,1
4,451,3608,8,1,1,15,25,6,Gasoline,0
21,451,3608,8,2,0,25,20,8,Gasoline,0
41,451,3608,8,3,0,20,25,7,Hybrid,0
0,451,3608,8,4,0,NA,NA,NA,NA,1
67,452,3609,1,1,1,15,25,7,Electric,0
21,452,3609,1,2,0,25,20,8,Gasoline,0
64,452,3609,1,3,0,15,20,7,Electric,0
0,452,3609,1,4,0,NA,NA,NA,NA,1
64,452,3610,2,1,0,15,20,7,Electric,0
76,452,3610,2,2,1,15,25,8,Electric,0
59,452,3610,2,3,0,20,25,6,Electric,0
0,452,3610,2,4,0,NA,NA,NA,NA,1
54,452,3611,3,1,0,25,30,8,Hybrid,0
25,452,3611,3,2,1,15,30,8,Gasoline,0
40,452,3611,3,3,0,15,25,7,Hybrid,0
0,452,3611,3,4,0,NA,NA,NA,NA,1
76,452,3612,4,1,0,15,25,8,Electric,0
46,452,3612,4,2,1,15,20,8,Hybrid,0
44,452,3612,4,3,0,20,30,7,Hybrid,0
0,452,3612,4,4,0,NA,NA,NA,NA,1
74,452,3613,5,1,0,20,20,8,Electric,0
58,452,3613,5,2,0,15,25,6,Electric,0
9,452,3613,5,3,0,25,30,6,Gasoline,0
0,452,3613,5,4,1,NA,NA,NA,NA,1
15,452,3614,6,1,0,25,25,7,Gasoline,0
75,452,3614,6,2,0,25,20,8,Electric,0
10,452,3614,6,3,1,15,20,7,Gasoline,0
0,452,3614,6,4,0,NA,NA,NA,NA,1
70,452,3615,7,1,1,15,30,7,Electric,0
57,452,3615,7,2,0,25,20,6,Electric,0
23,452,3615,7,3,0,20,25,8,Gasoline,0
0,452,3615,7,4,0,NA,NA,NA,NA,1
37,452,3616,8,1,1,15,20,7,Hybrid,0
62,452,3616,8,2,0,20,30,6,Electric,0
38,452,3616,8,3,0,20,20,7,Hybrid,0
0,452,3616,8,4,0,NA,NA,NA,NA,1
10,453,3617,1,1,0,15,20,7,Gasoline,0
24,453,3617,1,2,0,25,25,8,Gasoline,0
40,453,3617,1,3,1,15,25,7,Hybrid,0
0,453,3617,1,4,0,NA,NA,NA,NA,1
65,453,3618,2,1,0,20,20,7,Electric,0
61,453,3618,2,2,0,15,30,6,Electric,0
49,453,3618,2,3,1,15,25,8,Hybrid,0
0,453,3618,2,4,0,NA,NA,NA,NA,1
14,453,3619,3,1,0,20,25,7,Gasoline,0
5,453,3619,3,2,1,20,25,6,Gasoline,0
66,453,3619,3,3,0,25,20,7,Electric,0
0,453,3619,3,4,0,NA,NA,NA,NA,1
76,453,3620,4,1,0,15,25,8,Electric,0
63,453,3620,4,2,0,25,30,6,Electric,0
72,453,3620,4,3,0,25,30,7,Electric,0
0,453,3620,4,4,1,NA,NA,NA,NA,1
49,453,3621,5,1,1,15,25,8,Hybrid,0
55,453,3621,5,2,0,15,20,6,Electric,0
48,453,3621,5,3,0,25,20,8,Hybrid,0
0,453,3621,5,4,0,NA,NA,NA,NA,1
62,453,3622,6,1,0,20,30,6,Electric,0
29,453,3622,6,2,0,20,20,6,Hybrid,0
10,453,3622,6,3,1,15,20,7,Gasoline,0
0,453,3622,6,4,0,NA,NA,NA,NA,1
73,453,3623,7,1,1,15,20,8,Electric,0
66,453,3623,7,2,0,25,20,7,Electric,0
62,453,3623,7,3,0,20,30,6,Electric,0
0,453,3623,7,4,0,NA,NA,NA,NA,1
76,453,3624,8,1,1,15,25,8,Electric,0
63,453,3624,8,2,0,25,30,6,Electric,0
20,453,3624,8,3,0,20,20,8,Gasoline,0
0,453,3624,8,4,0,NA,NA,NA,NA,1
28,454,3625,1,1,0,15,20,6,Hybrid,0
34,454,3625,1,2,1,15,30,6,Hybrid,0
68,454,3625,1,3,0,20,25,7,Electric,0
0,454,3625,1,4,0,NA,NA,NA,NA,1
62,454,3626,2,1,0,20,30,6,Electric,0
80,454,3626,2,2,0,20,30,8,Electric,0
38,454,3626,2,3,1,20,20,7,Hybrid,0
0,454,3626,2,4,0,NA,NA,NA,NA,1
61,454,3627,3,1,0,15,30,6,Electric,0
71,454,3627,3,2,0,20,30,7,Electric,0
4,454,3627,3,3,1,15,25,6,Gasoline,0
0,454,3627,3,4,0,NA,NA,NA,NA,1
56,454,3628,4,1,0,20,20,6,Electric,0
60,454,3628,4,2,0,25,25,6,Electric,0
24,454,3628,4,3,0,25,25,8,Gasoline,0
0,454,3628,4,4,1,NA,NA,NA,NA,1
6,454,3629,5,1,0,25,25,6,Gasoline,0
50,454,3629,5,2,0,20,25,8,Hybrid,0
14,454,3629,5,3,1,20,25,7,Gasoline,0
0,454,3629,5,4,0,NA,NA,NA,NA,1
39,454,3630,6,1,0,25,20,7,Hybrid,0
38,454,3630,6,2,1,20,20,7,Hybrid,0
15,454,3630,6,3,0,25,25,7,Gasoline,0
0,454,3630,6,4,0,NA,NA,NA,NA,1
18,454,3631,7,1,0,25,30,7,Gasoline,0
78,454,3631,7,2,0,25,25,8,Electric,0
4,454,3631,7,3,1,15,25,6,Gasoline,0
0,454,3631,7,4,0,NA,NA,NA,NA,1
5,454,3632,8,1,0,20,25,6,Gasoline,0
37,454,3632,8,2,0,15,20,7,Hybrid,0
14,454,3632,8,3,1,20,25,7,Gasoline,0
0,454,3632,8,4,0,NA,NA,NA,NA,1
14,455,3633,1,1,0,20,25,7,Gasoline,0
26,455,3633,1,2,0,20,30,8,Gasoline,0
7,455,3633,1,3,1,15,30,6,Gasoline,0
0,455,3633,1,4,0,NA,NA,NA,NA,1
31,455,3634,2,1,1,15,25,6,Hybrid,0
71,455,3634,2,2,0,20,30,7,Electric,0
54,455,3634,2,3,0,25,30,8,Hybrid,0
0,455,3634,2,4,0,NA,NA,NA,NA,1
46,455,3635,3,1,1,15,20,8,Hybrid,0
5,455,3635,3,2,0,20,25,6,Gasoline,0
67,455,3635,3,3,0,15,25,7,Electric,0
0,455,3635,3,4,0,NA,NA,NA,NA,1
60,455,3636,4,1,0,25,25,6,Electric,0
59,455,3636,4,2,0,20,25,6,Electric,0
3,455,3636,4,3,1,25,20,6,Gasoline,0
0,455,3636,4,4,0,NA,NA,NA,NA,1
48,455,3637,5,1,0,25,20,8,Hybrid,0
13,455,3637,5,2,1,15,25,7,Gasoline,0
9,455,3637,5,3,0,25,30,6,Gasoline,0
0,455,3637,5,4,0,NA,NA,NA,NA,1
34,455,3638,6,1,1,15,30,6,Hybrid,0
80,455,3638,6,2,0,20,30,8,Electric,0
15,455,3638,6,3,0,25,25,7,Gasoline,0
0,455,3638,6,4,0,NA,NA,NA,NA,1
81,455,3639,7,1,0,25,30,8,Electric,0
47,455,3639,7,2,1,20,20,8,Hybrid,0
75,455,3639,7,3,0,25,20,8,Electric,0
0,455,3639,7,4,0,NA,NA,NA,NA,1
68,455,3640,8,1,0,20,25,7,Electric,0
29,455,3640,8,2,0,20,20,6,Hybrid,0
19,455,3640,8,3,1,15,20,8,Gasoline,0
0,455,3640,8,4,0,NA,NA,NA,NA,1
18,456,3641,1,1,0,25,30,7,Gasoline,0
78,456,3641,1,2,0,25,25,8,Electric,0
63,456,3641,1,3,0,25,30,6,Electric,0
0,456,3641,1,4,1,NA,NA,NA,NA,1
31,456,3642,2,1,1,15,25,6,Hybrid,0
26,456,3642,2,2,0,20,30,8,Gasoline,0
24,456,3642,2,3,0,25,25,8,Gasoline,0
0,456,3642,2,4,0,NA,NA,NA,NA,1
76,456,3643,3,1,0,15,25,8,Electric,0
39,456,3643,3,2,0,25,20,7,Hybrid,0
31,456,3643,3,3,1,15,25,6,Hybrid,0
0,456,3643,3,4,0,NA,NA,NA,NA,1
36,456,3644,4,1,0,25,30,6,Hybrid,0
31,456,3644,4,2,0,15,25,6,Hybrid,0
4,456,3644,4,3,1,15,25,6,Gasoline,0
0,456,3644,4,4,0,NA,NA,NA,NA,1
40,456,3645,5,1,1,15,25,7,Hybrid,0
23,456,3645,5,2,0,20,25,8,Gasoline,0
43,456,3645,5,3,0,15,30,7,Hybrid,0
0,456,3645,5,4,0,NA,NA,NA,NA,1
63,456,3646,6,1,0,25,30,6,Electric,0
21,456,3646,6,2,0,25,20,8,Gasoline,0
41,456,3646,6,3,1,20,25,7,Hybrid,0
0,456,3646,6,4,0,NA,NA,NA,NA,1
17,456,3647,7,1,0,20,30,7,Gasoline,0
78,456,3647,7,2,0,25,25,8,Electric,0
40,456,3647,7,3,1,15,25,7,Hybrid,0
0,456,3647,7,4,0,NA,NA,NA,NA,1
47,456,3648,8,1,1,20,20,8,Hybrid,0
59,456,3648,8,2,0,20,25,6,Electric,0
39,456,3648,8,3,0,25,20,7,Hybrid,0
0,456,3648,8,4,0,NA,NA,NA,NA,1
75,457,3649,1,1,0,25,20,8,Electric,0
19,457,3649,1,2,0,15,20,8,Gasoline,0
14,457,3649,1,3,1,20,25,7,Gasoline,0
0,457,3649,1,4,0,NA,NA,NA,NA,1
25,457,3650,2,1,1,15,30,8,Gasoline,0
27,457,3650,2,2,0,25,30,8,Gasoline,0
81,457,3650,2,3,0,25,30,8,Electric,0
0,457,3650,2,4,0,NA,NA,NA,NA,1
20,457,3651,3,1,1,20,20,8,Gasoline,0
65,457,3651,3,2,0,20,20,7,Electric,0
80,457,3651,3,3,0,20,30,8,Electric,0
0,457,3651,3,4,0,NA,NA,NA,NA,1
52,457,3652,4,1,1,15,30,8,Hybrid,0
53,457,3652,4,2,0,20,30,8,Hybrid,0
55,457,3652,4,3,0,15,20,6,Electric,0
0,457,3652,4,4,0,NA,NA,NA,NA,1
44,457,3653,5,1,0,20,30,7,Hybrid,0
7,457,3653,5,2,1,15,30,6,Gasoline,0
57,457,3653,5,3,0,25,20,6,Electric,0
0,457,3653,5,4,0,NA,NA,NA,NA,1
69,457,3654,6,1,0,25,25,7,Electric,0
47,457,3654,6,2,1,20,20,8,Hybrid,0
17,457,3654,6,3,0,20,30,7,Gasoline,0
0,457,3654,6,4,0,NA,NA,NA,NA,1
78,457,3655,7,1,0,25,25,8,Electric,0
57,457,3655,7,2,0,25,20,6,Electric,0
66,457,3655,7,3,0,25,20,7,Electric,0
0,457,3655,7,4,1,NA,NA,NA,NA,1
10,457,3656,8,1,1,15,20,7,Gasoline,0
70,457,3656,8,2,0,15,30,7,Electric,0
62,457,3656,8,3,0,20,30,6,Electric,0
0,457,3656,8,4,0,NA,NA,NA,NA,1
45,458,3657,1,1,0,25,30,7,Hybrid,0
22,458,3657,1,2,1,15,25,8,Gasoline,0
39,458,3657,1,3,0,25,20,7,Hybrid,0
0,458,3657,1,4,0,NA,NA,NA,NA,1
70,458,3658,2,1,0,15,30,7,Electric,0
1,458,3658,2,2,1,15,20,6,Gasoline,0
42,458,3658,2,3,0,25,25,7,Hybrid,0
0,458,3658,2,4,0,NA,NA,NA,NA,1
10,458,3659,3,1,1,15,20,7,Gasoline,0
77,458,3659,3,2,0,20,25,8,Electric,0
81,458,3659,3,3,0,25,30,8,Electric,0
0,458,3659,3,4,0,NA,NA,NA,NA,1
7,458,3660,4,1,1,15,30,6,Gasoline,0
44,458,3660,4,2,0,20,30,7,Hybrid,0
36,458,3660,4,3,0,25,30,6,Hybrid,0
0,458,3660,4,4,0,NA,NA,NA,NA,1
14,458,3661,5,1,0,20,25,7,Gasoline,0
27,458,3661,5,2,0,25,30,8,Gasoline,0
16,458,3661,5,3,1,15,30,7,Gasoline,0
0,458,3661,5,4,0,NA,NA,NA,NA,1
9,458,3662,6,1,0,25,30,6,Gasoline,0
34,458,3662,6,2,1,15,30,6,Hybrid,0
23,458,3662,6,3,0,20,25,8,Gasoline,0
0,458,3662,6,4,0,NA,NA,NA,NA,1
52,458,3663,7,1,0,15,30,8,Hybrid,0
43,458,3663,7,2,1,15,30,7,Hybrid,0
78,458,3663,7,3,0,25,25,8,Electric,0
0,458,3663,7,4,0,NA,NA,NA,NA,1
1,458,3664,8,1,0,15,20,6,Gasoline,0
50,458,3664,8,2,0,20,25,8,Hybrid,0
35,458,3664,8,3,1,20,30,6,Hybrid,0
0,458,3664,8,4,0,NA,NA,NA,NA,1
11,459,3665,1,1,1,20,20,7,Gasoline,0
42,459,3665,1,2,0,25,25,7,Hybrid,0
54,459,3665,1,3,0,25,30,8,Hybrid,0
0,459,3665,1,4,0,NA,NA,NA,NA,1
72,459,3666,2,1,0,25,30,7,Electric,0
53,459,3666,2,2,1,20,30,8,Hybrid,0
21,459,3666,2,3,0,25,20,8,Gasoline,0
0,459,3666,2,4,0,NA,NA,NA,NA,1
6,459,3667,3,1,0,25,25,6,Gasoline,0
27,459,3667,3,2,0,25,30,8,Gasoline,0
77,459,3667,3,3,0,20,25,8,Electric,0
0,459,3667,3,4,1,NA,NA,NA,NA,1
80,459,3668,4,1,0,20,30,8,Electric,0
27,459,3668,4,2,0,25,30,8,Gasoline,0
47,459,3668,4,3,0,20,20,8,Hybrid,0
0,459,3668,4,4,1,NA,NA,NA,NA,1
21,459,3669,5,1,0,25,20,8,Gasoline,0
46,459,3669,5,2,1,15,20,8,Hybrid,0
24,459,3669,5,3,0,25,25,8,Gasoline,0
0,459,3669,5,4,0,NA,NA,NA,NA,1
11,459,3670,6,1,0,20,20,7,Gasoline,0
44,459,3670,6,2,1,20,30,7,Hybrid,0
40,459,3670,6,3,0,15,25,7,Hybrid,0
0,459,3670,6,4,0,NA,NA,NA,NA,1
34,459,3671,7,1,1,15,30,6,Hybrid,0
46,459,3671,7,2,0,15,20,8,Hybrid,0
55,459,3671,7,3,0,15,20,6,Electric,0
0,459,3671,7,4,0,NA,NA,NA,NA,1
76,459,3672,8,1,0,15,25,8,Electric,0
13,459,3672,8,2,1,15,25,7,Gasoline,0
56,459,3672,8,3,0,20,20,6,Electric,0
0,459,3672,8,4,0,NA,NA,NA,NA,1
26,460,3673,1,1,1,20,30,8,Gasoline,0
55,460,3673,1,2,0,15,20,6,Electric,0
78,460,3673,1,3,0,25,25,8,Electric,0
0,460,3673,1,4,0,NA,NA,NA,NA,1
63,460,3674,2,1,0,25,30,6,Electric,0
28,460,3674,2,2,1,15,20,6,Hybrid,0
54,460,3674,2,3,0,25,30,8,Hybrid,0
0,460,3674,2,4,0,NA,NA,NA,NA,1
74,460,3675,3,1,0,20,20,8,Electric,0
49,460,3675,3,2,1,15,25,8,Hybrid,0
36,460,3675,3,3,0,25,30,6,Hybrid,0
0,460,3675,3,4,0,NA,NA,NA,NA,1
80,460,3676,4,1,0,20,30,8,Electric,0
35,460,3676,4,2,1,20,30,6,Hybrid,0
15,460,3676,4,3,0,25,25,7,Gasoline,0
0,460,3676,4,4,0,NA,NA,NA,NA,1
11,460,3677,5,1,1,20,20,7,Gasoline,0
78,460,3677,5,2,0,25,25,8,Electric,0
39,460,3677,5,3,0,25,20,7,Hybrid,0
0,460,3677,5,4,0,NA,NA,NA,NA,1
11,460,3678,6,1,0,20,20,7,Gasoline,0
39,460,3678,6,2,0,25,20,7,Hybrid,0
26,460,3678,6,3,0,20,30,8,Gasoline,0
0,460,3678,6,4,1,NA,NA,NA,NA,1
63,460,3679,7,1,0,25,30,6,Electric,0
5,460,3679,7,2,0,20,25,6,Gasoline,0
25,460,3679,7,3,1,15,30,8,Gasoline,0
0,460,3679,7,4,0,NA,NA,NA,NA,1
53,460,3680,8,1,1,20,30,8,Hybrid,0
74,460,3680,8,2,0,20,20,8,Electric,0
23,460,3680,8,3,0,20,25,8,Gasoline,0
0,460,3680,8,4,0,NA,NA,NA,NA,1
8,461,3681,1,1,0,20,30,6,Gasoline,0
49,461,3681,1,2,1,15,25,8,Hybrid,0
16,461,3681,1,3,0,15,30,7,Gasoline,0
0,461,3681,1,4,0,NA,NA,NA,NA,1
24,461,3682,2,1,0,25,25,8,Gasoline,0
15,461,3682,2,2,0,25,25,7,Gasoline,0
70,461,3682,2,3,1,15,30,7,Electric,0
0,461,3682,2,4,0,NA,NA,NA,NA,1
59,461,3683,3,1,0,20,25,6,Electric,0
13,461,3683,3,2,1,15,25,7,Gasoline,0
19,461,3683,3,3,0,15,20,8,Gasoline,0
0,461,3683,3,4,0,NA,NA,NA,NA,1
48,461,3684,4,1,0,25,20,8,Hybrid,0
50,461,3684,4,2,1,20,25,8,Hybrid,0
18,461,3684,4,3,0,25,30,7,Gasoline,0
0,461,3684,4,4,0,NA,NA,NA,NA,1
74,461,3685,5,1,0,20,20,8,Electric,0
30,461,3685,5,2,0,25,20,6,Hybrid,0
72,461,3685,5,3,0,25,30,7,Electric,0
0,461,3685,5,4,1,NA,NA,NA,NA,1
41,461,3686,6,1,1,20,25,7,Hybrid,0
69,461,3686,6,2,0,25,25,7,Electric,0
75,461,3686,6,3,0,25,20,8,Electric,0
0,461,3686,6,4,0,NA,NA,NA,NA,1
45,461,3687,7,1,0,25,30,7,Hybrid,0
66,461,3687,7,2,0,25,20,7,Electric,0
25,461,3687,7,3,1,15,30,8,Gasoline,0
0,461,3687,7,4,0,NA,NA,NA,NA,1
23,461,3688,8,1,1,20,25,8,Gasoline,0
66,461,3688,8,2,0,25,20,7,Electric,0
3,461,3688,8,3,0,25,20,6,Gasoline,0
0,461,3688,8,4,0,NA,NA,NA,NA,1
52,462,3689,1,1,1,15,30,8,Hybrid,0
28,462,3689,1,2,0,15,20,6,Hybrid,0
57,462,3689,1,3,0,25,20,6,Electric,0
0,462,3689,1,4,0,NA,NA,NA,NA,1
26,462,3690,2,1,1,20,30,8,Gasoline,0
80,462,3690,2,2,0,20,30,8,Electric,0
17,462,3690,2,3,0,20,30,7,Gasoline,0
0,462,3690,2,4,0,NA,NA,NA,NA,1
13,462,3691,3,1,1,15,25,7,Gasoline,0
39,462,3691,3,2,0,25,20,7,Hybrid,0
80,462,3691,3,3,0,20,30,8,Electric,0
0,462,3691,3,4,0,NA,NA,NA,NA,1
29,462,3692,4,1,0,20,20,6,Hybrid,0
18,462,3692,4,2,0,25,30,7,Gasoline,0
44,462,3692,4,3,1,20,30,7,Hybrid,0
0,462,3692,4,4,0,NA,NA,NA,NA,1
69,462,3693,5,1,0,25,25,7,Electric,0
26,462,3693,5,2,0,20,30,8,Gasoline,0
46,462,3693,5,3,1,15,20,8,Hybrid,0
0,462,3693,5,4,0,NA,NA,NA,NA,1
6,462,3694,6,1,1,25,25,6,Gasoline,0
71,462,3694,6,2,0,20,30,7,Electric,0
32,462,3694,6,3,0,20,25,6,Hybrid,0
0,462,3694,6,4,0,NA,NA,NA,NA,1
34,462,3695,7,1,1,15,30,6,Hybrid,0
22,462,3695,7,2,0,15,25,8,Gasoline,0
20,462,3695,7,3,0,20,20,8,Gasoline,0
0,462,3695,7,4,0,NA,NA,NA,NA,1
70,462,3696,8,1,1,15,30,7,Electric,0
5,462,3696,8,2,0,20,25,6,Gasoline,0
73,462,3696,8,3,0,15,20,8,Electric,0
0,462,3696,8,4,0,NA,NA,NA,NA,1
31,463,3697,1,1,1,15,25,6,Hybrid,0
56,463,3697,1,2,0,20,20,6,Electric,0
14,463,3697,1,3,0,20,25,7,Gasoline,0
0,463,3697,1,4,0,NA,NA,NA,NA,1
75,463,3698,2,1,0,25,20,8,Electric,0
41,463,3698,2,2,1,20,25,7,Hybrid,0
81,463,3698,2,3,0,25,30,8,Electric,0
0,463,3698,2,4,0,NA,NA,NA,NA,1
11,463,3699,3,1,0,20,20,7,Gasoline,0
16,463,3699,3,2,1,15,30,7,Gasoline,0
50,463,3699,3,3,0,20,25,8,Hybrid,0
0,463,3699,3,4,0,NA,NA,NA,NA,1
8,463,3700,4,1,1,20,30,6,Gasoline,0
2,463,3700,4,2,0,20,20,6,Gasoline,0
65,463,3700,4,3,0,20,20,7,Electric,0
0,463,3700,4,4,0,NA,NA,NA,NA,1
11,463,3701,5,1,1,20,20,7,Gasoline,0
21,463,3701,5,2,0,25,20,8,Gasoline,0
69,463,3701,5,3,0,25,25,7,Electric,0
0,463,3701,5,4,0,NA,NA,NA,NA,1
71,463,3702,6,1,0,20,30,7,Electric,0
60,463,3702,6,2,0,25,25,6,Electric,0
2,463,3702,6,3,1,20,20,6,Gasoline,0
0,463,3702,6,4,0,NA,NA,NA,NA,1
66,463,3703,7,1,0,25,20,7,Electric,0
8,463,3703,7,2,0,20,30,6,Gasoline,0
40,463,3703,7,3,1,15,25,7,Hybrid,0
0,463,3703,7,4,0,NA,NA,NA,NA,1
8,463,3704,8,1,1,20,30,6,Gasoline,0
5,463,3704,8,2,0,20,25,6,Gasoline,0
50,463,3704,8,3,0,20,25,8,Hybrid,0
0,463,3704,8,4,0,NA,NA,NA,NA,1
25,464,3705,1,1,0,15,30,8,Gasoline,0
3,464,3705,1,2,0,25,20,6,Gasoline,0
22,464,3705,1,3,1,15,25,8,Gasoline,0
0,464,3705,1,4,0,NA,NA,NA,NA,1
53,464,3706,2,1,1,20,30,8,Hybrid,0
42,464,3706,2,2,0,25,25,7,Hybrid,0
59,464,3706,2,3,0,20,25,6,Electric,0
0,464,3706,2,4,0,NA,NA,NA,NA,1
74,464,3707,3,1,0,20,20,8,Electric,0
81,464,3707,3,2,0,25,30,8,Electric,0
14,464,3707,3,3,1,20,25,7,Gasoline,0
0,464,3707,3,4,0,NA,NA,NA,NA,1
4,464,3708,4,1,1,15,25,6,Gasoline,0
27,464,3708,4,2,0,25,30,8,Gasoline,0
45,464,3708,4,3,0,25,30,7,Hybrid,0
0,464,3708,4,4,0,NA,NA,NA,NA,1
9,464,3709,5,1,0,25,30,6,Gasoline,0
78,464,3709,5,2,0,25,25,8,Electric,0
29,464,3709,5,3,0,20,20,6,Hybrid,0
0,464,3709,5,4,1,NA,NA,NA,NA,1
44,464,3710,6,1,0,20,30,7,Hybrid,0
3,464,3710,6,2,0,25,20,6,Gasoline,0
16,464,3710,6,3,1,15,30,7,Gasoline,0
0,464,3710,6,4,0,NA,NA,NA,NA,1
60,464,3711,7,1,0,25,25,6,Electric,0
72,464,3711,7,2,0,25,30,7,Electric,0
21,464,3711,7,3,1,25,20,8,Gasoline,0
0,464,3711,7,4,0,NA,NA,NA,NA,1
19,464,3712,8,1,1,15,20,8,Gasoline,0
75,464,3712,8,2,0,25,20,8,Electric,0
69,464,3712,8,3,0,25,25,7,Electric,0
0,464,3712,8,4,0,NA,NA,NA,NA,1
5,465,3713,1,1,0,20,25,6,Gasoline,0
49,465,3713,1,2,1,15,25,8,Hybrid,0
60,465,3713,1,3,0,25,25,6,Electric,0
0,465,3713,1,4,0,NA,NA,NA,NA,1
72,465,3714,2,1,0,25,30,7,Electric,0
74,465,3714,2,2,0,20,20,8,Electric,0
18,465,3714,2,3,0,25,30,7,Gasoline,0
0,465,3714,2,4,1,NA,NA,NA,NA,1
75,465,3715,3,1,0,25,20,8,Electric,0
27,465,3715,3,2,0,25,30,8,Gasoline,0
9,465,3715,3,3,1,25,30,6,Gasoline,0
0,465,3715,3,4,0,NA,NA,NA,NA,1
70,465,3716,4,1,1,15,30,7,Electric,0
15,465,3716,4,2,0,25,25,7,Gasoline,0
23,465,3716,4,3,0,20,25,8,Gasoline,0
0,465,3716,4,4,0,NA,NA,NA,NA,1
48,465,3717,5,1,0,25,20,8,Hybrid,0
59,465,3717,5,2,0,20,25,6,Electric,0
80,465,3717,5,3,1,20,30,8,Electric,0
0,465,3717,5,4,0,NA,NA,NA,NA,1
4,465,3718,6,1,1,15,25,6,Gasoline,0
38,465,3718,6,2,0,20,20,7,Hybrid,0
51,465,3718,6,3,0,25,25,8,Hybrid,0
0,465,3718,6,4,0,NA,NA,NA,NA,1
18,465,3719,7,1,0,25,30,7,Gasoline,0
41,465,3719,7,2,1,20,25,7,Hybrid,0
67,465,3719,7,3,0,15,25,7,Electric,0
0,465,3719,7,4,0,NA,NA,NA,NA,1
30,465,3720,8,1,0,25,20,6,Hybrid,0
34,465,3720,8,2,1,15,30,6,Hybrid,0
64,465,3720,8,3,0,15,20,7,Electric,0
0,465,3720,8,4,0,NA,NA,NA,NA,1
15,466,3721,1,1,0,25,25,7,Gasoline,0
17,466,3721,1,2,1,20,30,7,Gasoline,0
62,466,3721,1,3,0,20,30,6,Electric,0
0,466,3721,1,4,0,NA,NA,NA,NA,1
19,466,3722,2,1,0,15,20,8,Gasoline,0
22,466,3722,2,2,1,15,25,8,Gasoline,0
38,466,3722,2,3,0,20,20,7,Hybrid,0
0,466,3722,2,4,0,NA,NA,NA,NA,1
29,466,3723,3,1,0,20,20,6,Hybrid,0
55,466,3723,3,2,0,15,20,6,Electric,0
22,466,3723,3,3,1,15,25,8,Gasoline,0
0,466,3723,3,4,0,NA,NA,NA,NA,1
46,466,3724,4,1,1,15,20,8,Hybrid,0
41,466,3724,4,2,0,20,25,7,Hybrid,0
3,466,3724,4,3,0,25,20,6,Gasoline,0
0,466,3724,4,4,0,NA,NA,NA,NA,1
9,466,3725,5,1,0,25,30,6,Gasoline,0
54,466,3725,5,2,0,25,30,8,Hybrid,0
17,466,3725,5,3,1,20,30,7,Gasoline,0
0,466,3725,5,4,0,NA,NA,NA,NA,1
49,466,3726,6,1,1,15,25,8,Hybrid,0
58,466,3726,6,2,0,15,25,6,Electric,0
59,466,3726,6,3,0,20,25,6,Electric,0
0,466,3726,6,4,0,NA,NA,NA,NA,1
79,466,3727,7,1,0,15,30,8,Electric,0
24,466,3727,7,2,0,25,25,8,Gasoline,0
38,466,3727,7,3,1,20,20,7,Hybrid,0
0,466,3727,7,4,0,NA,NA,NA,NA,1
65,466,3728,8,1,0,20,20,7,Electric,0
49,466,3728,8,2,0,15,25,8,Hybrid,0
31,466,3728,8,3,1,15,25,6,Hybrid,0
0,466,3728,8,4,0,NA,NA,NA,NA,1
15,467,3729,1,1,0,25,25,7,Gasoline,0
14,467,3729,1,2,0,20,25,7,Gasoline,0
63,467,3729,1,3,0,25,30,6,Electric,0
0,467,3729,1,4,1,NA,NA,NA,NA,1
1,467,3730,2,1,1,15,20,6,Gasoline,0
3,467,3730,2,2,0,25,20,6,Gasoline,0
53,467,3730,2,3,0,20,30,8,Hybrid,0
0,467,3730,2,4,0,NA,NA,NA,NA,1
51,467,3731,3,1,0,25,25,8,Hybrid,0
61,467,3731,3,2,1,15,30,6,Electric,0
68,467,3731,3,3,0,20,25,7,Electric,0
0,467,3731,3,4,0,NA,NA,NA,NA,1
58,467,3732,4,1,0,15,25,6,Electric,0
72,467,3732,4,2,0,25,30,7,Electric,0
22,467,3732,4,3,1,15,25,8,Gasoline,0
0,467,3732,4,4,0,NA,NA,NA,NA,1
66,467,3733,5,1,0,25,20,7,Electric,0
53,467,3733,5,2,1,20,30,8,Hybrid,0
27,467,3733,5,3,0,25,30,8,Gasoline,0
0,467,3733,5,4,0,NA,NA,NA,NA,1
81,467,3734,6,1,0,25,30,8,Electric,0
3,467,3734,6,2,0,25,20,6,Gasoline,0
38,467,3734,6,3,0,20,20,7,Hybrid,0
0,467,3734,6,4,1,NA,NA,NA,NA,1
67,467,3735,7,1,0,15,25,7,Electric,0
34,467,3735,7,2,1,15,30,6,Hybrid,0
30,467,3735,7,3,0,25,20,6,Hybrid,0
0,467,3735,7,4,0,NA,NA,NA,NA,1
37,467,3736,8,1,1,15,20,7,Hybrid,0
7,467,3736,8,2,0,15,30,6,Gasoline,0
69,467,3736,8,3,0,25,25,7,Electric,0
0,467,3736,8,4,0,NA,NA,NA,NA,1
56,468,3737,1,1,0,20,20,6,Electric,0
27,468,3737,1,2,0,25,30,8,Gasoline,0
48,468,3737,1,3,0,25,20,8,Hybrid,0
0,468,3737,1,4,1,NA,NA,NA,NA,1
75,468,3738,2,1,0,25,20,8,Electric,0
15,468,3738,2,2,0,25,25,7,Gasoline,0
47,468,3738,2,3,1,20,20,8,Hybrid,0
0,468,3738,2,4,0,NA,NA,NA,NA,1
38,468,3739,3,1,0,20,20,7,Hybrid,0
23,468,3739,3,2,1,20,25,8,Gasoline,0
71,468,3739,3,3,0,20,30,7,Electric,0
0,468,3739,3,4,0,NA,NA,NA,NA,1
26,468,3740,4,1,0,20,30,8,Gasoline,0
47,468,3740,4,2,1,20,20,8,Hybrid,0
60,468,3740,4,3,0,25,25,6,Electric,0
0,468,3740,4,4,0,NA,NA,NA,NA,1
66,468,3741,5,1,0,25,20,7,Electric,0
48,468,3741,5,2,0,25,20,8,Hybrid,0
28,468,3741,5,3,1,15,20,6,Hybrid,0
0,468,3741,5,4,0,NA,NA,NA,NA,1
26,468,3742,6,1,1,20,30,8,Gasoline,0
48,468,3742,6,2,0,25,20,8,Hybrid,0
69,468,3742,6,3,0,25,25,7,Electric,0
0,468,3742,6,4,0,NA,NA,NA,NA,1
32,468,3743,7,1,1,20,25,6,Hybrid,0
78,468,3743,7,2,0,25,25,8,Electric,0
56,468,3743,7,3,0,20,20,6,Electric,0
0,468,3743,7,4,0,NA,NA,NA,NA,1
47,468,3744,8,1,0,20,20,8,Hybrid,0
56,468,3744,8,2,0,20,20,6,Electric,0
2,468,3744,8,3,1,20,20,6,Gasoline,0
0,468,3744,8,4,0,NA,NA,NA,NA,1
47,469,3745,1,1,0,20,20,8,Hybrid,0
68,469,3745,1,2,0,20,25,7,Electric,0
30,469,3745,1,3,0,25,20,6,Hybrid,0
0,469,3745,1,4,1,NA,NA,NA,NA,1
74,469,3746,2,1,0,20,20,8,Electric,0
37,469,3746,2,2,1,15,20,7,Hybrid,0
47,469,3746,2,3,0,20,20,8,Hybrid,0
0,469,3746,2,4,0,NA,NA,NA,NA,1
8,469,3747,3,1,0,20,30,6,Gasoline,0
21,469,3747,3,2,0,25,20,8,Gasoline,0
35,469,3747,3,3,1,20,30,6,Hybrid,0
0,469,3747,3,4,0,NA,NA,NA,NA,1
48,469,3748,4,1,0,25,20,8,Hybrid,0
51,469,3748,4,2,0,25,25,8,Hybrid,0
81,469,3748,4,3,0,25,30,8,Electric,0
0,469,3748,4,4,1,NA,NA,NA,NA,1
39,469,3749,5,1,0,25,20,7,Hybrid,0
65,469,3749,5,2,0,20,20,7,Electric,0
69,469,3749,5,3,0,25,25,7,Electric,0
0,469,3749,5,4,1,NA,NA,NA,NA,1
17,469,3750,6,1,0,20,30,7,Gasoline,0
8,469,3750,6,2,1,20,30,6,Gasoline,0
81,469,3750,6,3,0,25,30,8,Electric,0
0,469,3750,6,4,0,NA,NA,NA,NA,1
22,469,3751,7,1,1,15,25,8,Gasoline,0
3,469,3751,7,2,0,25,20,6,Gasoline,0
27,469,3751,7,3,0,25,30,8,Gasoline,0
0,469,3751,7,4,0,NA,NA,NA,NA,1
12,469,3752,8,1,0,25,20,7,Gasoline,0
28,469,3752,8,2,1,15,20,6,Hybrid,0
11,469,3752,8,3,0,20,20,7,Gasoline,0
0,469,3752,8,4,0,NA,NA,NA,NA,1
79,470,3753,1,1,0,15,30,8,Electric,0
61,470,3753,1,2,0,15,30,6,Electric,0
56,470,3753,1,3,0,20,20,6,Electric,0
0,470,3753,1,4,1,NA,NA,NA,NA,1
41,470,3754,2,1,0,20,25,7,Hybrid,0
49,470,3754,2,2,1,15,25,8,Hybrid,0
66,470,3754,2,3,0,25,20,7,Electric,0
0,470,3754,2,4,0,NA,NA,NA,NA,1
1,470,3755,3,1,1,15,20,6,Gasoline,0
45,470,3755,3,2,0,25,30,7,Hybrid,0
51,470,3755,3,3,0,25,25,8,Hybrid,0
0,470,3755,3,4,0,NA,NA,NA,NA,1
10,470,3756,4,1,1,15,20,7,Gasoline,0
77,470,3756,4,2,0,20,25,8,Electric,0
56,470,3756,4,3,0,20,20,6,Electric,0
0,470,3756,4,4,0,NA,NA,NA,NA,1
60,470,3757,5,1,0,25,25,6,Electric,0
7,470,3757,5,2,1,15,30,6,Gasoline,0
48,470,3757,5,3,0,25,20,8,Hybrid,0
0,470,3757,5,4,0,NA,NA,NA,NA,1
11,470,3758,6,1,0,20,20,7,Gasoline,0
55,470,3758,6,2,0,15,20,6,Electric,0
49,470,3758,6,3,1,15,25,8,Hybrid,0
0,470,3758,6,4,0,NA,NA,NA,NA,1
14,470,3759,7,1,0,20,25,7,Gasoline,0
20,470,3759,7,2,1,20,20,8,Gasoline,0
27,470,3759,7,3,0,25,30,8,Gasoline,0
0,470,3759,7,4,0,NA,NA,NA,NA,1
3,470,3760,8,1,0,25,20,6,Gasoline,0
65,470,3760,8,2,0,20,20,7,Electric,0
49,470,3760,8,3,1,15,25,8,Hybrid,0
0,470,3760,8,4,0,NA,NA,NA,NA,1
69,471,3761,1,1,0,25,25,7,Electric,0
12,471,3761,1,2,0,25,20,7,Gasoline,0
80,471,3761,1,3,1,20,30,8,Electric,0
0,471,3761,1,4,0,NA,NA,NA,NA,1
49,471,3762,2,1,1,15,25,8,Hybrid,0
2,471,3762,2,2,0,20,20,6,Gasoline,0
66,471,3762,2,3,0,25,20,7,Electric,0
0,471,3762,2,4,0,NA,NA,NA,NA,1
4,471,3763,3,1,1,15,25,6,Gasoline,0
80,471,3763,3,2,0,20,30,8,Electric,0
63,471,3763,3,3,0,25,30,6,Electric,0
0,471,3763,3,4,0,NA,NA,NA,NA,1
27,471,3764,4,1,0,25,30,8,Gasoline,0
77,471,3764,4,2,0,20,25,8,Electric,0
46,471,3764,4,3,1,15,20,8,Hybrid,0
0,471,3764,4,4,0,NA,NA,NA,NA,1
81,471,3765,5,1,0,25,30,8,Electric,0
59,471,3765,5,2,0,20,25,6,Electric,0
8,471,3765,5,3,1,20,30,6,Gasoline,0
0,471,3765,5,4,0,NA,NA,NA,NA,1
68,471,3766,6,1,0,20,25,7,Electric,0
24,471,3766,6,2,0,25,25,8,Gasoline,0
9,471,3766,6,3,0,25,30,6,Gasoline,0
0,471,3766,6,4,1,NA,NA,NA,NA,1
35,471,3767,7,1,1,20,30,6,Hybrid,0
36,471,3767,7,2,0,25,30,6,Hybrid,0
21,471,3767,7,3,0,25,20,8,Gasoline,0
0,471,3767,7,4,0,NA,NA,NA,NA,1
29,471,3768,8,1,0,20,20,6,Hybrid,0
56,471,3768,8,2,0,20,20,6,Electric,0
8,471,3768,8,3,1,20,30,6,Gasoline,0
0,471,3768,8,4,0,NA,NA,NA,NA,1
69,472,3769,1,1,0,25,25,7,Electric,0
70,472,3769,1,2,0,15,30,7,Electric,0
17,472,3769,1,3,0,20,30,7,Gasoline,0
0,472,3769,1,4,1,NA,NA,NA,NA,1
78,472,3770,2,1,0,25,25,8,Electric,0
59,472,3770,2,2,0,20,25,6,Electric,0
33,472,3770,2,3,1,25,25,6,Hybrid,0
0,472,3770,2,4,0,NA,NA,NA,NA,1
46,472,3771,3,1,1,15,20,8,Hybrid,0
72,472,3771,3,2,0,25,30,7,Electric,0
68,472,3771,3,3,0,20,25,7,Electric,0
0,472,3771,3,4,0,NA,NA,NA,NA,1
54,472,3772,4,1,0,25,30,8,Hybrid,0
8,472,3772,4,2,0,20,30,6,Gasoline,0
19,472,3772,4,3,1,15,20,8,Gasoline,0
0,472,3772,4,4,0,NA,NA,NA,NA,1
57,472,3773,5,1,0,25,20,6,Electric,0
7,472,3773,5,2,1,15,30,6,Gasoline,0
34,472,3773,5,3,0,15,30,6,Hybrid,0
0,472,3773,5,4,0,NA,NA,NA,NA,1
60,472,3774,6,1,0,25,25,6,Electric,0
43,472,3774,6,2,1,15,30,7,Hybrid,0
62,472,3774,6,3,0,20,30,6,Electric,0
0,472,3774,6,4,0,NA,NA,NA,NA,1
18,472,3775,7,1,0,25,30,7,Gasoline,0
64,472,3775,7,2,1,15,20,7,Electric,0
21,472,3775,7,3,0,25,20,8,Gasoline,0
0,472,3775,7,4,0,NA,NA,NA,NA,1
47,472,3776,8,1,0,20,20,8,Hybrid,0
40,472,3776,8,2,1,15,25,7,Hybrid,0
18,472,3776,8,3,0,25,30,7,Gasoline,0
0,472,3776,8,4,0,NA,NA,NA,NA,1
47,473,3777,1,1,0,20,20,8,Hybrid,0
7,473,3777,1,2,1,15,30,6,Gasoline,0
73,473,3777,1,3,0,15,20,8,Electric,0
0,473,3777,1,4,0,NA,NA,NA,NA,1
37,473,3778,2,1,1,15,20,7,Hybrid,0
48,473,3778,2,2,0,25,20,8,Hybrid,0
35,473,3778,2,3,0,20,30,6,Hybrid,0
0,473,3778,2,4,0,NA,NA,NA,NA,1
22,473,3779,3,1,1,15,25,8,Gasoline,0
36,473,3779,3,2,0,25,30,6,Hybrid,0
61,473,3779,3,3,0,15,30,6,Electric,0
0,473,3779,3,4,0,NA,NA,NA,NA,1
50,473,3780,4,1,0,20,25,8,Hybrid,0
80,473,3780,4,2,0,20,30,8,Electric,0
31,473,3780,4,3,1,15,25,6,Hybrid,0
0,473,3780,4,4,0,NA,NA,NA,NA,1
57,473,3781,5,1,0,25,20,6,Electric,0
71,473,3781,5,2,0,20,30,7,Electric,0
43,473,3781,5,3,1,15,30,7,Hybrid,0
0,473,3781,5,4,0,NA,NA,NA,NA,1
55,473,3782,6,1,0,15,20,6,Electric,0
5,473,3782,6,2,1,20,25,6,Gasoline,0
9,473,3782,6,3,0,25,30,6,Gasoline,0
0,473,3782,6,4,0,NA,NA,NA,NA,1
39,473,3783,7,1,0,25,20,7,Hybrid,0
25,473,3783,7,2,1,15,30,8,Gasoline,0
2,473,3783,7,3,0,20,20,6,Gasoline,0
0,473,3783,7,4,0,NA,NA,NA,NA,1
69,473,3784,8,1,0,25,25,7,Electric,0
53,473,3784,8,2,1,20,30,8,Hybrid,0
38,473,3784,8,3,0,20,20,7,Hybrid,0
0,473,3784,8,4,0,NA,NA,NA,NA,1
17,474,3785,1,1,1,20,30,7,Gasoline,0
67,474,3785,1,2,0,15,25,7,Electric,0
75,474,3785,1,3,0,25,20,8,Electric,0
0,474,3785,1,4,0,NA,NA,NA,NA,1
36,474,3786,2,1,1,25,30,6,Hybrid,0
66,474,3786,2,2,0,25,20,7,Electric,0
71,474,3786,2,3,0,20,30,7,Electric,0
0,474,3786,2,4,0,NA,NA,NA,NA,1
27,474,3787,3,1,0,25,30,8,Gasoline,0
53,474,3787,3,2,0,20,30,8,Hybrid,0
28,474,3787,3,3,1,15,20,6,Hybrid,0
0,474,3787,3,4,0,NA,NA,NA,NA,1
29,474,3788,4,1,0,20,20,6,Hybrid,0
1,474,3788,4,2,1,15,20,6,Gasoline,0
16,474,3788,4,3,0,15,30,7,Gasoline,0
0,474,3788,4,4,0,NA,NA,NA,NA,1
40,474,3789,5,1,0,15,25,7,Hybrid,0
13,474,3789,5,2,1,15,25,7,Gasoline,0
38,474,3789,5,3,0,20,20,7,Hybrid,0
0,474,3789,5,4,0,NA,NA,NA,NA,1
17,474,3790,6,1,0,20,30,7,Gasoline,0
28,474,3790,6,2,1,15,20,6,Hybrid,0
60,474,3790,6,3,0,25,25,6,Electric,0
0,474,3790,6,4,0,NA,NA,NA,NA,1
68,474,3791,7,1,0,20,25,7,Electric,0
58,474,3791,7,2,0,15,25,6,Electric,0
81,474,3791,7,3,0,25,30,8,Electric,0
0,474,3791,7,4,1,NA,NA,NA,NA,1
76,474,3792,8,1,0,15,25,8,Electric,0
13,474,3792,8,2,1,15,25,7,Gasoline,0
45,474,3792,8,3,0,25,30,7,Hybrid,0
0,474,3792,8,4,0,NA,NA,NA,NA,1
48,475,3793,1,1,0,25,20,8,Hybrid,0
55,475,3793,1,2,1,15,20,6,Electric,0
80,475,3793,1,3,0,20,30,8,Electric,0
0,475,3793,1,4,0,NA,NA,NA,NA,1
11,475,3794,2,1,1,20,20,7,Gasoline,0
59,475,3794,2,2,0,20,25,6,Electric,0
9,475,3794,2,3,0,25,30,6,Gasoline,0
0,475,3794,2,4,0,NA,NA,NA,NA,1
55,475,3795,3,1,0,15,20,6,Electric,0
22,475,3795,3,2,1,15,25,8,Gasoline,0
71,475,3795,3,3,0,20,30,7,Electric,0
0,475,3795,3,4,0,NA,NA,NA,NA,1
43,475,3796,4,1,1,15,30,7,Hybrid,0
60,475,3796,4,2,0,25,25,6,Electric,0
1,475,3796,4,3,0,15,20,6,Gasoline,0
0,475,3796,4,4,0,NA,NA,NA,NA,1
36,475,3797,5,1,0,25,30,6,Hybrid,0
45,475,3797,5,2,0,25,30,7,Hybrid,0
2,475,3797,5,3,1,20,20,6,Gasoline,0
0,475,3797,5,4,0,NA,NA,NA,NA,1
14,475,3798,6,1,0,20,25,7,Gasoline,0
74,475,3798,6,2,0,20,20,8,Electric,0
37,475,3798,6,3,1,15,20,7,Hybrid,0
0,475,3798,6,4,0,NA,NA,NA,NA,1
30,475,3799,7,1,0,25,20,6,Hybrid,0
22,475,3799,7,2,1,15,25,8,Gasoline,0
56,475,3799,7,3,0,20,20,6,Electric,0
0,475,3799,7,4,0,NA,NA,NA,NA,1
6,475,3800,8,1,0,25,25,6,Gasoline,0
37,475,3800,8,2,1,15,20,7,Hybrid,0
65,475,3800,8,3,0,20,20,7,Electric,0
0,475,3800,8,4,0,NA,NA,NA,NA,1
46,476,3801,1,1,0,15,20,8,Hybrid,0
55,476,3801,1,2,0,15,20,6,Electric,0
1,476,3801,1,3,1,15,20,6,Gasoline,0
0,476,3801,1,4,0,NA,NA,NA,NA,1
69,476,3802,2,1,0,25,25,7,Electric,0
81,476,3802,2,2,0,25,30,8,Electric,0
27,476,3802,2,3,0,25,30,8,Gasoline,0
0,476,3802,2,4,1,NA,NA,NA,NA,1
78,476,3803,3,1,0,25,25,8,Electric,0
34,476,3803,3,2,1,15,30,6,Hybrid,0
61,476,3803,3,3,0,15,30,6,Electric,0
0,476,3803,3,4,0,NA,NA,NA,NA,1
61,476,3804,4,1,1,15,30,6,Electric,0
8,476,3804,4,2,0,20,30,6,Gasoline,0
55,476,3804,4,3,0,15,20,6,Electric,0
0,476,3804,4,4,0,NA,NA,NA,NA,1
71,476,3805,5,1,0,20,30,7,Electric,0
43,476,3805,5,2,1,15,30,7,Hybrid,0
79,476,3805,5,3,0,15,30,8,Electric,0
0,476,3805,5,4,0,NA,NA,NA,NA,1
80,476,3806,6,1,0,20,30,8,Electric,0
10,476,3806,6,2,1,15,20,7,Gasoline,0
36,476,3806,6,3,0,25,30,6,Hybrid,0
0,476,3806,6,4,0,NA,NA,NA,NA,1
74,476,3807,7,1,0,20,20,8,Electric,0
76,476,3807,7,2,1,15,25,8,Electric,0
71,476,3807,7,3,0,20,30,7,Electric,0
0,476,3807,7,4,0,NA,NA,NA,NA,1
42,476,3808,8,1,0,25,25,7,Hybrid,0
10,476,3808,8,2,1,15,20,7,Gasoline,0
15,476,3808,8,3,0,25,25,7,Gasoline,0
0,476,3808,8,4,0,NA,NA,NA,NA,1
17,477,3809,1,1,1,20,30,7,Gasoline,0
9,477,3809,1,2,0,25,30,6,Gasoline,0
8,477,3809,1,3,0,20,30,6,Gasoline,0
0,477,3809,1,4,0,NA,NA,NA,NA,1
56,477,3810,2,1,0,20,20,6,Electric,0
40,477,3810,2,2,1,15,25,7,Hybrid,0
29,477,3810,2,3,0,20,20,6,Hybrid,0
0,477,3810,2,4,0,NA,NA,NA,NA,1
37,477,3811,3,1,1,15,20,7,Hybrid,0
35,477,3811,3,2,0,20,30,6,Hybrid,0
27,477,3811,3,3,0,25,30,8,Gasoline,0
0,477,3811,3,4,0,NA,NA,NA,NA,1
25,477,3812,4,1,1,15,30,8,Gasoline,0
57,477,3812,4,2,0,25,20,6,Electric,0
36,477,3812,4,3,0,25,30,6,Hybrid,0
0,477,3812,4,4,0,NA,NA,NA,NA,1
8,477,3813,5,1,1,20,30,6,Gasoline,0
74,477,3813,5,2,0,20,20,8,Electric,0
64,477,3813,5,3,0,15,20,7,Electric,0
0,477,3813,5,4,0,NA,NA,NA,NA,1
1,477,3814,6,1,1,15,20,6,Gasoline,0
65,477,3814,6,2,0,20,20,7,Electric,0
17,477,3814,6,3,0,20,30,7,Gasoline,0
0,477,3814,6,4,0,NA,NA,NA,NA,1
16,477,3815,7,1,1,15,30,7,Gasoline,0
79,477,3815,7,2,0,15,30,8,Electric,0
4,477,3815,7,3,0,15,25,6,Gasoline,0
0,477,3815,7,4,0,NA,NA,NA,NA,1
77,477,3816,8,1,0,20,25,8,Electric,0
8,477,3816,8,2,0,20,30,6,Gasoline,0
43,477,3816,8,3,1,15,30,7,Hybrid,0
0,477,3816,8,4,0,NA,NA,NA,NA,1
60,478,3817,1,1,0,25,25,6,Electric,0
46,478,3817,1,2,1,15,20,8,Hybrid,0
69,478,3817,1,3,0,25,25,7,Electric,0
0,478,3817,1,4,0,NA,NA,NA,NA,1
26,478,3818,2,1,0,20,30,8,Gasoline,0
37,478,3818,2,2,1,15,20,7,Hybrid,0
28,478,3818,2,3,0,15,20,6,Hybrid,0
0,478,3818,2,4,0,NA,NA,NA,NA,1
75,478,3819,3,1,0,25,20,8,Electric,0
8,478,3819,3,2,0,20,30,6,Gasoline,0
50,478,3819,3,3,1,20,25,8,Hybrid,0
0,478,3819,3,4,0,NA,NA,NA,NA,1
71,478,3820,4,1,0,20,30,7,Electric,0
40,478,3820,4,2,1,15,25,7,Hybrid,0
23,478,3820,4,3,0,20,25,8,Gasoline,0
0,478,3820,4,4,0,NA,NA,NA,NA,1
27,478,3821,5,1,0,25,30,8,Gasoline,0
22,478,3821,5,2,1,15,25,8,Gasoline,0
25,478,3821,5,3,0,15,30,8,Gasoline,0
0,478,3821,5,4,0,NA,NA,NA,NA,1
77,478,3822,6,1,0,20,25,8,Electric,0
67,478,3822,6,2,0,15,25,7,Electric,0
22,478,3822,6,3,1,15,25,8,Gasoline,0
0,478,3822,6,4,0,NA,NA,NA,NA,1
25,478,3823,7,1,1,15,30,8,Gasoline,0
3,478,3823,7,2,0,25,20,6,Gasoline,0
58,478,3823,7,3,0,15,25,6,Electric,0
0,478,3823,7,4,0,NA,NA,NA,NA,1
36,478,3824,8,1,0,25,30,6,Hybrid,0
55,478,3824,8,2,0,15,20,6,Electric,0
7,478,3824,8,3,1,15,30,6,Gasoline,0
0,478,3824,8,4,0,NA,NA,NA,NA,1
44,479,3825,1,1,0,20,30,7,Hybrid,0
16,479,3825,1,2,1,15,30,7,Gasoline,0
41,479,3825,1,3,0,20,25,7,Hybrid,0
0,479,3825,1,4,0,NA,NA,NA,NA,1
76,479,3826,2,1,0,15,25,8,Electric,0
59,479,3826,2,2,0,20,25,6,Electric,0
58,479,3826,2,3,1,15,25,6,Electric,0
0,479,3826,2,4,0,NA,NA,NA,NA,1
40,479,3827,3,1,1,15,25,7,Hybrid,0
37,479,3827,3,2,0,15,20,7,Hybrid,0
72,479,3827,3,3,0,25,30,7,Electric,0
0,479,3827,3,4,0,NA,NA,NA,NA,1
44,479,3828,4,1,0,20,30,7,Hybrid,0
1,479,3828,4,2,1,15,20,6,Gasoline,0
77,479,3828,4,3,0,20,25,8,Electric,0
0,479,3828,4,4,0,NA,NA,NA,NA,1
51,479,3829,5,1,0,25,25,8,Hybrid,0
64,479,3829,5,2,0,15,20,7,Electric,0
46,479,3829,5,3,1,15,20,8,Hybrid,0
0,479,3829,5,4,0,NA,NA,NA,NA,1
64,479,3830,6,1,1,15,20,7,Electric,0
60,479,3830,6,2,0,25,25,6,Electric,0
80,479,3830,6,3,0,20,30,8,Electric,0
0,479,3830,6,4,0,NA,NA,NA,NA,1
23,479,3831,7,1,0,20,25,8,Gasoline,0
12,479,3831,7,2,0,25,20,7,Gasoline,0
11,479,3831,7,3,1,20,20,7,Gasoline,0
0,479,3831,7,4,0,NA,NA,NA,NA,1
1,479,3832,8,1,0,15,20,6,Gasoline,0
47,479,3832,8,2,0,20,20,8,Hybrid,0
13,479,3832,8,3,1,15,25,7,Gasoline,0
0,479,3832,8,4,0,NA,NA,NA,NA,1
33,480,3833,1,1,0,25,25,6,Hybrid,0
62,480,3833,1,2,0,20,30,6,Electric,0
40,480,3833,1,3,1,15,25,7,Hybrid,0
0,480,3833,1,4,0,NA,NA,NA,NA,1
7,480,3834,2,1,1,15,30,6,Gasoline,0
26,480,3834,2,2,0,20,30,8,Gasoline,0
30,480,3834,2,3,0,25,20,6,Hybrid,0
0,480,3834,2,4,0,NA,NA,NA,NA,1
80,480,3835,3,1,0,20,30,8,Electric,0
9,480,3835,3,2,0,25,30,6,Gasoline,0
8,480,3835,3,3,1,20,30,6,Gasoline,0
0,480,3835,3,4,0,NA,NA,NA,NA,1
18,480,3836,4,1,0,25,30,7,Gasoline,0
11,480,3836,4,2,1,20,20,7,Gasoline,0
9,480,3836,4,3,0,25,30,6,Gasoline,0
0,480,3836,4,4,0,NA,NA,NA,NA,1
48,480,3837,5,1,0,25,20,8,Hybrid,0
27,480,3837,5,2,0,25,30,8,Gasoline,0
38,480,3837,5,3,1,20,20,7,Hybrid,0
0,480,3837,5,4,0,NA,NA,NA,NA,1
67,480,3838,6,1,1,15,25,7,Electric,0
5,480,3838,6,2,0,20,25,6,Gasoline,0
66,480,3838,6,3,0,25,20,7,Electric,0
0,480,3838,6,4,0,NA,NA,NA,NA,1
28,480,3839,7,1,1,15,20,6,Hybrid,0
72,480,3839,7,2,0,25,30,7,Electric,0
79,480,3839,7,3,0,15,30,8,Electric,0
0,480,3839,7,4,0,NA,NA,NA,NA,1
45,480,3840,8,1,0,25,30,7,Hybrid,0
73,480,3840,8,2,0,15,20,8,Electric,0
59,480,3840,8,3,0,20,25,6,Electric,0
0,480,3840,8,4,1,NA,NA,NA,NA,1
71,481,3841,1,1,0,20,30,7,Electric,0
21,481,3841,1,2,0,25,20,8,Gasoline,0
78,481,3841,1,3,0,25,25,8,Electric,0
0,481,3841,1,4,1,NA,NA,NA,NA,1
81,481,3842,2,1,0,25,30,8,Electric,0
7,481,3842,2,2,1,15,30,6,Gasoline,0
53,481,3842,2,3,0,20,30,8,Hybrid,0
0,481,3842,2,4,0,NA,NA,NA,NA,1
54,481,3843,3,1,0,25,30,8,Hybrid,0
31,481,3843,3,2,1,15,25,6,Hybrid,0
55,481,3843,3,3,0,15,20,6,Electric,0
0,481,3843,3,4,0,NA,NA,NA,NA,1
11,481,3844,4,1,1,20,20,7,Gasoline,0
79,481,3844,4,2,0,15,30,8,Electric,0
23,481,3844,4,3,0,20,25,8,Gasoline,0
0,481,3844,4,4,0,NA,NA,NA,NA,1
30,481,3845,5,1,1,25,20,6,Hybrid,0
27,481,3845,5,2,0,25,30,8,Gasoline,0
56,481,3845,5,3,0,20,20,6,Electric,0
0,481,3845,5,4,0,NA,NA,NA,NA,1
76,481,3846,6,1,0,15,25,8,Electric,0
34,481,3846,6,2,1,15,30,6,Hybrid,0
78,481,3846,6,3,0,25,25,8,Electric,0
0,481,3846,6,4,0,NA,NA,NA,NA,1
27,481,3847,7,1,0,25,30,8,Gasoline,0
44,481,3847,7,2,1,20,30,7,Hybrid,0
80,481,3847,7,3,0,20,30,8,Electric,0
0,481,3847,7,4,0,NA,NA,NA,NA,1
53,481,3848,8,1,0,20,30,8,Hybrid,0
43,481,3848,8,2,1,15,30,7,Hybrid,0
80,481,3848,8,3,0,20,30,8,Electric,0
0,481,3848,8,4,0,NA,NA,NA,NA,1
47,482,3849,1,1,0,20,20,8,Hybrid,0
46,482,3849,1,2,1,15,20,8,Hybrid,0
72,482,3849,1,3,0,25,30,7,Electric,0
0,482,3849,1,4,0,NA,NA,NA,NA,1
30,482,3850,2,1,0,25,20,6,Hybrid,0
68,482,3850,2,2,0,20,25,7,Electric,0
2,482,3850,2,3,0,20,20,6,Gasoline,0
0,482,3850,2,4,1,NA,NA,NA,NA,1
3,482,3851,3,1,0,25,20,6,Gasoline,0
54,482,3851,3,2,0,25,30,8,Hybrid,0
69,482,3851,3,3,0,25,25,7,Electric,0
0,482,3851,3,4,1,NA,NA,NA,NA,1
72,482,3852,4,1,0,25,30,7,Electric,0
60,482,3852,4,2,0,25,25,6,Electric,0
2,482,3852,4,3,1,20,20,6,Gasoline,0
0,482,3852,4,4,0,NA,NA,NA,NA,1
32,482,3853,5,1,0,20,25,6,Hybrid,0
58,482,3853,5,2,1,15,25,6,Electric,0
41,482,3853,5,3,0,20,25,7,Hybrid,0
0,482,3853,5,4,0,NA,NA,NA,NA,1
66,482,3854,6,1,0,25,20,7,Electric,0
60,482,3854,6,2,0,25,25,6,Electric,0
33,482,3854,6,3,1,25,25,6,Hybrid,0
0,482,3854,6,4,0,NA,NA,NA,NA,1
57,482,3855,7,1,0,25,20,6,Electric,0
79,482,3855,7,2,0,15,30,8,Electric,0
4,482,3855,7,3,1,15,25,6,Gasoline,0
0,482,3855,7,4,0,NA,NA,NA,NA,1
70,482,3856,8,1,0,15,30,7,Electric,0
27,482,3856,8,2,1,25,30,8,Gasoline,0
81,482,3856,8,3,0,25,30,8,Electric,0
0,482,3856,8,4,0,NA,NA,NA,NA,1
29,483,3857,1,1,0,20,20,6,Hybrid,0
57,483,3857,1,2,0,25,20,6,Electric,0
66,483,3857,1,3,0,25,20,7,Electric,0
0,483,3857,1,4,1,NA,NA,NA,NA,1
67,483,3858,2,1,0,15,25,7,Electric,0
37,483,3858,2,2,1,15,20,7,Hybrid,0
14,483,3858,2,3,0,20,25,7,Gasoline,0
0,483,3858,2,4,0,NA,NA,NA,NA,1
38,483,3859,3,1,0,20,20,7,Hybrid,0
23,483,3859,3,2,1,20,25,8,Gasoline,0
59,483,3859,3,3,0,20,25,6,Electric,0
0,483,3859,3,4,0,NA,NA,NA,NA,1
52,483,3860,4,1,1,15,30,8,Hybrid,0
58,483,3860,4,2,0,15,25,6,Electric,0
74,483,3860,4,3,0,20,20,8,Electric,0
0,483,3860,4,4,0,NA,NA,NA,NA,1
60,483,3861,5,1,0,25,25,6,Electric,0
70,483,3861,5,2,1,15,30,7,Electric,0
80,483,3861,5,3,0,20,30,8,Electric,0
0,483,3861,5,4,0,NA,NA,NA,NA,1
4,483,3862,6,1,1,15,25,6,Gasoline,0
67,483,3862,6,2,0,15,25,7,Electric,0
21,483,3862,6,3,0,25,20,8,Gasoline,0
0,483,3862,6,4,0,NA,NA,NA,NA,1
76,483,3863,7,1,0,15,25,8,Electric,0
65,483,3863,7,2,0,20,20,7,Electric,0
4,483,3863,7,3,1,15,25,6,Gasoline,0
0,483,3863,7,4,0,NA,NA,NA,NA,1
77,483,3864,8,1,0,20,25,8,Electric,0
56,483,3864,8,2,0,20,20,6,Electric,0
53,483,3864,8,3,0,20,30,8,Hybrid,0
0,483,3864,8,4,1,NA,NA,NA,NA,1
17,484,3865,1,1,1,20,30,7,Gasoline,0
81,484,3865,1,2,0,25,30,8,Electric,0
51,484,3865,1,3,0,25,25,8,Hybrid,0
0,484,3865,1,4,0,NA,NA,NA,NA,1
12,484,3866,2,1,0,25,20,7,Gasoline,0
64,484,3866,2,2,1,15,20,7,Electric,0
70,484,3866,2,3,0,15,30,7,Electric,0
0,484,3866,2,4,0,NA,NA,NA,NA,1
56,484,3867,3,1,0,20,20,6,Electric,0
50,484,3867,3,2,1,20,25,8,Hybrid,0
24,484,3867,3,3,0,25,25,8,Gasoline,0
0,484,3867,3,4,0,NA,NA,NA,NA,1
55,484,3868,4,1,0,15,20,6,Electric,0
17,484,3868,4,2,0,20,30,7,Gasoline,0
46,484,3868,4,3,1,15,20,8,Hybrid,0
0,484,3868,4,4,0,NA,NA,NA,NA,1
73,484,3869,5,1,0,15,20,8,Electric,0
5,484,3869,5,2,1,20,25,6,Gasoline,0
79,484,3869,5,3,0,15,30,8,Electric,0
0,484,3869,5,4,0,NA,NA,NA,NA,1
37,484,3870,6,1,1,15,20,7,Hybrid,0
72,484,3870,6,2,0,25,30,7,Electric,0
6,484,3870,6,3,0,25,25,6,Gasoline,0
0,484,3870,6,4,0,NA,NA,NA,NA,1
7,484,3871,7,1,1,15,30,6,Gasoline,0
12,484,3871,7,2,0,25,20,7,Gasoline,0
10,484,3871,7,3,0,15,20,7,Gasoline,0
0,484,3871,7,4,0,NA,NA,NA,NA,1
10,484,3872,8,1,1,15,20,7,Gasoline,0
19,484,3872,8,2,0,15,20,8,Gasoline,0
63,484,3872,8,3,0,25,30,6,Electric,0
0,484,3872,8,4,0,NA,NA,NA,NA,1
81,485,3873,1,1,0,25,30,8,Electric,0
8,485,3873,1,2,0,20,30,6,Gasoline,0
14,485,3873,1,3,1,20,25,7,Gasoline,0
0,485,3873,1,4,0,NA,NA,NA,NA,1
36,485,3874,2,1,0,25,30,6,Hybrid,0
6,485,3874,2,2,0,25,25,6,Gasoline,0
43,485,3874,2,3,1,15,30,7,Hybrid,0
0,485,3874,2,4,0,NA,NA,NA,NA,1
59,485,3875,3,1,0,20,25,6,Electric,0
15,485,3875,3,2,0,25,25,7,Gasoline,0
37,485,3875,3,3,1,15,20,7,Hybrid,0
0,485,3875,3,4,0,NA,NA,NA,NA,1
25,485,3876,4,1,0,15,30,8,Gasoline,0
39,485,3876,4,2,0,25,20,7,Hybrid,0
1,485,3876,4,3,1,15,20,6,Gasoline,0
0,485,3876,4,4,0,NA,NA,NA,NA,1
20,485,3877,5,1,0,20,20,8,Gasoline,0
27,485,3877,5,2,0,25,30,8,Gasoline,0
50,485,3877,5,3,1,20,25,8,Hybrid,0
0,485,3877,5,4,0,NA,NA,NA,NA,1
44,485,3878,6,1,0,20,30,7,Hybrid,0
77,485,3878,6,2,0,20,25,8,Electric,0
43,485,3878,6,3,1,15,30,7,Hybrid,0
0,485,3878,6,4,0,NA,NA,NA,NA,1
50,485,3879,7,1,0,20,25,8,Hybrid,0
43,485,3879,7,2,1,15,30,7,Hybrid,0
13,485,3879,7,3,0,15,25,7,Gasoline,0
0,485,3879,7,4,0,NA,NA,NA,NA,1
34,485,3880,8,1,1,15,30,6,Hybrid,0
55,485,3880,8,2,0,15,20,6,Electric,0
71,485,3880,8,3,0,20,30,7,Electric,0
0,485,3880,8,4,0,NA,NA,NA,NA,1
38,486,3881,1,1,0,20,20,7,Hybrid,0
80,486,3881,1,2,0,20,30,8,Electric,0
49,486,3881,1,3,1,15,25,8,Hybrid,0
0,486,3881,1,4,0,NA,NA,NA,NA,1
56,486,3882,2,1,0,20,20,6,Electric,0
15,486,3882,2,2,0,25,25,7,Gasoline,0
65,486,3882,2,3,0,20,20,7,Electric,0
0,486,3882,2,4,1,NA,NA,NA,NA,1
74,486,3883,3,1,0,20,20,8,Electric,0
37,486,3883,3,2,0,15,20,7,Hybrid,0
13,486,3883,3,3,1,15,25,7,Gasoline,0
0,486,3883,3,4,0,NA,NA,NA,NA,1
50,486,3884,4,1,0,20,25,8,Hybrid,0
67,486,3884,4,2,0,15,25,7,Electric,0
81,486,3884,4,3,0,25,30,8,Electric,0
0,486,3884,4,4,1,NA,NA,NA,NA,1
14,486,3885,5,1,0,20,25,7,Gasoline,0
18,486,3885,5,2,0,25,30,7,Gasoline,0
8,486,3885,5,3,1,20,30,6,Gasoline,0
0,486,3885,5,4,0,NA,NA,NA,NA,1
57,486,3886,6,1,0,25,20,6,Electric,0
24,486,3886,6,2,0,25,25,8,Gasoline,0
11,486,3886,6,3,1,20,20,7,Gasoline,0
0,486,3886,6,4,0,NA,NA,NA,NA,1
28,486,3887,7,1,0,15,20,6,Hybrid,0
52,486,3887,7,2,1,15,30,8,Hybrid,0
45,486,3887,7,3,0,25,30,7,Hybrid,0
0,486,3887,7,4,0,NA,NA,NA,NA,1
8,486,3888,8,1,0,20,30,6,Gasoline,0
19,486,3888,8,2,1,15,20,8,Gasoline,0
62,486,3888,8,3,0,20,30,6,Electric,0
0,486,3888,8,4,0,NA,NA,NA,NA,1
20,487,3889,1,1,0,20,20,8,Gasoline,0
4,487,3889,1,2,0,15,25,6,Gasoline,0
1,487,3889,1,3,1,15,20,6,Gasoline,0
0,487,3889,1,4,0,NA,NA,NA,NA,1
46,487,3890,2,1,1,15,20,8,Hybrid,0
27,487,3890,2,2,0,25,30,8,Gasoline,0
29,487,3890,2,3,0,20,20,6,Hybrid,0
0,487,3890,2,4,0,NA,NA,NA,NA,1
28,487,3891,3,1,1,15,20,6,Hybrid,0
59,487,3891,3,2,0,20,25,6,Electric,0
6,487,3891,3,3,0,25,25,6,Gasoline,0
0,487,3891,3,4,0,NA,NA,NA,NA,1
68,487,3892,4,1,0,20,25,7,Electric,0
70,487,3892,4,2,0,15,30,7,Electric,0
67,487,3892,4,3,1,15,25,7,Electric,0
0,487,3892,4,4,0,NA,NA,NA,NA,1
29,487,3893,5,1,0,20,20,6,Hybrid,0
58,487,3893,5,2,0,15,25,6,Electric,0
15,487,3893,5,3,0,25,25,7,Gasoline,0
0,487,3893,5,4,1,NA,NA,NA,NA,1
37,487,3894,6,1,1,15,20,7,Hybrid,0
15,487,3894,6,2,0,25,25,7,Gasoline,0
62,487,3894,6,3,0,20,30,6,Electric,0
0,487,3894,6,4,0,NA,NA,NA,NA,1
3,487,3895,7,1,0,25,20,6,Gasoline,0
67,487,3895,7,2,1,15,25,7,Electric,0
80,487,3895,7,3,0,20,30,8,Electric,0
0,487,3895,7,4,0,NA,NA,NA,NA,1
31,487,3896,8,1,1,15,25,6,Hybrid,0
56,487,3896,8,2,0,20,20,6,Electric,0
14,487,3896,8,3,0,20,25,7,Gasoline,0
0,487,3896,8,4,0,NA,NA,NA,NA,1
14,488,3897,1,1,0,20,25,7,Gasoline,0
12,488,3897,1,2,0,25,20,7,Gasoline,0
4,488,3897,1,3,1,15,25,6,Gasoline,0
0,488,3897,1,4,0,NA,NA,NA,NA,1
46,488,3898,2,1,1,15,20,8,Hybrid,0
30,488,3898,2,2,0,25,20,6,Hybrid,0
39,488,3898,2,3,0,25,20,7,Hybrid,0
0,488,3898,2,4,0,NA,NA,NA,NA,1
29,488,3899,3,1,0,20,20,6,Hybrid,0
2,488,3899,3,2,1,20,20,6,Gasoline,0
18,488,3899,3,3,0,25,30,7,Gasoline,0
0,488,3899,3,4,0,NA,NA,NA,NA,1
28,488,3900,4,1,1,15,20,6,Hybrid,0
58,488,3900,4,2,0,15,25,6,Electric,0
54,488,3900,4,3,0,25,30,8,Hybrid,0
0,488,3900,4,4,0,NA,NA,NA,NA,1
16,488,3901,5,1,0,15,30,7,Gasoline,0
34,488,3901,5,2,1,15,30,6,Hybrid,0
33,488,3901,5,3,0,25,25,6,Hybrid,0
0,488,3901,5,4,0,NA,NA,NA,NA,1
3,488,3902,6,1,0,25,20,6,Gasoline,0
17,488,3902,6,2,1,20,30,7,Gasoline,0
56,488,3902,6,3,0,20,20,6,Electric,0
0,488,3902,6,4,0,NA,NA,NA,NA,1
60,488,3903,7,1,0,25,25,6,Electric,0
42,488,3903,7,2,0,25,25,7,Hybrid,0
68,488,3903,7,3,0,20,25,7,Electric,0
0,488,3903,7,4,1,NA,NA,NA,NA,1
72,488,3904,8,1,0,25,30,7,Electric,0
42,488,3904,8,2,0,25,25,7,Hybrid,0
3,488,3904,8,3,0,25,20,6,Gasoline,0
0,488,3904,8,4,1,NA,NA,NA,NA,1
4,489,3905,1,1,1,15,25,6,Gasoline,0
35,489,3905,1,2,0,20,30,6,Hybrid,0
15,489,3905,1,3,0,25,25,7,Gasoline,0
0,489,3905,1,4,0,NA,NA,NA,NA,1
61,489,3906,2,1,0,15,30,6,Electric,0
26,489,3906,2,2,0,20,30,8,Gasoline,0
40,489,3906,2,3,1,15,25,7,Hybrid,0
0,489,3906,2,4,0,NA,NA,NA,NA,1
51,489,3907,3,1,0,25,25,8,Hybrid,0
78,489,3907,3,2,0,25,25,8,Electric,0
24,489,3907,3,3,0,25,25,8,Gasoline,0
0,489,3907,3,4,1,NA,NA,NA,NA,1
14,489,3908,4,1,1,20,25,7,Gasoline,0
42,489,3908,4,2,0,25,25,7,Hybrid,0
80,489,3908,4,3,0,20,30,8,Electric,0
0,489,3908,4,4,0,NA,NA,NA,NA,1
32,489,3909,5,1,1,20,25,6,Hybrid,0
61,489,3909,5,2,0,15,30,6,Electric,0
53,489,3909,5,3,0,20,30,8,Hybrid,0
0,489,3909,5,4,0,NA,NA,NA,NA,1
27,489,3910,6,1,0,25,30,8,Gasoline,0
16,489,3910,6,2,1,15,30,7,Gasoline,0
8,489,3910,6,3,0,20,30,6,Gasoline,0
0,489,3910,6,4,0,NA,NA,NA,NA,1
26,489,3911,7,1,0,20,30,8,Gasoline,0
18,489,3911,7,2,0,25,30,7,Gasoline,0
17,489,3911,7,3,1,20,30,7,Gasoline,0
0,489,3911,7,4,0,NA,NA,NA,NA,1
12,489,3912,8,1,0,25,20,7,Gasoline,0
52,489,3912,8,2,1,15,30,8,Hybrid,0
18,489,3912,8,3,0,25,30,7,Gasoline,0
0,489,3912,8,4,0,NA,NA,NA,NA,1
16,490,3913,1,1,0,15,30,7,Gasoline,0
77,490,3913,1,2,0,20,25,8,Electric,0
7,490,3913,1,3,1,15,30,6,Gasoline,0
0,490,3913,1,4,0,NA,NA,NA,NA,1
54,490,3914,2,1,0,25,30,8,Hybrid,0
61,490,3914,2,2,1,15,30,6,Electric,0
62,490,3914,2,3,0,20,30,6,Electric,0
0,490,3914,2,4,0,NA,NA,NA,NA,1
10,490,3915,3,1,1,15,20,7,Gasoline,0
32,490,3915,3,2,0,20,25,6,Hybrid,0
80,490,3915,3,3,0,20,30,8,Electric,0
0,490,3915,3,4,0,NA,NA,NA,NA,1
67,490,3916,4,1,0,15,25,7,Electric,0
3,490,3916,4,2,1,25,20,6,Gasoline,0
57,490,3916,4,3,0,25,20,6,Electric,0
0,490,3916,4,4,0,NA,NA,NA,NA,1
6,490,3917,5,1,0,25,25,6,Gasoline,0
61,490,3917,5,2,1,15,30,6,Electric,0
29,490,3917,5,3,0,20,20,6,Hybrid,0
0,490,3917,5,4,0,NA,NA,NA,NA,1
65,490,3918,6,1,0,20,20,7,Electric,0
26,490,3918,6,2,0,20,30,8,Gasoline,0
37,490,3918,6,3,1,15,20,7,Hybrid,0
0,490,3918,6,4,0,NA,NA,NA,NA,1
37,490,3919,7,1,1,15,20,7,Hybrid,0
62,490,3919,7,2,0,20,30,6,Electric,0
73,490,3919,7,3,0,15,20,8,Electric,0
0,490,3919,7,4,0,NA,NA,NA,NA,1
71,490,3920,8,1,0,20,30,7,Electric,0
32,490,3920,8,2,0,20,25,6,Hybrid,0
7,490,3920,8,3,1,15,30,6,Gasoline,0
0,490,3920,8,4,0,NA,NA,NA,NA,1
33,491,3921,1,1,0,25,25,6,Hybrid,0
14,491,3921,1,2,0,20,25,7,Gasoline,0
44,491,3921,1,3,1,20,30,7,Hybrid,0
0,491,3921,1,4,0,NA,NA,NA,NA,1
12,491,3922,2,1,0,25,20,7,Gasoline,0
46,491,3922,2,2,1,15,20,8,Hybrid,0
66,491,3922,2,3,0,25,20,7,Electric,0
0,491,3922,2,4,0,NA,NA,NA,NA,1
47,491,3923,3,1,0,20,20,8,Hybrid,0
22,491,3923,3,2,1,15,25,8,Gasoline,0
30,491,3923,3,3,0,25,20,6,Hybrid,0
0,491,3923,3,4,0,NA,NA,NA,NA,1
10,491,3924,4,1,1,15,20,7,Gasoline,0
53,491,3924,4,2,0,20,30,8,Hybrid,0
14,491,3924,4,3,0,20,25,7,Gasoline,0
0,491,3924,4,4,0,NA,NA,NA,NA,1
51,491,3925,5,1,0,25,25,8,Hybrid,0
18,491,3925,5,2,1,25,30,7,Gasoline,0
45,491,3925,5,3,0,25,30,7,Hybrid,0
0,491,3925,5,4,0,NA,NA,NA,NA,1
77,491,3926,6,1,0,20,25,8,Electric,0
27,491,3926,6,2,0,25,30,8,Gasoline,0
61,491,3926,6,3,1,15,30,6,Electric,0
0,491,3926,6,4,0,NA,NA,NA,NA,1
39,491,3927,7,1,0,25,20,7,Hybrid,0
21,491,3927,7,2,1,25,20,8,Gasoline,0
70,491,3927,7,3,0,15,30,7,Electric,0
0,491,3927,7,4,0,NA,NA,NA,NA,1
49,491,3928,8,1,1,15,25,8,Hybrid,0
68,491,3928,8,2,0,20,25,7,Electric,0
54,491,3928,8,3,0,25,30,8,Hybrid,0
0,491,3928,8,4,0,NA,NA,NA,NA,1
61,492,3929,1,1,0,15,30,6,Electric,0
7,492,3929,1,2,1,15,30,6,Gasoline,0
24,492,3929,1,3,0,25,25,8,Gasoline,0
0,492,3929,1,4,0,NA,NA,NA,NA,1
78,492,3930,2,1,0,25,25,8,Electric,0
15,492,3930,2,2,0,25,25,7,Gasoline,0
73,492,3930,2,3,1,15,20,8,Electric,0
0,492,3930,2,4,0,NA,NA,NA,NA,1
55,492,3931,3,1,1,15,20,6,Electric,0
11,492,3931,3,2,0,20,20,7,Gasoline,0
23,492,3931,3,3,0,20,25,8,Gasoline,0
0,492,3931,3,4,0,NA,NA,NA,NA,1
29,492,3932,4,1,0,20,20,6,Hybrid,0
44,492,3932,4,2,1,20,30,7,Hybrid,0
45,492,3932,4,3,0,25,30,7,Hybrid,0
0,492,3932,4,4,0,NA,NA,NA,NA,1
63,492,3933,5,1,0,25,30,6,Electric,0
7,492,3933,5,2,1,15,30,6,Gasoline,0
33,492,3933,5,3,0,25,25,6,Hybrid,0
0,492,3933,5,4,0,NA,NA,NA,NA,1
34,492,3934,6,1,1,15,30,6,Hybrid,0
25,492,3934,6,2,0,15,30,8,Gasoline,0
22,492,3934,6,3,0,15,25,8,Gasoline,0
0,492,3934,6,4,0,NA,NA,NA,NA,1
54,492,3935,7,1,0,25,30,8,Hybrid,0
50,492,3935,7,2,1,20,25,8,Hybrid,0
69,492,3935,7,3,0,25,25,7,Electric,0
0,492,3935,7,4,0,NA,NA,NA,NA,1
43,492,3936,8,1,1,15,30,7,Hybrid,0
32,492,3936,8,2,0,20,25,6,Hybrid,0
21,492,3936,8,3,0,25,20,8,Gasoline,0
0,492,3936,8,4,0,NA,NA,NA,NA,1
69,493,3937,1,1,0,25,25,7,Electric,0
66,493,3937,1,2,0,25,20,7,Electric,0
18,493,3937,1,3,0,25,30,7,Gasoline,0
0,493,3937,1,4,1,NA,NA,NA,NA,1
76,493,3938,2,1,0,15,25,8,Electric,0
32,493,3938,2,2,1,20,25,6,Hybrid,0
9,493,3938,2,3,0,25,30,6,Gasoline,0
0,493,3938,2,4,0,NA,NA,NA,NA,1
34,493,3939,3,1,1,15,30,6,Hybrid,0
40,493,3939,3,2,0,15,25,7,Hybrid,0
81,493,3939,3,3,0,25,30,8,Electric,0
0,493,3939,3,4,0,NA,NA,NA,NA,1
11,493,3940,4,1,0,20,20,7,Gasoline,0
1,493,3940,4,2,1,15,20,6,Gasoline,0
53,493,3940,4,3,0,20,30,8,Hybrid,0
0,493,3940,4,4,0,NA,NA,NA,NA,1
8,493,3941,5,1,1,20,30,6,Gasoline,0
24,493,3941,5,2,0,25,25,8,Gasoline,0
69,493,3941,5,3,0,25,25,7,Electric,0
0,493,3941,5,4,0,NA,NA,NA,NA,1
64,493,3942,6,1,0,15,20,7,Electric,0
22,493,3942,6,2,1,15,25,8,Gasoline,0
44,493,3942,6,3,0,20,30,7,Hybrid,0
0,493,3942,6,4,0,NA,NA,NA,NA,1
55,493,3943,7,1,1,15,20,6,Electric,0
60,493,3943,7,2,0,25,25,6,Electric,0
62,493,3943,7,3,0,20,30,6,Electric,0
0,493,3943,7,4,0,NA,NA,NA,NA,1
17,493,3944,8,1,0,20,30,7,Gasoline,0
15,493,3944,8,2,0,25,25,7,Gasoline,0
13,493,3944,8,3,1,15,25,7,Gasoline,0
0,493,3944,8,4,0,NA,NA,NA,NA,1
2,494,3945,1,1,0,20,20,6,Gasoline,0
30,494,3945,1,2,0,25,20,6,Hybrid,0
25,494,3945,1,3,1,15,30,8,Gasoline,0
0,494,3945,1,4,0,NA,NA,NA,NA,1
71,494,3946,2,1,0,20,30,7,Electric,0
34,494,3946,2,2,1,15,30,6,Hybrid,0
59,494,3946,2,3,0,20,25,6,Electric,0
0,494,3946,2,4,0,NA,NA,NA,NA,1
75,494,3947,3,1,0,25,20,8,Electric,0
47,494,3947,3,2,0,20,20,8,Hybrid,0
2,494,3947,3,3,1,20,20,6,Gasoline,0
0,494,3947,3,4,0,NA,NA,NA,NA,1
37,494,3948,4,1,1,15,20,7,Hybrid,0
47,494,3948,4,2,0,20,20,8,Hybrid,0
16,494,3948,4,3,0,15,30,7,Gasoline,0
0,494,3948,4,4,0,NA,NA,NA,NA,1
38,494,3949,5,1,1,20,20,7,Hybrid,0
12,494,3949,5,2,0,25,20,7,Gasoline,0
51,494,3949,5,3,0,25,25,8,Hybrid,0
0,494,3949,5,4,0,NA,NA,NA,NA,1
19,494,3950,6,1,0,15,20,8,Gasoline,0
53,494,3950,6,2,0,20,30,8,Hybrid,0
28,494,3950,6,3,1,15,20,6,Hybrid,0
0,494,3950,6,4,0,NA,NA,NA,NA,1
78,494,3951,7,1,0,25,25,8,Electric,0
51,494,3951,7,2,0,25,25,8,Hybrid,0
68,494,3951,7,3,0,20,25,7,Electric,0
0,494,3951,7,4,1,NA,NA,NA,NA,1
66,494,3952,8,1,0,25,20,7,Electric,0
26,494,3952,8,2,1,20,30,8,Gasoline,0
15,494,3952,8,3,0,25,25,7,Gasoline,0
0,494,3952,8,4,0,NA,NA,NA,NA,1
17,495,3953,1,1,1,20,30,7,Gasoline,0
69,495,3953,1,2,0,25,25,7,Electric,0
72,495,3953,1,3,0,25,30,7,Electric,0
0,495,3953,1,4,0,NA,NA,NA,NA,1
15,495,3954,2,1,0,25,25,7,Gasoline,0
75,495,3954,2,2,0,25,20,8,Electric,0
74,495,3954,2,3,0,20,20,8,Electric,0
0,495,3954,2,4,1,NA,NA,NA,NA,1
50,495,3955,3,1,1,20,25,8,Hybrid,0
58,495,3955,3,2,0,15,25,6,Electric,0
2,495,3955,3,3,0,20,20,6,Gasoline,0
0,495,3955,3,4,0,NA,NA,NA,NA,1
65,495,3956,4,1,0,20,20,7,Electric,0
19,495,3956,4,2,1,15,20,8,Gasoline,0
66,495,3956,4,3,0,25,20,7,Electric,0
0,495,3956,4,4,0,NA,NA,NA,NA,1
6,495,3957,5,1,0,25,25,6,Gasoline,0
15,495,3957,5,2,0,25,25,7,Gasoline,0
32,495,3957,5,3,1,20,25,6,Hybrid,0
0,495,3957,5,4,0,NA,NA,NA,NA,1
20,495,3958,6,1,1,20,20,8,Gasoline,0
60,495,3958,6,2,0,25,25,6,Electric,0
29,495,3958,6,3,0,20,20,6,Hybrid,0
0,495,3958,6,4,0,NA,NA,NA,NA,1
13,495,3959,7,1,0,15,25,7,Gasoline,0
20,495,3959,7,2,0,20,20,8,Gasoline,0
14,495,3959,7,3,1,20,25,7,Gasoline,0
0,495,3959,7,4,0,NA,NA,NA,NA,1
19,495,3960,8,1,1,15,20,8,Gasoline,0
4,495,3960,8,2,0,15,25,6,Gasoline,0
11,495,3960,8,3,0,20,20,7,Gasoline,0
0,495,3960,8,4,0,NA,NA,NA,NA,1
12,496,3961,1,1,0,25,20,7,Gasoline,0
53,496,3961,1,2,0,20,30,8,Hybrid,0
46,496,3961,1,3,1,15,20,8,Hybrid,0
0,496,3961,1,4,0,NA,NA,NA,NA,1
3,496,3962,2,1,0,25,20,6,Gasoline,0
4,496,3962,2,2,1,15,25,6,Gasoline,0
38,496,3962,2,3,0,20,20,7,Hybrid,0
0,496,3962,2,4,0,NA,NA,NA,NA,1
81,496,3963,3,1,0,25,30,8,Electric,0
33,496,3963,3,2,0,25,25,6,Hybrid,0
34,496,3963,3,3,1,15,30,6,Hybrid,0
0,496,3963,3,4,0,NA,NA,NA,NA,1
34,496,3964,4,1,1,15,30,6,Hybrid,0
18,496,3964,4,2,0,25,30,7,Gasoline,0
29,496,3964,4,3,0,20,20,6,Hybrid,0
0,496,3964,4,4,0,NA,NA,NA,NA,1
3,496,3965,5,1,0,25,20,6,Gasoline,0
50,496,3965,5,2,1,20,25,8,Hybrid,0
45,496,3965,5,3,0,25,30,7,Hybrid,0
0,496,3965,5,4,0,NA,NA,NA,NA,1
39,496,3966,6,1,0,25,20,7,Hybrid,0
71,496,3966,6,2,0,20,30,7,Electric,0
13,496,3966,6,3,1,15,25,7,Gasoline,0
0,496,3966,6,4,0,NA,NA,NA,NA,1
81,496,3967,7,1,0,25,30,8,Electric,0
31,496,3967,7,2,1,15,25,6,Hybrid,0
14,496,3967,7,3,0,20,25,7,Gasoline,0
0,496,3967,7,4,0,NA,NA,NA,NA,1
57,496,3968,8,1,0,25,20,6,Electric,0
41,496,3968,8,2,0,20,25,7,Hybrid,0
34,496,3968,8,3,1,15,30,6,Hybrid,0
0,496,3968,8,4,0,NA,NA,NA,NA,1
70,497,3969,1,1,1,15,30,7,Electric,0
24,497,3969,1,2,0,25,25,8,Gasoline,0
23,497,3969,1,3,0,20,25,8,Gasoline,0
0,497,3969,1,4,0,NA,NA,NA,NA,1
52,497,3970,2,1,0,15,30,8,Hybrid,0
21,497,3970,2,2,0,25,20,8,Gasoline,0
34,497,3970,2,3,1,15,30,6,Hybrid,0
0,497,3970,2,4,0,NA,NA,NA,NA,1
79,497,3971,3,1,1,15,30,8,Electric,0
76,497,3971,3,2,0,15,25,8,Electric,0
77,497,3971,3,3,0,20,25,8,Electric,0
0,497,3971,3,4,0,NA,NA,NA,NA,1
25,497,3972,4,1,1,15,30,8,Gasoline,0
48,497,3972,4,2,0,25,20,8,Hybrid,0
32,497,3972,4,3,0,20,25,6,Hybrid,0
0,497,3972,4,4,0,NA,NA,NA,NA,1
27,497,3973,5,1,0,25,30,8,Gasoline,0
29,497,3973,5,2,1,20,20,6,Hybrid,0
71,497,3973,5,3,0,20,30,7,Electric,0
0,497,3973,5,4,0,NA,NA,NA,NA,1
46,497,3974,6,1,1,15,20,8,Hybrid,0
81,497,3974,6,2,0,25,30,8,Electric,0
39,497,3974,6,3,0,25,20,7,Hybrid,0
0,497,3974,6,4,0,NA,NA,NA,NA,1
51,497,3975,7,1,0,25,25,8,Hybrid,0
59,497,3975,7,2,0,20,25,6,Electric,0
79,497,3975,7,3,1,15,30,8,Electric,0
0,497,3975,7,4,0,NA,NA,NA,NA,1
40,497,3976,8,1,1,15,25,7,Hybrid,0
3,497,3976,8,2,0,25,20,6,Gasoline,0
41,497,3976,8,3,0,20,25,7,Hybrid,0
0,497,3976,8,4,0,NA,NA,NA,NA,1
32,498,3977,1,1,0,20,25,6,Hybrid,0
80,498,3977,1,2,0,20,30,8,Electric,0
19,498,3977,1,3,1,15,20,8,Gasoline,0
0,498,3977,1,4,0,NA,NA,NA,NA,1
77,498,3978,2,1,0,20,25,8,Electric,0
81,498,3978,2,2,0,25,30,8,Electric,0
51,498,3978,2,3,1,25,25,8,Hybrid,0
0,498,3978,2,4,0,NA,NA,NA,NA,1
57,498,3979,3,1,0,25,20,6,Electric,0
42,498,3979,3,2,0,25,25,7,Hybrid,0
59,498,3979,3,3,0,20,25,6,Electric,0
0,498,3979,3,4,1,NA,NA,NA,NA,1
13,498,3980,4,1,1,15,25,7,Gasoline,0
3,498,3980,4,2,0,25,20,6,Gasoline,0
14,498,3980,4,3,0,20,25,7,Gasoline,0
0,498,3980,4,4,0,NA,NA,NA,NA,1
22,498,3981,5,1,0,15,25,8,Gasoline,0
17,498,3981,5,2,0,20,30,7,Gasoline,0
28,498,3981,5,3,1,15,20,6,Hybrid,0
0,498,3981,5,4,0,NA,NA,NA,NA,1
6,498,3982,6,1,0,25,25,6,Gasoline,0
32,498,3982,6,2,0,20,25,6,Hybrid,0
37,498,3982,6,3,1,15,20,7,Hybrid,0
0,498,3982,6,4,0,NA,NA,NA,NA,1
53,498,3983,7,1,1,20,30,8,Hybrid,0
23,498,3983,7,2,0,20,25,8,Gasoline,0
60,498,3983,7,3,0,25,25,6,Electric,0
0,498,3983,7,4,0,NA,NA,NA,NA,1
80,498,3984,8,1,0,20,30,8,Electric,0
2,498,3984,8,2,0,20,20,6,Gasoline,0
20,498,3984,8,3,1,20,20,8,Gasoline,0
0,498,3984,8,4,0,NA,NA,NA,NA,1
39,499,3985,1,1,0,25,20,7,Hybrid,0
59,499,3985,1,2,0,20,25,6,Electric,0
16,499,3985,1,3,1,15,30,7,Gasoline,0
0,499,3985,1,4,0,NA,NA,NA,NA,1
24,499,3986,2,1,0,25,25,8,Gasoline,0
47,499,3986,2,2,0,20,20,8,Hybrid,0
53,499,3986,2,3,1,20,30,8,Hybrid,0
0,499,3986,2,4,0,NA,NA,NA,NA,1
27,499,3987,3,1,0,25,30,8,Gasoline,0
32,499,3987,3,2,0,20,25,6,Hybrid,0
49,499,3987,3,3,0,15,25,8,Hybrid,0
0,499,3987,3,4,1,NA,NA,NA,NA,1
68,499,3988,4,1,0,20,25,7,Electric,0
6,499,3988,4,2,0,25,25,6,Gasoline,0
38,499,3988,4,3,1,20,20,7,Hybrid,0
0,499,3988,4,4,0,NA,NA,NA,NA,1
80,499,3989,5,1,0,20,30,8,Electric,0
62,499,3989,5,2,0,20,30,6,Electric,0
71,499,3989,5,3,0,20,30,7,Electric,0
0,499,3989,5,4,1,NA,NA,NA,NA,1
76,499,3990,6,1,0,15,25,8,Electric,0
43,499,3990,6,2,1,15,30,7,Hybrid,0
61,499,3990,6,3,0,15,30,6,Electric,0
0,499,3990,6,4,0,NA,NA,NA,NA,1
64,499,3991,7,1,0,15,20,7,Electric,0
54,499,3991,7,2,0,25,30,8,Hybrid,0
38,499,3991,7,3,1,20,20,7,Hybrid,0
0,499,3991,7,4,0,NA,NA,NA,NA,1
15,499,3992,8,1,0,25,25,7,Gasoline,0
34,499,3992,8,2,1,15,30,6,Hybrid,0
61,499,3992,8,3,0,15,30,6,Electric,0
0,499,3992,8,4,0,NA,NA,NA,NA,1
26,500,3993,1,1,0,20,30,8,Gasoline,0
35,500,3993,1,2,0,20,30,6,Hybrid,0
7,500,3993,1,3,1,15,30,6,Gasoline,0
0,500,3993,1,4,0,NA,NA,NA,NA,1
16,500,3994,2,1,1,15,30,7,Gasoline,0
11,500,3994,2,2,0,20,20,7,Gasoline,0
18,500,3994,2,3,0,25,30,7,Gasoline,0
0,500,3994,2,4,0,NA,NA,NA,NA,1
1,500,3995,3,1,0,15,20,6,Gasoline,0
40,500,3995,3,2,1,15,25,7,Hybrid,0
78,500,3995,3,3,0,25,25,8,Electric,0
0,500,3995,3,4,0,NA,NA,NA,NA,1
11,500,3996,4,1,0,20,20,7,Gasoline,0
67,500,3996,4,2,0,15,25,7,Electric,0
25,500,3996,4,3,1,15,30,8,Gasoline,0
0,500,3996,4,4,0,NA,NA,NA,NA,1
68,500,3997,5,1,0,20,25,7,Electric,0
59,500,3997,5,2,0,20,25,6,Electric,0
45,500,3997,5,3,0,25,30,7,Hybrid,0
0,500,3997,5,4,1,NA,NA,NA,NA,1
1,500,3998,6,1,1,15,20,6,Gasoline,0
58,500,3998,6,2,0,15,25,6,Electric,0
72,500,3998,6,3,0,25,30,7,Electric,0
0,500,3998,6,4,0,NA,NA,NA,NA,1
25,500,3999,7,1,0,15,30,8,Gasoline,0
70,500,3999,7,2,0,15,30,7,Electric,0
7,500,3999,7,3,1,15,30,6,Gasoline,0
0,500,3999,7,4,0,NA,NA,NA,NA,1
75,500,4000,8,1,0,25,20,8,Electric,0
15,500,4000,8,2,0,25,25,7,Gasoline,0
64,500,4000,8,3,0,15,20,7,Electric,0
0,500,4000,8,4,1,NA,NA,NA,NA,1
